Time - piezo	Amplitude - piezo	Unnamed: 2	Unnamed: 3	Frequency [Hz] - piezo (Power Spectrum)	Amplitude - piezo (Power Spectrum)
0.0	-0.0045132			0.0	9.82399e-07
5e-05	-0.0045132			5.0	1.28454e-06
0.0001	-0.00706155			10.0	2.82523e-07
0.00015	0.000583518			15.0	1.82588e-07
0.0002	-0.00833573			20.0	2.96949e-06
0.00025	-0.00069066			25.0	1.14069e-05
0.0003	-0.00578737			30.0	6.75516e-06
0.00035	0.0018577			35.0	3.21212e-07
0.0004	-0.0045132			40.0	2.10522e-07
0.00045	0.00313188			45.0	1.68976e-07
0.0005	-0.00578737			50.0	9.88614e-09
0.00055	0.00313188			55.0	6.93598e-07
0.0006	-0.0045132			60.0	2.99611e-06
0.00065	0.00313188			65.0	9.03848e-07
0.0007	-0.00196484			70.0	1.83663e-06
0.00075	0.00440605			75.0	5.82396e-06
0.0008	0.0018577			80.0	8.58355e-06
0.00085	0.00695441			85.0	6.51987e-06
0.0009	0.00313188			90.0	1.11305e-06
0.00095	0.00822859			95.0	2.62898e-07
0.001	-0.00069066			100.0	3.05942e-07
0.00105	0.000583518			105.0	5.50944e-08
0.0011	-0.00578737			110.0	1.01469e-07
0.00115	0.0018577			115.0	7.08683e-08
0.0012	-0.00196484			120.0	1.43927e-07
0.00125	0.00313188			125.0	1.37328e-07
0.0013	-0.0045132			130.0	7.27205e-08
0.00135	-0.00196484			135.0	3.34207e-07
0.0014	-0.00196484			140.0	3.83434e-07
0.00145	-0.0045132			145.0	5.45252e-07
0.0015	-0.00706155			150.0	7.82905e-06
0.00155	-0.00196484			155.0	2.85656e-05
0.0016	0.0018577			160.0	1.35497e-05
0.00165	-0.0045132			165.0	5.88128e-06
0.0017	0.000583518			170.0	1.90236e-06
0.00175	-0.00196484			175.0	2.41867e-07
0.0018	0.00440605			180.0	4.88979e-07
0.00185	0.0018577			185.0	1.12689e-07
0.0019	0.00313188			190.0	2.09445e-08
0.00195	0.00440605			195.0	5.9053e-08
0.002	0.00822859			200.0	2.4697e-07
0.00205	0.00950277			205.0	4.61555e-08
0.0021	0.00313188			210.0	5.01518e-07
0.00215	0.00950277			215.0	5.11173e-07
0.0022	0.00440605			220.0	5.49082e-08
0.00225	0.00822859			225.0	9.39394e-07
0.0023	0.00822859			230.0	1.72869e-06
0.00235	0.00695441			235.0	2.41103e-07
0.0024	0.00695441			240.0	8.69938e-10
0.00245	0.00950277			245.0	1.08967e-07
0.0025	0.00822859			250.0	1.12539e-07
0.00255	0.00313188			255.0	2.4925e-09
0.0026	0.00822859			260.0	5.0808e-09
0.00265	0.00568023			265.0	8.13448e-08
0.0027	0.00695441			270.0	7.30615e-08
0.00275	0.00568023			275.0	8.80952e-08
0.0028	0.00695441			280.0	2.49116e-07
0.00285	0.0120511			285.0	2.17841e-07
0.0029	0.00568023			290.0	3.34431e-09
0.00295	0.00950277			295.0	7.56996e-08
0.003	0.00950277			300.0	5.59781e-07
0.00305	0.0107769			305.0	4.82584e-07
0.0031	0.0133253			310.0	6.46187e-08
0.00315	0.0107769			315.0	2.07744e-07
0.0032	0.0158737			320.0	3.91275e-08
0.00325	0.0158737			325.0	3.97697e-08
0.0033	0.0171478			330.0	4.06535e-07
0.00335	0.0196962			335.0	8.72392e-07
0.0034	0.0145995			340.0	9.67879e-08
0.00345	0.0222446			345.0	1.66576e-08
0.0035	0.018422			350.0	6.23761e-08
0.00355	0.0196962			355.0	1.21374e-07
0.0036	0.0235187			360.0	3.56799e-08
0.00365	0.0222446			365.0	1.18309e-08
0.0037	0.0235187			370.0	1.66277e-08
0.00375	0.0235187			375.0	2.31819e-09
0.0038	0.0235187			380.0	1.24497e-08
0.00385	0.0273413			385.0	3.15673e-08
0.0039	0.018422			390.0	7.46643e-08
0.00395	0.0273413			395.0	7.61856e-08
0.004	0.0247929			400.0	1.90753e-08
0.00405	0.0260671			405.0	5.67296e-08
0.0041	0.0298896			410.0	2.10392e-07
0.00415	0.0260671			415.0	7.69748e-08
0.0042	0.0235187			420.0	1.89e-08
0.00425	0.0235187			425.0	5.04675e-09
0.0043	0.0196962			430.0	4.95837e-09
0.00435	0.0209704			435.0	3.87508e-08
0.0044	0.018422			440.0	3.05899e-08
0.00445	0.0171478			445.0	9.09187e-09
0.0045	0.0196962			450.0	1.39172e-06
0.00455	0.0158737			455.0	1.99184e-06
0.0046	0.0145995			460.0	6.51016e-07
0.00465	0.0171478			465.0	9.1336e-08
0.0047	0.00695441			470.0	1.2377e-06
0.00475	0.0120511			475.0	7.26258e-07
0.0048	0.0107769			480.0	8.89272e-07
0.00485	0.00950277			485.0	7.99858e-07
0.0049	0.0120511			490.0	1.44743e-07
0.00495	0.0120511			495.0	2.79897e-07
0.005	0.00950277			500.0	3.21263e-07
0.00505	0.0133253			505.0	4.59974e-07
0.0051	0.0133253			510.0	3.23649e-07
0.00515	0.00822859			515.0	7.03789e-07
0.0052	0.0171478			520.0	1.63255e-06
0.00525	0.0120511			525.0	1.06762e-06
0.0053	0.0158737			530.0	1.40486e-07
0.00535	0.018422			535.0	4.69908e-06
0.0054	0.0120511			540.0	1.13312e-05
0.00545	0.0158737			545.0	4.16611e-06
0.0055	0.0158737			550.0	9.47436e-07
0.00555	0.0120511			555.0	1.22754e-06
0.0056	0.0158737			560.0	9.12509e-07
0.00565	0.0133253			565.0	3.92321e-08
0.0057	0.0120511			570.0	7.0147e-08
0.00575	0.0145995			575.0	2.27209e-07
0.0058	0.00695441			580.0	4.26319e-07
0.00585	0.00822859			585.0	1.88551e-07
0.0059	0.0107769			590.0	6.17624e-10
0.00595	0.00440605			595.0	4.27589e-08
0.006	-0.00069066			600.0	5.8125e-08
0.00605	0.00440605			605.0	8.27249e-09
0.0061	-0.00069066			610.0	1.27762e-07
0.00615	-0.00069066			615.0	8.72239e-08
0.0062	-0.00196484			620.0	6.48192e-08
0.00625	-0.0045132			625.0	2.6049e-08
0.0063	-0.00706155			630.0	5.61312e-08
0.00635	-0.00323902			635.0	2.24981e-09
0.0064	-0.0134324			640.0	3.23696e-08
0.00645	-0.00706155			645.0	1.70203e-08
0.0065	-0.00706155			650.0	4.28169e-08
0.00655	-0.0108841			655.0	7.25748e-09
0.0066	-0.00960991			660.0	1.83506e-08
0.00665	-0.00960991			665.0	5.78366e-08
0.0067	-0.0159808			670.0	5.62037e-08
0.00675	-0.00960991			675.0	3.13888e-09
0.0068	-0.0121583			680.0	8.81413e-08
0.00685	-0.0121583			685.0	2.0616e-07
0.0069	-0.00960991			690.0	8.82231e-08
0.00695	-0.00706155			695.0	1.03957e-08
0.007	-0.00833573			700.0	6.54776e-09
0.00705	-0.00960991			705.0	3.75998e-08
0.0071	-0.00578737			710.0	1.39086e-07
0.00715	-0.00706155			715.0	6.45628e-08
0.0072	-0.00578737			720.0	1.0787e-08
0.00725	-0.00196484			725.0	6.69918e-09
0.0073	-0.0045132			730.0	6.10462e-09
0.00735	-0.00706155			735.0	3.17178e-09
0.0074	0.000583518			740.0	5.20415e-09
0.00745	-0.00069066			745.0	5.26675e-09
0.0075	-0.00069066			750.0	3.2595e-09
0.00755	0.00313188			755.0	1.08616e-08
0.0076	0.00568023			760.0	1.93125e-08
0.00765	0.0018577			765.0	1.23446e-08
0.0077	0.00313188			770.0	1.71518e-09
0.00775	0.00695441			775.0	4.83461e-09
0.0078	0.00568023			780.0	1.26105e-08
0.00785	0.0018577			785.0	6.10788e-09
0.0079	0.00568023			790.0	4.74814e-10
0.00795	0.00313188			795.0	9.60237e-10
0.008	0.0018577			800.0	9.48025e-10
0.00805	0.00440605			805.0	2.03199e-09
0.0081	0.000583518			810.0	2.29117e-09
0.00815	-0.00196484			815.0	6.39886e-10
0.0082	0.000583518			820.0	2.57292e-09
0.00825	0.000583518			825.0	1.61322e-09
0.0083	-0.00196484			830.0	5.68591e-10
0.00835	0.000583518			835.0	5.66901e-09
0.0084	0.00313188			840.0	1.22225e-08
0.00845	-0.00069066			845.0	7.66856e-09
0.0085	-0.0045132			850.0	4.71398e-09
0.00855	0.000583518			855.0	4.97065e-09
0.0086	0.00313188			860.0	9.65987e-09
0.00865	-0.00196484			865.0	7.00192e-09
0.0087	0.00313188			870.0	1.77912e-09
0.00875	0.00568023			875.0	2.51231e-09
0.0088	0.00313188			880.0	8.97264e-09
0.00885	0.00313188			885.0	1.71652e-09
0.0089	0.00695441			890.0	5.82711e-09
0.00895	0.0133253			895.0	1.17272e-08
0.009	0.00313188			900.0	6.38207e-10
0.00905	0.00822859			905.0	5.16189e-09
0.0091	0.0120511			910.0	2.93532e-08
0.00915	0.00950277			915.0	4.70143e-08
0.0092	0.00695441			920.0	2.57269e-08
0.00925	0.0120511			925.0	1.10109e-08
0.0093	0.0145995			930.0	8.12188e-09
0.00935	0.00695441			935.0	3.20213e-09
0.0094	0.0107769			940.0	6.85174e-09
0.00945	0.0145995			945.0	1.16185e-08
0.0095	0.0120511			950.0	3.63361e-09
0.00955	0.00822859			955.0	2.46989e-09
0.0096	0.0120511			960.0	4.23737e-09
0.00965	0.0145995			965.0	4.26871e-10
0.0097	0.00950277			970.0	3.98034e-10
0.00975	0.0107769			975.0	1.13861e-09
0.0098	0.0133253			980.0	1.11193e-09
0.00985	0.0120511			985.0	7.17831e-10
0.0099	0.00695441			990.0	5.31139e-10
0.00995	0.00695441			995.0	2.26182e-09
0.01	0.0107769			1000.0	3.14329e-09
0.01005	0.00822859			1005.0	1.16145e-09
0.0101	0.00313188			1010.0	6.55048e-10
0.01015	0.00440605			1015.0	1.63664e-09
0.0102	0.00950277			1020.0	4.61213e-10
0.01025	0.00440605			1025.0	3.57968e-09
0.0103	0.00695441			1030.0	4.53753e-09
0.01035	0.00822859			1035.0	3.65064e-10
0.0104	0.00568023			1040.0	1.26674e-09
0.01045	0.00313188			1045.0	2.23021e-09
0.0105	0.00568023			1050.0	2.87411e-10
0.01055	0.0120511			1055.0	1.4634e-10
0.0106	0.0107769			1060.0	1.58259e-10
0.01065	0.00440605			1065.0	2.01578e-09
0.0107	0.00568023			1070.0	1.06891e-09
0.01075	0.00822859			1075.0	6.05985e-10
0.0108	0.00695441			1080.0	1.95555e-09
0.01085	0.00440605			1085.0	4.17948e-10
0.0109	0.00822859			1090.0	1.85275e-09
0.01095	0.00950277			1095.0	1.00138e-09
0.011	0.00950277			1100.0	1.60138e-09
0.01105	0.00440605			1105.0	1.00526e-09
0.0111	0.0107769			1110.0	4.08451e-10
0.01115	0.00568023			1115.0	1.54988e-09
0.0112	0.000583518			1120.0	7.91245e-09
0.01125	0.000583518			1125.0	5.54236e-09
0.0113	-0.00069066			1130.0	1.11398e-09
0.01135	-0.0045132			1135.0	4.19916e-09
0.0114	-0.00578737			1140.0	1.83766e-08
0.01145	-0.0045132			1145.0	2.20388e-08
0.0115	-0.00578737			1150.0	7.25202e-09
0.01155	-0.00960991			1155.0	1.83516e-10
0.0116	-0.0134324			1160.0	1.69073e-09
0.01165	-0.00960991			1165.0	3.60757e-09
0.0117	-0.00960991			1170.0	9.57002e-09
0.01175	-0.0121583			1175.0	1.02981e-08
0.0118	-0.0147066			1180.0	1.27788e-09
0.01185	-0.0134324			1185.0	9.13676e-10
0.0119	-0.0121583			1190.0	1.15027e-09
0.01195	-0.0159808			1195.0	1.58848e-09
0.012	-0.0147066			1200.0	4.79815e-09
0.01205	-0.0134324			1205.0	4.40083e-10
0.0121	-0.00960991			1210.0	2.30971e-09
0.01215	-0.00706155			1215.0	3.48286e-10
0.0122	-0.0134324			1220.0	2.38845e-09
0.01225	-0.00960991			1225.0	7.61644e-09
0.0123	-0.0045132			1230.0	2.4119e-09
0.01235	-0.00833573			1235.0	6.12284e-10
0.0124	-0.0134324			1240.0	1.0029e-09
0.01245	-0.00833573			1245.0	9.90196e-11
0.0125	-0.00196484			1250.0	1.11012e-09
0.01255	-0.0045132			1255.0	3.22966e-11
0.0126	-0.00578737			1260.0	6.1697e-09
0.01265	-0.00323902			1265.0	1.15762e-08
0.0127	-0.0045132			1270.0	2.0946e-08
0.01275	-0.00706155			1275.0	1.78838e-08
0.0128	-0.00706155			1280.0	7.67666e-09
0.01285	-0.0045132			1285.0	4.4696e-09
0.0129	-0.00069066			1290.0	3.66901e-09
0.01295	-0.00196484			1295.0	3.97177e-09
0.013	-0.0045132			1300.0	4.82718e-09
0.01305	-0.00706155			1305.0	3.396e-09
0.0131	-0.00578737			1310.0	9.99451e-10
0.01315	-0.00196484			1315.0	3.08011e-09
0.0132	-0.00706155			1320.0	2.15833e-09
0.01325	-0.00960991			1325.0	4.82701e-10
0.0133	-0.00706155			1330.0	4.84267e-09
0.01335	-0.00706155			1335.0	5.24531e-09
0.0134	-0.00833573			1340.0	1.02292e-09
0.01345	-0.0121583			1345.0	5.75724e-09
0.0135	-0.00706155			1350.0	5.75999e-09
0.01355	-0.00706155			1355.0	2.46895e-09
0.0136	-0.00960991			1360.0	1.19572e-09
0.01365	-0.0121583			1365.0	7.99587e-09
0.0137	-0.0121583			1370.0	9.63359e-09
0.01375	-0.00960991			1375.0	1.83697e-09
0.0138	-0.00960991			1380.0	3.53246e-09
0.01385	-0.0121583			1385.0	4.41917e-09
0.0139	-0.0121583			1390.0	2.08189e-09
0.01395	-0.00833573			1395.0	2.64024e-09
0.014	-0.0045132			1400.0	6.24062e-09
0.01405	-0.0045132			1405.0	9.89826e-09
0.0141	-0.0045132			1410.0	2.63785e-09
0.01415	0.000583518			1415.0	2.67576e-09
0.0142	0.0018577			1420.0	1.28451e-09
0.01425	-0.00069066			1425.0	3.97965e-09
0.0143	0.000583518			1430.0	3.82565e-09
0.01435	0.0018577			1435.0	1.60352e-09
0.0144	0.00950277			1440.0	2.31168e-10
0.01445	0.00568023			1445.0	4.7164e-10
0.0145	0.00313188			1450.0	1.38145e-10
0.01455	0.00822859			1455.0	2.26421e-09
0.0146	0.00950277			1460.0	6.55733e-09
0.01465	0.00950277			1465.0	4.15976e-09
0.0147	0.00695441			1470.0	2.87826e-10
0.01475	0.0018577			1475.0	3.37677e-10
0.0148	0.00568023			1480.0	2.94754e-09
0.01485	0.00822859			1485.0	3.92657e-09
0.0149	0.00695441			1490.0	1.45284e-09
0.01495	0.000583518			1495.0	1.88511e-09
0.015	0.00313188			1500.0	4.49882e-11
0.01505	0.00440605			1505.0	2.70226e-09
0.0151	0.00313188			1510.0	4.47228e-09
0.01515	-0.00196484			1515.0	2.62841e-09
0.0152	-0.00323902			1520.0	6.12226e-09
0.01525	-0.00323902			1525.0	7.9736e-09
0.0153	0.0018577			1530.0	2.86256e-09
0.01535	-0.00069066			1535.0	1.87478e-09
0.0154	-0.00323902			1540.0	6.37238e-10
0.01545	-0.00196484			1545.0	2.23165e-09
0.0155	-0.00196484			1550.0	4.54707e-10
0.01555	-0.00196484			1555.0	2.29025e-09
0.0156	-0.0045132			1560.0	3.58824e-09
0.01565	-0.00706155			1565.0	2.68776e-09
0.0157	-0.00323902			1570.0	6.98472e-09
0.01575	0.000583518			1575.0	5.68049e-09
0.0158	-0.00196484			1580.0	6.0076e-10
0.01585	-0.00578737			1585.0	3.34956e-10
0.0159	-0.00578737			1590.0	5.98913e-10
0.01595	-0.00323902			1595.0	1.78457e-09
0.016	-0.00196484			1600.0	4.87955e-09
0.01605	-0.00069066			1605.0	1.98374e-09
0.0161	-0.00196484			1610.0	2.20488e-09
0.01615	-0.00196484			1615.0	1.45161e-09
0.0162	-0.00069066			1620.0	8.68067e-10
0.01625	0.00568023			1625.0	1.71069e-09
0.0163	0.00313188			1630.0	1.06649e-09
0.01635	0.00440605			1635.0	2.29279e-09
0.0164	0.00440605			1640.0	3.17617e-09
0.01645	0.00695441			1645.0	8.7982e-10
0.0165	0.0107769			1650.0	2.83307e-10
0.01655	0.00822859			1655.0	1.4889e-09
0.0166	0.00313188			1660.0	5.01719e-10
0.01665	0.00950277			1665.0	2.27442e-09
0.0167	0.0107769			1670.0	5.06633e-10
0.01675	0.00950277			1675.0	1.74456e-09
0.0168	0.00822859			1680.0	5.99469e-09
0.01685	0.00568023			1685.0	2.91005e-09
0.0169	0.00695441			1690.0	1.60462e-09
0.01695	0.00822859			1695.0	6.63743e-09
0.017	0.00568023			1700.0	9.56281e-09
0.01705	0.00695441			1705.0	1.91631e-09
0.0171	0.00440605			1710.0	2.48832e-10
0.01715	0.00313188			1715.0	7.82488e-10
0.0172	0.00822859			1720.0	3.30515e-09
0.01725	0.00695441			1725.0	4.1814e-09
0.0173	0.000583518			1730.0	1.64519e-09
0.01735	0.00313188			1735.0	2.12327e-09
0.0174	0.00568023			1740.0	3.51091e-09
0.01745	0.00313188			1745.0	1.94374e-09
0.0175	-0.00069066			1750.0	6.4198e-09
0.01755	-0.00323902			1755.0	3.69727e-09
0.0176	-0.00196484			1760.0	2.38434e-09
0.01765	-0.00323902			1765.0	4.74754e-10
0.0177	-0.00323902			1770.0	2.44697e-09
0.01775	-0.00706155			1775.0	2.74576e-09
0.0178	-0.00833573			1780.0	3.11286e-09
0.01785	-0.00706155			1785.0	8.50369e-09
0.0179	-0.0045132			1790.0	2.03568e-09
0.01795	-0.00578737			1795.0	5.6052e-10
0.018	-0.0121583			1800.0	1.77625e-09
0.01805	-0.0134324			1805.0	1.29499e-08
0.0181	-0.0134324			1810.0	1.35544e-08
0.01815	-0.0108841			1815.0	7.52138e-09
0.0182	-0.0134324			1820.0	7.44669e-09
0.01825	-0.0159808			1825.0	1.22674e-09
0.0183	-0.017255			1830.0	1.13087e-09
0.01835	-0.0159808			1835.0	7.93146e-10
0.0184	-0.0147066			1840.0	6.74864e-11
0.01845	-0.0159808			1845.0	2.38027e-11
0.0185	-0.017255			1850.0	2.8727e-09
0.01855	-0.017255			1855.0	2.04163e-09
0.0186	-0.0134324			1860.0	1.19029e-09
0.01865	-0.0108841			1865.0	2.23679e-09
0.0187	-0.0147066			1870.0	4.98358e-10
0.01875	-0.0159808			1875.0	7.39399e-11
0.0188	-0.00960991			1880.0	9.00948e-10
0.01885	-0.0108841			1885.0	2.12246e-09
0.0189	-0.00960991			1890.0	5.86787e-11
0.01895	-0.00578737			1895.0	3.94692e-10
0.019	-0.00706155			1900.0	1.5181e-10
0.01905	-0.00960991			1905.0	6.12582e-10
0.0191	-0.00960991			1910.0	3.97558e-09
0.01915	-0.00833573			1915.0	3.94051e-09
0.0192	-0.00578737			1920.0	7.99744e-10
0.01925	-0.00833573			1925.0	6.16529e-10
0.0193	-0.00706155			1930.0	3.81596e-09
0.01935	-0.00578737			1935.0	1.65534e-09
0.0194	-0.00069066			1940.0	8.55534e-10
0.01945	0.000583518			1945.0	1.8802e-09
0.0195	-0.00196484			1950.0	1.07032e-09
0.01955	-0.00578737			1955.0	5.96736e-09
0.0196	-0.00323902			1960.0	7.52543e-09
0.01965	0.00313188			1965.0	2.80236e-09
0.0197	-0.00069066			1970.0	8.18497e-10
0.01975	-0.00196484			1975.0	6.92745e-09
0.0198	-0.0045132			1980.0	7.50377e-09
0.01985	0.0018577			1985.0	1.54724e-09
0.0199	0.000583518			1990.0	4.49513e-09
0.01995	0.00313188			1995.0	1.46664e-09
0.02	-0.00069066			2000.0	2.00497e-09
0.02005	0.00313188			2005.0	1.10958e-08
0.0201	0.0018577			2010.0	8.05967e-09
0.02015	-0.00196484			2015.0	4.82698e-09
0.0202	0.00313188			2020.0	5.54798e-09
0.02025	0.000583518			2025.0	1.19346e-08
0.0203	-0.00323902			2030.0	5.22639e-09
0.02035	-0.00578737			2035.0	5.38725e-09
0.0204	-0.00323902			2040.0	1.64298e-09
0.02045	-0.00323902			2045.0	4.82251e-10
0.0205	-0.00578737			2050.0	4.28656e-09
0.02055	-0.00578737			2055.0	1.12165e-08
0.0206	-0.0045132			2060.0	6.05411e-09
0.02065	-0.00578737			2065.0	1.00335e-09
0.0207	-0.00323902			2070.0	3.39131e-10
0.02075	-0.00196484			2075.0	6.45367e-10
0.0208	-0.00323902			2080.0	2.1579e-09
0.02085	-0.00706155			2085.0	2.08926e-09
0.0209	-0.00833573			2090.0	2.20698e-08
0.02095	-0.00833573			2095.0	4.065e-08
0.021	-0.00578737			2100.0	1.14892e-08
0.02105	-0.00196484			2105.0	5.87344e-09
0.0211	-0.00323902			2110.0	1.17688e-08
0.02115	-0.00196484			2115.0	2.79016e-09
0.0212	-0.00706155			2120.0	6.97707e-09
0.02125	-0.00323902			2125.0	2.45336e-08
0.0213	-0.00069066			2130.0	5.01203e-08
0.02135	-0.00196484			2135.0	8.81342e-08
0.0214	-0.00323902			2140.0	7.31935e-08
0.02145	-0.00323902			2145.0	5.59175e-08
0.0215	0.000583518			2150.0	1.38871e-07
0.02155	0.000583518			2155.0	1.49436e-07
0.0216	0.0018577			2160.0	5.32438e-08
0.02165	0.000583518			2165.0	3.70583e-09
0.0217	0.000583518			2170.0	1.06379e-08
0.02175	0.0018577			2175.0	1.06588e-07
0.0218	0.0018577			2180.0	1.61163e-07
0.02185	0.00568023			2185.0	5.09773e-08
0.0219	0.00568023			2190.0	1.5292e-08
0.02195	0.0018577			2195.0	9.06508e-09
0.022	-0.00196484			2200.0	1.05958e-07
0.02205	0.000583518			2205.0	2.17031e-07
0.0221	-0.00196484			2210.0	2.88269e-07
0.02215	-0.00196484			2215.0	2.41728e-07
0.0222	-0.00069066			2220.0	1.57864e-07
0.02225	-0.00069066			2225.0	7.29165e-08
0.0223	-0.00323902			2230.0	6.78048e-09
0.02235	-0.00196484			2235.0	1.74858e-09
0.0224	-0.0045132			2240.0	9.26859e-09
0.02245	-0.00196484			2245.0	2.07108e-09
0.0225	-0.00706155			2250.0	2.77189e-08
0.02255	-0.00833573			2255.0	3.70354e-08
0.0226	-0.00706155			2260.0	6.37647e-09
0.02265	-0.00323902			2265.0	1.50052e-08
0.0227	-0.00196484			2270.0	1.20522e-08
0.02275	-0.0045132			2275.0	1.60151e-08
0.0228	-0.0045132			2280.0	9.40558e-09
0.02285	-0.00578737			2285.0	1.65054e-08
0.0229	-0.0045132			2290.0	2.40479e-09
0.02295	-0.00196484			2295.0	8.16332e-09
0.023	0.0018577			2300.0	1.35741e-08
0.02305	0.000583518			2305.0	2.462e-08
0.0231	0.00313188			2310.0	2.04419e-08
0.02315	-0.00323902			2315.0	6.46205e-10
0.0232	0.000583518			2320.0	9.39563e-09
0.02325	0.00313188			2325.0	1.90545e-08
0.0233	0.00568023			2330.0	5.78251e-08
0.02335	0.00568023			2335.0	2.78757e-08
0.0234	0.00822859			2340.0	1.65407e-08
0.02345	0.00695441			2345.0	1.54141e-10
0.0235	0.00822859			2350.0	1.20948e-08
0.02355	0.00695441			2355.0	1.87046e-09
0.0236	0.0107769			2360.0	7.09289e-09
0.02365	0.00568023			2365.0	4.90617e-09
0.0237	0.00822859			2370.0	8.31712e-09
0.02375	0.00568023			2375.0	1.27914e-08
0.0238	0.00568023			2380.0	1.28973e-08
0.02385	0.00695441			2385.0	1.05039e-09
0.0239	0.00822859			2390.0	5.14763e-09
0.02395	0.00695441			2395.0	4.39237e-09
0.024	0.000583518			2400.0	3.42636e-09
0.02405	-0.0045132			2405.0	2.54254e-08
0.0241	-0.00069066			2410.0	6.31049e-09
0.02415	0.00313188			2415.0	6.97991e-09
0.0242	0.000583518			2420.0	7.72688e-09
0.02425	-0.00196484			2425.0	4.12465e-09
0.0243	-0.00706155			2430.0	1.15378e-08
0.02435	-0.00706155			2435.0	1.26646e-08
0.0244	-0.00578737			2440.0	1.29667e-08
0.02445	-0.00706155			2445.0	9.1395e-09
0.0245	-0.00833573			2450.0	1.04319e-08
0.02455	-0.00706155			2455.0	1.36258e-08
0.0246	-0.00706155			2460.0	2.55454e-09
0.02465	-0.0134324			2465.0	8.22162e-09
0.0247	-0.0134324			2470.0	1.04911e-11
0.02475	-0.0121583			2475.0	5.73577e-09
0.0248	-0.00960991			2480.0	5.69832e-09
0.02485	-0.0134324			2485.0	5.11707e-09
0.0249	-0.0134324			2490.0	4.67703e-08
0.02495	-0.0159808			2495.0	5.92676e-08
0.025	-0.0121583			2500.0	1.19342e-09
0.02505	-0.0121583			2505.0	2.79393e-08
0.0251	-0.0108841			2510.0	2.0893e-08
0.02515	-0.0108841			2515.0	8.23269e-09
0.0252	-0.00706155			2520.0	1.0129e-08
0.02525	-0.00960991			2525.0	1.94422e-08
0.0253	-0.00706155			2530.0	1.26686e-08
0.02535	-0.00706155			2535.0	9.36502e-10
0.0254	-0.00578737			2540.0	4.92004e-09
0.02545	-0.00578737			2545.0	3.49663e-09
0.0255	-0.00706155			2550.0	1.66577e-09
0.02555	-0.00578737			2555.0	6.55608e-10
0.0256	-0.00323902			2560.0	6.72793e-09
0.02565	-0.0045132			2565.0	6.21545e-09
0.0257	-0.00323902			2570.0	4.74854e-10
0.02575	-0.00578737			2575.0	1.63658e-09
0.0258	-0.00706155			2580.0	1.0698e-08
0.02585	-0.00960991			2585.0	4.36951e-09
0.0259	-0.00706155			2590.0	5.04767e-09
0.02595	-0.00706155			2595.0	5.01239e-09
0.026	-0.00706155			2600.0	4.16889e-09
0.02605	-0.00833573			2605.0	9.6224e-09
0.0261	-0.0108841			2610.0	6.05674e-09
0.02615	-0.0134324			2615.0	1.58428e-09
0.0262	-0.00960991			2620.0	3.39185e-09
0.02625	-0.00833573			2625.0	2.44328e-09
0.0263	-0.00578737			2630.0	4.35528e-09
0.02635	-0.00833573			2635.0	3.11534e-09
0.0264	-0.00833573			2640.0	4.2571e-09
0.02645	-0.0134324			2645.0	2.36108e-09
0.0265	-0.0121583			2650.0	5.72542e-09
0.02655	-0.00960991			2655.0	2.93699e-09
0.0266	-0.00578737			2660.0	1.15281e-08
0.02665	-0.0045132			2665.0	1.22967e-09
0.0267	-0.00578737			2670.0	7.42092e-09
0.02675	-0.00706155			2675.0	6.13838e-09
0.0268	-0.00706155			2680.0	2.64214e-08
0.02685	-0.0045132			2685.0	2.21725e-08
0.0269	-0.00069066			2690.0	3.6734e-09
0.02695	0.0018577			2695.0	4.15053e-09
0.027	0.000583518			2700.0	8.99478e-10
0.02705	-0.00069066			2705.0	5.25246e-09
0.0271	-0.00196484			2710.0	7.65349e-09
0.02715	0.000583518			2715.0	1.10104e-08
0.0272	0.00568023			2720.0	3.10167e-09
0.02725	0.00695441			2725.0	2.83092e-10
0.0273	0.000583518			2730.0	4.86065e-10
0.02735	0.00313188			2735.0	9.15288e-10
0.0274	0.00313188			2740.0	2.26366e-10
0.02745	0.00568023			2745.0	1.36181e-09
0.0275	0.00568023			2750.0	5.41776e-09
0.02755	0.00568023			2755.0	2.07825e-09
0.0276	0.00313188			2760.0	1.80789e-08
0.02765	0.00313188			2765.0	1.30022e-08
0.0277	0.00440605			2770.0	2.48962e-09
0.02775	0.00440605			2775.0	4.10173e-10
0.0278	0.00695441			2780.0	2.0797e-09
0.02785	0.00822859			2785.0	5.31208e-09
0.0279	0.00950277			2790.0	2.23339e-09
0.02795	0.00313188			2795.0	2.7987e-10
0.028	-0.00069066			2800.0	1.45973e-10
0.02805	-0.00069066			2805.0	1.56844e-09
0.0281	0.0018577			2810.0	7.22769e-11
0.02815	0.00695441			2815.0	2.49344e-09
0.0282	0.00568023			2820.0	5.18335e-09
0.02825	0.00440605			2825.0	6.96289e-09
0.0283	0.00440605			2830.0	3.50908e-09
0.02835	0.000583518			2835.0	1.36638e-09
0.0284	0.00313188			2840.0	1.01845e-08
0.02845	0.00313188			2845.0	3.58527e-09
0.0285	0.0107769			2850.0	6.34117e-09
0.02855	0.0120511			2855.0	1.78229e-09
0.0286	0.0133253			2860.0	9.38646e-10
0.02865	0.00695441			2865.0	1.67141e-09
0.0287	0.00568023			2870.0	7.10406e-09
0.02875	0.0120511			2875.0	7.41004e-09
0.0288	0.0133253			2880.0	2.59025e-09
0.02885	0.018422			2885.0	8.79616e-09
0.0289	0.0133253			2890.0	8.27815e-09
0.02895	0.0158737			2895.0	5.746e-10
0.029	0.0171478			2900.0	1.53258e-09
0.02905	0.0171478			2905.0	1.52107e-09
0.0291	0.0209704			2910.0	3.31496e-09
0.02915	0.0222446			2915.0	3.90992e-09
0.0292	0.0222446			2920.0	7.39817e-09
0.02925	0.0222446			2925.0	3.39902e-09
0.0293	0.0222446			2930.0	9.47894e-10
0.02935	0.0171478			2935.0	8.41082e-10
0.0294	0.018422			2940.0	1.54055e-09
0.02945	0.018422			2945.0	1.78087e-09
0.0295	0.0171478			2950.0	3.53475e-09
0.02955	0.0145995			2955.0	2.72595e-10
0.0296	0.00950277			2960.0	1.12902e-09
0.02965	0.00822859			2965.0	2.7213e-09
0.0297	0.00695441			2970.0	1.06196e-09
0.02975	0.00440605			2975.0	1.63923e-09
0.0298	0.00313188			2980.0	2.84898e-09
0.02985	0.00695441			2985.0	6.17086e-09
0.0299	0.00313188			2990.0	6.15162e-09
0.02995	-0.00196484			2995.0	1.31655e-08
0.03	-0.00706155			3000.0	1.30539e-08
0.03005	-0.00706155			3005.0	3.14048e-09
0.0301	-0.00323902			3010.0	2.87088e-09
0.03015	-0.00706155			3015.0	8.3837e-09
0.0302	0.000583518			3020.0	7.17494e-09
0.03025	-0.00323902			3025.0	6.65882e-09
0.0303	-0.00706155			3030.0	5.56491e-09
0.03035	-0.0108841			3035.0	1.24846e-09
0.0304	-0.00706155			3040.0	2.60156e-10
0.03045	-0.00706155			3045.0	2.67831e-09
0.0305	-0.00706155			3050.0	7.83215e-10
0.03055	-0.0045132			3055.0	2.44878e-09
0.0306	-0.00578737			3060.0	6.78128e-10
0.03065	-0.0045132			3065.0	1.41765e-09
0.0307	-0.00578737			3070.0	8.04625e-10
0.03075	-0.00323902			3075.0	6.33116e-09
0.0308	-0.00069066			3080.0	3.19942e-09
0.03085	0.000583518			3085.0	4.32467e-09
0.0309	0.00313188			3090.0	9.6405e-10
0.03095	0.00313188			3095.0	4.56067e-09
0.031	-0.00069066			3100.0	6.53654e-09
0.03105	0.0018577			3105.0	1.60552e-10
0.0311	0.00313188			3110.0	1.00962e-09
0.03115	0.00313188			3115.0	2.10961e-09
0.0312	0.00568023			3120.0	3.13334e-09
0.03125	0.00568023			3125.0	7.39812e-10
0.0313	0.00568023			3130.0	4.84391e-10
0.03135	0.00313188			3135.0	1.81935e-09
0.0314	0.00313188			3140.0	2.66902e-09
0.03145	0.00440605			3145.0	3.15209e-10
0.0315	0.00568023			3150.0	5.05539e-10
0.03155	0.00313188			3155.0	1.1653e-09
0.0316	-0.00196484			3160.0	9.93073e-10
0.03165	-0.00196484			3165.0	3.53422e-10
0.0317	-0.00578737			3170.0	1.09587e-09
0.03175	-0.00706155			3175.0	2.90725e-09
0.0318	-0.00196484			3180.0	8.75171e-11
0.03185	-0.0045132			3185.0	1.12007e-09
0.0319	-0.00323902			3190.0	7.23455e-10
0.03195	-0.00833573			3195.0	1.50501e-09
0.032	-0.00833573			3200.0	3.91567e-09
0.03205	-0.00706155			3205.0	4.7045e-09
0.0321	-0.00833573			3210.0	1.31853e-09
0.03215	-0.00706155			3215.0	2.21411e-12
0.0322	-0.0045132			3220.0	2.6623e-09
0.03225	-0.00196484			3225.0	1.94684e-09
0.0323	-0.00323902			3230.0	6.04615e-11
0.03235	-0.00323902			3235.0	4.32549e-09
0.0324	-0.00196484			3240.0	1.96983e-09
0.03245	-0.00323902			3245.0	1.16889e-09
0.0325	0.000583518			3250.0	4.30401e-11
0.03255	0.00440605			3255.0	1.09653e-09
0.0326	0.00568023			3260.0	7.16472e-09
0.03265	0.00568023			3265.0	3.02046e-09
0.0327	0.000583518			3270.0	3.43728e-09
0.03275	0.00440605			3275.0	8.97499e-09
0.0328	0.00822859			3280.0	5.01804e-09
0.03285	0.00822859			3285.0	2.75526e-10
0.0329	0.0133253			3290.0	1.53234e-09
0.03295	0.00950277			3295.0	2.46024e-10
0.033	0.0120511			3300.0	8.47905e-10
0.03305	0.0133253			3305.0	3.49008e-09
0.0331	0.0107769			3310.0	1.39292e-09
0.03315	0.0107769			3315.0	6.20469e-10
0.0332	0.0107769			3320.0	4.89767e-09
0.03325	0.0171478			3325.0	3.19682e-09
0.0333	0.0107769			3330.0	1.06633e-10
0.03335	0.00695441			3335.0	1.01402e-10
0.0334	0.00313188			3340.0	1.35774e-09
0.03345	0.0018577			3345.0	3.64039e-09
0.0335	0.00568023			3350.0	1.4988e-09
0.03355	0.00440605			3355.0	1.92447e-10
0.0336	0.00313188			3360.0	1.2522e-09
0.03365	0.00568023			3365.0	2.95604e-09
0.0337	0.000583518			3370.0	2.92866e-09
0.03375	-0.00196484			3375.0	4.2883e-09
0.0338	-0.00706155			3380.0	8.61468e-10
0.03385	-0.00833573			3385.0	6.07338e-10
0.0339	-0.00706155			3390.0	2.01626e-09
0.03395	-0.0045132			3395.0	3.3781e-09
0.034	-0.0045132			3400.0	9.16843e-10
0.03405	-0.00706155			3405.0	1.62795e-10
0.0341	-0.00706155			3410.0	1.04571e-10
0.03415	-0.00706155			3415.0	1.4153e-09
0.0342	-0.00706155			3420.0	1.69528e-09
0.03425	-0.00196484			3425.0	3.2033e-10
0.0343	0.00313188			3430.0	8.2797e-11
0.03435	0.00313188			3435.0	3.09169e-10
0.0344	0.00568023			3440.0	3.72172e-09
0.03445	0.00695441			3445.0	4.85331e-09
0.0345	0.00440605			3450.0	3.46119e-09
0.03455	0.00822859			3455.0	1.14796e-10
0.0346	0.0107769			3460.0	1.56424e-10
0.03465	0.0145995			3465.0	2.32438e-10
0.0347	0.018422			3470.0	1.62454e-09
0.03475	0.0158737			3475.0	6.88688e-10
0.0348	0.0145995			3480.0	1.09135e-09
0.03485	0.0171478			3485.0	6.86518e-10
0.0349	0.0133253			3490.0	6.61047e-10
0.03495	0.0145995			3495.0	7.96111e-10
0.035	0.0158737			3500.0	3.35406e-09
0.03505	0.018422			3505.0	4.10625e-09
0.0351	0.0133253			3510.0	1.42386e-09
0.03515	0.0120511			3515.0	3.61504e-10
0.0352	0.00822859			3520.0	7.14813e-11
0.03525	0.00950277			3525.0	2.22308e-09
0.0353	0.00822859			3530.0	1.04866e-09
0.03535	0.00695441			3535.0	1.38867e-10
0.0354	0.00822859			3540.0	5.62333e-10
0.03545	0.0018577			3545.0	4.9665e-10
0.0355	-0.00196484			3550.0	2.39265e-09
0.03555	-0.0045132			3555.0	2.75872e-10
0.0356	-0.00323902			3560.0	8.21146e-10
0.03565	-0.00578737			3565.0	2.09982e-09
0.0357	-0.00323902			3570.0	2.84597e-09
0.03575	-0.00196484			3575.0	1.89583e-09
0.0358	-0.00323902			3580.0	1.75515e-09
0.03585	-0.00706155			3585.0	1.16537e-09
0.0359	-0.00706155			3590.0	6.32026e-11
0.03595	-0.00960991			3595.0	4.52598e-10
0.036	-0.00960991			3600.0	3.58802e-10
0.03605	-0.00706155			3605.0	5.11571e-10
0.0361	-0.00578737			3610.0	1.44223e-09
0.03615	-0.00196484			3615.0	1.2574e-09
0.0362	-0.00196484			3620.0	1.50227e-09
0.03625	-0.00196484			3625.0	2.54218e-09
0.0363	0.000583518			3630.0	3.45774e-09
0.03635	-0.0045132			3635.0	2.30513e-10
0.0364	0.000583518			3640.0	2.36362e-10
0.03645	0.00440605			3645.0	2.66625e-09
0.0365	0.00313188			3650.0	6.98943e-09
0.03655	0.00440605			3655.0	1.88856e-09
0.0366	0.00568023			3660.0	6.49902e-10
0.03665	0.00695441			3665.0	1.67887e-10
0.0367	0.00568023			3670.0	1.50739e-09
0.03675	0.00313188			3675.0	3.06722e-09
0.0368	0.00440605			3680.0	2.24403e-09
0.03685	0.00440605			3685.0	2.72429e-09
0.0369	0.00440605			3690.0	6.57216e-10
0.03695	0.00695441			3695.0	5.81711e-09
0.037	0.00440605			3700.0	5.8687e-09
0.03705	0.000583518			3705.0	2.71813e-09
0.0371	0.0018577			3710.0	7.8916e-10
0.03715	0.000583518			3715.0	5.52215e-10
0.0372	-0.00323902			3720.0	1.28132e-09
0.03725	-0.00578737			3725.0	3.36619e-09
0.0373	-0.00578737			3730.0	1.9765e-09
0.03735	-0.00833573			3735.0	6.48773e-10
0.0374	-0.00960991			3740.0	1.15194e-09
0.03745	-0.0134324			3745.0	1.26976e-10
0.0375	-0.0147066			3750.0	1.8403e-09
0.03755	-0.00960991			3755.0	3.08257e-09
0.0376	-0.00960991			3760.0	1.71468e-09
0.03765	-0.0121583			3765.0	3.18369e-10
0.0377	-0.017255			3770.0	9.90221e-10
0.03775	-0.0121583			3775.0	1.53665e-09
0.0378	-0.0147066			3780.0	1.92047e-09
0.03785	-0.0134324			3785.0	2.18994e-09
0.0379	-0.0134324			3790.0	1.98861e-09
0.03795	-0.00706155			3795.0	8.25134e-10
0.038	-0.00706155			3800.0	5.25347e-10
0.03805	-0.00706155			3805.0	1.05754e-09
0.0381	-0.00833573			3810.0	3.78193e-09
0.03815	-0.0121583			3815.0	2.40315e-09
0.0382	-0.00578737			3820.0	8.01703e-10
0.03825	-0.00196484			3825.0	6.36083e-09
0.0383	-0.00196484			3830.0	5.81476e-09
0.03835	-0.00323902			3835.0	1.59666e-10
0.0384	-0.00578737			3840.0	6.4293e-10
0.03845	-0.00196484			3845.0	5.8686e-10
0.0385	-0.00323902			3850.0	1.04558e-09
0.03855	-0.00706155			3855.0	1.15414e-09
0.0386	-0.00323902			3860.0	1.38947e-09
0.03865	-0.00196484			3865.0	1.85912e-09
0.0387	0.000583518			3870.0	3.44949e-10
0.03875	-0.00196484			3875.0	6.07435e-10
0.0388	-0.00196484			3880.0	8.38353e-11
0.03885	-0.0045132			3885.0	1.16006e-10
0.0389	-0.00323902			3890.0	3.07679e-10
0.03895	-0.00578737			3895.0	5.45391e-10
0.039	-0.0045132			3900.0	1.93905e-11
0.03905	-0.00323902			3905.0	9.2602e-10
0.0391	0.000583518			3910.0	1.01185e-09
0.03915	0.000583518			3915.0	2.56204e-09
0.0392	-0.00196484			3920.0	3.01422e-09
0.03925	-0.00323902			3925.0	7.97904e-10
0.0393	-0.00578737			3930.0	8.69239e-10
0.03935	-0.00578737			3935.0	1.59447e-09
0.0394	-0.0045132			3940.0	2.43736e-09
0.03945	-0.00323902			3945.0	4.15863e-09
0.0395	-0.00323902			3950.0	4.65265e-09
0.03955	0.000583518			3955.0	1.43717e-09
0.0396	0.00313188			3960.0	6.56192e-10
0.03965	-0.00069066			3965.0	7.47548e-10
0.0397	-0.00323902			3970.0	7.66657e-10
0.03975	-0.00196484			3975.0	3.13445e-10
0.0398	0.00440605			3980.0	5.61146e-09
0.03985	0.00568023			3985.0	4.48195e-09
0.0399	0.00822859			3990.0	3.26523e-10
0.03995	0.00950277			3995.0	9.32262e-10
0.04	0.00695441			4000.0	1.08555e-09
0.04005	0.00695441			4005.0	1.59832e-09
0.0401	0.00822859			4010.0	3.86616e-12
0.04015	0.00822859			4015.0	1.55885e-09
0.0402	0.0120511			4020.0	8.97594e-11
0.04025	0.0171478			4025.0	2.02542e-09
0.0403	0.018422			4030.0	3.406e-09
0.04035	0.0196962			4035.0	2.82564e-09
0.0404	0.0196962			4040.0	5.62355e-10
0.04045	0.0222446			4045.0	4.09673e-09
0.0405	0.0209704			4050.0	1.29315e-09
0.04055	0.0222446			4055.0	1.5876e-09
0.0406	0.0247929			4060.0	2.351e-09
0.04065	0.0247929			4065.0	3.02909e-09
0.0407	0.0286154			4070.0	2.95245e-09
0.04075	0.032438			4075.0	2.16702e-09
0.0408	0.0273413			4080.0	1.16395e-09
0.04085	0.0286154			4085.0	8.63247e-10
0.0409	0.0235187			4090.0	1.36925e-09
0.04095	0.0273413			4095.0	7.45225e-10
0.041	0.0298896			4100.0	7.25049e-11
0.04105	0.0311638			4105.0	1.40825e-09
0.0411	0.0337122			4110.0	2.98915e-09
0.04115	0.0349863			4115.0	4.04606e-10
0.0412	0.0311638			4120.0	6.59812e-10
0.04125	0.0286154			4125.0	7.79667e-09
0.0413	0.0286154			4130.0	7.6393e-09
0.04135	0.032438			4135.0	1.81005e-09
0.0414	0.0286154			4140.0	5.59761e-10
0.04145	0.032438			4145.0	2.55115e-09
0.0415	0.0298896			4150.0	1.55303e-09
0.04155	0.0286154			4155.0	2.87642e-09
0.0416	0.0247929			4160.0	1.88915e-09
0.04165	0.0222446			4165.0	1.77141e-09
0.0417	0.018422			4170.0	2.85802e-09
0.04175	0.0209704			4175.0	3.60826e-10
0.0418	0.0196962			4180.0	4.01721e-09
0.04185	0.0196962			4185.0	5.69182e-09
0.0419	0.0196962			4190.0	1.37142e-09
0.04195	0.0171478			4195.0	8.56474e-10
0.042	0.0158737			4200.0	4.71269e-09
0.04205	0.00822859			4205.0	2.32971e-09
0.0421	0.0107769			4210.0	2.19287e-09
0.04215	0.0145995			4215.0	2.32507e-09
0.0422	0.0145995			4220.0	2.49839e-09
0.04225	0.0133253			4225.0	3.22185e-10
0.0423	0.00950277			4230.0	1.0429e-09
0.04235	0.0107769			4235.0	2.65778e-09
0.0424	0.0133253			4240.0	4.07232e-09
0.04245	0.00950277			4245.0	8.94665e-09
0.0425	0.0120511			4250.0	4.25137e-09
0.04255	0.0133253			4255.0	2.1289e-10
0.0426	0.0133253			4260.0	1.33854e-09
0.04265	0.018422			4265.0	1.25442e-09
0.0427	0.018422			4270.0	3.62541e-10
0.04275	0.0158737			4275.0	5.02988e-09
0.0428	0.0145995			4280.0	4.51049e-09
0.04285	0.0145995			4285.0	3.99974e-09
0.0429	0.0158737			4290.0	2.78845e-09
0.04295	0.018422			4295.0	9.00888e-10
0.043	0.0171478			4300.0	1.1053e-09
0.04305	0.0158737			4305.0	1.10144e-09
0.0431	0.0133253			4310.0	3.10951e-11
0.04315	0.00822859			4315.0	3.20319e-11
0.0432	0.00568023			4320.0	3.57748e-10
0.04325	0.00313188			4325.0	1.00241e-09
0.0433	0.00313188			4330.0	5.33972e-09
0.04335	-0.00069066			4335.0	3.70202e-09
0.0434	-0.00323902			4340.0	2.08245e-10
0.04345	0.000583518			4345.0	5.66347e-10
0.0435	0.000583518			4350.0	1.19169e-09
0.04355	-0.00706155			4355.0	1.46151e-09
0.0436	-0.00960991			4360.0	9.85016e-10
0.04365	-0.0134324			4365.0	3.02818e-09
0.0437	-0.0121583			4370.0	5.29637e-10
0.04375	-0.0121583			4375.0	3.21269e-09
0.0438	-0.0121583			4380.0	1.51096e-09
0.04385	-0.0121583			4385.0	8.34254e-10
0.0439	-0.0121583			4390.0	1.15379e-09
0.04395	-0.0134324			4395.0	9.10638e-10
0.044	-0.0147066			4400.0	5.66156e-09
0.04405	-0.0134324			4405.0	1.87412e-09
0.0441	-0.00833573			4410.0	2.30873e-09
0.04415	-0.00578737			4415.0	6.72245e-09
0.0442	-0.00578737			4420.0	1.04896e-09
0.04425	0.0018577			4425.0	9.9649e-10
0.0443	0.00313188			4430.0	1.45631e-09
0.04435	0.00695441			4435.0	3.01458e-09
0.0444	0.00695441			4440.0	8.64321e-10
0.04445	0.00695441			4445.0	4.59384e-09
0.0445	0.0133253			4450.0	4.543e-09
0.04455	0.0133253			4455.0	4.09005e-09
0.0446	0.0158737			4460.0	1.11767e-08
0.04465	0.0171478			4465.0	2.56813e-09
0.0447	0.0209704			4470.0	4.39284e-10
0.04475	0.0158737			4475.0	3.99736e-09
0.0448	0.0171478			4480.0	2.20738e-09
0.04485	0.0145995			4485.0	1.46182e-09
0.0449	0.0120511			4490.0	4.00419e-09
0.04495	0.0133253			4495.0	5.49212e-09
0.045	0.0133253			4500.0	4.01197e-10
0.04505	0.0120511			4505.0	1.35368e-08
0.0451	0.00950277			4510.0	2.10199e-08
0.04515	0.00695441			4515.0	5.82366e-09
0.0452	0.000583518			4520.0	3.87648e-09
0.04525	-0.00196484			4525.0	7.0471e-10
0.0453	-0.00833573			4530.0	1.50602e-09
0.04535	-0.00833573			4535.0	4.23616e-10
0.0454	-0.0121583			4540.0	4.48509e-10
0.04545	-0.0108841			4545.0	4.8554e-10
0.0455	-0.0147066			4550.0	2.57713e-10
0.04555	-0.0147066			4555.0	1.08194e-09
0.0456	-0.017255			4560.0	1.5819e-09
0.04565	-0.0185292			4565.0	3.00424e-09
0.0457	-0.0185292			4570.0	2.32835e-09
0.04575	-0.0159808			4575.0	1.05533e-09
0.0458	-0.0121583			4580.0	1.29453e-09
0.04585	-0.0108841			4585.0	4.07386e-10
0.0459	-0.0108841			4590.0	1.69314e-09
0.04595	-0.00960991			4595.0	1.41444e-09
0.046	-0.00706155			4600.0	4.56296e-09
0.04605	-0.00833573			4605.0	4.39002e-09
0.0461	-0.00578737			4610.0	1.43975e-10
0.04615	-0.00196484			4615.0	5.74424e-10
0.0462	0.00440605			4620.0	8.17394e-10
0.04625	0.00568023			4625.0	1.18901e-09
0.0463	0.0107769			4630.0	1.12052e-09
0.04635	0.00695441			4635.0	2.37303e-09
0.0464	0.00950277			4640.0	3.79829e-09
0.04645	0.00695441			4645.0	5.83672e-09
0.0465	0.00822859			4650.0	3.76818e-09
0.04655	0.0120511			4655.0	3.81689e-09
0.0466	0.0133253			4660.0	1.77284e-09
0.04665	0.0133253			4665.0	5.91246e-10
0.0467	0.0145995			4670.0	2.00915e-09
0.04675	0.018422			4675.0	8.78138e-09
0.0468	0.0120511			4680.0	1.47873e-09
0.04685	0.00695441			4685.0	7.18047e-09
0.0469	0.00440605			4690.0	1.56807e-08
0.04695	0.00822859			4695.0	1.05577e-08
0.047	0.0107769			4700.0	5.09487e-09
0.04705	0.00950277			4705.0	2.73913e-09
0.0471	0.00440605			4710.0	5.19589e-09
0.04715	0.0018577			4715.0	4.64223e-09
0.0472	0.000583518			4720.0	1.50139e-09
0.04725	-0.00196484			4725.0	4.62871e-09
0.0473	-0.00578737			4730.0	2.85651e-09
0.04735	-0.00323902			4735.0	4.94233e-09
0.0474	-0.00069066			4740.0	1.59925e-09
0.04745	0.000583518			4745.0	3.1302e-09
0.0475	-0.00196484			4750.0	9.77517e-10
0.04755	-0.00706155			4755.0	2.51336e-09
0.0476	-0.00960991			4760.0	2.4378e-09
0.04765	-0.0121583			4765.0	1.52995e-09
0.0477	-0.0121583			4770.0	3.64922e-10
0.04775	-0.00833573			4775.0	5.07057e-10
0.0478	-0.00706155			4780.0	1.27072e-10
0.04785	-0.0045132			4785.0	8.28067e-10
0.0479	-0.00323902			4790.0	7.77184e-10
0.04795	-0.00578737			4795.0	2.47263e-10
0.048	-0.0045132			4800.0	3.75379e-10
0.04805	-0.00323902			4805.0	2.22207e-09
0.0481	-0.00196484			4810.0	7.03583e-10
0.04815	0.000583518			4815.0	4.7053e-10
0.0482	0.00313188			4820.0	4.53878e-11
0.04825	0.00440605			4825.0	3.01682e-10
0.0483	0.00695441			4830.0	2.26758e-10
0.04835	0.00822859			4835.0	8.11892e-10
0.0484	0.00568023			4840.0	1.95183e-09
0.04845	0.00822859			4845.0	4.94634e-09
0.0485	0.00568023			4850.0	1.16688e-09
0.04855	0.00695441			4855.0	6.64958e-10
0.0486	0.00568023			4860.0	1.47953e-10
0.04865	0.00695441			4865.0	1.34527e-09
0.0487	0.00822859			4870.0	2.57302e-09
0.04875	0.00822859			4875.0	2.95194e-09
0.0488	0.00440605			4880.0	1.15041e-10
0.04885	0.00313188			4885.0	1.8008e-09
0.0489	0.00313188			4890.0	2.22717e-09
0.04895	-0.00196484			4895.0	1.56492e-09
0.049	-0.00196484			4900.0	3.23475e-09
0.04905	-0.00196484			4905.0	2.74288e-11
0.0491	-0.00196484			4910.0	1.68398e-09
0.04915	-0.00323902			4915.0	4.96098e-09
0.0492	-0.00196484			4920.0	9.78448e-09
0.04925	-0.00706155			4925.0	8.49544e-09
0.0493	-0.00833573			4930.0	9.12356e-09
0.04935	-0.0108841			4935.0	5.29872e-09
0.0494	-0.0121583			4940.0	1.32964e-09
0.04945	-0.00833573			4945.0	1.18569e-09
0.0495	-0.00960991			4950.0	3.4976e-10
0.04955	-0.00833573			4955.0	2.571e-10
0.0496	-0.0121583			4960.0	2.74202e-10
0.04965	-0.0134324			4965.0	2.17966e-10
0.0497	-0.0159808			4970.0	2.09534e-10
0.04975	-0.0147066			4975.0	1.33156e-09
0.0498	-0.0108841			4980.0	2.23777e-09
0.04985	-0.0121583			4985.0	2.83354e-10
0.0499	-0.0108841			4990.0	7.82175e-10
0.04995	-0.00706155			4995.0	1.79125e-10
0.05	-0.0108841			5000.0	4.42416e-11
0.05005	-0.0108841			5005.0	1.38229e-09
0.0501	-0.0121583			5010.0	2.5433e-09
0.05015	-0.0134324			5015.0	1.00179e-09
0.0502	-0.0121583			5020.0	2.25906e-09
0.05025	-0.0108841			5025.0	6.1138e-09
0.0503	-0.00960991			5030.0	1.61957e-09
0.05035	-0.00960991			5035.0	1.44964e-09
0.0504	-0.00960991			5040.0	3.3525e-09
0.05045	-0.00833573			5045.0	3.17425e-09
0.0505	-0.00960991			5050.0	2.77553e-09
0.05055	-0.0147066			5055.0	2.3367e-09
0.0506	-0.0134324			5060.0	2.08775e-09
0.05065	-0.0108841			5065.0	3.92395e-09
0.0507	-0.0134324			5070.0	5.25932e-09
0.05075	-0.0121583			5075.0	3.89079e-09
0.0508	-0.0159808			5080.0	3.6315e-09
0.05085	-0.0185292			5085.0	1.66277e-10
0.0509	-0.0198033			5090.0	1.25906e-09
0.05095	-0.0210775			5095.0	3.43603e-10
0.051	-0.0223517			5100.0	5.49647e-10
0.05105	-0.017255			5105.0	3.8049e-09
0.0511	-0.0185292			5110.0	2.11952e-09
0.05115	-0.0249			5115.0	7.35062e-10
0.0512	-0.0198033			5120.0	1.44432e-09
0.05125	-0.0185292			5125.0	7.26151e-10
0.0513	-0.0185292			5130.0	2.2416e-09
0.05135	-0.0185292			5135.0	1.01128e-10
0.0514	-0.0198033			5140.0	4.20287e-09
0.05145	-0.0198033			5145.0	5.24815e-09
0.0515	-0.0185292			5150.0	6.56666e-09
0.05155	-0.0147066			5155.0	2.37283e-09
0.0516	-0.0147066			5160.0	2.246e-09
0.05165	-0.0121583			5165.0	1.7702e-10
0.0517	-0.00833573			5170.0	1.72814e-09
0.05175	-0.00960991			5175.0	1.48828e-09
0.0518	-0.00833573			5180.0	2.9869e-10
0.05185	-0.0108841			5185.0	8.71751e-10
0.0519	-0.0121583			5190.0	3.0115e-09
0.05195	-0.00833573			5195.0	3.36006e-09
0.052	-0.0121583			5200.0	3.62935e-10
0.05205	-0.00833573			5205.0	9.37459e-10
0.0521	-0.00833573			5210.0	1.77505e-09
0.05215	-0.0134324			5215.0	1.65515e-09
0.0522	-0.0134324			5220.0	8.48931e-10
0.05225	-0.0134324			5225.0	3.01071e-09
0.0523	-0.0147066			5230.0	1.6523e-10
0.05235	-0.0121583			5235.0	4.32227e-10
0.0524	-0.0134324			5240.0	1.88035e-10
0.05245	-0.0121583			5245.0	1.71445e-09
0.0525	-0.0121583			5250.0	6.50293e-10
0.05255	-0.0134324			5255.0	6.6517e-10
0.0526	-0.0121583			5260.0	7.43488e-10
0.05265	-0.0147066			5265.0	6.03226e-10
0.0527	-0.0121583			5270.0	8.28089e-10
0.05275	-0.00960991			5275.0	5.37455e-10
0.0528	-0.0108841			5280.0	7.11735e-10
0.05285	-0.00960991			5285.0	4.16753e-10
0.0529	-0.00323902			5290.0	1.36932e-09
0.05295	-0.0045132			5295.0	3.65608e-09
0.053	-0.00196484			5300.0	1.25721e-09
0.05305	0.000583518			5305.0	1.72785e-10
0.0531	0.0018577			5310.0	4.42956e-10
0.05315	0.000583518			5315.0	7.16352e-10
0.0532	0.00950277			5320.0	5.54328e-10
0.05325	0.00822859			5325.0	1.6901e-10
0.0533	0.0120511			5330.0	8.66727e-10
0.05335	0.0145995			5335.0	1.19023e-09
0.0534	0.0171478			5340.0	7.62831e-10
0.05345	0.0158737			5345.0	4.33154e-10
0.0535	0.0171478			5350.0	7.86338e-10
0.05355	0.0158737			5355.0	1.84434e-10
0.0536	0.018422			5360.0	1.00512e-09
0.05365	0.0209704			5365.0	4.37759e-10
0.0537	0.0209704			5370.0	4.15476e-10
0.05375	0.0222446			5375.0	1.15146e-09
0.0538	0.0273413			5380.0	1.12477e-09
0.05385	0.0222446			5385.0	3.57178e-11
0.0539	0.0235187			5390.0	4.25e-11
0.05395	0.018422			5395.0	2.58045e-10
0.054	0.018422			5400.0	5.67929e-10
0.05405	0.018422			5405.0	1.31395e-10
0.0541	0.0171478			5410.0	2.57545e-09
0.05415	0.0145995			5415.0	4.14234e-09
0.0542	0.0158737			5420.0	1.57896e-09
0.05425	0.0133253			5425.0	1.6309e-09
0.0543	0.00822859			5430.0	1.16741e-09
0.05435	0.00822859			5435.0	6.16839e-10
0.0544	0.00440605			5440.0	9.68198e-10
0.05445	0.00313188			5445.0	4.24874e-10
0.0545	0.00568023			5450.0	9.10788e-10
0.05455	0.00568023			5455.0	1.14685e-09
0.0546	0.0107769			5460.0	4.73095e-10
0.05465	0.0107769			5465.0	8.02787e-10
0.0547	0.00950277			5470.0	3.33126e-09
0.05475	0.0120511			5475.0	3.15833e-09
0.0548	0.00695441			5480.0	1.81535e-09
0.05485	0.00695441			5485.0	3.86947e-10
0.0549	0.0107769			5490.0	1.4472e-10
0.05495	0.0107769			5495.0	1.3059e-09
0.055	0.0158737			5500.0	2.87414e-09
0.05505	0.0158737			5505.0	3.77002e-10
0.0551	0.0133253			5510.0	1.51538e-09
0.05515	0.0171478			5515.0	2.89058e-09
0.0552	0.0145995			5520.0	7.13531e-10
0.05525	0.0133253			5525.0	1.08064e-11
0.0553	0.0196962			5530.0	3.21853e-10
0.05535	0.0171478			5535.0	4.86511e-10
0.0554	0.0171478			5540.0	2.13502e-11
0.05545	0.0209704			5545.0	9.89501e-10
0.0555	0.0235187			5550.0	1.06455e-09
0.05555	0.0196962			5555.0	1.44527e-10
0.0556	0.0145995			5560.0	6.32399e-10
0.05565	0.0107769			5565.0	3.13513e-09
0.0557	0.0120511			5570.0	2.53742e-09
0.05575	0.0133253			5575.0	9.73385e-10
0.0558	0.0107769			5580.0	1.88963e-09
0.05585	0.00950277			5585.0	2.72304e-10
0.0559	0.0120511			5590.0	8.11363e-10
0.05595	0.00695441			5595.0	1.27548e-11
0.056	0.00440605			5600.0	2.14934e-09
0.05605	-0.00069066			5605.0	6.02696e-09
0.0561	-0.00323902			5610.0	2.02656e-10
0.05615	-0.00196484			5615.0	5.62864e-10
0.0562	-0.00578737			5620.0	8.26927e-10
0.05625	-0.00706155			5625.0	2.0045e-10
0.0563	-0.00706155			5630.0	2.91587e-09
0.05635	-0.00706155			5635.0	2.48419e-09
0.0564	-0.0121583			5640.0	2.99331e-10
0.05645	-0.017255			5645.0	1.28712e-09
0.0565	-0.0185292			5650.0	3.9736e-10
0.05655	-0.017255			5655.0	1.04326e-09
0.0566	-0.0185292			5660.0	1.75937e-09
0.05665	-0.017255			5665.0	1.21084e-09
0.0567	-0.017255			5670.0	4.34366e-10
0.05675	-0.0147066			5675.0	2.2973e-10
0.0568	-0.017255			5680.0	8.86049e-10
0.05685	-0.017255			5685.0	9.56122e-10
0.0569	-0.017255			5690.0	1.46864e-09
0.05695	-0.0185292			5695.0	1.30913e-09
0.057	-0.017255			5700.0	2.88868e-11
0.05705	-0.0121583			5705.0	4.6152e-10
0.0571	-0.0134324			5710.0	9.32755e-10
0.05715	-0.00833573			5715.0	4.1834e-09
0.0572	-0.00706155			5720.0	2.03212e-09
0.05725	-0.00706155			5725.0	3.58072e-10
0.0573	-0.00706155			5730.0	3.83757e-09
0.05735	-0.00960991			5735.0	2.16443e-09
0.0574	-0.00578737			5740.0	3.81221e-10
0.05745	-0.00706155			5745.0	6.09112e-10
0.0575	-0.00196484			5750.0	3.59187e-10
0.05755	-0.00196484			5755.0	1.35647e-09
0.0576	0.000583518			5760.0	4.92058e-10
0.05765	-0.0045132			5765.0	2.79178e-10
0.0577	-0.00323902			5770.0	1.94574e-11
0.05775	-0.00578737			5775.0	5.96373e-10
0.0578	-0.00833573			5780.0	8.09451e-11
0.05785	-0.0045132			5785.0	1.79352e-11
0.0579	-0.00578737			5790.0	1.12983e-09
0.05795	-0.0045132			5795.0	3.54905e-09
0.058	-0.00578737			5800.0	3.19939e-09
0.05805	-0.0108841			5805.0	1.64703e-09
0.0581	-0.00833573			5810.0	4.13687e-13
0.05815	-0.0121583			5815.0	1.50967e-09
0.0582	-0.0134324			5820.0	4.58035e-10
0.05825	-0.0147066			5825.0	3.1377e-10
0.0583	-0.0147066			5830.0	2.15615e-09
0.05835	-0.0121583			5835.0	3.0803e-09
0.0584	-0.0121583			5840.0	9.39636e-10
0.05845	-0.00960991			5845.0	1.62089e-09
0.0585	-0.00833573			5850.0	1.03849e-09
0.05855	-0.0121583			5855.0	1.87589e-09
0.0586	-0.00960991			5860.0	3.2109e-09
0.05865	-0.0121583			5865.0	1.89134e-09
0.0587	-0.0108841			5870.0	1.4723e-10
0.05875	-0.00706155			5875.0	6.72334e-11
0.0588	-0.00578737			5880.0	1.17366e-10
0.05885	0.000583518			5885.0	1.4382e-10
0.0589	-0.00196484			5890.0	1.71793e-09
0.05895	0.000583518			5895.0	4.16878e-09
0.059	0.00313188			5900.0	1.29014e-09
0.05905	0.00313188			5905.0	1.42091e-09
0.0591	0.00440605			5910.0	9.8848e-09
0.05915	0.00695441			5915.0	1.23941e-08
0.0592	0.0107769			5920.0	1.87613e-09
0.05925	0.0107769			5925.0	5.47187e-09
0.0593	0.0145995			5930.0	3.21101e-09
0.05935	0.0171478			5935.0	1.46044e-09
0.0594	0.0158737			5940.0	2.27824e-09
0.05945	0.0171478			5945.0	1.76024e-11
0.0595	0.0158737			5950.0	1.35007e-09
0.05955	0.0133253			5955.0	1.42622e-10
0.0596	0.0133253			5960.0	6.28794e-10
0.05965	0.0133253			5965.0	3.81222e-09
0.0597	0.0133253			5970.0	5.71449e-09
0.05975	0.0133253			5975.0	2.18521e-09
0.0598	0.00950277			5980.0	3.91066e-10
0.05985	0.00822859			5985.0	7.58666e-10
0.0599	0.00440605			5990.0	1.70907e-10
0.05995	0.00568023			5995.0	8.68414e-10
0.06	0.00440605			6000.0	1.38885e-09
0.06005	0.000583518			6005.0	3.72913e-10
0.0601	-0.00069066			6010.0	1.49827e-09
0.06015	0.00313188			6015.0	9.06089e-10
0.0602	-0.00069066			6020.0	1.54574e-09
0.06025	-0.00196484			6025.0	3.53471e-09
0.0603	-0.00706155			6030.0	2.92923e-09
0.06035	-0.00578737			6035.0	6.63432e-10
0.0604	-0.00578737			6040.0	1.29068e-09
0.06045	-0.00706155			6045.0	3.23345e-09
0.0605	-0.00706155			6050.0	1.12789e-09
0.06055	-0.00706155			6055.0	3.47147e-10
0.0606	-0.00069066			6060.0	6.90211e-10
0.06065	-0.00196484			6065.0	5.40247e-10
0.0607	-0.00578737			6070.0	5.51371e-11
0.06075	-0.00323902			6075.0	2.08444e-10
0.0608	-0.00706155			6080.0	1.19015e-09
0.06085	-0.00706155			6085.0	1.77058e-09
0.0609	-0.00196484			6090.0	8.3626e-10
0.06095	-0.0045132			6095.0	3.06861e-09
0.061	-0.00196484			6100.0	3.44992e-09
0.06105	0.00313188			6105.0	4.23669e-09
0.0611	0.0018577			6110.0	3.99249e-10
0.06115	0.000583518			6115.0	1.18875e-09
0.0612	-0.00069066			6120.0	1.90882e-09
0.06125	0.00568023			6125.0	8.58636e-10
0.0613	0.00313188			6130.0	6.55756e-10
0.06135	0.0018577			6135.0	3.23759e-10
0.0614	0.0018577			6140.0	6.54066e-10
0.06145	0.00313188			6145.0	7.40989e-10
0.0615	0.000583518			6150.0	8.68583e-10
0.06155	0.00313188			6155.0	1.48244e-09
0.0616	-0.00069066			6160.0	2.92305e-09
0.06165	-0.00323902			6165.0	2.92717e-09
0.0617	-0.0045132			6170.0	3.24277e-09
0.06175	-0.00323902			6175.0	3.16384e-09
0.0618	-0.00196484			6180.0	5.60958e-10
0.06185	-0.00196484			6185.0	4.38526e-09
0.0619	0.000583518			6190.0	2.97742e-09
0.06195	-0.00196484			6195.0	8.94067e-10
0.062	-0.00578737			6200.0	8.55275e-10
0.06205	-0.00706155			6205.0	2.64124e-10
0.0621	-0.0121583			6210.0	2.68585e-10
0.06215	-0.0108841			6215.0	6.98026e-10
0.0622	-0.0108841			6220.0	4.61484e-09
0.06225	-0.00960991			6225.0	3.17631e-09
0.0623	-0.0147066			6230.0	1.04341e-09
0.06235	-0.0121583			6235.0	2.77587e-09
0.0624	-0.0134324			6240.0	2.32422e-09
0.06245	-0.0185292			6245.0	1.27274e-09
0.0625	-0.0159808			6250.0	2.93505e-10
0.06255	-0.0198033			6255.0	8.12931e-10
0.0626	-0.017255			6260.0	2.75079e-09
0.06265	-0.0159808			6265.0	2.45024e-09
0.0627	-0.0159808			6270.0	1.62654e-09
0.06275	-0.0121583			6275.0	1.27479e-09
0.0628	-0.0147066			6280.0	8.19704e-10
0.06285	-0.017255			6285.0	4.35356e-11
0.0629	-0.0159808			6290.0	1.3592e-09
0.06295	-0.0198033			6295.0	1.33242e-09
0.063	-0.0185292			6300.0	1.16006e-10
0.06305	-0.0185292			6305.0	1.95711e-09
0.0631	-0.017255			6310.0	9.34155e-09
0.06315	-0.0185292			6315.0	6.05141e-09
0.0632	-0.0159808			6320.0	7.79131e-10
0.06325	-0.0134324			6325.0	1.9017e-09
0.0633	-0.017255			6330.0	6.13076e-10
0.06335	-0.0134324			6335.0	1.10798e-10
0.0634	-0.017255			6340.0	3.50241e-09
0.06345	-0.017255			6345.0	3.05078e-09
0.0635	-0.017255			6350.0	4.44794e-10
0.06355	-0.0121583			6355.0	1.39588e-09
0.0636	-0.0147066			6360.0	6.569e-10
0.06365	-0.0121583			6365.0	4.20276e-11
0.0637	-0.00960991			6370.0	3.59569e-10
0.06375	-0.0121583			6375.0	4.49607e-09
0.0638	-0.00960991			6380.0	4.55238e-09
0.06385	-0.0159808			6385.0	1.37448e-09
0.0639	-0.0121583			6390.0	5.76263e-10
0.06395	-0.0134324			6395.0	5.33585e-10
0.064	-0.0159808			6400.0	1.45245e-09
0.06405	-0.0121583			6405.0	3.5653e-09
0.0641	-0.0108841			6410.0	1.20383e-08
0.06415	-0.0147066			6415.0	1.50415e-08
0.0642	-0.0159808			6420.0	8.28077e-09
0.06425	-0.017255			6425.0	3.76126e-09
0.0643	-0.0147066			6430.0	1.37991e-09
0.06435	-0.017255			6435.0	1.27865e-09
0.0644	-0.017255			6440.0	4.10894e-10
0.06445	-0.0134324			6445.0	7.87941e-10
0.0645	-0.00960991			6450.0	6.6456e-10
0.06455	-0.00706155			6455.0	1.63472e-09
0.0646	-0.00833573			6460.0	1.31357e-09
0.06465	-0.0134324			6465.0	2.3407e-10
0.0647	-0.0108841			6470.0	2.15403e-09
0.06475	-0.0108841			6475.0	2.58931e-09
0.0648	-0.0134324			6480.0	2.38906e-09
0.06485	-0.00833573			6485.0	2.4305e-09
0.0649	-0.00706155			6490.0	1.43068e-09
0.06495	-0.0045132			6495.0	1.01993e-09
0.065	-0.00196484			6500.0	1.18465e-09
0.06505	-0.00323902			6505.0	3.73586e-09
0.0651	-0.00578737			6510.0	2.58154e-09
0.06515	-0.0045132			6515.0	6.83512e-09
0.0652	-0.00706155			6520.0	4.85076e-09
0.06525	-0.00578737			6525.0	3.22458e-09
0.0653	-0.00578737			6530.0	9.63664e-10
0.06535	-0.0045132			6535.0	4.59216e-10
0.0654	-0.0045132			6540.0	1.51851e-09
0.06545	-0.0045132			6545.0	1.41659e-09
0.0655	-0.00578737			6550.0	4.12268e-09
0.06555	-0.00578737			6555.0	1.02068e-08
0.0656	-0.00706155			6560.0	1.13856e-09
0.06565	-0.00960991			6565.0	6.42363e-09
0.0657	-0.00833573			6570.0	1.38701e-09
0.06575	-0.00578737			6575.0	4.86895e-10
0.0658	-0.00323902			6580.0	2.46607e-09
0.06585	-0.00323902			6585.0	4.96412e-09
0.0659	-0.0045132			6590.0	1.54722e-09
0.06595	-0.00578737			6595.0	3.97863e-10
0.066	-0.00578737			6600.0	5.68918e-10
0.06605	-0.00960991			6605.0	4.38686e-11
0.0661	-0.00833573			6610.0	2.3176e-10
0.06615	-0.00706155			6615.0	1.99188e-11
0.0662	-0.00323902			6620.0	2.89433e-09
0.06625	0.000583518			6625.0	5.08961e-09
0.0663	0.0018577			6630.0	3.39408e-09
0.06635	0.000583518			6635.0	6.38522e-09
0.0664	0.000583518			6640.0	9.24133e-09
0.06645	0.00440605			6645.0	9.52393e-09
0.0665	0.00313188			6650.0	7.8706e-09
0.06655	0.00313188			6655.0	4.96896e-09
0.0666	0.00822859			6660.0	4.79994e-10
0.06665	0.00950277			6665.0	8.35938e-10
0.0667	0.0133253			6670.0	1.40396e-09
0.06675	0.0133253			6675.0	1.57566e-10
0.0668	0.0133253			6680.0	2.44228e-09
0.06685	0.0107769			6685.0	4.14882e-09
0.0669	0.0120511			6690.0	1.12244e-09
0.06695	0.0120511			6695.0	8.67887e-10
0.067	0.0145995			6700.0	2.68217e-09
0.06705	0.0171478			6705.0	1.08237e-09
0.0671	0.018422			6710.0	5.13767e-10
0.06715	0.018422			6715.0	9.2696e-10
0.0672	0.018422			6720.0	5.16632e-10
0.06725	0.0171478			6725.0	5.36174e-10
0.0673	0.0158737			6730.0	1.2178e-09
0.06735	0.0171478			6735.0	2.04041e-09
0.0674	0.0145995			6740.0	3.73544e-09
0.06745	0.0133253			6745.0	7.25937e-09
0.0675	0.0120511			6750.0	3.77608e-09
0.06755	0.0145995			6755.0	3.92953e-10
0.0676	0.0107769			6760.0	6.52424e-10
0.06765	0.0145995			6765.0	2.97441e-09
0.0677	0.0145995			6770.0	6.86014e-09
0.06775	0.0145995			6775.0	9.8508e-09
0.0678	0.0133253			6780.0	7.13992e-09
0.06785	0.0120511			6785.0	2.28125e-09
0.0679	0.0120511			6790.0	3.82311e-10
0.06795	0.00822859			6795.0	1.34975e-09
0.068	0.0120511			6800.0	1.56018e-09
0.06805	0.0107769			6805.0	3.56729e-10
0.0681	0.0145995			6810.0	1.4804e-09
0.06815	0.0133253			6815.0	1.16872e-09
0.0682	0.0145995			6820.0	9.49876e-10
0.06825	0.0133253			6825.0	7.80662e-10
0.0683	0.0120511			6830.0	1.20992e-09
0.06835	0.0107769			6835.0	1.89399e-09
0.0684	0.0107769			6840.0	2.20115e-09
0.06845	0.0107769			6845.0	1.55886e-09
0.0685	0.0120511			6850.0	2.96679e-09
0.06855	0.0133253			6855.0	3.27963e-09
0.0686	0.0133253			6860.0	3.90677e-10
0.06865	0.0120511			6865.0	3.15936e-11
0.0687	0.00950277			6870.0	9.50357e-10
0.06875	0.0120511			6875.0	2.21577e-09
0.0688	0.00950277			6880.0	1.85693e-09
0.06885	0.00695441			6885.0	2.02427e-10
0.0689	0.00822859			6890.0	1.09007e-09
0.06895	0.00568023			6895.0	1.97385e-10
0.069	0.00822859			6900.0	1.82587e-09
0.06905	0.00822859			6905.0	3.12032e-09
0.0691	0.00440605			6910.0	4.40558e-09
0.06915	0.00313188			6915.0	1.24314e-09
0.0692	-0.00069066			6920.0	6.64116e-09
0.06925	-0.00323902			6925.0	6.3896e-09
0.0693	-0.00196484			6930.0	9.02913e-09
0.06935	-0.00578737			6935.0	1.01416e-08
0.0694	-0.00578737			6940.0	4.73677e-09
0.06945	-0.00196484			6945.0	1.65745e-09
0.0695	-0.00196484			6950.0	2.36937e-09
0.06955	-0.00578737			6955.0	2.27942e-09
0.0696	-0.0108841			6960.0	5.18748e-09
0.06965	-0.0121583			6965.0	6.94932e-09
0.0697	-0.017255			6970.0	1.29721e-09
0.06975	-0.0159808			6975.0	3.22783e-10
0.0698	-0.0134324			6980.0	2.30635e-10
0.06985	-0.0121583			6985.0	1.12578e-09
0.0699	-0.0121583			6990.0	5.03707e-11
0.06995	-0.0159808			6995.0	1.9893e-09
0.07	-0.017255			7000.0	5.55969e-09
0.07005	-0.017255			7005.0	2.45292e-09
0.0701	-0.0147066			7010.0	5.95442e-10
0.07015	-0.0147066			7015.0	5.43628e-09
0.0702	-0.0134324			7020.0	2.77351e-09
0.07025	-0.0108841			7025.0	7.82844e-10
0.0703	-0.00833573			7030.0	1.83648e-10
0.07035	-0.00833573			7035.0	1.33118e-09
0.0704	-0.00578737			7040.0	8.69887e-09
0.07045	-0.00578737			7045.0	9.85508e-09
0.0705	-0.0045132			7050.0	1.51328e-09
0.07055	-0.00323902			7055.0	4.10922e-10
0.0706	-0.00323902			7060.0	3.17673e-10
0.07065	-0.00196484			7065.0	3.73247e-11
0.0707	0.000583518			7070.0	1.10224e-09
0.07075	-0.00069066			7075.0	7.97728e-09
0.0708	0.00313188			7080.0	1.14724e-08
0.07085	0.00313188			7085.0	3.76309e-09
0.0709	0.00568023			7090.0	9.08452e-09
0.07095	0.0018577			7095.0	1.02781e-08
0.071	0.00440605			7100.0	3.81196e-09
0.07105	0.00313188			7105.0	1.65486e-09
0.0711	0.00313188			7110.0	2.17644e-09
0.07115	0.00568023			7115.0	1.01753e-09
0.0712	0.00313188			7120.0	1.23096e-10
0.07125	0.00313188			7125.0	6.77154e-10
0.0713	0.0018577			7130.0	6.23085e-10
0.07135	0.0018577			7135.0	4.78354e-09
0.0714	-0.00196484			7140.0	4.03359e-09
0.07145	-0.00196484			7145.0	6.33794e-10
0.0715	-0.0045132			7150.0	1.89527e-09
0.07155	-0.00578737			7155.0	4.03823e-10
0.0716	-0.00196484			7160.0	3.19992e-10
0.07165	-0.00196484			7165.0	1.02553e-09
0.0717	-0.00196484			7170.0	1.47356e-09
0.07175	-0.00323902			7175.0	1.74179e-10
0.0718	-0.00323902			7180.0	1.28147e-10
0.07185	-0.00706155			7185.0	2.4967e-09
0.0719	-0.0045132			7190.0	5.90991e-09
0.07195	-0.00069066			7195.0	3.87007e-09
0.072	0.000583518			7200.0	3.08324e-09
0.07205	0.000583518			7205.0	1.69519e-09
0.0721	0.0018577			7210.0	2.06353e-09
0.07215	0.00568023			7215.0	1.27877e-09
0.0722	0.00822859			7220.0	9.09389e-10
0.07225	0.00695441			7225.0	1.30408e-09
0.0723	0.0107769			7230.0	4.33078e-09
0.07235	0.0133253			7235.0	4.42616e-09
0.0724	0.0120511			7240.0	1.5416e-09
0.07245	0.0133253			7245.0	3.27356e-10
0.0725	0.0145995			7250.0	1.468e-09
0.07255	0.0209704			7255.0	9.57302e-10
0.0726	0.0235187			7260.0	2.20409e-09
0.07265	0.0273413			7265.0	7.38303e-10
0.0727	0.0235187			7270.0	7.32032e-10
0.07275	0.0247929			7275.0	4.74254e-10
0.0728	0.0247929			7280.0	5.39401e-10
0.07285	0.0235187			7285.0	4.98677e-10
0.0729	0.0222446			7290.0	1.44524e-09
0.07295	0.0235187			7295.0	2.08749e-09
0.073	0.0273413			7300.0	6.35024e-10
0.07305	0.0286154			7305.0	2.97305e-10
0.0731	0.0273413			7310.0	2.40947e-10
0.07315	0.0209704			7315.0	1.60701e-10
0.0732	0.0209704			7320.0	2.96537e-10
0.07325	0.0209704			7325.0	7.49671e-10
0.0733	0.0158737			7330.0	4.91967e-10
0.07335	0.0133253			7335.0	2.11894e-09
0.0734	0.0171478			7340.0	1.89189e-09
0.07345	0.0171478			7345.0	7.42683e-10
0.0735	0.018422			7350.0	5.82002e-10
0.07355	0.0171478			7355.0	1.39962e-09
0.0736	0.0145995			7360.0	1.46954e-09
0.07365	0.0120511			7365.0	3.01587e-10
0.0737	0.0120511			7370.0	9.958e-11
0.07375	0.0120511			7375.0	3.83792e-12
0.0738	0.0120511			7380.0	1.0347e-10
0.07385	0.0133253			7385.0	1.35803e-09
0.0739	0.0145995			7390.0	1.01465e-10
0.07395	0.0171478			7395.0	3.66769e-09
0.074	0.0133253			7400.0	3.84055e-09
0.07405	0.0120511			7405.0	4.63491e-09
0.0741	0.0120511			7410.0	1.95011e-09
0.07415	0.00822859			7415.0	3.22083e-09
0.0742	0.0133253			7420.0	2.97816e-09
0.07425	0.0120511			7425.0	2.59762e-09
0.0743	0.0133253			7430.0	1.37333e-09
0.07435	0.0145995			7435.0	6.30504e-10
0.0744	0.018422			7440.0	1.19165e-09
0.07445	0.0158737			7445.0	1.54942e-09
0.0745	0.0133253			7450.0	8.35851e-11
0.07455	0.0133253			7455.0	9.50409e-10
0.0746	0.0120511			7460.0	1.38779e-10
0.07465	0.00950277			7465.0	3.02968e-10
0.0747	0.00822859			7470.0	2.89555e-11
0.07475	0.00950277			7475.0	2.90537e-10
0.0748	0.00568023			7480.0	2.25951e-09
0.07485	0.00822859			7485.0	2.81986e-09
0.0749	0.00440605			7490.0	2.95559e-10
0.07495	0.0018577			7495.0	6.33149e-10
0.075	-0.00196484			7500.0	1.19851e-10
0.07505	0.000583518			7505.0	2.71579e-09
0.0751	-0.00578737			7510.0	5.00991e-10
0.07515	-0.00578737			7515.0	2.77243e-09
0.0752	-0.0045132			7520.0	3.05805e-09
0.07525	-0.00706155			7525.0	5.36004e-09
0.0753	-0.00706155			7530.0	5.98371e-09
0.07535	-0.00706155			7535.0	5.12077e-10
0.0754	-0.00960991			7540.0	8.81279e-10
0.07545	-0.0121583			7545.0	1.41787e-09
0.0755	-0.017255			7550.0	6.54819e-11
0.07555	-0.0159808			7555.0	9.43025e-13
0.0756	-0.017255			7560.0	4.90829e-11
0.07565	-0.0121583			7565.0	2.34054e-10
0.0757	-0.0159808			7570.0	1.72163e-09
0.07575	-0.0134324			7575.0	3.80665e-10
0.0758	-0.0134324			7580.0	4.7435e-09
0.07585	-0.0159808			7585.0	2.53406e-09
0.0759	-0.0134324			7590.0	1.43441e-09
0.07595	-0.0108841			7595.0	2.55374e-09
0.076	-0.0147066			7600.0	2.97801e-09
0.07605	-0.00833573			7605.0	3.20033e-09
0.0761	-0.00833573			7610.0	7.97067e-10
0.07615	-0.00323902			7615.0	4.07405e-10
0.0762	-0.0045132			7620.0	1.30345e-10
0.07625	-0.00578737			7625.0	8.29699e-12
0.0763	-0.00578737			7630.0	2.01919e-09
0.07635	-0.00706155			7635.0	7.54289e-09
0.0764	-0.00833573			7640.0	3.62499e-09
0.07645	-0.00833573			7645.0	7.66545e-10
0.0765	-0.00706155			7650.0	2.71902e-10
0.07655	-0.00706155			7655.0	4.3303e-10
0.0766	-0.00196484			7660.0	1.24884e-09
0.07665	-0.00323902			7665.0	2.47114e-09
0.0767	-0.00196484			7670.0	1.46247e-10
0.07675	-0.00578737			7675.0	1.4782e-09
0.0768	-0.0045132			7680.0	7.61239e-10
0.07685	-0.0108841			7685.0	1.24966e-09
0.0769	-0.00960991			7690.0	1.65621e-09
0.07695	-0.00833573			7695.0	2.95481e-09
0.077	-0.00578737			7700.0	4.21602e-09
0.07705	-0.00706155			7705.0	2.16209e-09
0.0771	-0.0045132			7710.0	3.77667e-10
0.07715	-0.00196484			7715.0	6.45008e-12
0.0772	-0.00578737			7720.0	1.39356e-09
0.07725	-0.00833573			7725.0	2.9832e-10
0.0773	-0.00960991			7730.0	7.89635e-10
0.07735	-0.00960991			7735.0	1.49901e-09
0.0774	-0.00960991			7740.0	7.92865e-10
0.07745	-0.00706155			7745.0	3.77788e-10
0.0775	-0.0045132			7750.0	4.30119e-10
0.07755	-0.00323902			7755.0	3.55029e-10
0.0776	0.000583518			7760.0	8.24741e-10
0.07765	0.0018577			7765.0	4.47921e-09
0.0777	-0.00323902			7770.0	2.79884e-09
0.07775	-0.00196484			7775.0	5.30889e-10
0.0778	0.0018577			7780.0	2.82885e-09
0.07785	0.00313188			7785.0	4.67527e-09
0.0779	0.00440605			7790.0	1.67354e-09
0.07795	0.00822859			7795.0	1.8384e-10
0.078	0.00695441			7800.0	4.63272e-10
0.07805	0.00822859			7805.0	3.37464e-10
0.0781	0.0133253			7810.0	8.79879e-10
0.07815	0.0171478			7815.0	1.40026e-09
0.0782	0.0133253			7820.0	7.18028e-09
0.07825	0.0133253			7825.0	1.37467e-08
0.0783	0.0145995			7830.0	7.76022e-09
0.07835	0.0158737			7835.0	2.35135e-10
0.0784	0.0145995			7840.0	1.034e-09
0.07845	0.0145995			7845.0	1.98461e-09
0.0785	0.0145995			7850.0	3.78882e-09
0.07855	0.0158737			7855.0	4.39311e-10
0.0786	0.0171478			7860.0	3.77924e-09
0.07865	0.0171478			7865.0	9.69822e-09
0.0787	0.0133253			7870.0	2.85775e-09
0.07875	0.0107769			7875.0	2.84967e-10
0.0788	0.0107769			7880.0	2.22401e-09
0.07885	0.0107769			7885.0	4.00434e-09
0.0789	0.0120511			7890.0	8.38186e-10
0.07895	0.018422			7895.0	7.54276e-11
0.079	0.0171478			7900.0	2.69074e-10
0.07905	0.0145995			7905.0	2.24249e-11
0.0791	0.0120511			7910.0	2.59807e-10
0.07915	0.0158737			7915.0	2.14678e-10
0.0792	0.0120511			7920.0	5.02676e-10
0.07925	0.0120511			7925.0	2.84854e-09
0.0793	0.0171478			7930.0	1.21582e-08
0.07935	0.0158737			7935.0	3.90723e-09
0.0794	0.018422			7940.0	1.12539e-09
0.07945	0.0209704			7945.0	7.47584e-10
0.0795	0.0222446			7950.0	1.23178e-09
0.07955	0.0222446			7955.0	2.02342e-10
0.0796	0.0235187			7960.0	2.13126e-09
0.07965	0.0222446			7965.0	1.57241e-09
0.0797	0.0235187			7970.0	5.27276e-10
0.07975	0.0273413			7975.0	1.7299e-09
0.0798	0.0273413			7980.0	6.19564e-10
0.07985	0.0311638			7985.0	3.55997e-09
0.0799	0.0311638			7990.0	2.15419e-09
0.07995	0.0298896			7995.0	1.24998e-09
0.08	0.0337122			8000.0	4.29851e-09
0.08005	0.0337122			8005.0	4.06515e-09
0.0801	0.0311638			8010.0	3.80438e-09
0.08015	0.0311638			8015.0	6.99143e-09
0.0802	0.032438			8020.0	3.42611e-09
0.08025	0.0286154			8025.0	1.51868e-10
0.0803	0.0337122			8030.0	2.7166e-09
0.08035	0.0311638			8035.0	7.75094e-09
0.0804	0.0298896			8040.0	1.05258e-09
0.08045	0.032438			8045.0	3.45575e-10
0.0805	0.0247929			8050.0	2.38491e-10
0.08055	0.0235187			8055.0	1.72435e-09
0.0806	0.0235187			8060.0	2.51744e-09
0.08065	0.0222446			8065.0	1.52616e-09
0.0807	0.0222446			8070.0	4.60169e-10
0.08075	0.018422			8075.0	1.01055e-10
0.0808	0.0209704			8080.0	6.49835e-10
0.08085	0.0158737			8085.0	4.65913e-11
0.0809	0.0133253			8090.0	1.38507e-09
0.08095	0.0120511			8095.0	8.06476e-10
0.081	0.0107769			8100.0	2.08116e-09
0.08105	0.0133253			8105.0	2.51149e-09
0.0811	0.00950277			8110.0	1.2913e-09
0.08115	0.0120511			8115.0	5.95152e-11
0.0812	0.0133253			8120.0	3.99079e-10
0.08125	0.0120511			8125.0	1.03968e-10
0.0813	0.00950277			8130.0	3.14719e-10
0.08135	0.0107769			8135.0	3.78409e-09
0.0814	0.00822859			8140.0	1.93567e-09
0.08145	0.00950277			8145.0	1.36832e-09
0.0815	0.00440605			8150.0	2.83627e-09
0.08155	0.00822859			8155.0	2.83569e-09
0.0816	0.0120511			8160.0	2.39867e-09
0.08165	0.0120511			8165.0	1.54051e-09
0.0817	0.0133253			8170.0	2.83124e-09
0.08175	0.0133253			8175.0	1.1621e-09
0.0818	0.00822859			8180.0	2.0666e-11
0.08185	0.00822859			8185.0	1.10014e-11
0.0819	0.00568023			8190.0	3.52291e-10
0.08195	0.00695441			8195.0	1.88589e-09
0.082	0.00695441			8200.0	6.22487e-09
0.08205	0.00313188			8205.0	3.52739e-09
0.0821	0.00568023			8210.0	8.79341e-10
0.08215	0.0107769			8215.0	2.0064e-09
0.0822	0.0120511			8220.0	8.73554e-10
0.08225	0.00568023			8225.0	1.93589e-09
0.0823	0.00568023			8230.0	8.62663e-10
0.08235	-0.00069066			8235.0	3.23189e-11
0.0824	0.00313188			8240.0	4.37337e-10
0.08245	0.0018577			8245.0	2.69369e-09
0.0825	-0.00069066			8250.0	1.69191e-09
0.08255	-0.00196484			8255.0	2.20487e-10
0.0826	0.0018577			8260.0	1.80434e-09
0.08265	-0.00323902			8265.0	5.82866e-10
0.0827	-0.0045132			8270.0	8.85017e-10
0.08275	-0.00833573			8275.0	6.3052e-10
0.0828	-0.00960991			8280.0	2.92218e-09
0.08285	-0.0108841			8285.0	3.47219e-09
0.0829	-0.00960991			8290.0	3.67424e-10
0.08295	-0.0108841			8295.0	1.58018e-10
0.083	-0.0121583			8300.0	6.54799e-10
0.08305	-0.0121583			8305.0	1.28502e-09
0.0831	-0.0134324			8310.0	4.40414e-11
0.08315	-0.0134324			8315.0	6.8134e-10
0.0832	-0.0121583			8320.0	9.63197e-10
0.08325	-0.0121583			8325.0	1.95456e-09
0.0833	-0.0134324			8330.0	2.09849e-09
0.08335	-0.0121583			8335.0	2.59429e-09
0.0834	-0.0121583			8340.0	3.42666e-09
0.08345	-0.0121583			8345.0	5.79789e-09
0.0835	-0.00578737			8350.0	3.3884e-09
0.08355	-0.0045132			8355.0	8.69607e-10
0.0836	-0.00578737			8360.0	1.88289e-09
0.08365	-0.0045132			8365.0	1.64999e-09
0.0837	-0.00323902			8370.0	1.18701e-09
0.08375	-0.00196484			8375.0	5.7266e-09
0.0838	-0.00196484			8380.0	4.32751e-09
0.08385	0.00313188			8385.0	5.27269e-10
0.0839	0.00568023			8390.0	6.81985e-11
0.08395	0.00822859			8395.0	1.10416e-09
0.084	0.00695441			8400.0	2.42118e-09
0.08405	0.00695441			8405.0	2.36719e-09
0.0841	0.00695441			8410.0	5.40622e-10
0.08415	0.00695441			8415.0	1.18957e-11
0.0842	0.00695441			8420.0	1.69364e-11
0.08425	0.00313188			8425.0	2.744e-10
0.0843	0.00822859			8430.0	3.29358e-10
0.08435	0.00440605			8435.0	6.39521e-10
0.0844	0.00822859			8440.0	1.16596e-09
0.08445	0.00440605			8445.0	3.62842e-11
0.0845	0.00313188			8450.0	6.01899e-10
0.08455	0.0018577			8455.0	2.48188e-11
0.0846	0.0018577			8460.0	9.30027e-10
0.08465	0.000583518			8465.0	3.45202e-09
0.0847	-0.00196484			8470.0	4.20189e-09
0.08475	0.000583518			8475.0	5.74725e-10
0.0848	0.000583518			8480.0	4.58333e-10
0.08485	0.000583518			8485.0	1.63605e-09
0.0849	0.00440605			8490.0	1.21583e-09
0.08495	0.000583518			8495.0	6.46436e-10
0.085	0.000583518			8500.0	1.49135e-09
0.08505	0.000583518			8505.0	1.10145e-09
0.0851	-0.00323902			8510.0	1.32322e-09
0.08515	-0.00196484			8515.0	4.2173e-09
0.0852	0.000583518			8520.0	2.11235e-09
0.08525	0.00313188			8525.0	3.56094e-09
0.0853	0.00568023			8530.0	4.47412e-09
0.08535	0.00950277			8535.0	6.5813e-10
0.0854	0.00822859			8540.0	5.26116e-10
0.08545	0.00950277			8545.0	1.51986e-09
0.0855	0.0107769			8550.0	3.64402e-10
0.08555	0.0120511			8555.0	7.06429e-10
0.0856	0.0107769			8560.0	6.5777e-10
0.08565	0.0158737			8565.0	2.50941e-09
0.0857	0.0158737			8570.0	7.3078e-09
0.08575	0.018422			8575.0	8.78365e-09
0.0858	0.018422			8580.0	4.04244e-09
0.08585	0.018422			8585.0	1.9398e-09
0.0859	0.018422			8590.0	1.73406e-09
0.08595	0.0133253			8595.0	2.21532e-09
0.086	0.0133253			8600.0	2.03433e-09
0.08605	0.0171478			8605.0	1.02451e-09
0.0861	0.0133253			8610.0	2.90483e-11
0.08615	0.0133253			8615.0	6.49756e-10
0.0862	0.0145995			8620.0	4.172e-09
0.08625	0.0158737			8625.0	2.93863e-09
0.0863	0.0158737			8630.0	2.70701e-10
0.08635	0.00822859			8635.0	1.99406e-10
0.0864	0.00695441			8640.0	8.20469e-10
0.08645	0.00313188			8645.0	2.20662e-10
0.0865	0.00440605			8650.0	2.40917e-10
0.08655	0.00568023			8655.0	9.51048e-10
0.0866	0.00313188			8660.0	4.46892e-09
0.08665	0.00313188			8665.0	3.76224e-09
0.0867	0.00440605			8670.0	1.59315e-09
0.08675	0.00440605			8675.0	4.31422e-10
0.0868	0.000583518			8680.0	4.90159e-10
0.08685	-0.00196484			8685.0	3.3447e-09
0.0869	-0.00323902			8690.0	3.40703e-09
0.08695	-0.00196484			8695.0	1.03343e-09
0.087	-0.00323902			8700.0	1.1432e-09
0.08705	-0.0045132			8705.0	1.69284e-09
0.0871	-0.00196484			8710.0	7.43551e-10
0.08715	-0.0045132			8715.0	3.20298e-10
0.0872	-0.0045132			8720.0	8.90873e-10
0.08725	-0.00833573			8725.0	3.47714e-09
0.0873	-0.00578737			8730.0	2.39393e-09
0.08735	-0.0121583			8735.0	1.20062e-09
0.0874	-0.00960991			8740.0	1.56199e-10
0.08745	-0.0108841			8745.0	2.61233e-10
0.0875	-0.00706155			8750.0	1.39624e-09
0.08755	-0.0045132			8755.0	2.36929e-09
0.0876	-0.00323902			8760.0	1.60372e-10
0.08765	-0.00578737			8765.0	8.47449e-10
0.0877	-0.00960991			8770.0	7.12706e-10
0.08775	-0.00706155			8775.0	2.54494e-09
0.0878	-0.0134324			8780.0	5.9694e-09
0.08785	-0.00960991			8785.0	3.0736e-09
0.0879	-0.00833573			8790.0	3.21309e-10
0.08795	-0.00706155			8795.0	1.31069e-09
0.088	-0.00960991			8800.0	3.86574e-09
0.08805	-0.00706155			8805.0	2.95943e-09
0.0881	-0.00833573			8810.0	1.13946e-09
0.08815	-0.00960991			8815.0	4.4711e-10
0.0882	-0.00960991			8820.0	7.41305e-10
0.08825	-0.0121583			8825.0	2.1441e-10
0.0883	-0.0121583			8830.0	2.25639e-10
0.08835	-0.0159808			8835.0	1.76782e-09
0.0884	-0.0134324			8840.0	1.29545e-09
0.08845	-0.0159808			8845.0	1.96963e-10
0.0885	-0.017255			8850.0	2.55598e-10
0.08855	-0.0147066			8855.0	2.93945e-09
0.0886	-0.0185292			8860.0	6.02956e-09
0.08865	-0.0159808			8865.0	3.26559e-09
0.0887	-0.0198033			8870.0	5.90856e-10
0.08875	-0.0198033			8875.0	1.50802e-10
0.0888	-0.0185292			8880.0	7.17731e-10
0.08885	-0.0198033			8885.0	4.69387e-10
0.0889	-0.0159808			8890.0	2.04949e-10
0.08895	-0.017255			8895.0	2.28874e-09
0.089	-0.0185292			8900.0	7.64889e-09
0.08905	-0.017255			8905.0	9.44842e-09
0.0891	-0.0198033			8910.0	8.80249e-09
0.08915	-0.0198033			8915.0	3.67687e-09
0.0892	-0.0185292			8920.0	7.08228e-09
0.08925	-0.0159808			8925.0	7.79522e-09
0.0893	-0.0147066			8930.0	1.79504e-09
0.08935	-0.0147066			8935.0	3.16588e-10
0.0894	-0.0147066			8940.0	9.41505e-10
0.08945	-0.017255			8945.0	5.82061e-10
0.0895	-0.0134324			8950.0	9.35832e-11
0.08955	-0.0134324			8955.0	1.26e-09
0.0896	-0.017255			8960.0	3.15525e-09
0.08965	-0.0134324			8965.0	1.91906e-09
0.0897	-0.0134324			8970.0	9.46665e-11
0.08975	-0.0121583			8975.0	5.28488e-10
0.0898	-0.00960991			8980.0	4.99167e-10
0.08985	-0.0121583			8985.0	1.67165e-09
0.0899	-0.00833573			8990.0	3.10595e-09
0.08995	-0.00833573			8995.0	2.31378e-09
0.09	-0.0121583			9000.0	1.53334e-09
0.09005	-0.0121583			9005.0	3.93451e-10
0.0901	-0.00833573			9010.0	5.63325e-10
0.09015	-0.00833573			9015.0	7.58897e-10
0.0902	-0.00960991			9020.0	4.36537e-09
0.09025	-0.00706155			9025.0	3.96457e-09
0.0903	-0.00706155			9030.0	1.72709e-09
0.09035	-0.00833573			9035.0	6.0677e-10
0.0904	-0.00706155			9040.0	6.06793e-10
0.09045	-0.0108841			9045.0	6.28049e-10
0.0905	-0.00833573			9050.0	1.6065e-09
0.09055	-0.0045132			9055.0	2.77103e-09
0.0906	-0.0045132			9060.0	1.22437e-09
0.09065	-0.00196484			9065.0	2.49609e-09
0.0907	-0.00323902			9070.0	4.44677e-09
0.09075	-0.00069066			9075.0	3.22703e-09
0.0908	0.0018577			9080.0	1.54399e-09
0.09085	0.0018577			9085.0	1.41713e-09
0.0909	0.000583518			9090.0	6.9215e-10
0.09095	0.00440605			9095.0	8.93081e-10
0.091	0.00822859			9100.0	1.47782e-09
0.09105	0.00822859			9105.0	2.76963e-10
0.0911	0.00950277			9110.0	7.22683e-10
0.09115	0.00950277			9115.0	3.98178e-10
0.0912	0.00822859			9120.0	1.72757e-09
0.09125	0.00822859			9125.0	1.70956e-10
0.0913	0.00568023			9130.0	9.66729e-10
0.09135	0.00440605			9135.0	1.04501e-09
0.0914	0.00568023			9140.0	2.28107e-10
0.09145	0.00822859			9145.0	1.33279e-10
0.0915	0.00695441			9150.0	2.03873e-09
0.09155	0.00822859			9155.0	2.78148e-09
0.0916	0.00695441			9160.0	1.56533e-09
0.09165	0.00440605			9165.0	1.90646e-09
0.0917	0.00440605			9170.0	3.69696e-10
0.09175	0.000583518			9175.0	7.575e-10
0.0918	0.0018577			9180.0	1.79549e-09
0.09185	0.000583518			9185.0	5.82398e-10
0.0919	0.00313188			9190.0	6.23975e-10
0.09195	0.00313188			9195.0	3.27179e-09
0.092	0.00568023			9200.0	2.44553e-09
0.09205	0.00695441			9205.0	2.928e-10
0.0921	0.00695441			9210.0	2.8219e-09
0.09215	0.00695441			9215.0	3.6367e-09
0.0922	0.0018577			9220.0	5.66431e-09
0.09225	0.00695441			9225.0	1.66888e-09
0.0923	0.00568023			9230.0	2.10913e-09
0.09235	0.00695441			9235.0	3.45712e-10
0.0924	0.0107769			9240.0	5.1969e-10
0.09245	0.0120511			9245.0	1.52333e-09
0.0925	0.0171478			9250.0	3.55674e-09
0.09255	0.0158737			9255.0	6.00964e-10
0.0926	0.018422			9260.0	3.26317e-10
0.09265	0.0145995			9265.0	9.40236e-10
0.0927	0.0171478			9270.0	6.20595e-09
0.09275	0.0158737			9275.0	2.90047e-09
0.0928	0.0171478			9280.0	4.63117e-10
0.09285	0.0209704			9285.0	4.10433e-10
0.0929	0.0222446			9290.0	2.73194e-10
0.09295	0.0209704			9295.0	2.89255e-10
0.093	0.018422			9300.0	4.55374e-10
0.09305	0.018422			9305.0	1.809e-10
0.0931	0.0158737			9310.0	1.60203e-09
0.09315	0.0158737			9315.0	1.07565e-09
0.0932	0.0171478			9320.0	2.21609e-11
0.09325	0.0171478			9325.0	2.46055e-09
0.0933	0.0158737			9330.0	1.41497e-09
0.09335	0.0145995			9335.0	2.44279e-09
0.0934	0.0158737			9340.0	2.41115e-10
0.09345	0.0120511			9345.0	1.05675e-09
0.0935	0.0120511			9350.0	2.58703e-09
0.09355	0.0120511			9355.0	6.06086e-09
0.0936	0.00822859			9360.0	1.594e-09
0.09365	0.00313188			9365.0	1.90493e-09
0.0937	0.00313188			9370.0	8.62579e-10
0.09375	0.000583518			9375.0	4.21456e-10
0.0938	0.000583518			9380.0	1.46886e-10
0.09385	0.0018577			9385.0	1.85391e-09
0.0939	0.0018577			9390.0	4.29857e-10
0.09395	0.000583518			9395.0	9.58434e-10
0.094	-0.00196484			9400.0	4.39137e-10
0.09405	-0.00069066			9405.0	1.12703e-09
0.0941	-0.00323902			9410.0	1.13033e-09
0.09415	-0.00196484			9415.0	9.76192e-10
0.0942	0.000583518			9420.0	1.7889e-09
0.09425	-0.00196484			9425.0	1.46091e-09
0.0943	0.000583518			9430.0	2.54663e-10
0.09435	0.00440605			9435.0	8.14313e-10
0.0944	0.00568023			9440.0	1.57331e-09
0.09445	0.0018577			9445.0	8.80193e-10
0.0945	0.00313188			9450.0	5.46932e-09
0.09455	0.000583518			9455.0	1.10811e-09
0.0946	0.000583518			9460.0	1.33529e-10
0.09465	0.00568023			9465.0	4.27644e-10
0.0947	0.00440605			9470.0	2.57261e-10
0.09475	0.000583518			9475.0	1.48975e-09
0.0948	0.00440605			9480.0	3.19866e-09
0.09485	0.00568023			9485.0	3.27032e-10
0.0949	0.000583518			9490.0	1.34926e-09
0.09495	0.00440605			9495.0	2.9059e-09
0.095	0.0018577			9500.0	2.51699e-10
0.09505	-0.00323902			9505.0	3.12021e-09
0.0951	-0.00323902			9510.0	2.88366e-09
0.09515	-0.0045132			9515.0	3.58698e-11
0.0952	-0.00069066			9520.0	2.74091e-09
0.09525	0.000583518			9525.0	6.01655e-09
0.0953	-0.0045132			9530.0	3.02488e-09
0.09535	-0.00960991			9535.0	9.17941e-11
0.0954	-0.00833573			9540.0	2.85732e-10
0.09545	-0.0108841			9545.0	4.23205e-10
0.0955	-0.0134324			9550.0	2.44629e-09
0.09555	-0.0108841			9555.0	4.33841e-09
0.0956	-0.00960991			9560.0	1.43354e-09
0.09565	-0.0134324			9565.0	1.12704e-09
0.0957	-0.00960991			9570.0	1.05615e-09
0.09575	-0.0147066			9575.0	1.01686e-09
0.0958	-0.017255			9580.0	1.4805e-09
0.09585	-0.0159808			9585.0	9.80626e-10
0.0959	-0.0159808			9590.0	3.06712e-10
0.09595	-0.017255			9595.0	4.43188e-10
0.096	-0.0185292			9600.0	4.5841e-10
0.09605	-0.017255			9605.0	6.11808e-10
0.0961	-0.0185292			9610.0	1.65718e-09
0.09615	-0.0134324			9615.0	1.77899e-09
0.0962	-0.0134324			9620.0	2.06418e-09
0.09625	-0.0121583			9625.0	6.34483e-09
0.0963	-0.00960991			9630.0	1.5233e-09
0.09635	-0.0147066			9635.0	6.02358e-10
0.0964	-0.0134324			9640.0	4.91882e-10
0.09645	-0.0134324			9645.0	1.52875e-10
0.0965	-0.00960991			9650.0	4.48532e-10
0.09655	-0.0045132			9655.0	3.56535e-10
0.0966	-0.0045132			9660.0	9.13945e-10
0.09665	-0.00196484			9665.0	7.15773e-10
0.0967	-0.00578737			9670.0	1.30677e-10
0.09675	-0.0045132			9675.0	2.19027e-10
0.0968	-0.00706155			9680.0	4.01878e-09
0.09685	-0.00706155			9685.0	4.92314e-09
0.0969	-0.00323902			9690.0	3.26111e-09
0.09695	0.000583518			9695.0	1.73047e-09
0.097	0.000583518			9700.0	4.25769e-10
0.09705	0.0018577			9705.0	3.38019e-09
0.0971	-0.00323902			9710.0	1.01744e-09
0.09715	-0.0045132			9715.0	4.07339e-10
0.0972	-0.00706155			9720.0	3.70226e-10
0.09725	-0.00706155			9725.0	9.7544e-10
0.0973	-0.00706155			9730.0	2.3455e-13
0.09735	-0.00706155			9735.0	1.71487e-09
0.0974	-0.00833573			9740.0	2.99469e-10
0.09745	-0.00706155			9745.0	4.4226e-10
0.0975	-0.00578737			9750.0	7.67943e-10
0.09755	-0.0045132			9755.0	2.88922e-09
0.0976	-0.0045132			9760.0	3.92578e-09
0.09765	-0.0045132			9765.0	3.2158e-09
0.0977	-0.00706155			9770.0	9.23259e-10
0.09775	-0.00578737			9775.0	3.77226e-10
0.0978	-0.00706155			9780.0	1.54846e-10
0.09785	-0.00196484			9785.0	1.53493e-09
0.0979	-0.00196484			9790.0	1.76695e-09
0.09795	0.00313188			9795.0	5.09868e-11
0.098	0.00695441			9800.0	2.24887e-09
0.09805	0.00440605			9805.0	1.87749e-09
0.0981	0.00440605			9810.0	4.26433e-10
0.09815	0.00313188			9815.0	8.1286e-11
0.0982	0.00440605			9820.0	1.98016e-10
0.09825	0.00568023			9825.0	6.80941e-10
0.0983	0.00695441			9830.0	1.21946e-09
0.09835	0.00822859			9835.0	1.04565e-09
0.0984	0.00822859			9840.0	7.89634e-10
0.09845	0.0107769			9845.0	4.95965e-11
0.0985	0.00695441			9850.0	4.36375e-10
0.09855	0.00695441			9855.0	3.30198e-10
0.0986	0.0018577			9860.0	2.06966e-09
0.09865	-0.00069066			9865.0	7.50553e-10
0.0987	-0.00196484			9870.0	3.09153e-10
0.09875	0.000583518			9875.0	3.0421e-09
0.0988	-0.00323902			9880.0	4.05996e-09
0.09885	-0.00196484			9885.0	3.57337e-09
0.0989	-0.00323902			9890.0	2.37367e-09
0.09895	-0.00833573			9895.0	1.22684e-09
0.099	-0.0121583			9900.0	4.99202e-10
0.09905	-0.017255			9905.0	2.07923e-11
0.0991	-0.017255			9910.0	7.16692e-10
0.09915	-0.0185292			9915.0	1.22644e-09
0.0992	-0.0159808			9920.0	6.769e-10
0.09925	-0.0185292			9925.0	2.34405e-10
0.0993	-0.0198033			9930.0	1.13488e-09
0.09935	-0.0236259			9935.0	2.60696e-09
0.0994	-0.0210775			9940.0	1.35923e-09
0.09945	-0.0185292			9945.0	7.70502e-10
0.0995	-0.0223517			9950.0	1.69356e-10
0.09955	-0.0210775			9955.0	3.67302e-10
0.0996	-0.0159808			9960.0	2.14084e-10
0.09965	-0.0134324			9965.0	9.43086e-10
0.0997	-0.00960991			9970.0	6.33864e-11
0.09975	-0.0134324			9975.0	7.75388e-10
0.0998	-0.0121583			9980.0	5.36262e-10
0.09985	-0.0108841			9985.0	1.13299e-10
0.0999	-0.00706155			9990.0	7.64742e-10
0.09995	-0.0121583			9995.0	2.31071e-09
0.1	-0.00833573				
0.10005	-0.00706155				
0.1001	-0.0045132				
0.10015	-0.00578737				
0.1002	-0.00578737				
0.10025	-0.00706155				
0.1003	-0.00578737				
0.10035	-0.00578737				
0.1004	-0.00706155				
0.10045	-0.00578737				
0.1005	-0.00323902				
0.10055	-0.00578737				
0.1006	-0.00706155				
0.10065	-0.0121583				
0.1007	-0.0121583				
0.10075	-0.0121583				
0.1008	-0.017255				
0.10085	-0.0185292				
0.1009	-0.0185292				
0.10095	-0.0210775				
0.101	-0.0185292				
0.10105	-0.0198033				
0.1011	-0.0198033				
0.10115	-0.0223517				
0.1012	-0.0210775				
0.10125	-0.0223517				
0.1013	-0.0210775				
0.10135	-0.0210775				
0.1014	-0.0210775				
0.10145	-0.0185292				
0.1015	-0.0147066				
0.10155	-0.0147066				
0.1016	-0.0159808				
0.10165	-0.0159808				
0.1017	-0.017255				
0.10175	-0.0134324				
0.1018	-0.0108841				
0.10185	-0.00960991				
0.1019	-0.00196484				
0.10195	-0.00196484				
0.102	-0.00196484				
0.10205	-0.00069066				
0.1021	-0.00578737				
0.10215	-0.00196484				
0.1022	-0.00578737				
0.10225	-0.00833573				
0.1023	-0.0045132				
0.10235	-0.00706155				
0.1024	-0.0045132				
0.10245	-0.00706155				
0.1025	-0.00706155				
0.10255	-0.0134324				
0.1026	-0.0147066				
0.10265	-0.017255				
0.1027	-0.017255				
0.10275	-0.0134324				
0.1028	-0.0134324				
0.10285	-0.0147066				
0.1029	-0.0134324				
0.10295	-0.0147066				
0.103	-0.017255				
0.10305	-0.0185292				
0.1031	-0.0159808				
0.10315	-0.0147066				
0.1032	-0.0147066				
0.10325	-0.00960991				
0.1033	-0.00833573				
0.10335	-0.00706155				
0.1034	-0.00578737				
0.10345	-0.00578737				
0.1035	-0.00196484				
0.10355	0.0018577				
0.1036	0.0018577				
0.10365	0.00695441				
0.1037	0.0107769				
0.10375	0.00695441				
0.1038	0.0120511				
0.10385	0.00950277				
0.1039	0.0145995				
0.10395	0.018422				
0.104	0.0145995				
0.10405	0.0133253				
0.1041	0.0196962				
0.10415	0.018422				
0.1042	0.018422				
0.10425	0.0158737				
0.1043	0.0158737				
0.10435	0.0196962				
0.1044	0.0107769				
0.10445	0.00950277				
0.1045	0.00822859				
0.10455	0.00440605				
0.1046	0.00695441				
0.10465	0.00440605				
0.1047	0.00440605				
0.10475	0.00568023				
0.1048	0.00568023				
0.10485	0.000583518				
0.1049	-0.00069066				
0.10495	-0.00196484				
0.105	-0.00323902				
0.10505	0.000583518				
0.1051	0.000583518				
0.10515	0.00440605				
0.1052	0.00822859				
0.10525	0.00950277				
0.1053	0.00695441				
0.10535	0.00822859				
0.1054	0.00695441				
0.10545	0.00695441				
0.1055	0.0120511				
0.10555	0.0133253				
0.1056	0.0145995				
0.10565	0.018422				
0.1057	0.018422				
0.10575	0.018422				
0.1058	0.018422				
0.10585	0.018422				
0.1059	0.0222446				
0.10595	0.0209704				
0.106	0.0222446				
0.10605	0.0235187				
0.1061	0.0209704				
0.10615	0.0196962				
0.1062	0.0145995				
0.10625	0.0133253				
0.1063	0.0145995				
0.10635	0.0120511				
0.1064	0.0107769				
0.10645	0.0120511				
0.1065	0.0120511				
0.10655	0.00822859				
0.1066	0.00822859				
0.10665	0.00568023				
0.1067	0.0018577				
0.10675	0.000583518				
0.1068	-0.00069066				
0.10685	0.0018577				
0.1069	0.0018577				
0.10695	0.00313188				
0.107	0.00313188				
0.10705	0.00568023				
0.1071	0.000583518				
0.10715	0.00568023				
0.1072	0.00440605				
0.10725	0.00695441				
0.1073	0.0120511				
0.10735	0.0107769				
0.1074	0.0133253				
0.10745	0.0158737				
0.1075	0.0171478				
0.10755	0.0158737				
0.1076	0.0171478				
0.10765	0.018422				
0.1077	0.0158737				
0.10775	0.0158737				
0.1078	0.0158737				
0.10785	0.0133253				
0.1079	0.0145995				
0.10795	0.0120511				
0.108	0.0120511				
0.10805	0.00695441				
0.1081	0.00440605				
0.10815	0.00822859				
0.1082	0.00695441				
0.10825	0.00313188				
0.1083	0.00313188				
0.10835	0.000583518				
0.1084	0.0018577				
0.10845	-0.00069066				
0.1085	-0.00196484				
0.10855	-0.00323902				
0.1086	-0.0045132				
0.10865	-0.0045132				
0.1087	-0.00323902				
0.10875	-0.0045132				
0.1088	0.000583518				
0.10885	0.00313188				
0.1089	-0.00069066				
0.10895	-0.00323902				
0.109	-0.00323902				
0.10905	-0.00323902				
0.1091	-0.00069066				
0.10915	-0.00069066				
0.1092	0.00313188				
0.10925	0.00313188				
0.1093	0.00440605				
0.10935	-0.00069066				
0.1094	0.000583518				
0.10945	0.000583518				
0.1095	0.0018577				
0.10955	0.00313188				
0.1096	0.00568023				
0.10965	0.00568023				
0.1097	0.00695441				
0.10975	0.00695441				
0.1098	0.00313188				
0.10985	0.00568023				
0.1099	0.000583518				
0.10995	0.000583518				
0.11	0.00313188				
0.11005	0.00440605				
0.1101	0.00568023				
0.11015	0.00313188				
0.1102	0.00440605				
0.11025	0.0018577				
0.1103	0.00313188				
0.11035	0.0018577				
0.1104	0.000583518				
0.11045	0.00313188				
0.1105	0.0018577				
0.11055	0.00695441				
0.1106	0.00695441				
0.11065	0.00568023				
0.1107	0.00568023				
0.11075	0.00568023				
0.1108	0.00313188				
0.11085	0.00568023				
0.1109	0.00695441				
0.11095	0.00822859				
0.111	0.0120511				
0.11105	0.0120511				
0.1111	0.0120511				
0.11115	0.00950277				
0.1112	0.0107769				
0.11125	0.00950277				
0.1113	0.00950277				
0.11135	0.00695441				
0.1114	0.00822859				
0.11145	0.0120511				
0.1115	0.0120511				
0.11155	0.00822859				
0.1116	0.00822859				
0.11165	0.00695441				
0.1117	0.00440605				
0.11175	0.00568023				
0.1118	0.00440605				
0.11185	0.00440605				
0.1119	0.00568023				
0.11195	0.00568023				
0.112	0.00950277				
0.11205	0.00313188				
0.1121	0.00313188				
0.11215	-0.00196484				
0.1122	-0.00196484				
0.11225	0.0018577				
0.1123	-0.00323902				
0.11235	-0.00196484				
0.1124	-0.00069066				
0.11245	0.000583518				
0.1125	0.000583518				
0.11255	0.000583518				
0.1126	-0.00196484				
0.11265	-0.00069066				
0.1127	0.000583518				
0.11275	0.000583518				
0.1128	0.00313188				
0.11285	0.00822859				
0.1129	0.0107769				
0.11295	0.00822859				
0.113	0.0107769				
0.11305	0.00695441				
0.1131	0.00822859				
0.11315	0.00822859				
0.1132	0.00822859				
0.11325	0.0107769				
0.1133	0.0120511				
0.11335	0.0107769				
0.1134	0.00822859				
0.11345	0.00568023				
0.1135	0.00440605				
0.11355	0.000583518				
0.1136	-0.00196484				
0.11365	0.00313188				
0.1137	0.000583518				
0.11375	-0.00196484				
0.1138	-0.00196484				
0.11385	-0.00706155				
0.1139	-0.00960991				
0.11395	-0.00833573				
0.114	-0.0134324				
0.11405	-0.0121583				
0.1141	-0.0121583				
0.11415	-0.0134324				
0.1142	-0.0134324				
0.11425	-0.0121583				
0.1143	-0.00960991				
0.11435	-0.00960991				
0.1144	-0.00706155				
0.11445	-0.00960991				
0.1145	-0.00960991				
0.11455	-0.00578737				
0.1146	-0.00196484				
0.11465	0.00313188				
0.1147	0.00568023				
0.11475	0.00950277				
0.1148	0.0107769				
0.11485	0.0107769				
0.1149	0.0107769				
0.11495	0.00950277				
0.115	0.0120511				
0.11505	0.0133253				
0.1151	0.0171478				
0.11515	0.018422				
0.1152	0.018422				
0.11525	0.0158737				
0.1153	0.0133253				
0.11535	0.0133253				
0.1154	0.0107769				
0.11545	0.00822859				
0.1155	0.0107769				
0.11555	0.00822859				
0.1156	0.00568023				
0.11565	0.00568023				
0.1157	0.000583518				
0.11575	-0.00196484				
0.1158	-0.00323902				
0.11585	-0.00706155				
0.1159	-0.00323902				
0.11595	-0.00578737				
0.116	-0.00706155				
0.11605	-0.00323902				
0.1161	-0.0045132				
0.11615	-0.00323902				
0.1162	-0.00196484				
0.11625	-0.00578737				
0.1163	-0.00323902				
0.11635	0.000583518				
0.1164	0.00313188				
0.11645	0.00313188				
0.1165	0.00822859				
0.11655	0.00695441				
0.1166	0.00822859				
0.11665	0.0107769				
0.1167	0.0120511				
0.11675	0.0120511				
0.1168	0.0107769				
0.11685	0.0107769				
0.1169	0.0145995				
0.11695	0.0171478				
0.117	0.0158737				
0.11705	0.018422				
0.1171	0.018422				
0.11715	0.0133253				
0.1172	0.0120511				
0.11725	0.00822859				
0.1173	0.00822859				
0.11735	0.0120511				
0.1174	0.0107769				
0.11745	0.00695441				
0.1175	0.00822859				
0.11755	0.00695441				
0.1176	0.00313188				
0.11765	0.00313188				
0.1177	-0.00196484				
0.11775	-0.00196484				
0.1178	0.000583518				
0.11785	-0.00069066				
0.1179	-0.00196484				
0.11795	-0.00323902				
0.118	0.000583518				
0.11805	-0.0045132				
0.1181	-0.00069066				
0.11815	-0.00196484				
0.1182	-0.00196484				
0.11825	0.00440605				
0.1183	0.00440605				
0.11835	0.00822859				
0.1184	0.00822859				
0.11845	0.00568023				
0.1185	0.00950277				
0.11855	0.00695441				
0.1186	0.00950277				
0.11865	0.0107769				
0.1187	0.0133253				
0.11875	0.0158737				
0.1188	0.0171478				
0.11885	0.018422				
0.1189	0.0196962				
0.11895	0.0196962				
0.119	0.018422				
0.11905	0.018422				
0.1191	0.0133253				
0.11915	0.0133253				
0.1192	0.0171478				
0.11925	0.0145995				
0.1193	0.0171478				
0.11935	0.0133253				
0.1194	0.0107769				
0.11945	0.00822859				
0.1195	0.00440605				
0.11955	0.00313188				
0.1196	0.0018577				
0.11965	0.00313188				
0.1197	0.000583518				
0.11975	0.00313188				
0.1198	0.000583518				
0.11985	-0.00196484				
0.1199	-0.00196484				
0.11995	-0.0045132				
0.12	-0.00323902				
0.12005	-0.00069066				
0.1201	-0.00069066				
0.12015	0.000583518				
0.1202	0.00313188				
0.12025	0.00313188				
0.1203	0.00313188				
0.12035	0.000583518				
0.1204	0.00313188				
0.12045	0.00313188				
0.1205	0.00822859				
0.12055	0.0107769				
0.1206	0.0107769				
0.12065	0.0133253				
0.1207	0.0120511				
0.12075	0.0120511				
0.1208	0.0133253				
0.12085	0.0120511				
0.1209	0.00950277				
0.12095	0.00695441				
0.121	0.00950277				
0.12105	0.00822859				
0.1211	0.00950277				
0.12115	0.00822859				
0.1212	0.00568023				
0.12125	0.00568023				
0.1213	0.00313188				
0.12135	-0.00069066				
0.1214	-0.00069066				
0.12145	0.000583518				
0.1215	-0.00323902				
0.12155	0.000583518				
0.1216	0.00568023				
0.12165	0.00695441				
0.1217	0.0018577				
0.12175	-0.00069066				
0.1218	-0.00196484				
0.12185	-0.00196484				
0.1219	-0.00069066				
0.12195	0.000583518				
0.122	0.00440605				
0.12205	0.00568023				
0.1221	0.00440605				
0.12215	0.00313188				
0.1222	-0.00196484				
0.12225	0.00313188				
0.1223	-0.00069066				
0.12235	0.0018577				
0.1224	0.00313188				
0.12245	0.00568023				
0.1225	0.00313188				
0.12255	0.00440605				
0.1226	0.00440605				
0.12265	0.000583518				
0.1227	0.00313188				
0.12275	0.0018577				
0.1228	-0.00196484				
0.12285	0.000583518				
0.1229	0.000583518				
0.12295	0.000583518				
0.123	0.00568023				
0.12305	0.00313188				
0.1231	0.000583518				
0.12315	0.0018577				
0.1232	0.00313188				
0.12325	0.000583518				
0.1233	0.000583518				
0.12335	0.00313188				
0.1234	0.0018577				
0.12345	0.00568023				
0.1235	0.00440605				
0.12355	0.00568023				
0.1236	0.00313188				
0.12365	0.00695441				
0.1237	0.00313188				
0.12375	0.00568023				
0.1238	0.00695441				
0.12385	0.00822859				
0.1239	0.00695441				
0.12395	0.0107769				
0.124	0.0120511				
0.12405	0.0107769				
0.1241	0.0145995				
0.12415	0.0107769				
0.1242	0.0107769				
0.12425	0.00950277				
0.1243	0.0133253				
0.12435	0.0133253				
0.1244	0.0158737				
0.12445	0.0171478				
0.1245	0.0133253				
0.12455	0.0120511				
0.1246	0.0133253				
0.12465	0.00822859				
0.1247	0.00950277				
0.12475	0.00950277				
0.1248	0.0107769				
0.12485	0.0107769				
0.1249	0.0133253				
0.12495	0.00950277				
0.125	0.00822859				
0.12505	0.00568023				
0.1251	0.00313188				
0.12515	0.000583518				
0.1252	0.00568023				
0.12525	0.00440605				
0.1253	0.00695441				
0.12535	0.00695441				
0.1254	0.00313188				
0.12545	0.0018577				
0.1255	-0.00196484				
0.12555	-0.00196484				
0.1256	-0.00196484				
0.12565	0.0018577				
0.1257	0.00440605				
0.12575	0.00568023				
0.1258	0.00822859				
0.12585	0.00568023				
0.1259	0.00313188				
0.12595	0.00568023				
0.126	0.00313188				
0.12605	0.00568023				
0.1261	0.00695441				
0.12615	0.00695441				
0.1262	0.00695441				
0.12625	0.00822859				
0.1263	0.00695441				
0.12635	0.00440605				
0.1264	-0.00069066				
0.12645	-0.00196484				
0.1265	0.000583518				
0.12655	-0.00196484				
0.1266	-0.00196484				
0.12665	-0.00069066				
0.1267	-0.00323902				
0.12675	-0.00323902				
0.1268	-0.00706155				
0.12685	-0.00706155				
0.1269	-0.0108841				
0.12695	-0.00960991				
0.127	-0.00960991				
0.12705	-0.0121583				
0.1271	-0.00960991				
0.12715	-0.00833573				
0.1272	-0.00578737				
0.12725	-0.00833573				
0.1273	-0.00833573				
0.12735	-0.00578737				
0.1274	-0.00706155				
0.12745	-0.00706155				
0.1275	-0.00323902				
0.12755	-0.0045132				
0.1276	0.00313188				
0.12765	0.0018577				
0.1277	0.00440605				
0.12775	0.00568023				
0.1278	0.00440605				
0.12785	0.00568023				
0.1279	0.0018577				
0.12795	0.000583518				
0.128	0.00313188				
0.12805	0.00695441				
0.1281	0.00568023				
0.12815	0.00822859				
0.1282	0.00695441				
0.12825	0.00440605				
0.1283	-0.00069066				
0.12835	-0.00196484				
0.1284	-0.0045132				
0.12845	-0.00323902				
0.1285	-0.00196484				
0.12855	-0.0045132				
0.1286	0.000583518				
0.12865	-0.00069066				
0.1287	-0.00706155				
0.12875	-0.00578737				
0.1288	-0.00960991				
0.12885	-0.0121583				
0.1289	-0.00833573				
0.12895	-0.00833573				
0.129	-0.0045132				
0.12905	-0.00578737				
0.1291	-0.00578737				
0.12915	-0.00578737				
0.1292	-0.0045132				
0.12925	-0.00833573				
0.1293	-0.00578737				
0.12935	-0.00196484				
0.1294	0.0018577				
0.12945	0.00313188				
0.1295	0.0018577				
0.12955	0.00313188				
0.1296	0.00440605				
0.12965	0.0018577				
0.1297	0.00568023				
0.12975	0.0107769				
0.1298	0.00695441				
0.12985	0.0107769				
0.1299	0.0120511				
0.12995	0.0107769				
0.13	0.0133253				
0.13005	0.0120511				
0.1301	0.0120511				
0.13015	0.0133253				
0.1302	0.0120511				
0.13025	0.00822859				
0.1303	0.00950277				
0.13035	0.00822859				
0.1304	0.00822859				
0.13045	0.00695441				
0.1305	0.00822859				
0.13055	0.00822859				
0.1306	0.00568023				
0.13065	0.0018577				
0.1307	-0.00196484				
0.13075	-0.00323902				
0.1308	-0.00578737				
0.13085	-0.00196484				
0.1309	0.000583518				
0.13095	0.000583518				
0.131	-0.0045132				
0.13105	-0.00578737				
0.1311	-0.00706155				
0.13115	-0.00706155				
0.1312	-0.00706155				
0.13125	-0.00196484				
0.1313	-0.00323902				
0.13135	-0.00196484				
0.1314	0.000583518				
0.13145	0.0018577				
0.1315	0.000583518				
0.13155	-0.00069066				
0.1316	0.00313188				
0.13165	-0.00069066				
0.1317	0.000583518				
0.13175	0.00313188				
0.1318	0.0018577				
0.13185	-0.00069066				
0.1319	0.00568023				
0.13195	0.00440605				
0.132	0.000583518				
0.13205	0.0018577				
0.1321	-0.00069066				
0.13215	-0.00196484				
0.1322	-0.0045132				
0.13225	-0.0045132				
0.1323	-0.00323902				
0.13235	-0.00196484				
0.1324	-0.00196484				
0.13245	-0.00196484				
0.1325	-0.00706155				
0.13255	-0.00706155				
0.1326	-0.00960991				
0.13265	-0.00960991				
0.1327	-0.00706155				
0.13275	-0.00833573				
0.1328	-0.00960991				
0.13285	-0.00578737				
0.1329	-0.00833573				
0.13295	-0.00833573				
0.133	-0.0121583				
0.13305	-0.0121583				
0.1331	-0.00960991				
0.13315	-0.00960991				
0.1332	-0.00706155				
0.13325	-0.00706155				
0.1333	-0.00196484				
0.13335	-0.00196484				
0.1334	-0.00706155				
0.13345	-0.0045132				
0.1335	-0.00578737				
0.13355	-0.00323902				
0.1336	0.0018577				
0.13365	-0.0045132				
0.1337	-0.00196484				
0.13375	-0.00196484				
0.1338	0.0018577				
0.13385	-0.00069066				
0.1339	0.000583518				
0.13395	-0.00323902				
0.134	-0.00323902				
0.13405	-0.00196484				
0.1341	-0.00196484				
0.13415	-0.00578737				
0.1342	-0.0045132				
0.13425	-0.00069066				
0.1343	-0.00196484				
0.13435	-0.00578737				
0.1344	-0.00706155				
0.13445	-0.00833573				
0.1345	-0.00833573				
0.13455	-0.00833573				
0.1346	-0.00960991				
0.13465	-0.00960991				
0.1347	-0.00833573				
0.13475	-0.00706155				
0.1348	-0.0134324				
0.13485	-0.0121583				
0.1349	-0.0147066				
0.13495	-0.017255				
0.135	-0.0159808				
0.13505	-0.017255				
0.1351	-0.017255				
0.13515	-0.017255				
0.1352	-0.017255				
0.13525	-0.0198033				
0.1353	-0.0159808				
0.13535	-0.0198033				
0.1354	-0.017255				
0.13545	-0.0198033				
0.1355	-0.0185292				
0.13555	-0.017255				
0.1356	-0.0147066				
0.13565	-0.0121583				
0.1357	-0.0159808				
0.13575	-0.0134324				
0.1358	-0.0134324				
0.13585	-0.017255				
0.1359	-0.0147066				
0.13595	-0.0108841				
0.136	-0.00960991				
0.13605	-0.00706155				
0.1361	-0.00706155				
0.13615	-0.00578737				
0.1362	-0.00706155				
0.13625	-0.00706155				
0.1363	-0.00578737				
0.13635	-0.00578737				
0.1364	-0.0045132				
0.13645	0.00313188				
0.1365	0.00313188				
0.13655	-0.00196484				
0.1366	-0.00196484				
0.13665	-0.00196484				
0.1367	-0.00196484				
0.13675	-0.00578737				
0.1368	-0.00069066				
0.13685	0.000583518				
0.1369	0.00313188				
0.13695	0.00313188				
0.137	-0.00069066				
0.13705	-0.00323902				
0.1371	-0.00323902				
0.13715	-0.00196484				
0.1372	-0.00196484				
0.13725	0.000583518				
0.1373	0.000583518				
0.13735	-0.00196484				
0.1374	0.00313188				
0.13745	0.00313188				
0.1375	0.0018577				
0.13755	0.000583518				
0.1376	0.00440605				
0.13765	0.00440605				
0.1377	0.00440605				
0.13775	0.000583518				
0.1378	0.00440605				
0.13785	0.00695441				
0.1379	0.00440605				
0.13795	0.00568023				
0.138	0.00695441				
0.13805	0.00568023				
0.1381	0.00568023				
0.13815	0.000583518				
0.1382	0.00695441				
0.13825	0.00568023				
0.1383	0.00568023				
0.13835	0.0018577				
0.1384	0.00313188				
0.13845	0.00313188				
0.1385	0.0018577				
0.13855	-0.00069066				
0.1386	-0.00706155				
0.13865	-0.00196484				
0.1387	0.000583518				
0.13875	0.000583518				
0.1388	0.000583518				
0.13885	0.00695441				
0.1389	0.00440605				
0.13895	0.000583518				
0.139	-0.00196484				
0.13905	-0.00323902				
0.1391	-0.00323902				
0.13915	-0.0045132				
0.1392	0.000583518				
0.13925	-0.00069066				
0.1393	-0.00196484				
0.13935	0.0018577				
0.1394	0.00313188				
0.13945	-0.00069066				
0.1395	0.000583518				
0.13955	-0.00069066				
0.1396	0.000583518				
0.13965	0.0018577				
0.1397	0.000583518				
0.13975	0.00568023				
0.1398	0.00440605				
0.13985	0.00313188				
0.1399	0.000583518				
0.13995	0.0018577				
0.14	0.00313188				
0.14005	0.000583518				
0.1401	0.000583518				
0.14015	0.00313188				
0.1402	0.00313188				
0.14025	0.00313188				
0.1403	0.00440605				
0.14035	0.00695441				
0.1404	0.000583518				
0.14045	0.00313188				
0.1405	0.000583518				
0.14055	-0.00069066				
0.1406	-0.00069066				
0.14065	0.00313188				
0.1407	0.00313188				
0.14075	0.000583518				
0.1408	0.00313188				
0.14085	0.0018577				
0.1409	0.00440605				
0.14095	0.0018577				
0.141	-0.00196484				
0.14105	-0.00323902				
0.1411	-0.00069066				
0.14115	-0.00196484				
0.1412	0.0018577				
0.14125	-0.00069066				
0.1413	0.000583518				
0.14135	-0.00196484				
0.1414	-0.00323902				
0.14145	-0.0045132				
0.1415	-0.00833573				
0.14155	-0.00578737				
0.1416	-0.00578737				
0.14165	-0.00578737				
0.1417	-0.00196484				
0.14175	-0.00196484				
0.1418	-0.00578737				
0.14185	-0.00706155				
0.1419	-0.00323902				
0.14195	-0.00833573				
0.142	-0.00833573				
0.14205	-0.00706155				
0.1421	-0.00578737				
0.14215	-0.00196484				
0.1422	-0.0045132				
0.14225	-0.00323902				
0.1423	-0.00323902				
0.14235	-0.00578737				
0.1424	-0.00578737				
0.14245	-0.00323902				
0.1425	0.0018577				
0.14255	-0.00196484				
0.1426	-0.00196484				
0.14265	0.00313188				
0.1427	0.00440605				
0.14275	0.00440605				
0.1428	0.00313188				
0.14285	-0.00069066				
0.1429	0.00313188				
0.14295	0.00568023				
0.143	0.00440605				
0.14305	0.00313188				
0.1431	0.00822859				
0.14315	0.00822859				
0.1432	0.00313188				
0.14325	0.00313188				
0.1433	0.000583518				
0.14335	0.00313188				
0.1434	0.00440605				
0.14345	0.000583518				
0.1435	0.00313188				
0.14355	0.000583518				
0.1436	0.000583518				
0.14365	0.000583518				
0.1437	-0.00069066				
0.14375	-0.00069066				
0.1438	-0.00069066				
0.14385	-0.00323902				
0.1439	0.00313188				
0.14395	0.0018577				
0.144	0.00695441				
0.14405	0.00822859				
0.1441	0.00695441				
0.14415	0.00695441				
0.1442	0.00695441				
0.14425	0.00440605				
0.1443	0.00695441				
0.14435	0.00950277				
0.1444	0.0120511				
0.14445	0.0158737				
0.1445	0.0145995				
0.14455	0.0158737				
0.1446	0.0133253				
0.14465	0.0120511				
0.1447	0.0107769				
0.14475	0.00313188				
0.1448	0.00568023				
0.14485	0.00568023				
0.1449	0.00822859				
0.14495	0.00440605				
0.145	0.00440605				
0.14505	-0.00069066				
0.1451	-0.00323902				
0.14515	-0.00323902				
0.1452	-0.00833573				
0.14525	-0.00833573				
0.1453	-0.0045132				
0.14535	-0.00706155				
0.1454	-0.00578737				
0.14545	-0.00706155				
0.1455	-0.00833573				
0.14555	-0.00960991				
0.1456	-0.00706155				
0.14565	-0.00578737				
0.1457	-0.00960991				
0.14575	-0.00833573				
0.1458	-0.0045132				
0.14585	-0.0045132				
0.1459	0.0018577				
0.14595	0.00313188				
0.146	0.00695441				
0.14605	0.00440605				
0.1461	0.00695441				
0.14615	0.00568023				
0.1462	0.00568023				
0.14625	0.0107769				
0.1463	0.00822859				
0.14635	0.00695441				
0.1464	0.0120511				
0.14645	0.0120511				
0.1465	0.00822859				
0.14655	0.00695441				
0.1466	0.00440605				
0.14665	0.00440605				
0.1467	0.000583518				
0.14675	0.00313188				
0.1468	0.000583518				
0.14685	0.00568023				
0.1469	0.00568023				
0.14695	0.00313188				
0.147	-0.00323902				
0.14705	-0.00706155				
0.1471	-0.0108841				
0.14715	-0.00706155				
0.1472	-0.0108841				
0.14725	-0.00960991				
0.1473	-0.00706155				
0.14735	-0.0108841				
0.1474	-0.0121583				
0.14745	-0.0147066				
0.1475	-0.0198033				
0.14755	-0.0198033				
0.1476	-0.017255				
0.14765	-0.0159808				
0.1477	-0.0159808				
0.14775	-0.0159808				
0.1478	-0.0147066				
0.14785	-0.0147066				
0.1479	-0.0147066				
0.14795	-0.0134324				
0.148	-0.0134324				
0.14805	-0.0134324				
0.1481	-0.0108841				
0.14815	-0.00578737				
0.1482	-0.00323902				
0.14825	-0.00069066				
0.1483	-0.00196484				
0.14835	-0.00196484				
0.1484	-0.00196484				
0.14845	-0.0045132				
0.1485	-0.00196484				
0.14855	0.000583518				
0.1486	0.0018577				
0.14865	0.00440605				
0.1487	0.0018577				
0.14875	0.0018577				
0.1488	0.0018577				
0.14885	-0.00196484				
0.1489	-0.00196484				
0.14895	-0.0045132				
0.149	-0.00323902				
0.14905	-0.00323902				
0.1491	-0.0045132				
0.14915	-0.00323902				
0.1492	-0.0045132				
0.14925	-0.00706155				
0.1493	-0.00706155				
0.14935	-0.0121583				
0.1494	-0.0121583				
0.14945	-0.0121583				
0.1495	-0.00960991				
0.14955	-0.00833573				
0.1496	-0.00706155				
0.14965	-0.00706155				
0.1497	-0.00833573				
0.14975	-0.00706155				
0.1498	-0.0045132				
0.14985	-0.00578737				
0.1499	-0.00323902				
0.14995	-0.00196484				
0.15	-0.00069066				
0.15005	0.00695441				
0.1501	0.00822859				
0.15015	0.0107769				
0.1502	0.0133253				
0.15025	0.0145995				
0.1503	0.0158737				
0.15035	0.0171478				
0.1504	0.0196962				
0.15045	0.018422				
0.1505	0.0196962				
0.15055	0.0235187				
0.1506	0.0235187				
0.15065	0.0222446				
0.1507	0.0222446				
0.15075	0.0158737				
0.1508	0.0158737				
0.15085	0.018422				
0.1509	0.0145995				
0.15095	0.0145995				
0.151	0.0107769				
0.15105	0.0133253				
0.1511	0.0120511				
0.15115	0.00822859				
0.1512	0.00695441				
0.15125	0.00695441				
0.1513	0.00313188				
0.15135	0.000583518				
0.1514	0.000583518				
0.15145	-0.00069066				
0.1515	0.00313188				
0.15155	0.000583518				
0.1516	0.0018577				
0.15165	-0.00196484				
0.1517	-0.00196484				
0.15175	-0.00196484				
0.1518	0.00313188				
0.15185	0.00313188				
0.1519	0.00695441				
0.15195	0.00822859				
0.152	0.00950277				
0.15205	0.00822859				
0.1521	0.00950277				
0.15215	0.00950277				
0.1522	0.0120511				
0.15225	0.0107769				
0.1523	0.0120511				
0.15235	0.0145995				
0.1524	0.018422				
0.15245	0.0196962				
0.1525	0.0158737				
0.15255	0.0133253				
0.1526	0.0107769				
0.15265	0.0145995				
0.1527	0.00950277				
0.15275	0.00695441				
0.1528	0.0107769				
0.15285	0.00695441				
0.1529	0.00440605				
0.15295	0.00695441				
0.153	0.00695441				
0.15305	0.00313188				
0.1531	0.00313188				
0.15315	-0.00196484				
0.1532	-0.00706155				
0.15325	-0.00578737				
0.1533	-0.00706155				
0.15335	-0.0045132				
0.1534	-0.0045132				
0.15345	-0.00706155				
0.1535	-0.00706155				
0.15355	-0.00706155				
0.1536	-0.00706155				
0.15365	-0.00833573				
0.1537	-0.00323902				
0.15375	0.000583518				
0.1538	0.0018577				
0.15385	0.00440605				
0.1539	0.00695441				
0.15395	0.000583518				
0.154	0.0018577				
0.15405	0.0018577				
0.1541	0.0018577				
0.15415	0.00568023				
0.1542	0.00695441				
0.15425	0.0107769				
0.1543	0.0107769				
0.15435	0.00822859				
0.1544	0.00695441				
0.15445	0.00695441				
0.1545	0.000583518				
0.15455	0.00695441				
0.1546	0.00313188				
0.15465	0.00822859				
0.1547	0.00695441				
0.15475	0.00313188				
0.1548	0.000583518				
0.15485	-0.00578737				
0.1549	-0.00706155				
0.15495	-0.00578737				
0.155	-0.00578737				
0.15505	-0.0045132				
0.1551	0.000583518				
0.15515	-0.00323902				
0.1552	-0.00706155				
0.15525	-0.00706155				
0.1553	-0.00706155				
0.15535	-0.0045132				
0.1554	-0.0045132				
0.15545	-0.00196484				
0.1555	-0.00196484				
0.15555	0.0018577				
0.1556	0.00440605				
0.15565	-0.00196484				
0.1557	0.000583518				
0.15575	0.00313188				
0.1558	0.00313188				
0.15585	0.00313188				
0.1559	-0.00196484				
0.15595	0.000583518				
0.156	0.00568023				
0.15605	0.00440605				
0.1561	0.000583518				
0.15615	0.00313188				
0.1562	-0.00196484				
0.15625	0.000583518				
0.1563	-0.0045132				
0.15635	-0.0045132				
0.1564	-0.00196484				
0.15645	0.00440605				
0.1565	0.00313188				
0.15655	-0.00196484				
0.1566	-0.00196484				
0.15665	-0.00069066				
0.1567	-0.00323902				
0.15675	-0.00196484				
0.1568	0.000583518				
0.15685	-0.00069066				
0.1569	0.00440605				
0.15695	0.00568023				
0.157	0.00695441				
0.15705	0.00313188				
0.1571	0.00568023				
0.15715	0.00440605				
0.1572	0.00440605				
0.15725	0.00695441				
0.1573	0.00822859				
0.15735	0.00950277				
0.1574	0.0120511				
0.15745	0.0120511				
0.1575	0.0120511				
0.15755	0.0107769				
0.1576	0.0107769				
0.15765	0.00822859				
0.1577	0.0107769				
0.15775	0.0120511				
0.1578	0.00822859				
0.15785	0.00950277				
0.1579	0.00950277				
0.15795	0.0107769				
0.158	0.00822859				
0.15805	0.00568023				
0.1581	0.000583518				
0.15815	0.000583518				
0.1582	-0.00196484				
0.15825	0.000583518				
0.1583	-0.00196484				
0.15835	-0.00196484				
0.1584	-0.00196484				
0.15845	-0.00323902				
0.1585	-0.00323902				
0.15855	-0.00578737				
0.1586	-0.00706155				
0.15865	-0.00706155				
0.1587	-0.00323902				
0.15875	-0.00196484				
0.1588	-0.00069066				
0.15885	0.000583518				
0.1589	0.00313188				
0.15895	0.000583518				
0.159	0.00313188				
0.15905	-0.00069066				
0.1591	0.0018577				
0.15915	0.000583518				
0.1592	0.00440605				
0.15925	0.00440605				
0.1593	0.00822859				
0.15935	0.00822859				
0.1594	0.00440605				
0.15945	0.00440605				
0.1595	0.000583518				
0.15955	-0.00196484				
0.1596	0.0018577				
0.15965	0.000583518				
0.1597	0.000583518				
0.15975	0.00313188				
0.1598	0.00313188				
0.15985	-0.00196484				
0.1599	-0.00196484				
0.15995	-0.00196484				
0.16	-0.00578737				
0.16005	-0.00706155				
0.1601	-0.00833573				
0.16015	-0.00833573				
0.1602	-0.00706155				
0.16025	-0.0121583				
0.1603	-0.0134324				
0.16035	-0.017255				
0.1604	-0.017255				
0.16045	-0.0223517				
0.1605	-0.0185292				
0.16055	-0.017255				
0.1606	-0.0159808				
0.16065	-0.0159808				
0.1607	-0.0121583				
0.16075	-0.0108841				
0.1608	-0.0121583				
0.16085	-0.00960991				
0.1609	-0.0134324				
0.16095	-0.00833573				
0.161	-0.00578737				
0.16105	-0.00069066				
0.1611	-0.00069066				
0.16115	0.00313188				
0.1612	0.00313188				
0.16125	0.00313188				
0.1613	0.00313188				
0.16135	0.00568023				
0.1614	0.00568023				
0.16145	0.00440605				
0.1615	0.00695441				
0.16155	0.00568023				
0.1616	0.00695441				
0.16165	0.00568023				
0.1617	0.00822859				
0.16175	0.0018577				
0.1618	0.00313188				
0.16185	-0.00196484				
0.1619	-0.00196484				
0.16195	-0.00323902				
0.162	-0.00578737				
0.16205	-0.00578737				
0.1621	-0.0045132				
0.16215	-0.00706155				
0.1622	-0.00833573				
0.16225	-0.00960991				
0.1623	-0.0121583				
0.16235	-0.0108841				
0.1624	-0.0108841				
0.16245	-0.00833573				
0.1625	-0.00833573				
0.16255	-0.00578737				
0.1626	-0.00578737				
0.16265	-0.00323902				
0.1627	-0.0045132				
0.16275	-0.00323902				
0.1628	0.000583518				
0.16285	0.00313188				
0.1629	0.00568023				
0.16295	0.0107769				
0.163	0.0133253				
0.16305	0.0145995				
0.1631	0.0133253				
0.16315	0.0133253				
0.1632	0.0120511				
0.16325	0.00950277				
0.1633	0.0120511				
0.16335	0.0158737				
0.1634	0.0145995				
0.16345	0.0158737				
0.1635	0.0196962				
0.16355	0.018422				
0.1636	0.0120511				
0.16365	0.00950277				
0.1637	0.00695441				
0.16375	0.00695441				
0.1638	0.00822859				
0.16385	0.00695441				
0.1639	0.00568023				
0.16395	0.00695441				
0.164	0.00440605				
0.16405	0.0018577				
0.1641	-0.00196484				
0.16415	-0.00196484				
0.1642	0.000583518				
0.16425	-0.00323902				
0.1643	-0.00196484				
0.16435	-0.00196484				
0.1644	-0.00196484				
0.16445	-0.00323902				
0.1645	-0.00069066				
0.16455	-0.00196484				
0.1646	-0.00578737				
0.16465	-0.00323902				
0.1647	-0.0045132				
0.16475	-0.00196484				
0.1648	-0.00196484				
0.16485	0.000583518				
0.1649	0.00313188				
0.16495	-0.00069066				
0.165	0.00440605				
0.16505	-0.00069066				
0.1651	-0.00069066				
0.16515	-0.00196484				
0.1652	0.00313188				
0.16525	0.00313188				
0.1653	0.00440605				
0.16535	0.00313188				
0.1654	0.0018577				
0.16545	0.00313188				
0.1655	-0.00323902				
0.16555	-0.00323902				
0.1656	-0.00578737				
0.16565	-0.00196484				
0.1657	-0.00706155				
0.16575	-0.00323902				
0.1658	-0.0045132				
0.16585	-0.00706155				
0.1659	-0.00578737				
0.16595	-0.0121583				
0.166	-0.0134324				
0.16605	-0.0147066				
0.1661	-0.0121583				
0.16615	-0.0134324				
0.1662	-0.0121583				
0.16625	-0.0108841				
0.1663	-0.0134324				
0.16635	-0.0147066				
0.1664	-0.0147066				
0.16645	-0.017255				
0.1665	-0.0159808				
0.16655	-0.0121583				
0.1666	-0.0134324				
0.16665	-0.00960991				
0.1667	-0.0108841				
0.16675	-0.0108841				
0.1668	-0.0121583				
0.16685	-0.0147066				
0.1669	-0.0134324				
0.16695	-0.0121583				
0.167	-0.00960991				
0.16705	-0.00833573				
0.1671	-0.00706155				
0.16715	-0.00706155				
0.1672	-0.00833573				
0.16725	-0.00960991				
0.1673	-0.0134324				
0.16735	-0.0121583				
0.1674	-0.0134324				
0.16745	-0.0121583				
0.1675	-0.0134324				
0.16755	-0.0121583				
0.1676	-0.0108841				
0.16765	-0.0147066				
0.1677	-0.0134324				
0.16775	-0.0159808				
0.1678	-0.017255				
0.16785	-0.017255				
0.1679	-0.0108841				
0.16795	-0.00960991				
0.168	-0.00833573				
0.16805	-0.00833573				
0.1681	-0.00960991				
0.16815	-0.00960991				
0.1682	-0.00706155				
0.16825	-0.00960991				
0.1683	-0.00706155				
0.16835	-0.00323902				
0.1684	-0.00196484				
0.16845	0.000583518				
0.1685	0.0018577				
0.16855	-0.00069066				
0.1686	-0.00069066				
0.16865	0.00440605				
0.1687	0.000583518				
0.16875	0.000583518				
0.1688	0.00313188				
0.16885	0.00313188				
0.1689	0.00313188				
0.16895	0.00568023				
0.169	0.00440605				
0.16905	0.00313188				
0.1691	0.000583518				
0.16915	-0.00196484				
0.1692	-0.00578737				
0.16925	-0.00323902				
0.1693	-0.00323902				
0.16935	-0.00323902				
0.1694	0.000583518				
0.16945	-0.00323902				
0.1695	-0.00706155				
0.16955	-0.00706155				
0.1696	-0.00706155				
0.16965	-0.0121583				
0.1697	-0.00706155				
0.16975	-0.0045132				
0.1698	-0.00578737				
0.16985	-0.00323902				
0.1699	-0.0045132				
0.16995	-0.00578737				
0.17	-0.00706155				
0.17005	-0.00706155				
0.1701	-0.00706155				
0.17015	-0.00323902				
0.1702	-0.00196484				
0.17025	-0.00069066				
0.1703	-0.00196484				
0.17035	-0.00323902				
0.1704	-0.00578737				
0.17045	-0.00578737				
0.1705	-0.00706155				
0.17055	-0.00833573				
0.1706	-0.0045132				
0.17065	-0.00578737				
0.1707	-0.00706155				
0.17075	-0.00706155				
0.1708	-0.00578737				
0.17085	-0.00960991				
0.1709	-0.00706155				
0.17095	-0.0121583				
0.171	-0.0121583				
0.17105	-0.00960991				
0.1711	-0.0108841				
0.17115	-0.00960991				
0.1712	-0.00706155				
0.17125	-0.00578737				
0.1713	-0.00578737				
0.17135	-0.00706155				
0.1714	-0.00960991				
0.17145	-0.00960991				
0.1715	-0.00960991				
0.17155	-0.00833573				
0.1716	-0.00578737				
0.17165	-0.0045132				
0.1717	-0.00578737				
0.17175	-0.00578737				
0.1718	-0.00706155				
0.17185	-0.00706155				
0.1719	-0.00833573				
0.17195	-0.00833573				
0.172	-0.00578737				
0.17205	-0.00196484				
0.1721	-0.00323902				
0.17215	-0.00706155				
0.1722	-0.0045132				
0.17225	-0.0045132				
0.1723	-0.00578737				
0.17235	-0.00578737				
0.1724	-0.00706155				
0.17245	-0.0045132				
0.1725	-0.00196484				
0.17255	-0.00196484				
0.1726	-0.00196484				
0.17265	-0.00323902				
0.1727	-0.00706155				
0.17275	-0.00578737				
0.1728	-0.00833573				
0.17285	-0.00706155				
0.1729	-0.00706155				
0.17295	-0.00706155				
0.173	-0.00960991				
0.17305	-0.00706155				
0.1731	-0.00706155				
0.17315	-0.00960991				
0.1732	-0.00960991				
0.17325	-0.00833573				
0.1733	-0.0121583				
0.17335	-0.0134324				
0.1734	-0.00960991				
0.17345	-0.0121583				
0.1735	-0.00706155				
0.17355	-0.00706155				
0.1736	-0.00960991				
0.17365	-0.00833573				
0.1737	-0.00833573				
0.17375	-0.00706155				
0.1738	-0.00833573				
0.17385	-0.0045132				
0.1739	-0.0045132				
0.17395	-0.00069066				
0.174	0.000583518				
0.17405	0.000583518				
0.1741	0.00313188				
0.17415	0.00440605				
0.1742	-0.00069066				
0.17425	0.00313188				
0.1743	0.00568023				
0.17435	0.00568023				
0.1744	0.00695441				
0.17445	0.00822859				
0.1745	0.0145995				
0.17455	0.0107769				
0.1746	0.00822859				
0.17465	0.00695441				
0.1747	0.00440605				
0.17475	0.00695441				
0.1748	0.00822859				
0.17485	0.00695441				
0.1749	0.00822859				
0.17495	0.00695441				
0.175	0.00568023				
0.17505	0.00313188				
0.1751	0.000583518				
0.17515	-0.00069066				
0.1752	0.00313188				
0.17525	0.00313188				
0.1753	0.00313188				
0.17535	0.00822859				
0.1754	0.00950277				
0.17545	0.00695441				
0.1755	0.00695441				
0.17555	0.00822859				
0.1756	0.00440605				
0.17565	0.00950277				
0.1757	0.0120511				
0.17575	0.0133253				
0.1758	0.0145995				
0.17585	0.0171478				
0.1759	0.0158737				
0.17595	0.0158737				
0.176	0.0145995				
0.17605	0.0133253				
0.1761	0.0133253				
0.17615	0.0171478				
0.1762	0.0158737				
0.17625	0.0158737				
0.1763	0.018422				
0.17635	0.0145995				
0.1764	0.00950277				
0.17645	0.0133253				
0.1765	0.00822859				
0.17655	0.00950277				
0.1766	0.00695441				
0.17665	0.00440605				
0.1767	0.00822859				
0.17675	0.00568023				
0.1768	0.000583518				
0.17685	0.0018577				
0.1769	0.00313188				
0.17695	0.000583518				
0.177	-0.00196484				
0.17705	-0.00069066				
0.1771	-0.00196484				
0.17715	0.000583518				
0.1772	0.000583518				
0.17725	-0.00196484				
0.1773	-0.00196484				
0.17735	-0.00196484				
0.1774	-0.00323902				
0.17745	0.000583518				
0.1775	0.000583518				
0.17755	0.000583518				
0.1776	0.00313188				
0.17765	0.00568023				
0.1777	0.00313188				
0.17775	0.00695441				
0.1778	0.00313188				
0.17785	0.00313188				
0.1779	0.00822859				
0.17795	0.00568023				
0.178	0.00822859				
0.17805	0.00695441				
0.1781	0.00822859				
0.17815	0.00950277				
0.1782	0.00695441				
0.17825	0.00440605				
0.1783	0.00568023				
0.17835	0.0018577				
0.1784	0.00568023				
0.17845	0.00313188				
0.1785	0.00313188				
0.17855	0.00695441				
0.1786	0.00568023				
0.17865	0.0018577				
0.1787	0.000583518				
0.17875	-0.00196484				
0.1788	-0.00578737				
0.17885	-0.00069066				
0.1789	0.000583518				
0.17895	0.0018577				
0.179	0.00313188				
0.17905	0.00313188				
0.1791	0.000583518				
0.17915	-0.00196484				
0.1792	-0.00196484				
0.17925	-0.00196484				
0.1793	-0.00196484				
0.17935	0.0018577				
0.1794	0.00313188				
0.17945	0.00313188				
0.1795	0.00313188				
0.17955	-0.00196484				
0.1796	-0.00196484				
0.17965	0.000583518				
0.1797	-0.00323902				
0.17975	-0.00196484				
0.1798	-0.00069066				
0.17985	-0.00196484				
0.1799	-0.00196484				
0.17995	-0.00069066				
0.18	0.000583518				
0.18005	-0.00196484				
0.1801	0.000583518				
0.18015	-0.00323902				
0.1802	-0.00323902				
0.18025	-0.00706155				
0.1803	-0.00706155				
0.18035	-0.0045132				
0.1804	-0.0045132				
0.18045	-0.0045132				
0.1805	-0.00833573				
0.18055	-0.00578737				
0.1806	-0.00706155				
0.18065	-0.00960991				
0.1807	-0.00960991				
0.18075	-0.00833573				
0.1808	-0.00578737				
0.18085	-0.00323902				
0.1809	-0.00196484				
0.18095	-0.00323902				
0.181	-0.00323902				
0.18105	-0.00196484				
0.1811	-0.00706155				
0.18115	-0.00706155				
0.1812	-0.00196484				
0.18125	-0.00196484				
0.1813	-0.00578737				
0.18135	-0.00069066				
0.1814	-0.00196484				
0.18145	-0.00323902				
0.1815	-0.00578737				
0.18155	-0.00706155				
0.1816	-0.00960991				
0.18165	-0.00833573				
0.1817	-0.00578737				
0.18175	-0.00706155				
0.1818	-0.00578737				
0.18185	-0.00323902				
0.1819	-0.00706155				
0.18195	-0.00960991				
0.182	-0.00960991				
0.18205	-0.0108841				
0.1821	-0.0108841				
0.18215	-0.00833573				
0.1822	-0.00706155				
0.18225	-0.00578737				
0.1823	-0.0045132				
0.18235	-0.00578737				
0.1824	-0.0108841				
0.18245	-0.00960991				
0.1825	-0.0134324				
0.18255	-0.0121583				
0.1826	-0.0121583				
0.18265	-0.0108841				
0.1827	-0.0121583				
0.18275	-0.0108841				
0.1828	-0.0121583				
0.18285	-0.0159808				
0.1829	-0.0198033				
0.18295	-0.0159808				
0.183	-0.0159808				
0.18305	-0.0159808				
0.1831	-0.0159808				
0.18315	-0.0147066				
0.1832	-0.0121583				
0.18325	-0.0121583				
0.1833	-0.0134324				
0.18335	-0.0147066				
0.1834	-0.0147066				
0.18345	-0.0121583				
0.1835	-0.00578737				
0.18355	-0.00706155				
0.1836	-0.00069066				
0.18365	-0.00069066				
0.1837	0.000583518				
0.18375	0.000583518				
0.1838	0.000583518				
0.18385	0.00440605				
0.1839	0.0018577				
0.18395	0.000583518				
0.184	0.00695441				
0.18405	0.00440605				
0.1841	0.00822859				
0.18415	0.00950277				
0.1842	0.0107769				
0.18425	0.00950277				
0.1843	0.00822859				
0.18435	0.00568023				
0.1844	0.0018577				
0.18445	0.000583518				
0.1845	0.00313188				
0.18455	0.0018577				
0.1846	0.0018577				
0.18465	0.000583518				
0.1847	-0.00196484				
0.18475	-0.00196484				
0.1848	-0.00323902				
0.18485	-0.00833573				
0.1849	-0.00960991				
0.18495	-0.00706155				
0.185	-0.0045132				
0.18505	-0.00196484				
0.1851	-0.00323902				
0.18515	-0.0045132				
0.1852	-0.00706155				
0.18525	-0.00323902				
0.1853	-0.00323902				
0.18535	-0.00323902				
0.1854	0.0018577				
0.18545	0.00313188				
0.1855	0.000583518				
0.18555	0.0018577				
0.1856	0.00313188				
0.18565	0.00440605				
0.1857	0.00440605				
0.18575	0.0018577				
0.1858	0.0018577				
0.18585	0.00568023				
0.1859	0.00440605				
0.18595	0.00695441				
0.186	0.00440605				
0.18605	0.00313188				
0.1861	0.00313188				
0.18615	0.0018577				
0.1862	0.000583518				
0.18625	-0.00196484				
0.1863	0.000583518				
0.18635	-0.00196484				
0.1864	-0.00069066				
0.18645	0.00440605				
0.1865	-0.00069066				
0.18655	-0.00069066				
0.1866	-0.00323902				
0.18665	-0.0045132				
0.1867	-0.00196484				
0.18675	-0.00196484				
0.1868	-0.00196484				
0.18685	-0.00196484				
0.1869	-0.00069066				
0.18695	0.000583518				
0.187	-0.00069066				
0.18705	0.000583518				
0.1871	-0.00196484				
0.18715	0.000583518				
0.1872	0.0018577				
0.18725	0.00822859				
0.1873	0.00822859				
0.18735	0.0107769				
0.1874	0.00950277				
0.18745	0.0107769				
0.1875	0.00950277				
0.18755	0.00950277				
0.1876	0.0107769				
0.18765	0.00822859				
0.1877	0.00822859				
0.18775	0.00950277				
0.1878	0.0107769				
0.18785	0.0120511				
0.1879	0.00695441				
0.18795	0.0107769				
0.188	0.00950277				
0.18805	0.00568023				
0.1881	0.00313188				
0.18815	0.00695441				
0.1882	0.00568023				
0.18825	0.00568023				
0.1883	0.00695441				
0.18835	0.00822859				
0.1884	0.00695441				
0.18845	0.00695441				
0.1885	0.0018577				
0.18855	0.000583518				
0.1886	0.000583518				
0.18865	0.00313188				
0.1887	0.00440605				
0.18875	0.00568023				
0.1888	0.00440605				
0.18885	0.0018577				
0.1889	0.000583518				
0.18895	-0.00196484				
0.189	-0.0045132				
0.18905	-0.0045132				
0.1891	0.0018577				
0.18915	0.0018577				
0.1892	0.000583518				
0.18925	0.00313188				
0.1893	-0.00069066				
0.18935	0.0018577				
0.1894	0.0018577				
0.18945	-0.00069066				
0.1895	0.000583518				
0.18955	0.00440605				
0.1896	0.00440605				
0.18965	0.00568023				
0.1897	0.00695441				
0.18975	0.00822859				
0.1898	0.00568023				
0.18985	0.00695441				
0.1899	0.00440605				
0.18995	0.00568023				
0.19	0.00568023				
0.19005	0.00568023				
0.1901	0.0107769				
0.19015	0.00695441				
0.1902	0.00822859				
0.19025	0.00822859				
0.1903	0.00440605				
0.19035	0.00440605				
0.1904	0.00568023				
0.19045	0.00313188				
0.1905	0.0018577				
0.19055	0.00313188				
0.1906	0.00695441				
0.19065	0.0107769				
0.1907	0.0120511				
0.19075	0.00950277				
0.1908	0.00695441				
0.19085	0.00822859				
0.1909	0.00822859				
0.19095	0.00695441				
0.191	0.0120511				
0.19105	0.0120511				
0.1911	0.0120511				
0.19115	0.0120511				
0.1912	0.0120511				
0.19125	0.0133253				
0.1913	0.0145995				
0.19135	0.00822859				
0.1914	0.00695441				
0.19145	0.0133253				
0.1915	0.0133253				
0.19155	0.0133253				
0.1916	0.0120511				
0.19165	0.0133253				
0.1917	0.00822859				
0.19175	0.00950277				
0.1918	0.00568023				
0.19185	0.0018577				
0.1919	0.0018577				
0.19195	0.00313188				
0.192	0.00313188				
0.19205	0.00695441				
0.1921	0.00695441				
0.19215	0.000583518				
0.1922	0.000583518				
0.19225	-0.00323902				
0.1923	-0.00323902				
0.19235	-0.00323902				
0.1924	-0.00323902				
0.19245	0.0018577				
0.1925	0.000583518				
0.19255	0.00313188				
0.1926	0.000583518				
0.19265	-0.00196484				
0.1927	-0.00069066				
0.19275	-0.00323902				
0.1928	0.000583518				
0.19285	0.000583518				
0.1929	0.00313188				
0.19295	0.00695441				
0.193	0.00313188				
0.19305	0.0018577				
0.1931	-0.00069066				
0.19315	-0.00196484				
0.1932	-0.00323902				
0.19325	-0.00196484				
0.1933	0.00313188				
0.19335	0.00313188				
0.1934	0.00440605				
0.19345	-0.00069066				
0.1935	-0.00069066				
0.19355	0.0018577				
0.1936	-0.00196484				
0.19365	-0.00196484				
0.1937	0.000583518				
0.19375	0.000583518				
0.1938	0.00695441				
0.19385	0.00440605				
0.1939	0.0018577				
0.19395	0.0018577				
0.194	0.00313188				
0.19405	0.000583518				
0.1941	-0.00323902				
0.19415	-0.00196484				
0.1942	-0.00196484				
0.19425	-0.00323902				
0.1943	-0.00578737				
0.19435	-0.0045132				
0.1944	-0.00578737				
0.19445	-0.00323902				
0.1945	-0.00960991				
0.19455	-0.0121583				
0.1946	-0.0134324				
0.19465	-0.0159808				
0.1947	-0.0121583				
0.19475	-0.0147066				
0.1948	-0.0147066				
0.19485	-0.0147066				
0.1949	-0.0134324				
0.19495	-0.0159808				
0.195	-0.0159808				
0.19505	-0.0159808				
0.1951	-0.017255				
0.19515	-0.00960991				
0.1952	-0.00960991				
0.19525	-0.00706155				
0.1953	-0.00196484				
0.19535	-0.00069066				
0.1954	-0.00069066				
0.19545	-0.00196484				
0.1955	-0.00323902				
0.19555	-0.00323902				
0.1956	0.0018577				
0.19565	0.000583518				
0.1957	0.00695441				
0.19575	0.00950277				
0.1958	0.00822859				
0.19585	0.00440605				
0.1959	0.0018577				
0.19595	-0.00196484				
0.196	-0.00196484				
0.19605	-0.00069066				
0.1961	-0.00323902				
0.19615	-0.00578737				
0.1962	-0.00323902				
0.19625	-0.00323902				
0.1963	-0.00706155				
0.19635	-0.00706155				
0.1964	-0.0147066				
0.19645	-0.0134324				
0.1965	-0.0108841				
0.19655	-0.0121583				
0.1966	-0.00960991				
0.19665	-0.0121583				
0.1967	-0.0134324				
0.19675	-0.00706155				
0.1968	-0.0108841				
0.19685	-0.00706155				
0.1969	-0.00833573				
0.19695	-0.00706155				
0.197	-0.00196484				
0.19705	-0.00069066				
0.1971	0.000583518				
0.19715	0.00313188				
0.1972	0.0018577				
0.19725	0.00313188				
0.1973	0.00440605				
0.19735	0.00440605				
0.1974	0.00440605				
0.19745	0.00313188				
0.1975	0.00568023				
0.19755	0.00440605				
0.1976	0.00695441				
0.19765	0.00695441				
0.1977	0.00568023				
0.19775	0.00313188				
0.1978	0.00313188				
0.19785	0.00440605				
0.1979	0.00440605				
0.19795	0.00313188				
0.198	0.00695441				
0.19805	0.00440605				
0.1981	0.00440605				
0.19815	0.00313188				
0.1982	0.000583518				
0.19825	-0.00069066				
0.1983	-0.00069066				
0.19835	0.00313188				
0.1984	0.0018577				
0.19845	-0.00069066				
0.1985	-0.00069066				
0.19855	-0.00069066				
0.1986	-0.00196484				
0.19865	-0.00196484				
0.1987	-0.00578737				
0.19875	-0.00323902				
0.1988	-0.00833573				
0.19885	-0.00833573				
0.1989	-0.00833573				
0.19895	-0.00706155				
0.199	-0.00578737				
0.19905	-0.0045132				
0.1991	-0.0045132				
0.19915	-0.00578737				
0.1992	-0.00578737				
0.19925	-0.00706155				
0.1993	-0.00578737				
0.19935	-0.00323902				
0.1994	-0.00196484				
0.19945	0.0018577				
0.1995	0.00313188				
0.19955	0.00313188				
0.1996	0.00695441				
0.19965	0.00313188				
0.1997	0.000583518				
0.19975	0.00313188				
0.1998	0.00568023				
0.19985	0.00695441				
0.1999	0.00440605				
0.19995	0.00950277				
