Time - soundlvl	Amplitude - soundlvl	Unnamed: 2	Unnamed: 3	Frequency (Hz) - soundlvl (Power Spectrum)	Amplitude - soundlvl (Power Spectrum)
0.0	0.790402			0.0	0.626693
5e-05	0.787851			5.0	0.311362
0.0001	0.787851			10.0	2.54255e-06
0.00015	0.790402			15.0	1.01919e-06
0.0002	0.787851			20.0	7.88558e-07
0.00025	0.792953			25.0	9.24869e-09
0.0003	0.795504			30.0	1.18097e-08
0.00035	0.795504			35.0	8.78222e-09
0.0004	0.78275			40.0	2.38306e-08
0.00045	0.787851			45.0	5.43942e-08
0.0005	0.7853			50.0	1.00716e-08
0.00055	0.790402			55.0	2.52486e-08
0.0006	0.7853			60.0	5.65458e-08
0.00065	0.790402			65.0	4.13999e-09
0.0007	0.7853			70.0	3.23475e-09
0.00075	0.798054			75.0	7.08303e-09
0.0008	0.790402			80.0	7.79359e-09
0.00085	0.790402			85.0	1.92826e-09
0.0009	0.78275			90.0	1.18737e-08
0.00095	0.7853			95.0	8.63644e-09
0.001	0.790402			100.0	1.08221e-08
0.00105	0.787851			105.0	1.20774e-09
0.0011	0.7853			110.0	1.14469e-08
0.00115	0.790402			115.0	2.03568e-08
0.0012	0.790402			120.0	2.13524e-08
0.00125	0.777648			125.0	1.5971e-08
0.0013	0.792953			130.0	1.75568e-08
0.00135	0.78275			135.0	2.30292e-08
0.0014	0.795504			140.0	1.87748e-08
0.00145	0.787851			145.0	7.19752e-09
0.0015	0.795504			150.0	5.60778e-10
0.00155	0.78275			155.0	7.34191e-09
0.0016	0.7853			160.0	3.29664e-09
0.00165	0.78275			165.0	7.9211e-09
0.0017	0.795504			170.0	4.81362e-09
0.00175	0.787851			175.0	2.12592e-08
0.0018	0.792953			180.0	1.34998e-08
0.00185	0.792953			185.0	1.45242e-08
0.0019	0.792953			190.0	2.86947e-08
0.00195	0.792953			195.0	1.34641e-08
0.002	0.787851			200.0	1.00945e-09
0.00205	0.787851			205.0	9.55244e-09
0.0021	0.780199			210.0	1.92367e-08
0.00215	0.792953			215.0	3.99202e-08
0.0022	0.780199			220.0	2.35487e-08
0.00225	0.790402			225.0	1.79191e-09
0.0023	0.790402			230.0	9.74e-09
0.00235	0.792953			235.0	1.78985e-08
0.0024	0.792953			240.0	1.19541e-08
0.00245	0.780199			245.0	3.26118e-09
0.0025	0.795504			250.0	1.03447e-09
0.00255	0.7853			255.0	6.21791e-09
0.0026	0.787851			260.0	1.92119e-08
0.00265	0.792953			265.0	2.65148e-08
0.0027	0.78275			270.0	6.46647e-10
0.00275	0.795504			275.0	1.11917e-08
0.0028	0.78275			280.0	1.27503e-09
0.00285	0.780199			285.0	9.50662e-09
0.0029	0.787851			290.0	9.93541e-09
0.00295	0.78275			295.0	1.59296e-08
0.003	0.792953			300.0	9.63732e-09
0.00305	0.7853			305.0	3.96567e-09
0.0031	0.792953			310.0	3.24787e-09
0.00315	0.780199			315.0	3.17315e-09
0.0032	0.792953			320.0	1.22116e-09
0.00325	0.792953			325.0	5.47242e-09
0.0033	0.787851			330.0	6.87174e-10
0.00335	0.795504			335.0	1.56717e-08
0.0034	0.787851			340.0	1.77708e-08
0.00345	0.792953			345.0	1.36999e-08
0.0035	0.792953			350.0	7.8475e-09
0.00355	0.792953			355.0	1.47385e-09
0.0036	0.7853			360.0	2.82355e-09
0.00365	0.787851			365.0	5.0824e-10
0.0037	0.790402			370.0	1.52328e-09
0.00375	0.790402			375.0	1.73175e-09
0.0038	0.772546			380.0	1.56824e-08
0.00385	0.787851			385.0	1.6585e-08
0.0039	0.787851			390.0	6.78873e-09
0.00395	0.78275			395.0	3.33617e-08
0.004	0.795504			400.0	3.05164e-08
0.00405	0.78275			405.0	2.2328e-08
0.0041	0.787851			410.0	1.08229e-08
0.00415	0.7853			415.0	6.45273e-11
0.0042	0.792953			420.0	2.7642e-09
0.00425	0.792953			425.0	1.04277e-09
0.0043	0.803156			430.0	2.38623e-08
0.00435	0.800605			435.0	5.12793e-08
0.0044	0.803156			440.0	4.47571e-08
0.00445	0.787851			445.0	2.45585e-08
0.0045	0.795504			450.0	1.156e-08
0.00455	0.787851			455.0	3.06607e-09
0.0046	0.78275			460.0	4.33929e-09
0.00465	0.790402			465.0	3.81368e-09
0.0047	0.795504			470.0	3.37348e-10
0.00475	0.790402			475.0	5.0024e-09
0.0048	0.792953			480.0	1.313e-08
0.00485	0.78275			485.0	8.07211e-09
0.0049	0.787851			490.0	1.73567e-08
0.00495	0.792953			495.0	5.80638e-08
0.005	0.780199			500.0	9.72233e-09
0.00505	0.777648			505.0	4.41662e-09
0.0051	0.787851			510.0	1.82715e-08
0.00515	0.78275			515.0	2.2251e-08
0.0052	0.787851			520.0	1.36804e-08
0.00525	0.792953			525.0	3.85617e-09
0.0053	0.78275			530.0	2.7289e-09
0.00535	0.787851			535.0	1.29394e-08
0.0054	0.790402			540.0	1.97843e-09
0.00545	0.790402			545.0	6.03274e-09
0.0055	0.803156			550.0	6.1468e-09
0.00555	0.792953			555.0	1.06987e-09
0.0056	0.790402			560.0	1.7058e-09
0.00565	0.792953			565.0	6.05118e-10
0.0057	0.792953			570.0	1.50263e-09
0.00575	0.787851			575.0	1.10368e-10
0.0058	0.792953			580.0	6.74151e-10
0.00585	0.7853			585.0	1.50105e-09
0.0059	0.787851			590.0	7.70742e-09
0.00595	0.795504			595.0	8.60873e-10
0.006	0.7853			600.0	2.93391e-09
0.00605	0.787851			605.0	1.25856e-08
0.0061	0.798054			610.0	8.94798e-09
0.00615	0.7853			615.0	2.62148e-09
0.0062	0.792953			620.0	1.89458e-08
0.00625	0.790402			625.0	2.06623e-08
0.0063	0.78275			630.0	2.1004e-08
0.00635	0.787851			635.0	1.54359e-08
0.0064	0.790402			640.0	6.09624e-10
0.00645	0.787851			645.0	2.69387e-08
0.0065	0.780199			650.0	2.04971e-08
0.00655	0.795504			655.0	7.50936e-09
0.0066	0.795504			660.0	7.46117e-09
0.00665	0.790402			665.0	5.26357e-09
0.0067	0.792953			670.0	3.82108e-09
0.00675	0.792953			675.0	1.47827e-08
0.0068	0.790402			680.0	2.04394e-08
0.00685	0.795504			685.0	5.89238e-08
0.0069	0.792953			690.0	5.05979e-08
0.00695	0.7853			695.0	3.99685e-09
0.007	0.800605			700.0	1.52067e-09
0.00705	0.792953			705.0	2.98625e-09
0.0071	0.78275			710.0	7.15779e-09
0.00715	0.795504			715.0	1.63375e-08
0.0072	0.787851			720.0	1.15303e-08
0.00725	0.78275			725.0	1.13069e-08
0.0073	0.792953			730.0	1.03342e-08
0.00735	0.792953			735.0	3.21091e-09
0.0074	0.7853			740.0	3.09677e-08
0.00745	0.798054			745.0	1.355e-08
0.0075	0.798054			750.0	2.22351e-08
0.00755	0.787851			755.0	2.28424e-08
0.0076	0.792953			760.0	9.03763e-09
0.00765	0.78275			765.0	1.99393e-08
0.0077	0.787851			770.0	3.65469e-08
0.00775	0.792953			775.0	2.26249e-08
0.0078	0.798054			780.0	5.85434e-09
0.00785	0.798054			785.0	3.6762e-09
0.0079	0.787851			790.0	9.30808e-09
0.00795	0.792953			795.0	4.10147e-08
0.008	0.790402			800.0	2.27619e-08
0.00805	0.78275			805.0	1.47275e-08
0.0081	0.790402			810.0	3.72625e-08
0.00815	0.798054			815.0	3.1609e-08
0.0082	0.792953			820.0	6.28664e-09
0.00825	0.792953			825.0	7.04802e-09
0.0083	0.792953			830.0	2.40846e-09
0.00835	0.78275			835.0	2.53865e-09
0.0084	0.792953			840.0	1.92995e-08
0.00845	0.798054			845.0	2.04499e-08
0.0085	0.792953			850.0	9.13572e-09
0.00855	0.792953			855.0	1.21198e-10
0.0086	0.800605			860.0	1.28727e-08
0.00865	0.790402			865.0	3.43302e-08
0.0087	0.78275			870.0	9.29255e-08
0.00875	0.787851			875.0	2.60164e-08
0.0088	0.798054			880.0	9.49615e-10
0.00885	0.795504			885.0	3.97698e-09
0.0089	0.787851			890.0	1.1283e-08
0.00895	0.795504			895.0	8.36435e-09
0.009	0.790402			900.0	4.43613e-09
0.00905	0.7853			905.0	4.49446e-09
0.0091	0.792953			910.0	9.49991e-09
0.00915	0.798054			915.0	1.94428e-08
0.0092	0.78275			920.0	3.77803e-08
0.00925	0.790402			925.0	5.99475e-09
0.0093	0.795504			930.0	1.7723e-09
0.00935	0.792953			935.0	3.4596e-10
0.0094	0.790402			940.0	8.94165e-10
0.00945	0.790402			945.0	1.01208e-08
0.0095	0.795504			950.0	1.55e-08
0.00955	0.792953			955.0	8.24315e-09
0.0096	0.787851			960.0	8.05216e-09
0.00965	0.792953			965.0	4.71324e-09
0.0097	0.798054			970.0	5.30477e-09
0.00975	0.787851			975.0	5.93844e-09
0.0098	0.798054			980.0	8.21129e-09
0.00985	0.792953			985.0	1.2029e-08
0.0099	0.792953			990.0	8.37088e-09
0.00995	0.78275			995.0	1.21474e-08
0.01	0.790402			1000.0	7.5181e-09
0.01005	0.808258			1005.0	3.69962e-08
0.0101	0.790402			1010.0	5.17348e-09
0.01015	0.795504			1015.0	3.16287e-08
0.0102	0.795504			1020.0	9.69494e-09
0.01025	0.800605			1025.0	6.56007e-10
0.0103	0.790402			1030.0	1.30438e-08
0.01035	0.787851			1035.0	6.20804e-08
0.0104	0.798054			1040.0	6.31781e-08
0.01045	0.795504			1045.0	2.58452e-08
0.0105	0.790402			1050.0	1.00158e-10
0.01055	0.792953			1055.0	1.89074e-09
0.0106	0.790402			1060.0	2.28858e-09
0.01065	0.792953			1065.0	8.28211e-10
0.0107	0.790402			1070.0	3.1174e-09
0.01075	0.790402			1075.0	2.55487e-09
0.0108	0.800605			1080.0	3.52237e-11
0.01085	0.7853			1085.0	6.89763e-09
0.0109	0.795504			1090.0	1.88132e-08
0.01095	0.787851			1095.0	7.87438e-09
0.011	0.795504			1100.0	2.93694e-09
0.01105	0.7853			1105.0	6.03072e-10
0.0111	0.790402			1110.0	2.04672e-09
0.01115	0.7853			1115.0	2.49798e-08
0.0112	0.792953			1120.0	4.66576e-08
0.01125	0.78275			1125.0	6.25736e-08
0.0113	0.790402			1130.0	3.74601e-08
0.01135	0.795504			1135.0	2.9246e-08
0.0114	0.792953			1140.0	8.4283e-09
0.01145	0.7853			1145.0	1.0056e-08
0.0115	0.787851			1150.0	4.13926e-08
0.01155	0.792953			1155.0	4.78413e-08
0.0116	0.792953			1160.0	2.50997e-08
0.01165	0.792953			1165.0	6.72772e-09
0.0117	0.798054			1170.0	3.55623e-09
0.01175	0.798054			1175.0	1.39745e-09
0.0118	0.795504			1180.0	1.79146e-09
0.01185	0.787851			1185.0	1.4443e-08
0.0119	0.792953			1190.0	5.38234e-09
0.01195	0.795504			1195.0	1.3057e-08
0.012	0.795504			1200.0	1.01558e-08
0.01205	0.792953			1205.0	9.98703e-09
0.0121	0.798054			1210.0	2.91349e-08
0.01215	0.798054			1215.0	2.30216e-08
0.0122	0.790402			1220.0	3.22175e-09
0.01225	0.7853			1225.0	1.55841e-08
0.0123	0.795504			1230.0	1.26771e-08
0.01235	0.795504			1235.0	3.78435e-08
0.0124	0.792953			1240.0	2.01455e-08
0.01245	0.795504			1245.0	4.03884e-09
0.0125	0.792953			1250.0	3.52077e-09
0.01255	0.792953			1255.0	5.32668e-09
0.0126	0.790402			1260.0	1.59982e-09
0.01265	0.7853			1265.0	7.26504e-09
0.0127	0.792953			1270.0	4.17804e-08
0.01275	0.798054			1275.0	2.26831e-08
0.0128	0.798054			1280.0	8.82466e-09
0.01285	0.792953			1285.0	3.32881e-08
0.0129	0.792953			1290.0	1.85144e-08
0.01295	0.795504			1295.0	5.73815e-08
0.013	0.800605			1300.0	3.11616e-08
0.01305	0.798054			1305.0	1.30042e-09
0.0131	0.7853			1310.0	7.34016e-10
0.01315	0.795504			1315.0	5.8157e-09
0.0132	0.795504			1320.0	1.36806e-09
0.01325	0.792953			1325.0	9.59869e-09
0.0133	0.777648			1330.0	2.98524e-08
0.01335	0.790402			1335.0	1.30783e-08
0.0134	0.795504			1340.0	1.52101e-08
0.01345	0.800605			1345.0	2.00299e-08
0.0135	0.795504			1350.0	1.3069e-08
0.01355	0.795504			1355.0	4.53945e-09
0.0136	0.800605			1360.0	1.00277e-09
0.01365	0.790402			1365.0	6.77122e-09
0.0137	0.787851			1370.0	3.8951e-09
0.01375	0.787851			1375.0	8.52293e-10
0.0138	0.792953			1380.0	1.93263e-09
0.01385	0.792953			1385.0	1.8557e-08
0.0139	0.805707			1390.0	3.85498e-08
0.01395	0.787851			1395.0	1.10036e-08
0.014	0.798054			1400.0	1.61032e-08
0.01405	0.792953			1405.0	2.49338e-08
0.0141	0.7853			1410.0	1.18636e-08
0.01415	0.7853			1415.0	5.37859e-08
0.0142	0.792953			1420.0	3.79731e-08
0.01425	0.798054			1425.0	1.65051e-09
0.0143	0.803156			1430.0	1.31948e-09
0.01435	0.792953			1435.0	7.19914e-09
0.0144	0.790402			1440.0	6.26509e-09
0.01445	0.795504			1445.0	3.07391e-09
0.0145	0.798054			1450.0	1.25017e-09
0.01455	0.798054			1455.0	2.79393e-09
0.0146	0.780199			1460.0	5.4375e-09
0.01465	0.792953			1465.0	1.58021e-08
0.0147	0.795504			1470.0	3.20201e-08
0.01475	0.803156			1475.0	6.22063e-08
0.0148	0.798054			1480.0	4.12291e-08
0.01485	0.790402			1485.0	6.63258e-09
0.0149	0.792953			1490.0	2.87953e-08
0.01495	0.792953			1495.0	4.89108e-08
0.015	0.787851			1500.0	1.85955e-08
0.01505	0.790402			1505.0	8.60077e-10
0.0151	0.790402			1510.0	1.22261e-09
0.01515	0.800605			1515.0	8.25742e-09
0.0152	0.798054			1520.0	2.93357e-08
0.01525	0.792953			1525.0	1.71352e-08
0.0153	0.7853			1530.0	4.44962e-09
0.01535	0.792953			1535.0	1.57194e-09
0.0154	0.790402			1540.0	3.14817e-09
0.01545	0.795504			1545.0	1.68912e-08
0.0155	0.787851			1550.0	1.51395e-08
0.01555	0.795504			1555.0	1.28171e-08
0.0156	0.795504			1560.0	1.04423e-08
0.01565	0.798054			1565.0	1.27536e-08
0.0157	0.790402			1570.0	4.07269e-09
0.01575	0.787851			1575.0	1.41938e-08
0.0158	0.790402			1580.0	7.32072e-09
0.01585	0.798054			1585.0	5.43753e-09
0.0159	0.792953			1590.0	7.74382e-09
0.01595	0.787851			1595.0	9.97327e-09
0.016	0.792953			1600.0	1.17932e-08
0.01605	0.805707			1605.0	6.90954e-12
0.0161	0.800605			1610.0	1.56488e-08
0.01615	0.795504			1615.0	2.45308e-08
0.0162	0.792953			1620.0	7.33824e-09
0.01625	0.798054			1625.0	6.43712e-09
0.0163	0.800605			1630.0	1.83279e-08
0.01635	0.792953			1635.0	3.24888e-08
0.0164	0.792953			1640.0	1.46808e-08
0.01645	0.790402			1645.0	3.54286e-09
0.0165	0.792953			1650.0	2.62886e-08
0.01655	0.800605			1655.0	1.31595e-08
0.0166	0.792953			1660.0	3.92588e-09
0.01665	0.790402			1665.0	6.60384e-09
0.0167	0.792953			1670.0	7.04555e-09
0.01675	0.798054			1675.0	4.35408e-09
0.0168	0.798054			1680.0	7.62875e-09
0.01685	0.792953			1685.0	1.44514e-08
0.0169	0.792953			1690.0	6.35104e-09
0.01695	0.803156			1695.0	5.78837e-09
0.017	0.803156			1700.0	2.44179e-08
0.01705	0.803156			1705.0	2.28284e-08
0.0171	0.792953			1710.0	1.35349e-08
0.01715	0.792953			1715.0	1.24665e-08
0.0172	0.800605			1720.0	1.95734e-08
0.01725	0.800605			1725.0	9.62302e-09
0.0173	0.792953			1730.0	1.77668e-08
0.01735	0.798054			1735.0	1.9901e-08
0.0174	0.790402			1740.0	1.86812e-08
0.01745	0.795504			1745.0	4.30322e-09
0.0175	0.805707			1750.0	7.39245e-09
0.01755	0.792953			1755.0	2.31008e-08
0.0176	0.790402			1760.0	2.55343e-08
0.01765	0.792953			1765.0	3.36898e-08
0.0177	0.792953			1770.0	3.2348e-08
0.01775	0.803156			1775.0	2.82351e-09
0.0178	0.795504			1780.0	9.83721e-10
0.01785	0.792953			1785.0	3.87964e-09
0.0179	0.792953			1790.0	2.97882e-09
0.01795	0.795504			1795.0	1.61894e-08
0.018	0.800605			1800.0	9.71811e-09
0.01805	0.792953			1805.0	2.82305e-08
0.0181	0.792953			1810.0	4.03257e-08
0.01815	0.787851			1815.0	7.77094e-09
0.0182	0.795504			1820.0	1.04081e-08
0.01825	0.795504			1825.0	1.38452e-08
0.0183	0.792953			1830.0	1.58435e-08
0.01835	0.790402			1835.0	8.01887e-09
0.0184	0.790402			1840.0	3.95137e-09
0.01845	0.800605			1845.0	1.346e-08
0.0185	0.800605			1850.0	1.99279e-08
0.01855	0.795504			1855.0	2.47132e-08
0.0186	0.795504			1860.0	3.24336e-08
0.01865	0.790402			1865.0	1.66672e-08
0.0187	0.795504			1870.0	4.62079e-09
0.01875	0.800605			1875.0	4.86433e-09
0.0188	0.795504			1880.0	7.15596e-09
0.01885	0.792953			1885.0	1.15207e-09
0.0189	0.798054			1890.0	2.44398e-09
0.01895	0.792953			1895.0	9.32438e-09
0.019	0.800605			1900.0	8.73697e-09
0.01905	0.787851			1905.0	4.49366e-09
0.0191	0.792953			1910.0	1.19041e-09
0.01915	0.790402			1915.0	2.49449e-09
0.0192	0.792953			1920.0	6.67408e-09
0.01925	0.803156			1925.0	6.35223e-09
0.0193	0.800605			1930.0	7.86739e-09
0.01935	0.798054			1935.0	2.84346e-08
0.0194	0.792953			1940.0	2.09707e-08
0.01945	0.795504			1945.0	1.02647e-08
0.0195	0.795504			1950.0	2.23667e-09
0.01955	0.790402			1955.0	6.37161e-09
0.0196	0.795504			1960.0	4.7092e-09
0.01965	0.792953			1965.0	8.07899e-10
0.0197	0.787851			1970.0	3.89393e-09
0.01975	0.787851			1975.0	3.12537e-09
0.0198	0.792953			1980.0	2.25213e-10
0.01985	0.790402			1985.0	6.49994e-09
0.0199	0.790402			1990.0	2.49522e-08
0.01995	0.792953			1995.0	5.00587e-08
0.02	0.810808			2000.0	3.17428e-08
0.02005	0.808258			2005.0	1.44598e-08
0.0201	0.805707			2010.0	1.77411e-08
0.02015	0.795504			2015.0	7.58274e-09
0.0202	0.792953			2020.0	3.83311e-09
0.02025	0.798054			2025.0	3.23324e-09
0.0203	0.798054			2030.0	3.13099e-09
0.02035	0.810808			2035.0	1.00946e-08
0.0204	0.800605			2040.0	7.88385e-11
0.02045	0.792953			2045.0	1.10704e-08
0.0205	0.800605			2050.0	3.12047e-08
0.02055	0.808258			2055.0	3.39336e-09
0.0206	0.800605			2060.0	4.59885e-08
0.02065	0.795504			2065.0	5.53875e-09
0.0207	0.787851			2070.0	7.61029e-09
0.02075	0.790402			2075.0	5.21532e-09
0.0208	0.795504			2080.0	3.01094e-09
0.02085	0.798054			2085.0	8.50129e-10
0.0209	0.798054			2090.0	4.67681e-09
0.02095	0.798054			2095.0	1.93663e-09
0.021	0.790402			2100.0	4.81886e-09
0.02105	0.792953			2105.0	2.69548e-08
0.0211	0.792953			2110.0	7.18763e-08
0.02115	0.790402			2115.0	6.68205e-08
0.0212	0.800605			2120.0	3.74578e-08
0.02125	0.792953			2125.0	7.5256e-08
0.0213	0.798054			2130.0	6.57647e-08
0.02135	0.800605			2135.0	1.50179e-07
0.0214	0.808258			2140.0	3.43445e-07
0.02145	0.803156			2145.0	6.02631e-07
0.0215	0.800605			2150.0	8.8034e-07
0.02155	0.792953			2155.0	4.03762e-07
0.0216	0.792953			2160.0	1.45249e-07
0.02165	0.800605			2165.0	8.54226e-08
0.0217	0.808258			2170.0	3.95783e-08
0.02175	0.808258			2175.0	2.44993e-07
0.0218	0.798054			2180.0	4.10421e-07
0.02185	0.792953			2185.0	9.6878e-08
0.0219	0.795504			2190.0	2.91854e-08
0.02195	0.805707			2195.0	6.00019e-08
0.022	0.792953			2200.0	8.48589e-07
0.02205	0.78275			2205.0	1.36845e-06
0.0221	0.787851			2210.0	1.34296e-06
0.02215	0.795504			2215.0	1.25658e-06
0.0222	0.805707			2220.0	7.62529e-07
0.02225	0.795504			2225.0	2.82504e-07
0.0223	0.795504			2230.0	2.26358e-08
0.02235	0.78275			2235.0	8.73474e-09
0.0224	0.792953			2240.0	7.16362e-08
0.02245	0.795504			2245.0	1.20736e-07
0.0225	0.800605			2250.0	7.20864e-08
0.02255	0.803156			2255.0	3.99684e-08
0.0226	0.800605			2260.0	1.1444e-07
0.02265	0.7853			2265.0	1.6497e-07
0.0227	0.792953			2270.0	1.44737e-08
0.02275	0.790402			2275.0	9.93894e-08
0.0228	0.803156			2280.0	1.29523e-07
0.02285	0.790402			2285.0	2.61385e-07
0.0229	0.800605			2290.0	8.35347e-08
0.02295	0.790402			2295.0	2.0886e-08
0.023	0.800605			2300.0	2.41712e-08
0.02305	0.795504			2305.0	1.65551e-07
0.0231	0.795504			2310.0	1.33452e-07
0.02315	0.795504			2315.0	3.68597e-08
0.0232	0.790402			2320.0	3.23155e-08
0.02325	0.790402			2325.0	1.52604e-07
0.0233	0.792953			2330.0	4.6742e-08
0.02335	0.790402			2335.0	1.19252e-08
0.0234	0.803156			2340.0	1.17892e-08
0.02345	0.798054			2345.0	6.76995e-08
0.0235	0.790402			2350.0	1.80647e-08
0.02355	0.790402			2355.0	2.34426e-08
0.0236	0.795504			2360.0	1.66404e-08
0.02365	0.803156			2365.0	1.13304e-08
0.0237	0.803156			2370.0	4.14724e-08
0.02375	0.795504			2375.0	1.19507e-08
0.0238	0.795504			2380.0	1.39506e-08
0.02385	0.792953			2385.0	1.61119e-08
0.0239	0.792953			2390.0	1.6864e-08
0.02395	0.800605			2395.0	1.00556e-08
0.024	0.800605			2400.0	4.64038e-08
0.02405	0.805707			2405.0	7.72205e-08
0.0241	0.798054			2410.0	3.33378e-08
0.02415	0.792953			2415.0	2.05526e-08
0.0242	0.792953			2420.0	3.16885e-08
0.02425	0.795504			2425.0	1.4847e-07
0.0243	0.795504			2430.0	6.19524e-08
0.02435	0.792953			2435.0	8.55719e-08
0.0244	0.790402			2440.0	2.47652e-07
0.02445	0.787851			2445.0	1.51321e-08
0.0245	0.790402			2450.0	1.42863e-07
0.02455	0.803156			2455.0	2.95181e-07
0.0246	0.800605			2460.0	8.52901e-08
0.02465	0.790402			2465.0	5.90408e-08
0.0247	0.795504			2470.0	1.51546e-11
0.02475	0.792953			2475.0	3.78384e-08
0.0248	0.795504			2480.0	1.60363e-08
0.02485	0.808258			2485.0	1.38091e-08
0.0249	0.798054			2490.0	5.4402e-07
0.02495	0.798054			2495.0	6.69637e-07
0.025	0.792953			2500.0	4.74591e-09
0.02505	0.792953			2505.0	6.7335e-08
0.0251	0.803156			2510.0	5.05368e-09
0.02515	0.790402			2515.0	8.7157e-09
0.0252	0.800605			2520.0	5.7978e-08
0.02525	0.803156			2525.0	6.51883e-08
0.0253	0.795504			2530.0	9.37814e-09
0.02535	0.790402			2535.0	9.25728e-08
0.0254	0.800605			2540.0	5.50157e-09
0.02545	0.790402			2545.0	6.99116e-08
0.0255	0.800605			2550.0	1.82719e-08
0.02555	0.792953			2555.0	4.05042e-08
0.0256	0.795504			2560.0	1.81827e-08
0.02565	0.787851			2565.0	1.46294e-08
0.0257	0.795504			2570.0	1.45978e-08
0.02575	0.798054			2575.0	6.26714e-08
0.0258	0.800605			2580.0	1.19131e-08
0.02585	0.798054			2585.0	2.13519e-08
0.0259	0.792953			2590.0	6.95e-09
0.02595	0.795504			2595.0	1.23323e-09
0.026	0.792953			2600.0	1.38747e-08
0.02605	0.795504			2605.0	3.5845e-08
0.0261	0.798054			2610.0	3.01893e-08
0.02615	0.800605			2615.0	1.55858e-08
0.0262	0.800605			2620.0	1.22683e-08
0.02625	0.795504			2625.0	3.07938e-08
0.0263	0.792953			2630.0	1.39471e-07
0.02635	0.795504			2635.0	2.38004e-08
0.0264	0.798054			2640.0	6.14135e-09
0.02645	0.808258			2645.0	3.56976e-09
0.0265	0.795504			2650.0	2.98554e-08
0.02655	0.798054			2655.0	7.75246e-08
0.0266	0.787851			2660.0	5.01129e-08
0.02665	0.792953			2665.0	5.72429e-08
0.0267	0.795504			2670.0	1.08995e-08
0.02675	0.800605			2675.0	8.10092e-09
0.0268	0.798054			2680.0	9.78045e-09
0.02685	0.795504			2685.0	3.70319e-09
0.0269	0.787851			2690.0	6.51962e-09
0.02695	0.798054			2695.0	1.66883e-08
0.027	0.795504			2700.0	2.76722e-10
0.02705	0.803156			2705.0	1.88552e-08
0.0271	0.803156			2710.0	5.05076e-08
0.02715	0.800605			2715.0	6.27099e-09
0.0272	0.78275			2720.0	1.25438e-08
0.02725	0.795504			2725.0	2.28049e-09
0.0273	0.792953			2730.0	8.65552e-09
0.02735	0.790402			2735.0	6.53545e-09
0.0274	0.805707			2740.0	4.47022e-08
0.02745	0.798054			2745.0	3.92601e-08
0.0275	0.805707			2750.0	2.05353e-09
0.02755	0.792953			2755.0	2.32844e-08
0.0276	0.798054			2760.0	1.37204e-08
0.02765	0.787851			2765.0	9.99623e-09
0.0277	0.803156			2770.0	4.33813e-08
0.02775	0.798054			2775.0	4.70982e-08
0.0278	0.792953			2780.0	5.3834e-09
0.02785	0.792953			2785.0	2.1191e-09
0.0279	0.800605			2790.0	2.81925e-08
0.02795	0.800605			2795.0	6.61924e-08
0.028	0.795504			2800.0	9.64632e-09
0.02805	0.798054			2805.0	1.82687e-08
0.0281	0.792953			2810.0	9.81751e-09
0.02815	0.792953			2815.0	2.64754e-09
0.0282	0.795504			2820.0	8.75522e-09
0.02825	0.795504			2825.0	3.90455e-08
0.0283	0.800605			2830.0	6.53073e-10
0.02835	0.808258			2835.0	1.69092e-08
0.0284	0.795504			2840.0	2.57855e-09
0.02845	0.795504			2845.0	1.83843e-08
0.0285	0.792953			2850.0	6.95448e-08
0.02855	0.78275			2855.0	6.85092e-08
0.0286	0.795504			2860.0	5.99666e-09
0.02865	0.800605			2865.0	3.84098e-08
0.0287	0.803156			2870.0	5.73193e-09
0.02875	0.800605			2875.0	2.85345e-08
0.0288	0.800605			2880.0	4.29704e-09
0.02885	0.790402			2885.0	2.75892e-08
0.0289	0.792953			2890.0	2.77412e-08
0.02895	0.787851			2895.0	2.17834e-08
0.029	0.803156			2900.0	4.2132e-08
0.02905	0.800605			2905.0	2.62842e-08
0.0291	0.795504			2910.0	2.14055e-08
0.02915	0.795504			2915.0	7.09195e-08
0.0292	0.790402			2920.0	1.58335e-08
0.02925	0.798054			2925.0	7.82227e-09
0.0293	0.792953			2930.0	3.28098e-08
0.02935	0.800605			2935.0	5.09115e-08
0.0294	0.800605			2940.0	1.27505e-08
0.02945	0.798054			2945.0	5.08519e-08
0.0295	0.795504			2950.0	4.22087e-08
0.02955	0.795504			2955.0	3.10498e-09
0.0296	0.800605			2960.0	1.4925e-08
0.02965	0.810808			2965.0	1.93378e-08
0.0297	0.800605			2970.0	4.15993e-09
0.02975	0.800605			2975.0	1.1249e-08
0.0298	0.792953			2980.0	1.66785e-08
0.02985	0.792953			2985.0	7.49241e-10
0.0299	0.792953			2990.0	8.97359e-09
0.02995	0.792953			2995.0	1.47959e-08
0.03	0.808258			3000.0	1.25155e-09
0.03005	0.798054			3005.0	7.29389e-09
0.0301	0.798054			3010.0	7.33163e-09
0.03015	0.795504			3015.0	4.67701e-08
0.0302	0.78275			3020.0	3.14213e-08
0.03025	0.798054			3025.0	1.40259e-08
0.0303	0.798054			3030.0	1.09386e-09
0.03035	0.803156			3035.0	2.79566e-08
0.0304	0.805707			3040.0	4.36123e-08
0.03045	0.798054			3045.0	9.81646e-09
0.0305	0.790402			3050.0	1.96817e-09
0.03055	0.795504			3055.0	1.05873e-09
0.0306	0.790402			3060.0	1.1935e-08
0.03065	0.795504			3065.0	4.01192e-09
0.0307	0.803156			3070.0	1.92085e-08
0.03075	0.800605			3075.0	4.9861e-11
0.0308	0.803156			3080.0	3.83261e-10
0.03085	0.792953			3085.0	3.27499e-09
0.0309	0.792953			3090.0	2.14787e-08
0.03095	0.792953			3095.0	4.0231e-08
0.031	0.798054			3100.0	7.8221e-09
0.03105	0.800605			3105.0	9.93799e-09
0.0311	0.792953			3110.0	5.60905e-09
0.03115	0.803156			3115.0	1.14083e-10
0.0312	0.790402			3120.0	5.6344e-10
0.03125	0.800605			3125.0	6.29726e-09
0.0313	0.803156			3130.0	9.30506e-10
0.03135	0.800605			3135.0	3.78201e-10
0.0314	0.795504			3140.0	1.45367e-09
0.03145	0.795504			3145.0	9.24825e-09
0.0315	0.792953			3150.0	6.05568e-09
0.03155	0.787851			3155.0	1.58577e-08
0.0316	0.798054			3160.0	1.9483e-08
0.03165	0.800605			3165.0	1.30844e-08
0.0317	0.800605			3170.0	2.17761e-08
0.03175	0.803156			3175.0	1.37714e-08
0.0318	0.792953			3180.0	2.08405e-09
0.03185	0.792953			3185.0	1.98537e-08
0.0319	0.792953			3190.0	5.05786e-08
0.03195	0.798054			3195.0	2.87469e-09
0.032	0.800605			3200.0	7.70324e-09
0.03205	0.805707			3205.0	5.80655e-09
0.0321	0.800605			3210.0	6.66024e-09
0.03215	0.792953			3215.0	2.66895e-10
0.0322	0.800605			3220.0	2.24391e-09
0.03225	0.795504			3225.0	1.31333e-08
0.0323	0.792953			3230.0	4.94045e-09
0.03235	0.798054			3235.0	1.13943e-08
0.0324	0.803156			3240.0	1.60928e-08
0.03245	0.795504			3245.0	2.99261e-08
0.0325	0.800605			3250.0	8.82133e-09
0.03255	0.792953			3255.0	8.21342e-09
0.0326	0.7853			3260.0	1.00508e-08
0.03265	0.792953			3265.0	2.53105e-08
0.0327	0.800605			3270.0	1.70451e-08
0.03275	0.803156			3275.0	1.16592e-08
0.0328	0.792953			3280.0	3.38614e-08
0.03285	0.800605			3285.0	1.54289e-08
0.0329	0.792953			3290.0	7.78088e-09
0.03295	0.787851			3295.0	3.03295e-09
0.033	0.792953			3300.0	7.17346e-09
0.03305	0.800605			3305.0	2.84935e-10
0.0331	0.803156			3310.0	5.58449e-09
0.03315	0.792953			3315.0	2.18665e-08
0.0332	0.795504			3320.0	3.43172e-08
0.03325	0.790402			3325.0	1.99418e-08
0.0333	0.795504			3330.0	1.75004e-08
0.03335	0.795504			3335.0	2.20372e-08
0.0334	0.803156			3340.0	1.88628e-08
0.03345	0.798054			3345.0	1.25019e-08
0.0335	0.792953			3350.0	1.28655e-08
0.03355	0.795504			3355.0	1.11642e-08
0.0336	0.787851			3360.0	3.43076e-08
0.03365	0.795504			3365.0	4.04618e-08
0.0337	0.795504			3370.0	2.17275e-08
0.03375	0.792953			3375.0	5.38887e-09
0.0338	0.798054			3380.0	1.19667e-08
0.03385	0.800605			3385.0	4.92101e-10
0.0339	0.792953			3390.0	3.04762e-09
0.03395	0.792953			3395.0	1.7572e-09
0.034	0.790402			3400.0	4.58602e-09
0.03405	0.803156			3405.0	9.0031e-09
0.0341	0.795504			3410.0	1.46701e-08
0.03415	0.805707			3415.0	1.42322e-09
0.0342	0.798054			3420.0	1.29963e-08
0.03425	0.798054			3425.0	5.87747e-09
0.0343	0.792953			3430.0	1.87033e-08
0.03435	0.790402			3435.0	3.93705e-08
0.0344	0.800605			3440.0	8.96281e-09
0.03445	0.795504			3445.0	4.28819e-09
0.0345	0.800605			3450.0	2.23595e-08
0.03455	0.795504			3455.0	1.76053e-08
0.0346	0.798054			3460.0	4.40654e-09
0.03465	0.792953			3465.0	1.5702e-09
0.0347	0.795504			3470.0	7.16371e-09
0.03475	0.787851			3475.0	1.53391e-08
0.0348	0.800605			3480.0	2.5779e-09
0.03485	0.803156			3485.0	3.41118e-09
0.0349	0.800605			3490.0	1.80144e-09
0.03495	0.798054			3495.0	3.75962e-09
0.035	0.795504			3500.0	1.35213e-08
0.03505	0.792953			3505.0	8.47766e-09
0.0351	0.800605			3510.0	6.93177e-09
0.03515	0.800605			3515.0	3.22539e-08
0.0352	0.798054			3520.0	1.77044e-09
0.03525	0.800605			3525.0	4.64536e-09
0.0353	0.803156			3530.0	9.02269e-09
0.03535	0.792953			3535.0	1.3529e-08
0.0354	0.790402			3540.0	5.30738e-09
0.03545	0.792953			3545.0	5.72864e-09
0.0355	0.798054			3550.0	2.38004e-08
0.03555	0.803156			3555.0	3.62889e-08
0.0356	0.792953			3560.0	1.39068e-08
0.03565	0.798054			3565.0	3.81519e-09
0.0357	0.790402			3570.0	1.59041e-09
0.03575	0.7853			3575.0	6.39174e-09
0.0358	0.792953			3580.0	1.07793e-09
0.03585	0.792953			3585.0	1.61926e-09
0.0359	0.795504			3590.0	6.10033e-09
0.03595	0.795504			3595.0	6.77712e-09
0.036	0.795504			3600.0	2.88118e-08
0.03605	0.792953			3605.0	2.59985e-08
0.0361	0.798054			3610.0	1.54233e-08
0.03615	0.803156			3615.0	1.58232e-08
0.0362	0.800605			3620.0	9.29267e-10
0.03625	0.798054			3625.0	1.56884e-09
0.0363	0.795504			3630.0	6.63531e-09
0.03635	0.790402			3635.0	5.38248e-09
0.0364	0.795504			3640.0	3.95555e-10
0.03645	0.790402			3645.0	5.2409e-09
0.0365	0.792953			3650.0	7.37364e-09
0.03655	0.800605			3655.0	1.11682e-08
0.0366	0.800605			3660.0	1.82543e-08
0.03665	0.803156			3665.0	8.65318e-09
0.0367	0.790402			3670.0	3.12665e-09
0.03675	0.792953			3675.0	7.54068e-09
0.0368	0.787851			3680.0	2.85443e-08
0.03685	0.790402			3685.0	1.06649e-08
0.0369	0.800605			3690.0	5.5141e-12
0.03695	0.795504			3695.0	1.33108e-09
0.037	0.805707			3700.0	5.60437e-10
0.03705	0.800605			3705.0	1.30447e-08
0.0371	0.800605			3710.0	1.33496e-08
0.03715	0.798054			3715.0	6.39821e-09
0.0372	0.787851			3720.0	2.10865e-08
0.03725	0.790402			3725.0	2.32305e-08
0.0373	0.795504			3730.0	4.96235e-08
0.03735	0.803156			3735.0	3.41128e-08
0.0374	0.800605			3740.0	3.8774e-09
0.03745	0.800605			3745.0	2.36866e-08
0.0375	0.792953			3750.0	3.23944e-09
0.03755	0.792953			3755.0	6.90697e-10
0.0376	0.798054			3760.0	8.05295e-09
0.03765	0.792953			3765.0	1.80948e-09
0.0377	0.800605			3770.0	6.97258e-09
0.03775	0.800605			3775.0	8.37624e-09
0.0378	0.803156			3780.0	9.30211e-09
0.03785	0.795504			3785.0	8.87438e-09
0.0379	0.7853			3790.0	1.40707e-08
0.03795	0.792953			3795.0	1.08211e-08
0.038	0.800605			3800.0	1.21816e-10
0.03805	0.800605			3805.0	2.34883e-08
0.0381	0.803156			3810.0	7.03116e-09
0.03815	0.805707			3815.0	9.78737e-10
0.0382	0.803156			3820.0	1.25813e-09
0.03825	0.792953			3825.0	3.28129e-09
0.0383	0.792953			3830.0	3.19001e-09
0.03835	0.7853			3835.0	1.24118e-09
0.0384	0.792953			3840.0	1.57807e-09
0.03845	0.795504			3845.0	4.97176e-09
0.0385	0.795504			3850.0	8.39455e-09
0.03855	0.803156			3855.0	2.09494e-08
0.0386	0.800605			3860.0	2.3808e-08
0.03865	0.790402			3865.0	8.76404e-09
0.0387	0.7853			3870.0	2.33782e-08
0.03875	0.78275			3875.0	1.74501e-09
0.0388	0.787851			3880.0	1.87315e-08
0.03885	0.795504			3885.0	7.85788e-09
0.0389	0.803156			3890.0	1.78638e-09
0.03895	0.800605			3895.0	1.6356e-08
0.039	0.795504			3900.0	5.60662e-09
0.03905	0.792953			3905.0	8.28793e-09
0.0391	0.790402			3910.0	1.05232e-08
0.03915	0.800605			3915.0	2.31639e-09
0.0392	0.795504			3920.0	4.43797e-09
0.03925	0.795504			3925.0	4.86547e-09
0.0393	0.800605			3930.0	8.52161e-10
0.03935	0.795504			3935.0	5.27065e-09
0.0394	0.795504			3940.0	1.01322e-09
0.03945	0.792953			3945.0	7.35372e-09
0.0395	0.792953			3950.0	1.48756e-08
0.03955	0.798054			3955.0	6.45248e-09
0.0396	0.787851			3960.0	5.44948e-10
0.03965	0.800605			3965.0	5.16322e-09
0.0397	0.792953			3970.0	7.42031e-11
0.03975	0.800605			3975.0	9.31265e-09
0.0398	0.800605			3980.0	1.7698e-08
0.03985	0.792953			3985.0	1.15953e-08
0.0399	0.787851			3990.0	2.25528e-10
0.03995	0.792953			3995.0	1.24959e-08
0.04	0.798054			4000.0	9.48069e-09
0.04005	0.800605			4005.0	2.54198e-09
0.0401	0.803156			4010.0	8.83491e-10
0.04015	0.795504			4015.0	8.54798e-09
0.0402	0.792953			4020.0	3.0608e-09
0.04025	0.790402			4025.0	2.96109e-08
0.0403	0.803156			4030.0	2.89795e-08
0.04035	0.795504			4035.0	6.29307e-09
0.0404	0.800605			4040.0	9.11884e-09
0.04045	0.803156			4045.0	1.54671e-08
0.0405	0.798054			4050.0	7.08746e-09
0.04055	0.800605			4055.0	1.74979e-08
0.0406	0.790402			4060.0	8.07626e-09
0.04065	0.787851			4065.0	1.83601e-09
0.0407	0.790402			4070.0	2.45235e-09
0.04075	0.795504			4075.0	8.74609e-10
0.0408	0.803156			4080.0	1.83561e-09
0.04085	0.803156			4085.0	3.93627e-09
0.0409	0.792953			4090.0	1.13306e-10
0.04095	0.795504			4095.0	2.42322e-09
0.041	0.792953			4100.0	1.97287e-08
0.04105	0.792953			4105.0	4.93428e-08
0.0411	0.798054			4110.0	1.79954e-08
0.04115	0.790402			4115.0	1.48265e-09
0.0412	0.800605			4120.0	5.94393e-09
0.04125	0.792953			4125.0	1.52258e-08
0.0413	0.795504			4130.0	6.42265e-09
0.04135	0.798054			4135.0	1.75684e-09
0.0414	0.790402			4140.0	4.76382e-10
0.04145	0.790402			4145.0	1.17166e-09
0.0415	0.795504			4150.0	5.04234e-09
0.04155	0.792953			4155.0	3.2154e-08
0.0416	0.792953			4160.0	3.37407e-08
0.04165	0.800605			4165.0	1.82315e-08
0.0417	0.800605			4170.0	4.93202e-09
0.04175	0.790402			4175.0	8.07242e-09
0.0418	0.792953			4180.0	3.60126e-08
0.04185	0.800605			4185.0	3.24941e-08
0.0419	0.798054			4190.0	2.68564e-08
0.04195	0.798054			4195.0	1.78075e-08
0.042	0.790402			4200.0	3.2133e-09
0.04205	0.795504			4205.0	1.09633e-08
0.0421	0.798054			4210.0	3.85789e-09
0.04215	0.792953			4215.0	2.70887e-09
0.0422	0.790402			4220.0	4.57595e-09
0.04225	0.792953			4225.0	2.52942e-08
0.0423	0.7853			4230.0	2.14187e-08
0.04235	0.803156			4235.0	4.72909e-09
0.0424	0.805707			4240.0	4.20767e-09
0.04245	0.795504			4245.0	6.25579e-09
0.0425	0.798054			4250.0	1.03665e-09
0.04255	0.787851			4255.0	3.36708e-09
0.0426	0.790402			4260.0	4.92464e-09
0.04265	0.795504			4265.0	6.10632e-09
0.0427	0.795504			4270.0	4.72941e-09
0.04275	0.798054			4275.0	1.57888e-08
0.0428	0.798054			4280.0	1.3318e-08
0.04285	0.798054			4285.0	8.31123e-09
0.0429	0.792953			4290.0	3.58664e-09
0.04295	0.798054			4295.0	2.46991e-09
0.043	0.792953			4300.0	4.65819e-10
0.04305	0.795504			4305.0	9.47711e-09
0.0431	0.787851			4310.0	1.37723e-08
0.04315	0.792953			4315.0	8.53563e-09
0.0432	0.803156			4320.0	7.21665e-09
0.04325	0.795504			4325.0	1.73393e-08
0.0433	0.798054			4330.0	1.45644e-08
0.04335	0.795504			4335.0	2.164e-09
0.0434	0.795504			4340.0	1.09716e-08
0.04345	0.792953			4345.0	7.37717e-09
0.0435	0.792953			4350.0	2.73018e-09
0.04355	0.790402			4355.0	1.30084e-09
0.0436	0.800605			4360.0	4.17708e-09
0.04365	0.800605			4365.0	4.33872e-09
0.0437	0.792953			4370.0	2.31475e-09
0.04375	0.800605			4375.0	8.64795e-10
0.0438	0.792953			4380.0	5.97017e-09
0.04385	0.792953			4385.0	7.74467e-09
0.0439	0.795504			4390.0	1.26769e-08
0.04395	0.790402			4395.0	1.30456e-09
0.044	0.798054			4400.0	6.65882e-09
0.04405	0.798054			4405.0	1.7201e-08
0.0441	0.800605			4410.0	9.83869e-09
0.04415	0.800605			4415.0	1.04538e-08
0.0442	0.795504			4420.0	7.38036e-09
0.04425	0.792953			4425.0	5.10829e-09
0.0443	0.795504			4430.0	1.43934e-08
0.04435	0.792953			4435.0	7.7536e-09
0.0444	0.800605			4440.0	2.66708e-09
0.04445	0.803156			4445.0	5.99886e-09
0.0445	0.795504			4450.0	1.11064e-08
0.04455	0.800605			4455.0	2.34246e-08
0.0446	0.803156			4460.0	6.47065e-09
0.04465	0.790402			4465.0	6.3379e-09
0.0447	0.7853			4470.0	2.30291e-09
0.04475	0.798054			4475.0	1.95926e-09
0.0448	0.790402			4480.0	5.60021e-09
0.04485	0.798054			4485.0	4.44433e-09
0.0449	0.803156			4490.0	3.8202e-09
0.04495	0.800605			4495.0	1.17036e-08
0.045	0.800605			4500.0	9.68129e-09
0.04505	0.7853			4505.0	9.29306e-10
0.0451	0.795504			4510.0	1.37681e-09
0.04515	0.790402			4515.0	1.33454e-09
0.0452	0.792953			4520.0	2.40137e-09
0.04525	0.800605			4525.0	1.40064e-08
0.0453	0.803156			4530.0	4.1854e-08
0.04535	0.792953			4535.0	3.46459e-08
0.0454	0.792953			4540.0	1.95943e-08
0.04545	0.777648			4545.0	3.35588e-09
0.0455	0.792953			4550.0	2.5427e-09
0.04555	0.790402			4555.0	4.98002e-09
0.0456	0.792953			4560.0	3.888e-09
0.04565	0.805707			4565.0	8.58106e-10
0.0457	0.800605			4570.0	1.08457e-08
0.04575	0.792953			4575.0	1.19815e-08
0.0458	0.795504			4580.0	4.83392e-09
0.04585	0.792953			4585.0	1.90497e-09
0.0459	0.792953			4590.0	4.83078e-09
0.04595	0.795504			4595.0	4.43449e-09
0.046	0.787851			4600.0	4.05134e-09
0.04605	0.805707			4605.0	7.94539e-09
0.0461	0.792953			4610.0	1.31905e-08
0.04615	0.800605			4615.0	2.01088e-08
0.0462	0.787851			4620.0	6.86296e-09
0.04625	0.7853			4625.0	1.08064e-08
0.0463	0.787851			4630.0	2.79256e-08
0.04635	0.792953			4635.0	1.38386e-08
0.0464	0.792953			4640.0	7.72503e-09
0.04645	0.800605			4645.0	5.0797e-09
0.0465	0.798054			4650.0	3.73664e-09
0.04655	0.795504			4655.0	3.58322e-09
0.0466	0.792953			4660.0	4.25032e-09
0.04665	0.787851			4665.0	1.60022e-08
0.0467	0.795504			4670.0	5.59573e-09
0.04675	0.803156			4675.0	6.17662e-09
0.0468	0.795504			4680.0	3.89232e-09
0.04685	0.792953			4685.0	1.75376e-09
0.0469	0.798054			4690.0	1.65658e-09
0.04695	0.795504			4695.0	3.48299e-09
0.047	0.792953			4700.0	2.13099e-09
0.04705	0.780199			4705.0	3.50811e-09
0.0471	0.792953			4710.0	2.67597e-08
0.04715	0.800605			4715.0	1.08699e-08
0.0472	0.78275			4720.0	8.35954e-09
0.04725	0.800605			4725.0	3.20298e-09
0.0473	0.800605			4730.0	8.06978e-09
0.04735	0.795504			4735.0	6.0034e-09
0.0474	0.795504			4740.0	4.37975e-09
0.04745	0.790402			4745.0	2.45027e-09
0.0475	0.792953			4750.0	6.929e-09
0.04755	0.790402			4755.0	1.20695e-08
0.0476	0.792953			4760.0	9.35637e-09
0.04765	0.795504			4765.0	4.34318e-09
0.0477	0.798054			4770.0	8.46694e-09
0.04775	0.803156			4775.0	4.36193e-09
0.0478	0.792953			4780.0	1.08613e-10
0.04785	0.790402			4785.0	3.57524e-09
0.0479	0.790402			4790.0	3.15551e-09
0.04795	0.790402			4795.0	6.57251e-09
0.048	0.798054			4800.0	4.01789e-08
0.04805	0.805707			4805.0	1.81929e-08
0.0481	0.808258			4810.0	1.78181e-09
0.04815	0.800605			4815.0	2.66351e-08
0.0482	0.787851			4820.0	4.26949e-08
0.04825	0.790402			4825.0	9.82409e-09
0.0483	0.790402			4830.0	4.02841e-09
0.04835	0.792953			4835.0	2.99207e-09
0.0484	0.800605			4840.0	2.0165e-09
0.04845	0.803156			4845.0	4.79299e-09
0.0485	0.800605			4850.0	1.72179e-08
0.04855	0.795504			4855.0	1.31584e-08
0.0486	0.792953			4860.0	1.53575e-09
0.04865	0.790402			4865.0	9.8879e-09
0.0487	0.790402			4870.0	9.27072e-09
0.04875	0.792953			4875.0	2.24776e-09
0.0488	0.792953			4880.0	3.70542e-09
0.04885	0.803156			4885.0	1.26592e-09
0.0489	0.800605			4890.0	3.32595e-09
0.04895	0.798054			4895.0	2.31887e-09
0.049	0.798054			4900.0	1.12319e-08
0.04905	0.787851			4905.0	3.69995e-08
0.0491	0.790402			4910.0	3.2606e-08
0.04915	0.792953			4915.0	2.85801e-08
0.0492	0.795504			4920.0	4.63511e-08
0.04925	0.805707			4925.0	4.50938e-08
0.0493	0.805707			4930.0	2.3225e-08
0.04935	0.800605			4935.0	4.22802e-09
0.0494	0.795504			4940.0	1.16116e-08
0.04945	0.792953			4945.0	6.83449e-09
0.0495	0.792953			4950.0	4.86482e-09
0.04955	0.792953			4955.0	4.34259e-09
0.0496	0.792953			4960.0	2.08301e-09
0.04965	0.792953			4965.0	3.22001e-09
0.0497	0.805707			4970.0	3.8382e-09
0.04975	0.800605			4975.0	2.52425e-09
0.0498	0.798054			4980.0	1.23699e-09
0.04985	0.795504			4985.0	5.84826e-09
0.0499	0.78275			4990.0	9.53928e-09
0.04995	0.792953			4995.0	9.59162e-09
0.05	0.795504			5000.0	1.05859e-08
0.05005	0.800605			5005.0	1.50438e-09
0.0501	0.795504			5010.0	4.48275e-09
0.05015	0.800605			5015.0	5.2557e-09
0.0502	0.795504			5020.0	3.07306e-08
0.05025	0.792953			5025.0	6.9251e-08
0.0503	0.795504			5030.0	3.58305e-08
0.05035	0.7853			5035.0	9.74464e-10
0.0504	0.790402			5040.0	5.89244e-09
0.05045	0.800605			5045.0	1.22153e-08
0.0505	0.800605			5050.0	1.95191e-08
0.05055	0.795504			5055.0	1.46206e-08
0.0506	0.798054			5060.0	6.93123e-09
0.05065	0.798054			5065.0	1.14002e-08
0.0507	0.800605			5070.0	9.16511e-10
0.05075	0.790402			5075.0	8.22545e-09
0.0508	0.790402			5080.0	1.15635e-08
0.05085	0.798054			5085.0	8.8583e-09
0.0509	0.792953			5090.0	5.74572e-09
0.05095	0.803156			5095.0	9.45882e-09
0.051	0.795504			5100.0	2.10994e-08
0.05105	0.795504			5105.0	3.15048e-08
0.0511	0.795504			5110.0	2.00489e-08
0.05115	0.790402			5115.0	1.68208e-08
0.0512	0.795504			5120.0	1.37008e-08
0.05125	0.800605			5125.0	1.39305e-08
0.0513	0.800605			5130.0	1.65996e-08
0.05135	0.795504			5135.0	4.41125e-09
0.0514	0.798054			5140.0	2.06644e-09
0.05145	0.803156			5145.0	3.42881e-08
0.0515	0.790402			5150.0	3.6238e-08
0.05155	0.792953			5155.0	9.81249e-10
0.0516	0.792953			5160.0	5.04521e-09
0.05165	0.795504			5165.0	4.77922e-10
0.0517	0.798054			5170.0	1.15324e-08
0.05175	0.800605			5175.0	5.20372e-09
0.0518	0.800605			5180.0	3.0696e-09
0.05185	0.798054			5185.0	1.45151e-09
0.0519	0.795504			5190.0	8.49529e-09
0.05195	0.800605			5195.0	1.0445e-08
0.052	0.787851			5200.0	4.58824e-09
0.05205	0.792953			5205.0	4.22087e-08
0.0521	0.795504			5210.0	3.48997e-08
0.05215	0.800605			5215.0	6.68047e-09
0.0522	0.795504			5220.0	1.97545e-09
0.05225	0.790402			5225.0	1.44911e-08
0.0523	0.798054			5230.0	8.23985e-09
0.05235	0.792953			5235.0	2.24913e-09
0.0524	0.798054			5240.0	4.32389e-09
0.05245	0.795504			5245.0	1.45329e-08
0.0525	0.798054			5250.0	3.29115e-09
0.05255	0.803156			5255.0	7.54024e-10
0.0526	0.795504			5260.0	3.32135e-09
0.05265	0.803156			5265.0	1.27165e-08
0.0527	0.800605			5270.0	1.66154e-08
0.05275	0.795504			5275.0	6.78295e-09
0.0528	0.78275			5280.0	4.07732e-09
0.05285	0.795504			5285.0	4.45366e-10
0.0529	0.798054			5290.0	5.33312e-09
0.05295	0.805707			5295.0	5.60358e-09
0.053	0.803156			5300.0	1.32407e-09
0.05305	0.803156			5305.0	1.10801e-08
0.0531	0.803156			5310.0	2.12455e-08
0.05315	0.792953			5315.0	9.39134e-09
0.0532	0.787851			5320.0	6.02672e-10
0.05325	0.795504			5325.0	2.04035e-09
0.0533	0.798054			5330.0	7.35682e-09
0.05335	0.792953			5335.0	1.51014e-09
0.0534	0.805707			5340.0	1.84652e-09
0.05345	0.798054			5345.0	1.41549e-08
0.0535	0.792953			5350.0	1.75222e-08
0.05355	0.792953			5355.0	3.62909e-10
0.0536	0.792953			5360.0	1.20483e-08
0.05365	0.78275			5365.0	2.2197e-08
0.0537	0.792953			5370.0	4.86148e-09
0.05375	0.787851			5375.0	2.22577e-09
0.0538	0.795504			5380.0	4.38587e-10
0.05385	0.800605			5385.0	2.8003e-09
0.0539	0.800605			5390.0	4.62985e-09
0.05395	0.800605			5395.0	4.75811e-09
0.054	0.792953			5400.0	3.74347e-09
0.05405	0.803156			5405.0	1.29435e-08
0.0541	0.792953			5410.0	8.62379e-09
0.05415	0.800605			5415.0	2.27534e-10
0.0542	0.805707			5420.0	4.42802e-09
0.05425	0.803156			5425.0	1.57505e-08
0.0543	0.800605			5430.0	4.90395e-09
0.05435	0.798054			5435.0	1.65726e-09
0.0544	0.798054			5440.0	4.72781e-09
0.05445	0.795504			5445.0	4.28829e-09
0.0545	0.792953			5450.0	1.42791e-08
0.05455	0.795504			5455.0	5.2878e-09
0.0546	0.798054			5460.0	2.80363e-09
0.05465	0.798054			5465.0	9.00773e-09
0.0547	0.800605			5470.0	2.68154e-09
0.05475	0.792953			5475.0	3.86598e-09
0.0548	0.787851			5480.0	4.92489e-09
0.05485	0.787851			5485.0	1.08806e-08
0.0549	0.792953			5490.0	7.26061e-09
0.05495	0.790402			5495.0	8.74089e-09
0.055	0.798054			5500.0	3.7743e-09
0.05505	0.800605			5505.0	1.70652e-08
0.0551	0.803156			5510.0	3.561e-08
0.05515	0.792953			5515.0	6.22943e-09
0.0552	0.792953			5520.0	3.02838e-09
0.05525	0.795504			5525.0	1.71039e-08
0.0553	0.795504			5530.0	1.64162e-08
0.05535	0.795504			5535.0	1.42168e-08
0.0554	0.792953			5540.0	3.39057e-08
0.05545	0.798054			5545.0	1.13602e-08
0.0555	0.792953			5550.0	1.12625e-08
0.05555	0.798054			5555.0	6.67879e-09
0.0556	0.800605			5560.0	1.30244e-08
0.05565	0.787851			5565.0	9.98764e-09
0.0557	0.790402			5570.0	9.011e-10
0.05575	0.795504			5575.0	3.93865e-10
0.0558	0.792953			5580.0	2.89382e-08
0.05585	0.790402			5585.0	4.71961e-08
0.0559	0.795504			5590.0	2.19816e-08
0.05595	0.792953			5595.0	1.56558e-08
0.056	0.795504			5600.0	1.90401e-08
0.05605	0.800605			5605.0	1.3102e-08
0.0561	0.795504			5610.0	5.98298e-10
0.05615	0.787851			5615.0	2.91487e-09
0.0562	0.790402			5620.0	1.26474e-09
0.05625	0.795504			5625.0	2.70314e-11
0.0563	0.795504			5630.0	1.59509e-09
0.05635	0.795504			5635.0	3.18346e-09
0.0564	0.795504			5640.0	3.69588e-09
0.05645	0.798054			5645.0	4.59183e-09
0.0565	0.803156			5650.0	1.89283e-10
0.05655	0.795504			5655.0	3.67558e-09
0.0566	0.795504			5660.0	4.39443e-09
0.05665	0.792953			5665.0	1.00273e-08
0.0567	0.790402			5670.0	7.21891e-09
0.05675	0.790402			5675.0	8.33835e-09
0.0568	0.792953			5680.0	1.18602e-08
0.05685	0.798054			5685.0	1.37207e-09
0.0569	0.798054			5690.0	5.31975e-09
0.05695	0.798054			5695.0	1.73932e-08
0.057	0.792953			5700.0	9.46549e-09
0.05705	0.792953			5705.0	3.09364e-09
0.0571	0.790402			5710.0	3.34599e-09
0.05715	0.798054			5715.0	4.2665e-10
0.0572	0.790402			5720.0	6.81805e-09
0.05725	0.790402			5725.0	1.50283e-08
0.0573	0.803156			5730.0	1.64363e-09
0.05735	0.798054			5735.0	3.49872e-09
0.0574	0.792953			5740.0	1.99416e-08
0.05745	0.792953			5745.0	3.53335e-08
0.0575	0.795504			5750.0	1.38985e-08
0.05755	0.792953			5755.0	2.26772e-08
0.0576	0.792953			5760.0	2.92825e-09
0.05765	0.787851			5765.0	4.56324e-09
0.0577	0.792953			5770.0	1.35669e-10
0.05775	0.795504			5775.0	3.56165e-09
0.0578	0.803156			5780.0	1.02086e-08
0.05785	0.798054			5785.0	2.98762e-09
0.0579	0.800605			5790.0	2.1298e-09
0.05795	0.787851			5795.0	1.44246e-08
0.058	0.7853			5800.0	6.54648e-09
0.05805	0.790402			5805.0	2.84733e-10
0.0581	0.790402			5810.0	2.3969e-09
0.05815	0.805707			5815.0	6.42403e-09
0.0582	0.805707			5820.0	4.30119e-09
0.05825	0.800605			5825.0	2.77183e-10
0.0583	0.792953			5830.0	1.43825e-09
0.05835	0.792953			5835.0	8.29145e-09
0.0584	0.787851			5840.0	1.86735e-09
0.05845	0.787851			5845.0	1.80218e-08
0.0585	0.795504			5850.0	3.8536e-08
0.05855	0.800605			5855.0	2.59145e-08
0.0586	0.800605			5860.0	1.5336e-08
0.05865	0.805707			5865.0	1.00392e-08
0.0587	0.792953			5870.0	2.1498e-08
0.05875	0.795504			5875.0	2.71022e-08
0.0588	0.787851			5880.0	1.15181e-09
0.05885	0.787851			5885.0	2.07058e-08
0.0589	0.792953			5890.0	2.65499e-08
0.05895	0.795504			5895.0	5.26113e-09
0.059	0.800605			5900.0	1.56872e-08
0.05905	0.805707			5905.0	6.69632e-09
0.0591	0.800605			5910.0	3.27458e-09
0.05915	0.795504			5915.0	1.41923e-08
0.0592	0.787851			5920.0	1.34057e-08
0.05925	0.792953			5925.0	2.19111e-08
0.0593	0.795504			5930.0	3.08153e-08
0.05935	0.795504			5935.0	1.55057e-08
0.0594	0.790402			5940.0	4.71011e-09
0.05945	0.795504			5945.0	4.01196e-09
0.0595	0.805707			5950.0	4.86729e-09
0.05955	0.792953			5955.0	3.3579e-09
0.0596	0.795504			5960.0	4.80655e-09
0.05965	0.798054			5965.0	1.05225e-09
0.0597	0.787851			5970.0	1.13041e-08
0.05975	0.787851			5975.0	1.2719e-08
0.0598	0.795504			5980.0	1.51502e-09
0.05985	0.792953			5985.0	5.59715e-09
0.0599	0.798054			5990.0	2.40785e-08
0.05995	0.792953			5995.0	2.763e-08
0.06	0.795504			6000.0	4.62704e-09
0.06005	0.798054			6005.0	8.54174e-09
0.0601	0.78275			6010.0	1.43816e-08
0.06015	0.792953			6015.0	1.02141e-08
0.0602	0.790402			6020.0	2.48521e-09
0.06025	0.795504			6025.0	1.05308e-09
0.0603	0.803156			6030.0	1.30837e-08
0.06035	0.795504			6035.0	4.24852e-08
0.0604	0.798054			6040.0	1.48714e-08
0.06045	0.792953			6045.0	6.46764e-09
0.0605	0.790402			6050.0	5.99044e-09
0.06055	0.777648			6055.0	4.66448e-09
0.0606	0.792953			6060.0	1.80709e-08
0.06065	0.792953			6065.0	1.99782e-08
0.0607	0.803156			6070.0	9.3755e-09
0.06075	0.792953			6075.0	7.06912e-09
0.0608	0.792953			6080.0	4.9112e-09
0.06085	0.792953			6085.0	9.07645e-09
0.0609	0.795504			6090.0	2.74767e-08
0.06095	0.792953			6095.0	2.38498e-08
0.061	0.795504			6100.0	2.22394e-08
0.06105	0.798054			6105.0	1.22537e-08
0.0611	0.790402			6110.0	2.97404e-08
0.06115	0.790402			6115.0	1.79316e-08
0.0612	0.795504			6120.0	1.79222e-09
0.06125	0.795504			6125.0	1.37804e-08
0.0613	0.795504			6130.0	2.55728e-08
0.06135	0.800605			6135.0	2.11344e-08
0.0614	0.798054			6140.0	1.14988e-08
0.06145	0.780199			6145.0	1.80282e-09
0.0615	0.790402			6150.0	3.69688e-09
0.06155	0.78275			6155.0	7.36079e-09
0.0616	0.787851			6160.0	2.44814e-08
0.06165	0.795504			6165.0	5.22174e-08
0.0617	0.798054			6170.0	2.77219e-08
0.06175	0.792953			6175.0	1.07342e-08
0.0618	0.787851			6180.0	1.12254e-08
0.06185	0.790402			6185.0	1.25744e-08
0.0619	0.798054			6190.0	1.81047e-08
0.06195	0.787851			6195.0	4.03558e-09
0.062	0.800605			6200.0	5.16011e-09
0.06205	0.803156			6205.0	3.30834e-09
0.0621	0.800605			6210.0	3.66337e-09
0.06215	0.800605			6215.0	4.79938e-09
0.0622	0.798054			6220.0	7.24586e-09
0.06225	0.795504			6225.0	1.45911e-10
0.0623	0.78275			6230.0	4.64082e-09
0.06235	0.792953			6235.0	6.57742e-10
0.0624	0.792953			6240.0	8.14031e-09
0.06245	0.795504			6245.0	1.5996e-08
0.0625	0.798054			6250.0	4.52461e-09
0.06255	0.798054			6255.0	2.92755e-08
0.0626	0.792953			6260.0	2.31761e-08
0.06265	0.798054			6265.0	1.159e-08
0.0627	0.790402			6270.0	4.62776e-09
0.06275	0.787851			6275.0	2.87164e-09
0.0628	0.800605			6280.0	8.16919e-10
0.06285	0.798054			6285.0	2.14275e-08
0.0629	0.808258			6290.0	1.79123e-08
0.06295	0.800605			6295.0	8.06853e-09
0.063	0.795504			6300.0	4.42678e-09
0.06305	0.790402			6305.0	7.90003e-09
0.0631	0.790402			6310.0	1.46424e-08
0.06315	0.7853			6315.0	1.21299e-08
0.0632	0.792953			6320.0	5.01579e-08
0.06325	0.790402			6325.0	4.17749e-08
0.0633	0.795504			6330.0	2.42747e-08
0.06335	0.795504			6335.0	4.59561e-09
0.0634	0.795504			6340.0	9.00443e-09
0.06345	0.792953			6345.0	2.32047e-08
0.0635	0.792953			6350.0	2.29112e-08
0.06355	0.787851			6355.0	4.36731e-09
0.0636	0.795504			6360.0	6.78936e-09
0.06365	0.795504			6365.0	3.16078e-08
0.0637	0.795504			6370.0	9.01293e-09
0.06375	0.803156			6375.0	6.02879e-09
0.0638	0.790402			6380.0	5.15436e-09
0.06385	0.795504			6385.0	1.21569e-08
0.0639	0.795504			6390.0	1.19416e-09
0.06395	0.795504			6395.0	4.6475e-09
0.064	0.792953			6400.0	2.67127e-08
0.06405	0.795504			6405.0	5.11804e-08
0.0641	0.787851			6410.0	6.10248e-08
0.06415	0.792953			6415.0	1.22815e-08
0.0642	0.790402			6420.0	1.18312e-08
0.06425	0.800605			6425.0	2.76833e-10
0.0643	0.798054			6430.0	2.87895e-08
0.06435	0.803156			6435.0	2.72834e-08
0.0644	0.795504			6440.0	1.21689e-08
0.06445	0.787851			6445.0	1.15248e-09
0.0645	0.787851			6450.0	1.59253e-08
0.06455	0.78275			6455.0	2.25824e-08
0.0646	0.792953			6460.0	2.88102e-08
0.06465	0.803156			6465.0	4.11626e-09
0.0647	0.792953			6470.0	3.20192e-08
0.06475	0.787851			6475.0	2.05122e-09
0.0648	0.795504			6480.0	2.92577e-10
0.06485	0.795504			6485.0	1.09466e-08
0.0649	0.790402			6490.0	4.89813e-09
0.06495	0.78275			6495.0	6.40342e-09
0.065	0.798054			6500.0	8.18264e-09
0.06505	0.798054			6505.0	2.60958e-08
0.0651	0.792953			6510.0	2.82657e-08
0.06515	0.798054			6515.0	8.88316e-09
0.0652	0.798054			6520.0	2.60692e-09
0.06525	0.800605			6525.0	5.44457e-09
0.0653	0.800605			6530.0	3.54834e-09
0.06535	0.787851			6535.0	4.71045e-09
0.0654	0.78275			6540.0	6.79764e-09
0.06545	0.792953			6545.0	4.60902e-09
0.0655	0.792953			6550.0	5.55953e-08
0.06555	0.798054			6555.0	7.15633e-08
0.0656	0.800605			6560.0	4.56512e-08
0.06565	0.798054			6565.0	2.70072e-08
0.0657	0.803156			6570.0	6.81231e-09
0.06575	0.792953			6575.0	1.29648e-08
0.0658	0.790402			6580.0	8.78969e-09
0.06585	0.78275			6585.0	4.45529e-09
0.0659	0.798054			6590.0	1.79614e-08
0.06595	0.787851			6595.0	6.75468e-09
0.066	0.800605			6600.0	1.84055e-08
0.06605	0.805707			6605.0	8.33354e-09
0.0661	0.803156			6610.0	1.4354e-09
0.06615	0.798054			6615.0	2.83696e-09
0.0662	0.795504			6620.0	8.31871e-10
0.06625	0.7853			6625.0	2.74555e-10
0.0663	0.7853			6630.0	2.40736e-08
0.06635	0.792953			6635.0	6.39605e-08
0.0664	0.795504			6640.0	3.74765e-08
0.06645	0.800605			6645.0	7.8312e-09
0.0665	0.800605			6650.0	1.9559e-09
0.06655	0.798054			6655.0	5.87484e-09
0.0666	0.792953			6660.0	1.31555e-08
0.06665	0.792953			6665.0	8.29034e-09
0.0667	0.790402			6670.0	1.11535e-08
0.06675	0.780199			6675.0	1.10855e-08
0.0668	0.795504			6680.0	1.5416e-08
0.06685	0.792953			6685.0	6.80572e-10
0.0669	0.798054			6690.0	1.88611e-10
0.06695	0.800605			6695.0	2.2648e-09
0.067	0.798054			6700.0	5.96762e-09
0.06705	0.792953			6705.0	2.41599e-08
0.0671	0.798054			6710.0	6.53625e-08
0.06715	0.780199			6715.0	6.33952e-08
0.0672	0.790402			6720.0	2.67995e-08
0.06725	0.7853			6725.0	1.4685e-09
0.0673	0.795504			6730.0	9.26181e-11
0.06735	0.792953			6735.0	1.99124e-08
0.0674	0.798054			6740.0	2.8067e-08
0.06745	0.800605			6745.0	7.53462e-09
0.0675	0.790402			6750.0	6.90737e-09
0.06755	0.787851			6755.0	1.67742e-08
0.0676	0.7853			6760.0	1.81274e-08
0.06765	0.7853			6765.0	1.11051e-09
0.0677	0.798054			6770.0	3.04345e-11
0.06775	0.792953			6775.0	3.49669e-09
0.0678	0.803156			6780.0	1.57143e-08
0.06785	0.790402			6785.0	1.66982e-08
0.0679	0.792953			6790.0	4.73057e-09
0.06795	0.790402			6795.0	3.98946e-09
0.068	0.78275			6800.0	1.45669e-08
0.06805	0.7853			6805.0	1.29015e-08
0.0681	0.792953			6810.0	2.00105e-09
0.06815	0.792953			6815.0	2.52181e-10
0.0682	0.800605			6820.0	5.30448e-09
0.06825	0.795504			6825.0	9.6294e-09
0.0683	0.798054			6830.0	1.34935e-09
0.06835	0.795504			6835.0	9.31581e-10
0.0684	0.795504			6840.0	7.97725e-09
0.06845	0.78275			6845.0	3.03125e-08
0.0685	0.790402			6850.0	1.42878e-08
0.06855	0.790402			6855.0	7.07286e-09
0.0686	0.790402			6860.0	9.52306e-09
0.06865	0.795504			6865.0	3.81755e-09
0.0687	0.795504			6870.0	1.89607e-10
0.06875	0.798054			6875.0	2.29127e-09
0.0688	0.798054			6880.0	1.16918e-08
0.06885	0.800605			6885.0	1.57924e-08
0.0689	0.790402			6890.0	5.15301e-09
0.06895	0.792953			6895.0	1.13282e-09
0.069	0.792953			6900.0	4.74779e-09
0.06905	0.792953			6905.0	7.6358e-09
0.0691	0.787851			6910.0	5.10006e-09
0.06915	0.795504			6915.0	2.78424e-09
0.0692	0.800605			6920.0	1.85159e-09
0.06925	0.790402			6925.0	1.0909e-08
0.0693	0.792953			6930.0	1.24303e-09
0.06935	0.792953			6935.0	7.52186e-11
0.0694	0.790402			6940.0	7.89432e-09
0.06945	0.792953			6945.0	1.18866e-08
0.0695	0.790402			6950.0	4.11238e-09
0.06955	0.792953			6955.0	7.62301e-10
0.0696	0.790402			6960.0	1.31658e-08
0.06965	0.795504			6965.0	1.63127e-08
0.0697	0.800605			6970.0	3.58882e-08
0.06975	0.795504			6975.0	2.38597e-08
0.0698	0.798054			6980.0	2.6237e-09
0.06985	0.790402			6985.0	1.82891e-08
0.0699	0.792953			6990.0	4.92259e-09
0.06995	0.7853			6995.0	1.19494e-08
0.07	0.792953			7000.0	9.95774e-09
0.07005	0.805707			7005.0	3.79494e-09
0.0701	0.795504			7010.0	4.79972e-09
0.07015	0.798054			7015.0	2.77203e-08
0.0702	0.800605			7020.0	7.92831e-09
0.07025	0.7853			7025.0	1.99475e-08
0.0703	0.780199			7030.0	1.93028e-08
0.07035	0.78275			7035.0	2.49965e-08
0.0704	0.790402			7040.0	9.06748e-09
0.07045	0.792953			7045.0	1.26422e-09
0.0705	0.805707			7050.0	1.9221e-09
0.07055	0.803156			7055.0	1.93524e-09
0.0706	0.798054			7060.0	5.944e-09
0.07065	0.795504			7065.0	1.43735e-08
0.0707	0.777648			7070.0	5.1226e-09
0.07075	0.787851			7075.0	3.15703e-08
0.0708	0.792953			7080.0	2.74378e-08
0.07085	0.792953			7085.0	1.67431e-08
0.0709	0.792953			7090.0	6.55108e-09
0.07095	0.800605			7095.0	6.38129e-09
0.071	0.805707			7100.0	6.24434e-09
0.07105	0.795504			7105.0	1.87024e-09
0.0711	0.795504			7110.0	1.38697e-09
0.07115	0.795504			7115.0	1.64833e-08
0.0712	0.792953			7120.0	1.90545e-08
0.07125	0.790402			7125.0	6.36882e-09
0.0713	0.795504			7130.0	1.10697e-08
0.07135	0.803156			7135.0	1.34546e-08
0.0714	0.800605			7140.0	6.87134e-09
0.07145	0.792953			7145.0	5.17551e-09
0.0715	0.792953			7150.0	7.28177e-09
0.07155	0.78275			7155.0	1.65336e-08
0.0716	0.792953			7160.0	1.20098e-08
0.07165	0.7853			7165.0	6.1447e-09
0.0717	0.790402			7170.0	2.90611e-10
0.07175	0.798054			7175.0	6.05647e-09
0.0718	0.798054			7180.0	5.22085e-09
0.07185	0.800605			7185.0	7.98793e-09
0.0719	0.792953			7190.0	2.74568e-09
0.07195	0.792953			7195.0	1.8789e-09
0.072	0.787851			7200.0	2.84063e-10
0.07205	0.792953			7205.0	1.07228e-08
0.0721	0.7853			7210.0	1.28373e-08
0.07215	0.792953			7215.0	4.38023e-09
0.0722	0.787851			7220.0	5.3517e-09
0.07225	0.790402			7225.0	1.39453e-08
0.0723	0.787851			7230.0	2.32008e-10
0.07235	0.795504			7235.0	3.26647e-08
0.0724	0.790402			7240.0	5.84137e-08
0.07245	0.792953			7245.0	2.59074e-08
0.0725	0.787851			7250.0	3.5234e-09
0.07255	0.787851			7255.0	1.81158e-08
0.0726	0.795504			7260.0	5.39149e-08
0.07265	0.787851			7265.0	3.59575e-08
0.0727	0.798054			7270.0	7.58992e-09
0.07275	0.792953			7275.0	2.60697e-09
0.0728	0.787851			7280.0	1.4312e-08
0.07285	0.795504			7285.0	6.00263e-09
0.0729	0.800605			7290.0	7.24994e-09
0.07295	0.792953			7295.0	1.31153e-08
0.073	0.7853			7300.0	4.70941e-10
0.07305	0.790402			7305.0	1.27606e-08
0.0731	0.792953			7310.0	9.84e-09
0.07315	0.787851			7315.0	1.46432e-08
0.0732	0.795504			7320.0	3.87056e-09
0.07325	0.795504			7325.0	5.79535e-09
0.0733	0.787851			7330.0	1.13394e-08
0.07335	0.795504			7335.0	8.98954e-09
0.0734	0.790402			7340.0	3.60245e-09
0.07345	0.792953			7345.0	5.88122e-09
0.0735	0.792953			7350.0	2.27792e-08
0.07355	0.78275			7355.0	8.58701e-09
0.0736	0.790402			7360.0	3.78456e-08
0.07365	0.800605			7365.0	9.28309e-09
0.0737	0.798054			7370.0	1.56803e-08
0.07375	0.792953			7375.0	1.91459e-08
0.0738	0.790402			7380.0	2.41249e-09
0.07385	0.792953			7385.0	4.25833e-09
0.0739	0.7853			7390.0	9.203e-09
0.07395	0.78275			7395.0	2.43903e-08
0.074	0.792953			7400.0	6.01601e-08
0.07405	0.787851			7405.0	1.40034e-08
0.0741	0.800605			7410.0	5.75202e-09
0.07415	0.798054			7415.0	1.32008e-08
0.0742	0.795504			7420.0	4.55565e-09
0.07425	0.790402			7425.0	2.01989e-09
0.0743	0.790402			7430.0	4.61429e-09
0.07435	0.787851			7435.0	8.69348e-09
0.0744	0.790402			7440.0	9.55523e-09
0.07445	0.792953			7445.0	4.27553e-09
0.0745	0.792953			7450.0	2.06855e-09
0.07455	0.795504			7455.0	1.27713e-09
0.0746	0.800605			7460.0	4.62046e-09
0.07465	0.792953			7465.0	1.51665e-08
0.0747	0.792953			7470.0	1.49033e-08
0.07475	0.792953			7475.0	1.04034e-08
0.0748	0.78275			7480.0	5.79771e-09
0.07485	0.7853			7485.0	4.56037e-09
0.0749	0.787851			7490.0	3.45547e-10
0.07495	0.792953			7495.0	1.48241e-08
0.075	0.798054			7500.0	1.51747e-08
0.07505	0.790402			7505.0	3.85176e-08
0.0751	0.798054			7510.0	6.36727e-09
0.07515	0.787851			7515.0	3.66392e-09
0.0752	0.780199			7520.0	8.58428e-09
0.07525	0.792953			7525.0	1.77153e-09
0.0753	0.790402			7530.0	8.9382e-10
0.07535	0.795504			7535.0	6.31792e-09
0.0754	0.798054			7540.0	3.61888e-08
0.07545	0.795504			7545.0	2.5333e-08
0.0755	0.790402			7550.0	1.0121e-08
0.07555	0.795504			7555.0	8.03579e-09
0.0756	0.792953			7560.0	8.11303e-09
0.07565	0.798054			7565.0	1.84789e-08
0.0757	0.7853			7570.0	1.79388e-08
0.07575	0.78275			7575.0	1.2063e-08
0.0758	0.792953			7580.0	4.19867e-08
0.07585	0.792953			7585.0	2.16308e-08
0.0759	0.798054			7590.0	2.28699e-08
0.07595	0.792953			7595.0	1.34041e-08
0.076	0.792953			7600.0	1.27763e-08
0.07605	0.795504			7605.0	3.8477e-10
0.0761	0.792953			7610.0	2.01992e-09
0.07615	0.792953			7615.0	7.32256e-09
0.0762	0.792953			7620.0	1.0429e-08
0.07625	0.78275			7625.0	2.07865e-09
0.0763	0.792953			7630.0	8.81242e-10
0.07635	0.792953			7635.0	5.02714e-09
0.0764	0.790402			7640.0	1.07555e-08
0.07645	0.792953			7645.0	1.06609e-09
0.0765	0.790402			7650.0	1.03708e-09
0.07655	0.798054			7655.0	1.98607e-08
0.0766	0.787851			7660.0	4.8061e-09
0.07665	0.78275			7665.0	3.2797e-09
0.0767	0.790402			7670.0	1.68159e-08
0.07675	0.790402			7675.0	1.15454e-08
0.0768	0.792953			7680.0	4.82005e-09
0.07685	0.790402			7685.0	2.52754e-10
0.0769	0.795504			7690.0	6.73905e-09
0.07695	0.795504			7695.0	8.53335e-09
0.077	0.792953			7700.0	2.09714e-08
0.07705	0.792953			7705.0	2.0073e-08
0.0771	0.78275			7710.0	2.76786e-09
0.07715	0.787851			7715.0	3.80391e-09
0.0772	0.790402			7720.0	9.97983e-09
0.07725	0.795504			7725.0	1.74282e-08
0.0773	0.792953			7730.0	3.0353e-08
0.07735	0.800605			7735.0	1.43571e-08
0.0774	0.795504			7740.0	3.78951e-10
0.07745	0.792953			7745.0	3.88875e-09
0.0775	0.78275			7750.0	1.82726e-08
0.07755	0.7853			7755.0	1.38772e-08
0.0776	0.780199			7760.0	1.70373e-08
0.07765	0.7853			7765.0	2.5466e-08
0.0777	0.792953			7770.0	2.18325e-09
0.07775	0.800605			7775.0	2.22782e-08
0.0778	0.792953			7780.0	1.19569e-08
0.07785	0.792953			7785.0	1.05414e-09
0.0779	0.7853			7790.0	3.70609e-09
0.07795	0.780199			7795.0	6.05775e-09
0.078	0.7853			7800.0	6.49874e-09
0.07805	0.787851			7805.0	4.54353e-09
0.0781	0.7853			7810.0	2.87573e-08
0.07815	0.792953			7815.0	3.67321e-08
0.0782	0.800605			7820.0	5.81612e-08
0.07825	0.787851			7825.0	3.3362e-08
0.0783	0.787851			7830.0	1.0754e-08
0.07835	0.787851			7835.0	4.32176e-08
0.0784	0.780199			7840.0	6.96742e-09
0.07845	0.787851			7845.0	1.97879e-08
0.0785	0.780199			7850.0	2.38866e-08
0.07855	0.798054			7855.0	1.02004e-08
0.0786	0.787851			7860.0	2.62623e-08
0.07865	0.792953			7865.0	3.62785e-08
0.0787	0.792953			7870.0	1.09416e-09
0.07875	0.7853			7875.0	5.17817e-09
0.0788	0.7853			7880.0	3.73813e-09
0.07885	0.790402			7885.0	9.72525e-09
0.0789	0.7853			7890.0	1.18041e-08
0.07895	0.7853			7895.0	1.75953e-09
0.079	0.787851			7900.0	6.30141e-09
0.07905	0.792953			7905.0	1.28275e-08
0.0791	0.792953			7910.0	1.54738e-08
0.07915	0.798054			7915.0	9.21852e-09
0.0792	0.792953			7920.0	5.37319e-09
0.07925	0.792953			7925.0	3.00981e-10
0.0793	0.790402			7930.0	9.54902e-08
0.07935	0.7853			7935.0	7.05774e-08
0.0794	0.790402			7940.0	4.45305e-09
0.07945	0.7853			7945.0	8.80326e-09
0.0795	0.787851			7950.0	2.69027e-09
0.07955	0.795504			7955.0	3.82512e-10
0.0796	0.792953			7960.0	1.79086e-09
0.07965	0.78275			7965.0	9.24828e-10
0.0797	0.78275			7970.0	9.05318e-09
0.07975	0.790402			7975.0	3.77448e-09
0.0798	0.78275			7980.0	1.971e-08
0.07985	0.792953			7985.0	5.55312e-08
0.0799	0.795504			7990.0	3.9582e-08
0.07995	0.795504			7995.0	3.36582e-08
0.08	0.798054			8000.0	2.10081e-08
0.08005	0.792953			8005.0	1.27583e-08
0.0801	0.787851			8010.0	3.7329e-09
0.08015	0.78275			8015.0	5.91535e-10
0.0802	0.7853			8020.0	3.65062e-10
0.08025	0.780199			8025.0	1.23497e-09
0.0803	0.790402			8030.0	3.97055e-09
0.08035	0.792953			8035.0	1.12913e-08
0.0804	0.798054			8040.0	1.0485e-08
0.08045	0.7853			8045.0	3.93859e-08
0.0805	0.798054			8050.0	4.32786e-08
0.08055	0.798054			8055.0	9.5824e-09
0.0806	0.790402			8060.0	1.02999e-08
0.08065	0.798054			8065.0	5.9993e-09
0.0807	0.787851			8070.0	8.85936e-09
0.08075	0.787851			8075.0	3.68633e-09
0.0808	0.7853			8080.0	2.92488e-08
0.08085	0.792953			8085.0	1.53889e-08
0.0809	0.792953			8090.0	2.17719e-08
0.08095	0.792953			8095.0	5.59852e-09
0.081	0.790402			8100.0	6.70695e-09
0.08105	0.792953			8105.0	3.55068e-08
0.0811	0.792953			8110.0	3.86267e-08
0.08115	0.787851			8115.0	8.50979e-09
0.0812	0.78275			8120.0	6.70074e-09
0.08125	0.78275			8125.0	1.49749e-08
0.0813	0.792953			8130.0	6.21894e-09
0.08135	0.798054			8135.0	2.37161e-09
0.0814	0.795504			8140.0	1.13989e-08
0.08145	0.792953			8145.0	7.28792e-09
0.0815	0.795504			8150.0	1.9417e-09
0.08155	0.787851			8155.0	1.09674e-08
0.0816	0.790402			8160.0	1.51772e-08
0.08165	0.787851			8165.0	2.22638e-09
0.0817	0.780199			8170.0	5.86713e-09
0.08175	0.787851			8175.0	1.56955e-09
0.0818	0.790402			8180.0	1.70507e-08
0.08185	0.792953			8185.0	1.39527e-08
0.0819	0.792953			8190.0	1.23636e-09
0.08195	0.790402			8195.0	8.9255e-09
0.082	0.790402			8200.0	2.82528e-09
0.08205	0.780199			8205.0	1.65014e-09
0.0821	0.78275			8210.0	3.23742e-09
0.08215	0.790402			8215.0	1.34132e-09
0.0822	0.787851			8220.0	1.36716e-08
0.08225	0.792953			8225.0	7.02456e-09
0.0823	0.800605			8230.0	3.44276e-09
0.08235	0.790402			8235.0	4.18676e-09
0.0824	0.787851			8240.0	1.69001e-09
0.08245	0.7853			8245.0	7.09949e-09
0.0825	0.78275			8250.0	1.13014e-08
0.08255	0.78275			8255.0	5.18833e-09
0.0826	0.787851			8260.0	1.47267e-08
0.08265	0.792953			8265.0	8.20427e-09
0.0827	0.790402			8270.0	6.12443e-09
0.08275	0.795504			8275.0	2.01542e-08
0.0828	0.800605			8280.0	1.48781e-08
0.08285	0.78275			8285.0	6.62818e-09
0.0829	0.790402			8290.0	1.66431e-09
0.08295	0.780199			8295.0	5.44067e-11
0.083	0.775097			8300.0	9.93153e-09
0.08305	0.7853			8305.0	1.58543e-08
0.0831	0.790402			8310.0	1.29065e-08
0.08315	0.798054			8315.0	2.84875e-09
0.0832	0.792953			8320.0	1.63862e-08
0.08325	0.795504			8325.0	3.25491e-08
0.0833	0.790402			8330.0	9.79804e-09
0.08335	0.78275			8335.0	1.70177e-09
0.0834	0.78275			8340.0	6.9902e-09
0.08345	0.790402			8345.0	5.50229e-10
0.0835	0.78275			8350.0	2.85813e-09
0.08355	0.792953			8355.0	9.04707e-10
0.0836	0.792953			8360.0	7.51183e-09
0.08365	0.792953			8365.0	2.0075e-08
0.0837	0.792953			8370.0	3.10714e-08
0.08375	0.792953			8375.0	3.75086e-08
0.0838	0.792953			8380.0	1.27404e-08
0.08385	0.787851			8385.0	6.37538e-09
0.0839	0.78275			8390.0	3.69125e-09
0.08395	0.795504			8395.0	5.20515e-09
0.084	0.7853			8400.0	8.81583e-09
0.08405	0.787851			8405.0	6.9758e-09
0.0841	0.792953			8410.0	1.58098e-08
0.08415	0.792953			8415.0	3.74783e-08
0.0842	0.790402			8420.0	7.69943e-09
0.08425	0.7853			8425.0	3.35843e-09
0.0843	0.787851			8430.0	4.53676e-09
0.08435	0.7853			8435.0	7.66719e-09
0.0844	0.7853			8440.0	2.307e-09
0.08445	0.787851			8445.0	6.05451e-09
0.0845	0.790402			8450.0	6.70469e-09
0.08455	0.795504			8455.0	3.01691e-10
0.0846	0.792953			8460.0	1.12368e-08
0.08465	0.792953			8465.0	2.55547e-08
0.0847	0.790402			8470.0	7.21137e-09
0.08475	0.7853			8475.0	5.81966e-09
0.0848	0.78275			8480.0	2.78198e-08
0.08485	0.7853			8485.0	3.05722e-08
0.0849	0.792953			8490.0	1.28702e-08
0.08495	0.792953			8495.0	2.31025e-09
0.085	0.790402			8500.0	1.36485e-08
0.08505	0.792953			8505.0	4.20683e-09
0.0851	0.7853			8510.0	2.04175e-08
0.08515	0.790402			8515.0	1.55803e-08
0.0852	0.78275			8520.0	2.92853e-09
0.08525	0.790402			8525.0	2.45229e-10
0.0853	0.7853			8530.0	1.60306e-09
0.08535	0.792953			8535.0	3.06193e-09
0.0854	0.795504			8540.0	1.34899e-08
0.08545	0.792953			8545.0	5.97633e-09
0.0855	0.792953			8550.0	5.34799e-09
0.08555	0.78275			8555.0	1.17963e-08
0.0856	0.792953			8560.0	2.1714e-08
0.08565	0.775097			8565.0	1.44297e-08
0.0857	0.7853			8570.0	4.72059e-09
0.08575	0.78275			8575.0	1.97294e-09
0.0858	0.790402			8580.0	6.56916e-10
0.08585	0.7853			8585.0	1.4062e-09
0.0859	0.792953			8590.0	1.16985e-08
0.08595	0.792953			8595.0	1.57661e-08
0.086	0.800605			8600.0	4.49234e-09
0.08605	0.795504			8605.0	2.15733e-08
0.0861	0.798054			8610.0	1.95777e-08
0.08615	0.7853			8615.0	8.83354e-09
0.0862	0.787851			8620.0	9.8797e-09
0.08625	0.790402			8625.0	2.4614e-09
0.0863	0.780199			8630.0	7.99573e-09
0.08635	0.792953			8635.0	1.00411e-08
0.0864	0.78275			8640.0	1.01629e-08
0.08645	0.780199			8645.0	3.15724e-10
0.0865	0.787851			8650.0	7.84024e-09
0.08655	0.790402			8655.0	3.35205e-09
0.0866	0.78275			8660.0	2.34096e-09
0.08665	0.78275			8665.0	4.76204e-09
0.0867	0.792953			8670.0	2.41923e-09
0.08675	0.792953			8675.0	4.28298e-11
0.0868	0.790402			8680.0	2.55615e-10
0.08685	0.795504			8685.0	2.09744e-09
0.0869	0.808258			8690.0	3.61796e-09
0.08695	0.795504			8695.0	9.06584e-09
0.087	0.792953			8700.0	9.23204e-10
0.08705	0.7853			8705.0	1.82135e-09
0.0871	0.78275			8710.0	6.8807e-09
0.08715	0.787851			8715.0	1.53168e-08
0.0872	0.787851			8720.0	8.60187e-09
0.08725	0.790402			8725.0	2.06572e-08
0.0873	0.792953			8730.0	7.48834e-08
0.08735	0.787851			8735.0	2.6796e-08
0.0874	0.7853			8740.0	2.61223e-10
0.08745	0.780199			8745.0	1.48226e-09
0.0875	0.780199			8750.0	3.46366e-09
0.08755	0.787851			8755.0	5.20803e-09
0.0876	0.7853			8760.0	1.33803e-09
0.08765	0.78275			8765.0	1.49476e-08
0.0877	0.787851			8770.0	4.32723e-09
0.08775	0.792953			8775.0	1.13145e-08
0.0878	0.7853			8780.0	7.9817e-09
0.08785	0.790402			8785.0	1.51321e-09
0.0879	0.78275			8790.0	1.31257e-09
0.08795	0.78275			8795.0	1.14684e-08
0.088	0.7853			8800.0	1.8407e-08
0.08805	0.78275			8805.0	6.77057e-11
0.0881	0.792953			8810.0	4.31985e-09
0.08815	0.790402			8815.0	6.691e-09
0.0882	0.792953			8820.0	5.49429e-09
0.08825	0.790402			8825.0	1.31957e-08
0.0883	0.787851			8830.0	1.82361e-08
0.08835	0.78275			8835.0	1.49964e-09
0.0884	0.78275			8840.0	6.31215e-09
0.08845	0.78275			8845.0	4.05134e-09
0.0885	0.798054			8850.0	1.07652e-08
0.08855	0.792953			8855.0	2.94915e-08
0.0886	0.792953			8860.0	3.6063e-08
0.08865	0.800605			8865.0	1.58583e-08
0.0887	0.792953			8870.0	5.91068e-09
0.08875	0.7853			8875.0	5.05135e-09
0.0888	0.7853			8880.0	1.84298e-09
0.08885	0.787851			8885.0	4.47941e-09
0.0889	0.7853			8890.0	3.77907e-09
0.08895	0.78275			8895.0	7.91954e-09
0.089	0.792953			8900.0	1.64864e-08
0.08905	0.787851			8905.0	5.89357e-09
0.0891	0.792953			8910.0	1.93641e-10
0.08915	0.787851			8915.0	1.21695e-10
0.0892	0.792953			8920.0	6.75568e-09
0.08925	0.792953			8925.0	2.6224e-08
0.0893	0.792953			8930.0	1.65881e-08
0.08935	0.78275			8935.0	2.2736e-09
0.0894	0.7853			8940.0	3.00635e-09
0.08945	0.795504			8945.0	1.26358e-08
0.0895	0.792953			8950.0	3.79579e-09
0.08955	0.795504			8955.0	2.39857e-09
0.0896	0.787851			8960.0	3.54937e-09
0.08965	0.790402			8965.0	7.88294e-09
0.0897	0.790402			8970.0	7.69655e-09
0.08975	0.798054			8975.0	1.11821e-09
0.0898	0.7853			8980.0	3.92955e-09
0.08985	0.78275			8985.0	2.50442e-09
0.0899	0.795504			8990.0	1.07189e-08
0.08995	0.780199			8995.0	8.90742e-09
0.09	0.790402			9000.0	1.73825e-08
0.09005	0.790402			9005.0	1.86332e-08
0.0901	0.7853			9010.0	3.27809e-09
0.09015	0.790402			9015.0	2.46238e-08
0.0902	0.790402			9020.0	3.12831e-10
0.09025	0.7853			9025.0	3.86705e-08
0.0903	0.78275			9030.0	1.72571e-08
0.09035	0.787851			9035.0	3.4313e-09
0.0904	0.790402			9040.0	7.14283e-09
0.09045	0.790402			9045.0	3.69493e-09
0.0905	0.792953			9050.0	1.90378e-09
0.09055	0.78275			9055.0	2.67596e-09
0.0906	0.790402			9060.0	4.22243e-09
0.09065	0.790402			9065.0	9.66603e-09
0.0907	0.790402			9070.0	2.21523e-10
0.09075	0.787851			9075.0	1.873e-08
0.0908	0.787851			9080.0	2.59143e-08
0.09085	0.792953			9085.0	3.46833e-08
0.0909	0.787851			9090.0	2.96345e-08
0.09095	0.790402			9095.0	2.6809e-08
0.091	0.792953			9100.0	3.31605e-08
0.09105	0.790402			9105.0	1.96501e-08
0.0911	0.7853			9110.0	2.72522e-08
0.09115	0.790402			9115.0	6.29508e-09
0.0912	0.787851			9120.0	1.15954e-08
0.09125	0.790402			9125.0	5.41217e-09
0.0913	0.792953			9130.0	5.8058e-09
0.09135	0.800605			9135.0	5.41124e-09
0.0914	0.795504			9140.0	1.06087e-08
0.09145	0.787851			9145.0	7.48164e-09
0.0915	0.792953			9150.0	6.94797e-09
0.09155	0.78275			9155.0	1.99534e-08
0.0916	0.780199			9160.0	1.35292e-08
0.09165	0.787851			9165.0	1.04566e-10
0.0917	0.78275			9170.0	5.19316e-09
0.09175	0.792953			9175.0	9.64804e-10
0.0918	0.792953			9180.0	8.85509e-09
0.09185	0.795504			9185.0	1.00351e-08
0.0919	0.792953			9190.0	6.53545e-09
0.09195	0.792953			9195.0	2.39692e-08
0.092	0.790402			9200.0	7.90866e-09
0.09205	0.7853			9205.0	1.89012e-09
0.0921	0.792953			9210.0	7.76472e-09
0.09215	0.792953			9215.0	4.01673e-09
0.0922	0.792953			9220.0	7.34777e-09
0.09225	0.792953			9225.0	3.03313e-09
0.0923	0.777648			9230.0	5.55014e-09
0.09235	0.787851			9235.0	3.43532e-08
0.0924	0.792953			9240.0	2.9307599999999998e-08
0.09245	0.78275			9245.0	2.89479e-08
0.0925	0.787851			9250.0	2.52182e-08
0.09255	0.7853			9255.0	5.65118e-09
0.0926	0.7853			9260.0	2.09195e-08
0.09265	0.790402			9265.0	1.94201e-08
0.0927	0.792953			9270.0	1.03255e-08
0.09275	0.792953			9275.0	4.98829e-08
0.0928	0.790402			9280.0	3.47247e-09
0.09285	0.7853			9285.0	2.85652e-08
0.0929	0.787851			9290.0	1.47487e-08
0.09295	0.78275			9295.0	2.19921e-08
0.093	0.790402			9300.0	2.42221e-08
0.09305	0.792953			9305.0	9.00528e-09
0.0931	0.792953			9310.0	9.45605e-09
0.09315	0.792953			9315.0	9.37588e-09
0.0932	0.792953			9320.0	1.15481e-08
0.09325	0.787851			9325.0	7.9432e-09
0.0933	0.787851			9330.0	3.35069e-09
0.09335	0.787851			9335.0	3.14663e-09
0.0934	0.790402			9340.0	1.71959e-09
0.09345	0.78275			9345.0	6.10447e-09
0.0935	0.795504			9350.0	1.78266e-08
0.09355	0.792953			9355.0	1.3872e-08
0.0936	0.795504			9360.0	4.30814e-09
0.09365	0.787851			9365.0	4.52147e-10
0.0937	0.787851			9370.0	3.35203e-09
0.09375	0.787851			9375.0	2.10445e-08
0.0938	0.780199			9380.0	5.33109e-08
0.09385	0.7853			9385.0	1.19972e-08
0.0939	0.792953			9390.0	1.79414e-08
0.09395	0.790402			9395.0	1.41677e-08
0.094	0.792953			9400.0	3.46099e-09
0.09405	0.792953			9405.0	5.31049e-09
0.0941	0.790402			9410.0	1.46352e-09
0.09415	0.787851			9415.0	6.06576e-09
0.0942	0.790402			9420.0	1.75377e-08
0.09425	0.78275			9425.0	7.05687e-10
0.0943	0.78275			9430.0	1.07953e-09
0.09435	0.78275			9435.0	1.53404e-08
0.0944	0.78275			9440.0	2.22391e-08
0.09445	0.792953			9445.0	2.33996e-08
0.0945	0.790402			9450.0	1.04004e-08
0.09455	0.792953			9455.0	3.35019e-09
0.0946	0.790402			9460.0	4.45267e-09
0.09465	0.792953			9465.0	3.07957e-09
0.0947	0.7853			9470.0	3.27757e-09
0.09475	0.787851			9475.0	1.17845e-08
0.0948	0.792953			9480.0	1.22772e-08
0.09485	0.7853			9485.0	8.67038e-09
0.0949	0.792953			9490.0	1.27096e-09
0.09495	0.792953			9495.0	7.71079e-10
0.095	0.780199			9500.0	3.08652e-09
0.09505	0.790402			9505.0	1.8568e-10
0.0951	0.792953			9510.0	3.28817e-08
0.09515	0.7853			9515.0	3.74312e-08
0.0952	0.772546			9520.0	9.37196e-09
0.09525	0.78275			9525.0	2.26351e-08
0.0953	0.78275			9530.0	9.04463e-09
0.09535	0.787851			9535.0	8.40294e-09
0.0954	0.792953			9540.0	9.99202e-09
0.09545	0.795504			9545.0	4.42557e-09
0.0955	0.792953			9550.0	2.1881e-09
0.09555	0.7853			9555.0	2.32924e-08
0.0956	0.780199			9560.0	2.31168e-08
0.09565	0.78275			9565.0	1.78341e-08
0.0957	0.787851			9570.0	2.21921e-08
0.09575	0.792953			9575.0	1.77614e-08
0.0958	0.798054			9580.0	2.36851e-11
0.09585	0.798054			9585.0	3.98679e-09
0.0959	0.795504			9590.0	1.53193e-09
0.09595	0.7853			9595.0	5.13698e-10
0.096	0.790402			9600.0	2.07044e-08
0.09605	0.780199			9605.0	3.37144e-08
0.0961	0.787851			9610.0	2.65298e-08
0.09615	0.787851			9615.0	1.86682e-08
0.0962	0.792953			9620.0	6.67814e-09
0.09625	0.7853			9625.0	5.89553e-10
0.0963	0.787851			9630.0	1.89997e-09
0.09635	0.795504			9635.0	1.30324e-08
0.0964	0.78275			9640.0	2.04139e-08
0.09645	0.792953			9645.0	1.66941e-08
0.0965	0.792953			9650.0	3.04297e-09
0.09655	0.7853			9655.0	1.76439e-08
0.0966	0.7853			9660.0	9.97371e-09
0.09665	0.790402			9665.0	5.9461e-09
0.0967	0.790402			9670.0	9.84084e-10
0.09675	0.800605			9675.0	6.60497e-11
0.0968	0.795504			9680.0	2.27133e-09
0.09685	0.78275			9685.0	8.50619e-09
0.0969	0.792953			9690.0	1.05535e-08
0.09695	0.787851			9695.0	9.59663e-09
0.097	0.78275			9700.0	9.09519e-10
0.09705	0.787851			9705.0	1.02351e-08
0.0971	0.787851			9710.0	1.62112e-08
0.09715	0.792953			9715.0	8.8952e-09
0.0972	0.790402			9720.0	4.01022e-09
0.09725	0.792953			9725.0	2.65758e-08
0.0973	0.792953			9730.0	4.30528e-08
0.09735	0.7853			9735.0	1.05653e-08
0.0974	0.775097			9740.0	1.05034e-08
0.09745	0.7853			9745.0	1.68721e-08
0.0975	0.792953			9750.0	1.76199e-08
0.09755	0.792953			9755.0	8.92662e-09
0.0976	0.795504			9760.0	1.3564e-09
0.09765	0.792953			9765.0	1.40793e-09
0.0977	0.787851			9770.0	9.04189e-09
0.09775	0.790402			9775.0	6.76212e-09
0.0978	0.792953			9780.0	2.50574e-09
0.09785	0.78275			9785.0	6.62704e-09
0.0979	0.7853			9790.0	4.56236e-09
0.09795	0.78275			9795.0	5.33978e-09
0.098	0.7853			9800.0	2.54432e-09
0.09805	0.790402			9805.0	8.36333e-11
0.0981	0.787851			9810.0	1.08393e-08
0.09815	0.798054			9815.0	1.48212e-08
0.0982	0.787851			9820.0	2.46174e-09
0.09825	0.792953			9825.0	1.13847e-08
0.0983	0.787851			9830.0	2.15963e-08
0.09835	0.787851			9835.0	1.08502e-09
0.0984	0.78275			9840.0	1.67771e-08
0.09845	0.787851			9845.0	1.66394e-08
0.0985	0.792953			9850.0	1.69755e-08
0.09855	0.795504			9855.0	2.39495e-08
0.0986	0.798054			9860.0	8.84896e-09
0.09865	0.790402			9865.0	1.37447e-08
0.0987	0.787851			9870.0	1.22914e-09
0.09875	0.7853			9875.0	1.29931e-09
0.0988	0.78275			9880.0	8.07742e-10
0.09885	0.787851			9885.0	4.52605e-09
0.0989	0.790402			9890.0	2.88958e-09
0.09895	0.792953			9895.0	2.83317e-09
0.099	0.792953			9900.0	9.52166e-09
0.09905	0.795504			9905.0	6.76332e-09
0.0991	0.787851			9910.0	1.53623e-08
0.09915	0.787851			9915.0	4.02695e-09
0.0992	0.78275			9920.0	4.55128e-09
0.09925	0.7853			9925.0	9.63718e-09
0.0993	0.78275			9930.0	8.21409e-09
0.09935	0.787851			9935.0	1.40543e-08
0.0994	0.792953			9940.0	1.53697e-09
0.09945	0.800605			9945.0	6.17004e-09
0.0995	0.787851			9950.0	2.24325e-08
0.09955	0.792953			9955.0	2.58802e-08
0.0996	0.787851			9960.0	1.62074e-08
0.09965	0.787851			9965.0	2.48541e-09
0.0997	0.787851			9970.0	2.05526e-08
0.09975	0.78275			9975.0	1.77342e-09
0.0998	0.7853			9980.0	7.16709e-09
0.09985	0.792953			9985.0	8.9735e-09
0.0999	0.792953			9990.0	3.22502e-09
0.09995	0.792953			9995.0	1.21406e-08
0.1	0.790402				
0.10005	0.7853				
0.1001	0.78275				
0.10015	0.78275				
0.1002	0.792953				
0.10025	0.790402				
0.1003	0.792953				
0.10035	0.795504				
0.1004	0.792953				
0.10045	0.792953				
0.1005	0.790402				
0.10055	0.78275				
0.1006	0.787851				
0.10065	0.792953				
0.1007	0.790402				
0.10075	0.787851				
0.1008	0.795504				
0.10085	0.795504				
0.1009	0.790402				
0.10095	0.792953				
0.101	0.787851				
0.10105	0.787851				
0.1011	0.787851				
0.10115	0.792953				
0.1012	0.787851				
0.10125	0.78275				
0.1013	0.7853				
0.10135	0.792953				
0.1014	0.787851				
0.10145	0.78275				
0.1015	0.790402				
0.10155	0.78275				
0.1016	0.787851				
0.10165	0.787851				
0.1017	0.792953				
0.10175	0.792953				
0.1018	0.787851				
0.10185	0.7853				
0.1019	0.78275				
0.10195	0.78275				
0.102	0.78275				
0.10205	0.7853				
0.1021	0.792953				
0.10215	0.792953				
0.1022	0.7853				
0.10225	0.792953				
0.1023	0.792953				
0.10235	0.78275				
0.1024	0.790402				
0.10245	0.7853				
0.1025	0.78275				
0.10255	0.792953				
0.1026	0.792953				
0.10265	0.792953				
0.1027	0.792953				
0.10275	0.787851				
0.1028	0.78275				
0.10285	0.78275				
0.1029	0.780199				
0.10295	0.790402				
0.103	0.792953				
0.10305	0.795504				
0.1031	0.795504				
0.10315	0.792953				
0.1032	0.790402				
0.10325	0.7853				
0.1033	0.787851				
0.10335	0.78275				
0.1034	0.792953				
0.10345	0.787851				
0.1035	0.798054				
0.10355	0.792953				
0.1036	0.795504				
0.10365	0.790402				
0.1037	0.78275				
0.10375	0.787851				
0.1038	0.792953				
0.10385	0.78275				
0.1039	0.787851				
0.10395	0.78275				
0.104	0.790402				
0.10405	0.7853				
0.1041	0.790402				
0.10415	0.792953				
0.1042	0.787851				
0.10425	0.792953				
0.1043	0.792953				
0.10435	0.78275				
0.1044	0.795504				
0.10445	0.795504				
0.1045	0.792953				
0.10455	0.795504				
0.1046	0.7853				
0.10465	0.795504				
0.1047	0.792953				
0.10475	0.795504				
0.1048	0.792953				
0.10485	0.7853				
0.1049	0.790402				
0.10495	0.792953				
0.105	0.792953				
0.10505	0.798054				
0.1051	0.787851				
0.10515	0.787851				
0.1052	0.787851				
0.10525	0.787851				
0.1053	0.780199				
0.10535	0.792953				
0.1054	0.798054				
0.10545	0.790402				
0.1055	0.795504				
0.10555	0.7853				
0.1056	0.78275				
0.10565	0.78275				
0.1057	0.790402				
0.10575	0.78275				
0.1058	0.792953				
0.10585	0.792953				
0.1059	0.800605				
0.10595	0.792953				
0.106	0.7853				
0.10605	0.787851				
0.1061	0.78275				
0.10615	0.787851				
0.1062	0.787851				
0.10625	0.795504				
0.1063	0.800605				
0.10635	0.792953				
0.1064	0.787851				
0.10645	0.7853				
0.1065	0.780199				
0.10655	0.792953				
0.1066	0.790402				
0.10665	0.795504				
0.1067	0.798054				
0.10675	0.795504				
0.1068	0.790402				
0.10685	0.787851				
0.1069	0.790402				
0.10695	0.78275				
0.107	0.787851				
0.10705	0.787851				
0.1071	0.798054				
0.10715	0.798054				
0.1072	0.790402				
0.10725	0.790402				
0.1073	0.790402				
0.10735	0.7853				
0.1074	0.78275				
0.10745	0.792953				
0.1075	0.790402				
0.10755	0.792953				
0.1076	0.792953				
0.10765	0.792953				
0.1077	0.792953				
0.10775	0.790402				
0.1078	0.780199				
0.10785	0.78275				
0.1079	0.787851				
0.10795	0.787851				
0.108	0.792953				
0.10805	0.792953				
0.1081	0.792953				
0.10815	0.787851				
0.1082	0.787851				
0.10825	0.790402				
0.1083	0.7853				
0.10835	0.7853				
0.1084	0.787851				
0.10845	0.78275				
0.1085	0.795504				
0.10855	0.787851				
0.1086	0.787851				
0.10865	0.792953				
0.1087	0.7853				
0.10875	0.790402				
0.1088	0.792953				
0.10885	0.7853				
0.1089	0.792953				
0.10895	0.795504				
0.109	0.798054				
0.10905	0.792953				
0.1091	0.787851				
0.10915	0.790402				
0.1092	0.7853				
0.10925	0.790402				
0.1093	0.792953				
0.10935	0.787851				
0.1094	0.803156				
0.10945	0.798054				
0.1095	0.78275				
0.10955	0.7853				
0.1096	0.7853				
0.10965	0.78275				
0.1097	0.78275				
0.10975	0.790402				
0.1098	0.787851				
0.10985	0.792953				
0.1099	0.795504				
0.10995	0.792953				
0.11	0.790402				
0.11005	0.780199				
0.1101	0.78275				
0.11015	0.787851				
0.1102	0.792953				
0.11025	0.792953				
0.1103	0.798054				
0.11035	0.790402				
0.1104	0.790402				
0.11045	0.787851				
0.1105	0.780199				
0.11055	0.777648				
0.1106	0.787851				
0.11065	0.787851				
0.1107	0.795504				
0.11075	0.792953				
0.1108	0.792953				
0.11085	0.787851				
0.1109	0.7853				
0.11095	0.780199				
0.111	0.787851				
0.11105	0.787851				
0.1111	0.790402				
0.11115	0.795504				
0.1112	0.795504				
0.11125	0.795504				
0.1113	0.7853				
0.11135	0.7853				
0.1114	0.780199				
0.11145	0.7853				
0.1115	0.78275				
0.11155	0.795504				
0.1116	0.792953				
0.11165	0.795504				
0.1117	0.787851				
0.11175	0.7853				
0.1118	0.787851				
0.11185	0.7853				
0.1119	0.7853				
0.11195	0.7853				
0.112	0.792953				
0.11205	0.792953				
0.1121	0.790402				
0.11215	0.798054				
0.1122	0.790402				
0.11225	0.792953				
0.1123	0.787851				
0.11235	0.792953				
0.1124	0.792953				
0.11245	0.792953				
0.1125	0.787851				
0.11255	0.787851				
0.1126	0.787851				
0.11265	0.787851				
0.1127	0.787851				
0.11275	0.7853				
0.1128	0.798054				
0.11285	0.7853				
0.1129	0.78275				
0.11295	0.787851				
0.113	0.792953				
0.11305	0.792953				
0.1131	0.803156				
0.11315	0.792953				
0.1132	0.787851				
0.11325	0.78275				
0.1133	0.78275				
0.11335	0.792953				
0.1134	0.792953				
0.11345	0.792953				
0.1135	0.792953				
0.11355	0.798054				
0.1136	0.798054				
0.11365	0.792953				
0.1137	0.7853				
0.11375	0.78275				
0.1138	0.787851				
0.11385	0.795504				
0.1139	0.792953				
0.11395	0.792953				
0.114	0.792953				
0.11405	0.790402				
0.1141	0.790402				
0.11415	0.7853				
0.1142	0.7853				
0.11425	0.787851				
0.1143	0.792953				
0.11435	0.787851				
0.1144	0.795504				
0.11445	0.795504				
0.1145	0.790402				
0.11455	0.790402				
0.1146	0.795504				
0.11465	0.7853				
0.1147	0.792953				
0.11475	0.790402				
0.1148	0.787851				
0.11485	0.787851				
0.1149	0.792953				
0.11495	0.790402				
0.115	0.795504				
0.11505	0.790402				
0.1151	0.7853				
0.11515	0.78275				
0.1152	0.792953				
0.11525	0.792953				
0.1153	0.792953				
0.11535	0.792953				
0.1154	0.792953				
0.11545	0.792953				
0.1155	0.787851				
0.11555	0.792953				
0.1156	0.78275				
0.11565	0.78275				
0.1157	0.787851				
0.11575	0.792953				
0.1158	0.798054				
0.11585	0.798054				
0.1159	0.790402				
0.11595	0.787851				
0.116	0.78275				
0.11605	0.792953				
0.1161	0.790402				
0.11615	0.795504				
0.1162	0.795504				
0.11625	0.792953				
0.1163	0.792953				
0.11635	0.787851				
0.1164	0.798054				
0.11645	0.790402				
0.1165	0.7853				
0.11655	0.790402				
0.1166	0.787851				
0.11665	0.798054				
0.1167	0.790402				
0.11675	0.795504				
0.1168	0.787851				
0.11685	0.792953				
0.1169	0.798054				
0.11695	0.7853				
0.117	0.78275				
0.11705	0.790402				
0.1171	0.792953				
0.11715	0.795504				
0.1172	0.792953				
0.11725	0.800605				
0.1173	0.792953				
0.11735	0.7853				
0.1174	0.78275				
0.11745	0.780199				
0.1175	0.787851				
0.11755	0.792953				
0.1176	0.792953				
0.11765	0.798054				
0.1177	0.798054				
0.11775	0.790402				
0.1178	0.7853				
0.11785	0.7853				
0.1179	0.78275				
0.11795	0.790402				
0.118	0.792953				
0.11805	0.795504				
0.1181	0.800605				
0.11815	0.792953				
0.1182	0.792953				
0.11825	0.790402				
0.1183	0.787851				
0.11835	0.787851				
0.1184	0.787851				
0.11845	0.787851				
0.1185	0.790402				
0.11855	0.792953				
0.1186	0.800605				
0.11865	0.795504				
0.1187	0.792953				
0.11875	0.7853				
0.1188	0.787851				
0.11885	0.78275				
0.1189	0.790402				
0.11895	0.792953				
0.119	0.792953				
0.11905	0.800605				
0.1191	0.795504				
0.11915	0.792953				
0.1192	0.790402				
0.11925	0.787851				
0.1193	0.787851				
0.11935	0.792953				
0.1194	0.792953				
0.11945	0.7853				
0.1195	0.795504				
0.11955	0.800605				
0.1196	0.790402				
0.11965	0.787851				
0.1197	0.78275				
0.11975	0.777648				
0.1198	0.787851				
0.11985	0.787851				
0.1199	0.790402				
0.11995	0.795504				
0.12	0.7853				
0.12005	0.7853				
0.1201	0.787851				
0.12015	0.795504				
0.1202	0.780199				
0.12025	0.792953				
0.1203	0.790402				
0.12035	0.795504				
0.1204	0.792953				
0.12045	0.7853				
0.1205	0.790402				
0.12055	0.798054				
0.1206	0.798054				
0.12065	0.792953				
0.1207	0.795504				
0.12075	0.798054				
0.1208	0.790402				
0.12085	0.7853				
0.1209	0.795504				
0.12095	0.795504				
0.121	0.792953				
0.12105	0.790402				
0.1211	0.790402				
0.12115	0.777648				
0.1212	0.7853				
0.12125	0.777648				
0.1213	0.792953				
0.12135	0.792953				
0.1214	0.795504				
0.12145	0.795504				
0.1215	0.792953				
0.12155	0.792953				
0.1216	0.792953				
0.12165	0.78275				
0.1217	0.792953				
0.12175	0.798054				
0.1218	0.792953				
0.12185	0.800605				
0.1219	0.798054				
0.12195	0.795504				
0.122	0.7853				
0.12205	0.7853				
0.1221	0.7853				
0.12215	0.787851				
0.1222	0.790402				
0.12225	0.795504				
0.1223	0.795504				
0.12235	0.795504				
0.1224	0.787851				
0.12245	0.787851				
0.1225	0.78275				
0.12255	0.7853				
0.1226	0.790402				
0.12265	0.792953				
0.1227	0.800605				
0.12275	0.798054				
0.1228	0.792953				
0.12285	0.78275				
0.1229	0.7853				
0.12295	0.787851				
0.123	0.787851				
0.12305	0.792953				
0.1231	0.792953				
0.12315	0.805707				
0.1232	0.795504				
0.12325	0.787851				
0.1233	0.787851				
0.12335	0.792953				
0.1234	0.790402				
0.12345	0.787851				
0.1235	0.792953				
0.12355	0.795504				
0.1236	0.798054				
0.12365	0.792953				
0.1237	0.790402				
0.12375	0.795504				
0.1238	0.792953				
0.12385	0.78275				
0.1239	0.790402				
0.12395	0.78275				
0.124	0.790402				
0.12405	0.795504				
0.1241	0.792953				
0.12415	0.798054				
0.1242	0.792953				
0.12425	0.78275				
0.1243	0.790402				
0.12435	0.787851				
0.1244	0.792953				
0.12445	0.7853				
0.1245	0.787851				
0.12455	0.787851				
0.1246	0.787851				
0.12465	0.795504				
0.1247	0.787851				
0.12475	0.787851				
0.1248	0.787851				
0.12485	0.7853				
0.1249	0.78275				
0.12495	0.787851				
0.125	0.787851				
0.12505	0.787851				
0.1251	0.792953				
0.12515	0.795504				
0.1252	0.792953				
0.12525	0.787851				
0.1253	0.790402				
0.12535	0.787851				
0.1254	0.787851				
0.12545	0.790402				
0.1255	0.792953				
0.12555	0.792953				
0.1256	0.790402				
0.12565	0.790402				
0.1257	0.787851				
0.12575	0.78275				
0.1258	0.792953				
0.12585	0.787851				
0.1259	0.792953				
0.12595	0.795504				
0.126	0.792953				
0.12605	0.795504				
0.1261	0.7853				
0.12615	0.78275				
0.1262	0.780199				
0.12625	0.7853				
0.1263	0.792953				
0.12635	0.7853				
0.1264	0.795504				
0.12645	0.792953				
0.1265	0.792953				
0.12655	0.7853				
0.1266	0.790402				
0.12665	0.7853				
0.1267	0.787851				
0.12675	0.787851				
0.1268	0.798054				
0.12685	0.790402				
0.1269	0.795504				
0.12695	0.792953				
0.127	0.787851				
0.12705	0.792953				
0.1271	0.792953				
0.12715	0.787851				
0.1272	0.78275				
0.12725	0.790402				
0.1273	0.7853				
0.12735	0.790402				
0.1274	0.792953				
0.12745	0.800605				
0.1275	0.792953				
0.12755	0.790402				
0.1276	0.790402				
0.12765	0.790402				
0.1277	0.790402				
0.12775	0.7853				
0.1278	0.78275				
0.12785	0.790402				
0.1279	0.787851				
0.12795	0.792953				
0.128	0.7853				
0.12805	0.795504				
0.1281	0.792953				
0.12815	0.790402				
0.1282	0.7853				
0.12825	0.792953				
0.1283	0.790402				
0.12835	0.795504				
0.1284	0.787851				
0.12845	0.790402				
0.1285	0.792953				
0.12855	0.78275				
0.1286	0.790402				
0.12865	0.792953				
0.1287	0.7853				
0.12875	0.790402				
0.1288	0.800605				
0.12885	0.792953				
0.1289	0.790402				
0.12895	0.78275				
0.129	0.780199				
0.12905	0.769996				
0.1291	0.780199				
0.12915	0.787851				
0.1292	0.792953				
0.12925	0.792953				
0.1293	0.795504				
0.12935	0.7853				
0.1294	0.787851				
0.12945	0.790402				
0.1295	0.7853				
0.12955	0.787851				
0.1296	0.792953				
0.12965	0.790402				
0.1297	0.792953				
0.12975	0.795504				
0.1298	0.787851				
0.12985	0.790402				
0.1299	0.7853				
0.12995	0.787851				
0.13	0.790402				
0.13005	0.792953				
0.1301	0.792953				
0.13015	0.792953				
0.1302	0.790402				
0.13025	0.7853				
0.1303	0.78275				
0.13035	0.775097				
0.1304	0.78275				
0.13045	0.787851				
0.1305	0.792953				
0.13055	0.787851				
0.1306	0.787851				
0.13065	0.795504				
0.1307	0.792953				
0.13075	0.78275				
0.1308	0.792953				
0.13085	0.790402				
0.1309	0.787851				
0.13095	0.787851				
0.131	0.7853				
0.13105	0.787851				
0.1311	0.790402				
0.13115	0.792953				
0.1312	0.800605				
0.13125	0.792953				
0.1313	0.787851				
0.13135	0.7853				
0.1314	0.772546				
0.13145	0.790402				
0.1315	0.792953				
0.13155	0.787851				
0.1316	0.808258				
0.13165	0.790402				
0.1317	0.790402				
0.13175	0.7853				
0.1318	0.780199				
0.13185	0.78275				
0.1319	0.787851				
0.13195	0.792953				
0.132	0.7853				
0.13205	0.792953				
0.1321	0.792953				
0.13215	0.787851				
0.1322	0.790402				
0.13225	0.78275				
0.1323	0.787851				
0.13235	0.787851				
0.1324	0.790402				
0.13245	0.7853				
0.1325	0.792953				
0.13255	0.795504				
0.1326	0.795504				
0.13265	0.787851				
0.1327	0.78275				
0.13275	0.790402				
0.1328	0.78275				
0.13285	0.78275				
0.1329	0.787851				
0.13295	0.792953				
0.133	0.798054				
0.13305	0.787851				
0.1331	0.790402				
0.13315	0.78275				
0.1332	0.787851				
0.13325	0.787851				
0.1333	0.790402				
0.13335	0.787851				
0.1334	0.792953				
0.13345	0.78275				
0.1335	0.792953				
0.13355	0.800605				
0.1336	0.792953				
0.13365	0.790402				
0.1337	0.792953				
0.13375	0.780199				
0.1338	0.790402				
0.13385	0.787851				
0.1339	0.787851				
0.13395	0.798054				
0.134	0.795504				
0.13405	0.790402				
0.1341	0.792953				
0.13415	0.78275				
0.1342	0.78275				
0.13425	0.787851				
0.1343	0.787851				
0.13435	0.792953				
0.1344	0.792953				
0.13445	0.792953				
0.1345	0.7853				
0.13455	0.78275				
0.1346	0.78275				
0.13465	0.787851				
0.1347	0.787851				
0.13475	0.795504				
0.1348	0.790402				
0.13485	0.787851				
0.1349	0.800605				
0.13495	0.787851				
0.135	0.7853				
0.13505	0.792953				
0.1351	0.7853				
0.13515	0.787851				
0.1352	0.792953				
0.13525	0.790402				
0.1353	0.795504				
0.13535	0.798054				
0.1354	0.787851				
0.13545	0.787851				
0.1355	0.792953				
0.13555	0.78275				
0.1356	0.792953				
0.13565	0.787851				
0.1357	0.792953				
0.13575	0.792953				
0.1358	0.7853				
0.13585	0.78275				
0.1359	0.795504				
0.13595	0.790402				
0.136	0.78275				
0.13605	0.780199				
0.1361	0.787851				
0.13615	0.792953				
0.1362	0.790402				
0.13625	0.798054				
0.1363	0.7853				
0.13635	0.790402				
0.1364	0.787851				
0.13645	0.787851				
0.1365	0.7853				
0.13655	0.78275				
0.1366	0.790402				
0.13665	0.792953				
0.1367	0.792953				
0.13675	0.792953				
0.1368	0.798054				
0.13685	0.792953				
0.1369	0.7853				
0.13695	0.78275				
0.137	0.78275				
0.13705	0.7853				
0.1371	0.790402				
0.13715	0.798054				
0.1372	0.800605				
0.13725	0.795504				
0.1373	0.787851				
0.13735	0.777648				
0.1374	0.78275				
0.13745	0.78275				
0.1375	0.792953				
0.13755	0.787851				
0.1376	0.800605				
0.13765	0.792953				
0.1377	0.787851				
0.13775	0.78275				
0.1378	0.795504				
0.13785	0.777648				
0.1379	0.787851				
0.13795	0.792953				
0.138	0.790402				
0.13805	0.795504				
0.1381	0.792953				
0.13815	0.790402				
0.1382	0.790402				
0.13825	0.795504				
0.1383	0.787851				
0.13835	0.787851				
0.1384	0.780199				
0.13845	0.7853				
0.1385	0.772546				
0.13855	0.790402				
0.1386	0.790402				
0.13865	0.798054				
0.1387	0.790402				
0.13875	0.787851				
0.1388	0.787851				
0.13885	0.78275				
0.1389	0.792953				
0.13895	0.792953				
0.139	0.792953				
0.13905	0.800605				
0.1391	0.790402				
0.13915	0.792953				
0.1392	0.795504				
0.13925	0.78275				
0.1393	0.780199				
0.13935	0.787851				
0.1394	0.78275				
0.13945	0.800605				
0.1395	0.792953				
0.13955	0.803156				
0.1396	0.792953				
0.13965	0.790402				
0.1397	0.790402				
0.13975	0.78275				
0.1398	0.777648				
0.13985	0.787851				
0.1399	0.795504				
0.13995	0.800605				
0.14	0.792953				
0.14005	0.792953				
0.1401	0.7853				
0.14015	0.78275				
0.1402	0.78275				
0.14025	0.78275				
0.1403	0.7853				
0.14035	0.787851				
0.1404	0.787851				
0.14045	0.795504				
0.1405	0.790402				
0.14055	0.790402				
0.1406	0.787851				
0.14065	0.78275				
0.1407	0.7853				
0.14075	0.787851				
0.1408	0.787851				
0.14085	0.792953				
0.1409	0.795504				
0.14095	0.795504				
0.141	0.7853				
0.14105	0.787851				
0.1411	0.78275				
0.14115	0.790402				
0.1412	0.787851				
0.14125	0.790402				
0.1413	0.792953				
0.14135	0.795504				
0.1414	0.792953				
0.14145	0.795504				
0.1415	0.792953				
0.14155	0.790402				
0.1416	0.790402				
0.14165	0.78275				
0.1417	0.792953				
0.14175	0.78275				
0.1418	0.792953				
0.14185	0.798054				
0.1419	0.798054				
0.14195	0.790402				
0.142	0.78275				
0.14205	0.790402				
0.1421	0.7853				
0.14215	0.78275				
0.1422	0.7853				
0.14225	0.800605				
0.1423	0.792953				
0.14235	0.792953				
0.1424	0.798054				
0.14245	0.795504				
0.1425	0.787851				
0.14255	0.790402				
0.1426	0.78275				
0.14265	0.792953				
0.1427	0.790402				
0.14275	0.792953				
0.1428	0.792953				
0.14285	0.792953				
0.1429	0.787851				
0.14295	0.790402				
0.143	0.780199				
0.14305	0.790402				
0.1431	0.790402				
0.14315	0.792953				
0.1432	0.790402				
0.14325	0.78275				
0.1433	0.790402				
0.14335	0.792953				
0.1434	0.78275				
0.14345	0.795504				
0.1435	0.787851				
0.14355	0.7853				
0.1436	0.78275				
0.14365	0.787851				
0.1437	0.787851				
0.14375	0.792953				
0.1438	0.798054				
0.14385	0.798054				
0.1439	0.792953				
0.14395	0.795504				
0.144	0.787851				
0.14405	0.78275				
0.1441	0.7853				
0.14415	0.780199				
0.1442	0.795504				
0.14425	0.790402				
0.1443	0.790402				
0.14435	0.792953				
0.1444	0.787851				
0.14445	0.790402				
0.1445	0.78275				
0.14455	0.78275				
0.1446	0.790402				
0.14465	0.792953				
0.1447	0.798054				
0.14475	0.792953				
0.1448	0.792953				
0.14485	0.78275				
0.1449	0.7853				
0.14495	0.777648				
0.145	0.78275				
0.14505	0.777648				
0.1451	0.790402				
0.14515	0.795504				
0.1452	0.792953				
0.14525	0.787851				
0.1453	0.7853				
0.14535	0.780199				
0.1454	0.780199				
0.14545	0.787851				
0.1455	0.790402				
0.14555	0.792953				
0.1456	0.795504				
0.14565	0.792953				
0.1457	0.790402				
0.14575	0.787851				
0.1458	0.78275				
0.14585	0.787851				
0.1459	0.790402				
0.14595	0.787851				
0.146	0.792953				
0.14605	0.792953				
0.1461	0.790402				
0.14615	0.787851				
0.1462	0.787851				
0.14625	0.792953				
0.1463	0.790402				
0.14635	0.792953				
0.1464	0.777648				
0.14645	0.78275				
0.1465	0.787851				
0.14655	0.78275				
0.1466	0.7853				
0.14665	0.792953				
0.1467	0.787851				
0.14675	0.790402				
0.1468	0.792953				
0.14685	0.790402				
0.1469	0.792953				
0.14695	0.787851				
0.147	0.792953				
0.14705	0.790402				
0.1471	0.792953				
0.14715	0.792953				
0.1472	0.787851				
0.14725	0.7853				
0.1473	0.78275				
0.14735	0.78275				
0.1474	0.790402				
0.14745	0.7853				
0.1475	0.792953				
0.14755	0.798054				
0.1476	0.792953				
0.14765	0.792953				
0.1477	0.787851				
0.14775	0.7853				
0.1478	0.780199				
0.14785	0.790402				
0.1479	0.787851				
0.14795	0.7853				
0.148	0.798054				
0.14805	0.792953				
0.1481	0.790402				
0.14815	0.787851				
0.1482	0.78275				
0.14825	0.787851				
0.1483	0.78275				
0.14835	0.792953				
0.1484	0.792953				
0.14845	0.795504				
0.1485	0.792953				
0.14855	0.78275				
0.1486	0.790402				
0.14865	0.78275				
0.1487	0.7853				
0.14875	0.787851				
0.1488	0.792953				
0.14885	0.792953				
0.1489	0.798054				
0.14895	0.790402				
0.149	0.792953				
0.14905	0.787851				
0.1491	0.792953				
0.14915	0.7853				
0.1492	0.7853				
0.14925	0.790402				
0.1493	0.7853				
0.14935	0.795504				
0.1494	0.792953				
0.14945	0.787851				
0.1495	0.787851				
0.14955	0.790402				
0.1496	0.792953				
0.14965	0.792953				
0.1497	0.792953				
0.14975	0.790402				
0.1498	0.792953				
0.14985	0.795504				
0.1499	0.798054				
0.14995	0.787851				
0.15	0.790402				
0.15005	0.7853				
0.1501	0.787851				
0.15015	0.790402				
0.1502	0.7853				
0.15025	0.787851				
0.1503	0.800605				
0.15035	0.800605				
0.1504	0.790402				
0.15045	0.787851				
0.1505	0.780199				
0.15055	0.787851				
0.1506	0.7853				
0.15065	0.795504				
0.1507	0.787851				
0.15075	0.795504				
0.1508	0.792953				
0.15085	0.795504				
0.1509	0.787851				
0.15095	0.792953				
0.151	0.775097				
0.15105	0.787851				
0.1511	0.790402				
0.15115	0.790402				
0.1512	0.798054				
0.15125	0.795504				
0.1513	0.7853				
0.15135	0.790402				
0.1514	0.78275				
0.15145	0.792953				
0.1515	0.790402				
0.15155	0.792953				
0.1516	0.792953				
0.15165	0.787851				
0.1517	0.803156				
0.15175	0.795504				
0.1518	0.792953				
0.15185	0.795504				
0.1519	0.792953				
0.15195	0.78275				
0.152	0.78275				
0.15205	0.787851				
0.1521	0.792953				
0.15215	0.795504				
0.1522	0.800605				
0.15225	0.792953				
0.1523	0.78275				
0.15235	0.78275				
0.1524	0.7853				
0.15245	0.790402				
0.1525	0.787851				
0.15255	0.795504				
0.1526	0.792953				
0.15265	0.792953				
0.1527	0.7853				
0.15275	0.795504				
0.1528	0.787851				
0.15285	0.787851				
0.1529	0.78275				
0.15295	0.798054				
0.153	0.792953				
0.15305	0.792953				
0.1531	0.792953				
0.15315	0.792953				
0.1532	0.780199				
0.15325	0.798054				
0.1533	0.78275				
0.15335	0.790402				
0.1534	0.777648				
0.15345	0.787851				
0.1535	0.787851				
0.15355	0.792953				
0.1536	0.800605				
0.15365	0.798054				
0.1537	0.795504				
0.15375	0.800605				
0.1538	0.795504				
0.15385	0.7853				
0.1539	0.790402				
0.15395	0.792953				
0.154	0.800605				
0.15405	0.803156				
0.1541	0.795504				
0.15415	0.787851				
0.1542	0.780199				
0.15425	0.7853				
0.1543	0.78275				
0.15435	0.790402				
0.1544	0.792953				
0.15445	0.803156				
0.1545	0.795504				
0.15455	0.800605				
0.1546	0.792953				
0.15465	0.787851				
0.1547	0.787851				
0.15475	0.792953				
0.1548	0.792953				
0.15485	0.795504				
0.1549	0.798054				
0.15495	0.795504				
0.155	0.790402				
0.15505	0.787851				
0.1551	0.78275				
0.15515	0.787851				
0.1552	0.792953				
0.15525	0.790402				
0.1553	0.805707				
0.15535	0.792953				
0.1554	0.792953				
0.15545	0.795504				
0.1555	0.795504				
0.15555	0.792953				
0.1556	0.790402				
0.15565	0.7853				
0.1557	0.795504				
0.15575	0.787851				
0.1558	0.798054				
0.15585	0.7853				
0.1559	0.792953				
0.15595	0.790402				
0.156	0.790402				
0.15605	0.790402				
0.1561	0.792953				
0.15615	0.790402				
0.1562	0.787851				
0.15625	0.805707				
0.1563	0.798054				
0.15635	0.792953				
0.1564	0.787851				
0.15645	0.78275				
0.1565	0.7853				
0.15655	0.790402				
0.1566	0.7853				
0.15665	0.792953				
0.1567	0.800605				
0.15675	0.800605				
0.1568	0.792953				
0.15685	0.792953				
0.1569	0.790402				
0.15695	0.787851				
0.157	0.787851				
0.15705	0.792953				
0.1571	0.795504				
0.15715	0.803156				
0.1572	0.792953				
0.15725	0.792953				
0.1573	0.798054				
0.15735	0.790402				
0.1574	0.787851				
0.15745	0.795504				
0.1575	0.792953				
0.15755	0.800605				
0.1576	0.808258				
0.15765	0.795504				
0.1577	0.795504				
0.15775	0.798054				
0.1578	0.787851				
0.15785	0.792953				
0.1579	0.7853				
0.15795	0.795504				
0.158	0.795504				
0.15805	0.795504				
0.1581	0.798054				
0.15815	0.787851				
0.1582	0.790402				
0.15825	0.7853				
0.1583	0.787851				
0.15835	0.792953				
0.1584	0.795504				
0.15845	0.792953				
0.1585	0.798054				
0.15855	0.795504				
0.1586	0.792953				
0.15865	0.787851				
0.1587	0.795504				
0.15875	0.792953				
0.1588	0.787851				
0.15885	0.798054				
0.1589	0.792953				
0.15895	0.795504				
0.159	0.795504				
0.15905	0.792953				
0.1591	0.792953				
0.15915	0.795504				
0.1592	0.792953				
0.15925	0.787851				
0.1593	0.787851				
0.15935	0.790402				
0.1594	0.787851				
0.15945	0.805707				
0.1595	0.798054				
0.15955	0.798054				
0.1596	0.798054				
0.15965	0.790402				
0.1597	0.795504				
0.15975	0.800605				
0.1598	0.790402				
0.15985	0.800605				
0.1599	0.800605				
0.15995	0.798054				
0.16	0.803156				
0.16005	0.790402				
0.1601	0.787851				
0.16015	0.7853				
0.1602	0.790402				
0.16025	0.792953				
0.1603	0.798054				
0.16035	0.800605				
0.1604	0.800605				
0.16045	0.798054				
0.1605	0.792953				
0.16055	0.795504				
0.1606	0.787851				
0.16065	0.792953				
0.1607	0.792953				
0.16075	0.798054				
0.1608	0.795504				
0.16085	0.800605				
0.1609	0.800605				
0.16095	0.800605				
0.161	0.800605				
0.16105	0.790402				
0.1611	0.790402				
0.16115	0.790402				
0.1612	0.792953				
0.16125	0.795504				
0.1613	0.803156				
0.16135	0.798054				
0.1614	0.795504				
0.16145	0.792953				
0.1615	0.792953				
0.16155	0.7853				
0.1616	0.787851				
0.16165	0.798054				
0.1617	0.798054				
0.16175	0.808258				
0.1618	0.803156				
0.16185	0.790402				
0.1619	0.790402				
0.16195	0.803156				
0.162	0.795504				
0.16205	0.790402				
0.1621	0.7853				
0.16215	0.795504				
0.1622	0.787851				
0.16225	0.800605				
0.1623	0.810808				
0.16235	0.792953				
0.1624	0.800605				
0.16245	0.790402				
0.1625	0.792953				
0.16255	0.7853				
0.1626	0.795504				
0.16265	0.792953				
0.1627	0.800605				
0.16275	0.803156				
0.1628	0.800605				
0.16285	0.798054				
0.1629	0.792953				
0.16295	0.790402				
0.163	0.787851				
0.16305	0.787851				
0.1631	0.803156				
0.16315	0.798054				
0.1632	0.800605				
0.16325	0.798054				
0.1633	0.798054				
0.16335	0.798054				
0.1634	0.795504				
0.16345	0.790402				
0.1635	0.792953				
0.16355	0.792953				
0.1636	0.800605				
0.16365	0.803156				
0.1637	0.800605				
0.16375	0.798054				
0.1638	0.798054				
0.16385	0.790402				
0.1639	0.787851				
0.16395	0.792953				
0.164	0.803156				
0.16405	0.800605				
0.1641	0.800605				
0.16415	0.792953				
0.1642	0.792953				
0.16425	0.790402				
0.1643	0.792953				
0.16435	0.795504				
0.1644	0.803156				
0.16445	0.803156				
0.1645	0.803156				
0.16455	0.805707				
0.1646	0.795504				
0.16465	0.792953				
0.1647	0.795504				
0.16475	0.792953				
0.1648	0.792953				
0.16485	0.795504				
0.1649	0.798054				
0.16495	0.805707				
0.165	0.805707				
0.16505	0.805707				
0.1651	0.798054				
0.16515	0.798054				
0.1652	0.790402				
0.16525	0.792953				
0.1653	0.795504				
0.16535	0.803156				
0.1654	0.795504				
0.16545	0.800605				
0.1655	0.800605				
0.16555	0.798054				
0.1656	0.795504				
0.16565	0.792953				
0.1657	0.792953				
0.16575	0.795504				
0.1658	0.800605				
0.16585	0.803156				
0.1659	0.800605				
0.16595	0.800605				
0.166	0.795504				
0.16605	0.790402				
0.1661	0.792953				
0.16615	0.798054				
0.1662	0.792953				
0.16625	0.803156				
0.1663	0.800605				
0.16635	0.798054				
0.1664	0.803156				
0.16645	0.800605				
0.1665	0.800605				
0.16655	0.787851				
0.1666	0.792953				
0.16665	0.803156				
0.1667	0.792953				
0.16675	0.800605				
0.1668	0.800605				
0.16685	0.798054				
0.1669	0.800605				
0.16695	0.803156				
0.167	0.792953				
0.16705	0.792953				
0.1671	0.787851				
0.16715	0.800605				
0.1672	0.800605				
0.16725	0.808258				
0.1673	0.813359				
0.16735	0.800605				
0.1674	0.803156				
0.16745	0.798054				
0.1675	0.792953				
0.16755	0.803156				
0.1676	0.803156				
0.16765	0.803156				
0.1677	0.805707				
0.16775	0.805707				
0.1678	0.795504				
0.16785	0.798054				
0.1679	0.803156				
0.16795	0.795504				
0.168	0.795504				
0.16805	0.792953				
0.1681	0.800605				
0.16815	0.800605				
0.1682	0.810808				
0.16825	0.795504				
0.1683	0.800605				
0.16835	0.792953				
0.1684	0.787851				
0.16845	0.795504				
0.1685	0.800605				
0.16855	0.803156				
0.1686	0.803156				
0.16865	0.803156				
0.1687	0.798054				
0.16875	0.800605				
0.1688	0.787851				
0.16885	0.792953				
0.1689	0.792953				
0.16895	0.798054				
0.169	0.803156				
0.16905	0.800605				
0.1691	0.792953				
0.16915	0.800605				
0.1692	0.795504				
0.16925	0.795504				
0.1693	0.800605				
0.16935	0.798054				
0.1694	0.795504				
0.16945	0.803156				
0.1695	0.805707				
0.16955	0.805707				
0.1696	0.798054				
0.16965	0.808258				
0.1697	0.798054				
0.16975	0.792953				
0.1698	0.792953				
0.16985	0.798054				
0.1699	0.795504				
0.16995	0.803156				
0.17	0.803156				
0.17005	0.803156				
0.1701	0.808258				
0.17015	0.800605				
0.1702	0.792953				
0.17025	0.800605				
0.1703	0.792953				
0.17035	0.800605				
0.1704	0.808258				
0.17045	0.808258				
0.1705	0.803156				
0.17055	0.810808				
0.1706	0.792953				
0.17065	0.795504				
0.1707	0.798054				
0.17075	0.792953				
0.1708	0.805707				
0.17085	0.805707				
0.1709	0.803156				
0.17095	0.800605				
0.171	0.800605				
0.17105	0.798054				
0.1711	0.800605				
0.17115	0.803156				
0.1712	0.805707				
0.17125	0.808258				
0.1713	0.805707				
0.17135	0.803156				
0.1714	0.800605				
0.17145	0.803156				
0.1715	0.798054				
0.17155	0.800605				
0.1716	0.805707				
0.17165	0.805707				
0.1717	0.808258				
0.17175	0.803156				
0.1718	0.808258				
0.17185	0.810808				
0.1719	0.795504				
0.17195	0.805707				
0.172	0.808258				
0.17205	0.803156				
0.1721	0.795504				
0.17215	0.805707				
0.1722	0.803156				
0.17225	0.808258				
0.1723	0.813359				
0.17235	0.803156				
0.1724	0.805707				
0.17245	0.805707				
0.1725	0.795504				
0.17255	0.792953				
0.1726	0.795504				
0.17265	0.803156				
0.1727	0.808258				
0.17275	0.81591				
0.1728	0.810808				
0.17285	0.803156				
0.1729	0.803156				
0.17295	0.800605				
0.173	0.792953				
0.17305	0.795504				
0.1731	0.808258				
0.17315	0.805707				
0.1732	0.813359				
0.17325	0.808258				
0.1733	0.803156				
0.17335	0.808258				
0.1734	0.803156				
0.17345	0.798054				
0.1735	0.800605				
0.17355	0.805707				
0.1736	0.803156				
0.17365	0.808258				
0.1737	0.803156				
0.17375	0.803156				
0.1738	0.803156				
0.17385	0.805707				
0.1739	0.790402				
0.17395	0.805707				
0.174	0.808258				
0.17405	0.81591				
0.1741	0.810808				
0.17415	0.808258				
0.1742	0.798054				
0.17425	0.800605				
0.1743	0.792953				
0.17435	0.800605				
0.1744	0.792953				
0.17445	0.808258				
0.1745	0.798054				
0.17455	0.808258				
0.1746	0.808258				
0.17465	0.803156				
0.1747	0.800605				
0.17475	0.808258				
0.1748	0.798054				
0.17485	0.798054				
0.1749	0.800605				
0.17495	0.803156				
0.175	0.803156				
0.17505	0.803156				
0.1751	0.810808				
0.17515	0.803156				
0.1752	0.800605				
0.17525	0.800605				
0.1753	0.798054				
0.17535	0.800605				
0.1754	0.800605				
0.17545	0.805707				
0.1755	0.805707				
0.17555	0.800605				
0.1756	0.803156				
0.17565	0.805707				
0.1757	0.795504				
0.17575	0.798054				
0.1758	0.803156				
0.17585	0.808258				
0.1759	0.808258				
0.17595	0.808258				
0.176	0.808258				
0.17605	0.803156				
0.1761	0.805707				
0.17615	0.798054				
0.1762	0.798054				
0.17625	0.805707				
0.1763	0.795504				
0.17635	0.810808				
0.1764	0.81591				
0.17645	0.813359				
0.1765	0.803156				
0.17655	0.800605				
0.1766	0.795504				
0.17665	0.798054				
0.1767	0.798054				
0.17675	0.803156				
0.1768	0.800605				
0.17685	0.810808				
0.1769	0.808258				
0.17695	0.805707				
0.177	0.803156				
0.17705	0.792953				
0.1771	0.798054				
0.17715	0.800605				
0.1772	0.798054				
0.17725	0.808258				
0.1773	0.800605				
0.17735	0.810808				
0.1774	0.810808				
0.17745	0.803156				
0.1775	0.795504				
0.17755	0.792953				
0.1776	0.803156				
0.17765	0.803156				
0.1777	0.800605				
0.17775	0.805707				
0.1778	0.810808				
0.17785	0.813359				
0.1779	0.803156				
0.17795	0.798054				
0.178	0.800605				
0.17805	0.800605				
0.1781	0.813359				
0.17815	0.810808				
0.1782	0.818461				
0.17825	0.805707				
0.1783	0.808258				
0.17835	0.800605				
0.1784	0.810808				
0.17845	0.810808				
0.1785	0.805707				
0.17855	0.813359				
0.1786	0.800605				
0.17865	0.803156				
0.1787	0.803156				
0.17875	0.803156				
0.1788	0.805707				
0.17885	0.803156				
0.1789	0.800605				
0.17895	0.798054				
0.179	0.795504				
0.17905	0.803156				
0.1791	0.800605				
0.17915	0.810808				
0.1792	0.808258				
0.17925	0.810808				
0.1793	0.808258				
0.17935	0.805707				
0.1794	0.795504				
0.17945	0.795504				
0.1795	0.805707				
0.17955	0.813359				
0.1796	0.805707				
0.17965	0.810808				
0.1797	0.805707				
0.17975	0.800605				
0.1798	0.798054				
0.17985	0.800605				
0.1799	0.800605				
0.17995	0.808258				
0.18	0.810808				
0.18005	0.818461				
0.1801	0.81591				
0.18015	0.813359				
0.1802	0.813359				
0.18025	0.803156				
0.1803	0.795504				
0.18035	0.800605				
0.1804	0.805707				
0.18045	0.810808				
0.1805	0.800605				
0.18055	0.813359				
0.1806	0.805707				
0.18065	0.805707				
0.1807	0.808258				
0.18075	0.810808				
0.1808	0.803156				
0.18085	0.795504				
0.1809	0.813359				
0.18095	0.803156				
0.181	0.808258				
0.18105	0.808258				
0.1811	0.803156				
0.18115	0.808258				
0.1812	0.810808				
0.18125	0.800605				
0.1813	0.798054				
0.18135	0.803156				
0.1814	0.808258				
0.18145	0.805707				
0.1815	0.808258				
0.18155	0.810808				
0.1816	0.810808				
0.18165	0.810808				
0.1817	0.803156				
0.18175	0.798054				
0.1818	0.800605				
0.18185	0.805707				
0.1819	0.803156				
0.18195	0.810808				
0.182	0.813359				
0.18205	0.810808				
0.1821	0.803156				
0.18215	0.803156				
0.1822	0.800605				
0.18225	0.800605				
0.1823	0.803156				
0.18235	0.805707				
0.1824	0.803156				
0.18245	0.813359				
0.1825	0.813359				
0.18255	0.808258				
0.1826	0.803156				
0.18265	0.808258				
0.1827	0.792953				
0.18275	0.798054				
0.1828	0.808258				
0.18285	0.813359				
0.1829	0.813359				
0.18295	0.813359				
0.183	0.810808				
0.18305	0.803156				
0.1831	0.803156				
0.18315	0.798054				
0.1832	0.803156				
0.18325	0.800605				
0.1833	0.808258				
0.18335	0.810808				
0.1834	0.813359				
0.18345	0.808258				
0.1835	0.803156				
0.18355	0.808258				
0.1836	0.800605				
0.18365	0.805707				
0.1837	0.805707				
0.18375	0.808258				
0.1838	0.810808				
0.18385	0.810808				
0.1839	0.810808				
0.18395	0.808258				
0.184	0.810808				
0.18405	0.795504				
0.1841	0.800605				
0.18415	0.813359				
0.1842	0.810808				
0.18425	0.805707				
0.1843	0.810808				
0.18435	0.805707				
0.1844	0.803156				
0.18445	0.813359				
0.1845	0.800605				
0.18455	0.800605				
0.1846	0.798054				
0.18465	0.803156				
0.1847	0.808258				
0.18475	0.808258				
0.1848	0.808258				
0.18485	0.81591				
0.1849	0.810808				
0.18495	0.808258				
0.185	0.800605				
0.18505	0.795504				
0.1851	0.805707				
0.18515	0.810808				
0.1852	0.810808				
0.18525	0.813359				
0.1853	0.808258				
0.18535	0.803156				
0.1854	0.800605				
0.18545	0.803156				
0.1855	0.808258				
0.18555	0.810808				
0.1856	0.813359				
0.18565	0.808258				
0.1857	0.805707				
0.18575	0.810808				
0.1858	0.808258				
0.18585	0.810808				
0.1859	0.808258				
0.18595	0.803156				
0.186	0.805707				
0.18605	0.808258				
0.1861	0.803156				
0.18615	0.813359				
0.1862	0.810808				
0.18625	0.810808				
0.1863	0.813359				
0.18635	0.813359				
0.1864	0.810808				
0.18645	0.800605				
0.1865	0.810808				
0.18655	0.803156				
0.1866	0.805707				
0.18665	0.813359				
0.1867	0.808258				
0.18675	0.810808				
0.1868	0.800605				
0.18685	0.803156				
0.1869	0.800605				
0.18695	0.803156				
0.187	0.810808				
0.18705	0.813359				
0.1871	0.810808				
0.18715	0.81591				
0.1872	0.808258				
0.18725	0.803156				
0.1873	0.810808				
0.18735	0.803156				
0.1874	0.808258				
0.18745	0.81591				
0.1875	0.813359				
0.18755	0.795504				
0.1876	0.805707				
0.18765	0.808258				
0.1877	0.803156				
0.18775	0.813359				
0.1878	0.805707				
0.18785	0.803156				
0.1879	0.818461				
0.18795	0.813359				
0.188	0.800605				
0.18805	0.808258				
0.1881	0.808258				
0.18815	0.803156				
0.1882	0.808258				
0.18825	0.800605				
0.1883	0.803156				
0.18835	0.810808				
0.1884	0.800605				
0.18845	0.813359				
0.1885	0.813359				
0.18855	0.821012				
0.1886	0.818461				
0.18865	0.813359				
0.1887	0.805707				
0.18875	0.792953				
0.1888	0.798054				
0.18885	0.795504				
0.1889	0.813359				
0.18895	0.808258				
0.189	0.81591				
0.18905	0.808258				
0.1891	0.805707				
0.18915	0.805707				
0.1892	0.810808				
0.18925	0.808258				
0.1893	0.800605				
0.18935	0.810808				
0.1894	0.821012				
0.18945	0.81591				
0.1895	0.810808				
0.18955	0.810808				
0.1896	0.803156				
0.18965	0.803156				
0.1897	0.813359				
0.18975	0.808258				
0.1898	0.810808				
0.18985	0.808258				
0.1899	0.813359				
0.18995	0.813359				
0.19	0.805707				
0.19005	0.803156				
0.1901	0.805707				
0.19015	0.803156				
0.1902	0.810808				
0.19025	0.805707				
0.1903	0.810808				
0.19035	0.810808				
0.1904	0.818461				
0.19045	0.803156				
0.1905	0.810808				
0.19055	0.808258				
0.1906	0.810808				
0.19065	0.792953				
0.1907	0.808258				
0.19075	0.808258				
0.1908	0.81591				
0.19085	0.813359				
0.1909	0.808258				
0.19095	0.805707				
0.191	0.808258				
0.19105	0.803156				
0.1911	0.808258				
0.19115	0.808258				
0.1912	0.810808				
0.19125	0.808258				
0.1913	0.813359				
0.19135	0.810808				
0.1914	0.810808				
0.19145	0.800605				
0.1915	0.810808				
0.19155	0.808258				
0.1916	0.813359				
0.19165	0.813359				
0.1917	0.803156				
0.19175	0.818461				
0.1918	0.810808				
0.19185	0.805707				
0.1919	0.810808				
0.19195	0.808258				
0.192	0.808258				
0.19205	0.808258				
0.1921	0.810808				
0.19215	0.810808				
0.1922	0.808258				
0.19225	0.813359				
0.1923	0.813359				
0.19235	0.813359				
0.1924	0.813359				
0.19245	0.805707				
0.1925	0.810808				
0.19255	0.808258				
0.1926	0.810808				
0.19265	0.810808				
0.1927	0.813359				
0.19275	0.818461				
0.1928	0.810808				
0.19285	0.808258				
0.1929	0.803156				
0.19295	0.800605				
0.193	0.800605				
0.19305	0.810808				
0.1931	0.813359				
0.19315	0.813359				
0.1932	0.813359				
0.19325	0.813359				
0.1933	0.808258				
0.19335	0.808258				
0.1934	0.805707				
0.19345	0.810808				
0.1935	0.803156				
0.19355	0.813359				
0.1936	0.813359				
0.19365	0.813359				
0.1937	0.81591				
0.19375	0.805707				
0.1938	0.808258				
0.19385	0.808258				
0.1939	0.805707				
0.19395	0.813359				
0.194	0.810808				
0.19405	0.808258				
0.1941	0.810808				
0.19415	0.81591				
0.1942	0.805707				
0.19425	0.808258				
0.1943	0.805707				
0.19435	0.810808				
0.1944	0.808258				
0.19445	0.805707				
0.1945	0.81591				
0.19455	0.813359				
0.1946	0.813359				
0.19465	0.808258				
0.1947	0.810808				
0.19475	0.81591				
0.1948	0.810808				
0.19485	0.810808				
0.1949	0.810808				
0.19495	0.81591				
0.195	0.813359				
0.19505	0.810808				
0.1951	0.810808				
0.19515	0.805707				
0.1952	0.808258				
0.19525	0.808258				
0.1953	0.813359				
0.19535	0.808258				
0.1954	0.821012				
0.19545	0.813359				
0.1955	0.808258				
0.19555	0.803156				
0.1956	0.810808				
0.19565	0.803156				
0.1957	0.795504				
0.19575	0.803156				
0.1958	0.808258				
0.19585	0.808258				
0.1959	0.818461				
0.19595	0.81591				
0.196	0.810808				
0.19605	0.808258				
0.1961	0.808258				
0.19615	0.803156				
0.1962	0.810808				
0.19625	0.803156				
0.1963	0.813359				
0.19635	0.813359				
0.1964	0.821012				
0.19645	0.821012				
0.1965	0.813359				
0.19655	0.813359				
0.1966	0.803156				
0.19665	0.795504				
0.1967	0.803156				
0.19675	0.808258				
0.1968	0.810808				
0.19685	0.821012				
0.1969	0.813359				
0.19695	0.821012				
0.197	0.808258				
0.19705	0.808258				
0.1971	0.808258				
0.19715	0.805707				
0.1972	0.813359				
0.19725	0.808258				
0.1973	0.818461				
0.19735	0.813359				
0.1974	0.808258				
0.19745	0.810808				
0.1975	0.805707				
0.19755	0.805707				
0.1976	0.808258				
0.19765	0.818461				
0.1977	0.810808				
0.19775	0.813359				
0.1978	0.810808				
0.19785	0.81591				
0.1979	0.813359				
0.19795	0.813359				
0.198	0.803156				
0.19805	0.808258				
0.1981	0.805707				
0.19815	0.813359				
0.1982	0.81591				
0.19825	0.810808				
0.1983	0.813359				
0.19835	0.813359				
0.1984	0.813359				
0.19845	0.808258				
0.1985	0.805707				
0.19855	0.805707				
0.1986	0.810808				
0.19865	0.808258				
0.1987	0.813359				
0.19875	0.813359				
0.1988	0.813359				
0.19885	0.81591				
0.1989	0.810808				
0.19895	0.800605				
0.199	0.803156				
0.19905	0.810808				
0.1991	0.813359				
0.19915	0.813359				
0.1992	0.81591				
0.19925	0.821012				
0.1993	0.81591				
0.19935	0.805707				
0.1994	0.805707				
0.19945	0.810808				
0.1995	0.810808				
0.19955	0.81591				
0.1996	0.813359				
0.19965	0.818461				
0.1997	0.81591				
0.19975	0.813359				
0.1998	0.813359				
0.19985	0.808258				
0.1999	0.803156				
0.19995	0.803156				
