Time - piezo	Amplitude - piezo	Unnamed: 2	Unnamed: 3	Frequency [Hz] - piezo (Power Spectrum)	Amplitude - piezo (Power Spectrum)
0.0	0.00568023			0.0	1.08272e-06
5e-05	0.000583518			5.0	1.65057e-06
0.0001	0.00822859			10.0	4.03443e-07
0.00015	0.00313188			15.0	3.96239e-08
0.0002	0.0107769			20.0	4.63974e-07
0.00025	0.00440605			25.0	2.65283e-06
0.0003	0.0120511			30.0	1.36963e-06
0.00035	0.00695441			35.0	2.50027e-08
0.0004	0.0107769			40.0	2.19309e-07
0.00045	0.00695441			45.0	3.34053e-08
0.0005	0.0107769			50.0	3.82681e-09
0.00055	0.00440605			55.0	1.01185e-06
0.0006	0.0107769			60.0	4.73388e-06
0.00065	0.00313188			65.0	1.52791e-06
0.0007	0.00695441			70.0	2.75699e-07
0.00075	-0.00196484			75.0	4.74632e-06
0.0008	0.0018577			80.0	5.65941e-06
0.00085	-0.00578737			85.0	4.74158e-07
0.0009	-0.00196484			90.0	9.35106e-08
0.00095	-0.00706155			95.0	1.49628e-07
0.001	-0.00323902			100.0	2.22563e-07
0.00105	-0.00960991			105.0	1.60011e-07
0.0011	-0.00578737			110.0	6.99011e-08
0.00115	-0.0147066			115.0	2.35606e-07
0.0012	-0.00960991			120.0	1.36117e-07
0.00125	-0.0147066			125.0	1.06051e-07
0.0013	-0.0134324			130.0	1.62464e-07
0.00135	-0.0210775			135.0	6.3865e-08
0.0014	-0.0159808			140.0	3.3391e-07
0.00145	-0.0210775			145.0	3.06603e-06
0.0015	-0.017255			150.0	4.17873e-06
0.00155	-0.017255			155.0	5.50263e-07
0.0016	-0.0159808			160.0	7.08531e-07
0.00165	-0.0159808			165.0	1.53351e-06
0.0017	-0.0121583			170.0	5.64829e-08
0.00175	-0.00960991			175.0	1.83553e-06
0.0018	-0.0134324			180.0	1.22966e-06
0.00185	-0.00578737			185.0	1.29833e-07
0.0019	-0.0121583			190.0	2.66226e-09
0.00195	-0.00196484			195.0	6.63128e-09
0.002	-0.00578737			200.0	3.25124e-08
0.00205	-0.00833573			205.0	2.44056e-08
0.0021	-0.00578737			210.0	4.2596e-07
0.00215	-0.00706155			215.0	1.63369e-06
0.0022	0.000583518			220.0	9.98195e-07
0.00225	-0.00578737			225.0	1.17178e-07
0.0023	0.00313188			230.0	1.07505e-08
0.00235	-0.00196484			235.0	1.61852e-08
0.0024	-0.00196484			240.0	3.76438e-09
0.00245	0.000583518			245.0	7.08226e-09
0.0025	-0.00323902			250.0	4.49094e-09
0.00255	0.0018577			255.0	9.10407e-09
0.0026	-0.0045132			260.0	3.39157e-08
0.00265	-0.00069066			265.0	9.05884e-09
0.0027	-0.00196484			270.0	3.39846e-08
0.00275	-0.00323902			275.0	9.16646e-08
0.0028	-0.00706155			280.0	4.89786e-08
0.00285	-0.0134324			285.0	1.54244e-07
0.0029	-0.00706155			290.0	3.94245e-07
0.00295	-0.0108841			295.0	2.77636e-08
0.003	-0.0108841			300.0	1.31207e-07
0.00305	-0.0134324			305.0	2.72933e-07
0.0031	-0.00960991			310.0	2.13826e-07
0.00315	-0.00833573			315.0	1.5819e-07
0.0032	-0.0134324			320.0	2.97273e-08
0.00325	-0.0121583			325.0	3.68723e-08
0.0033	-0.0134324			330.0	2.69321e-08
0.00335	-0.00960991			335.0	2.62794e-08
0.0034	-0.00706155			340.0	1.20706e-08
0.00345	-0.00960991			345.0	2.71286e-10
0.0035	-0.00706155			350.0	3.14696e-08
0.00355	-0.00578737			355.0	1.0082e-07
0.0036	-0.00196484			360.0	2.47075e-07
0.00365	-0.00069066			365.0	1.59259e-07
0.0037	-0.0045132			370.0	4.25441e-08
0.00375	0.000583518			375.0	1.76841e-09
0.0038	-0.00069066			380.0	1.14654e-08
0.00385	-0.00069066			385.0	4.72031e-08
0.0039	0.00695441			390.0	1.56559e-07
0.00395	0.00313188			395.0	2.04772e-08
0.004	0.00313188			400.0	3.90637e-08
0.00405	0.00695441			405.0	4.63214e-09
0.0041	-0.00069066			410.0	4.67838e-08
0.00415	0.00440605			415.0	1.73584e-07
0.0042	0.00568023			420.0	3.47045e-07
0.00425	0.00440605			425.0	3.89026e-07
0.0043	0.00568023			430.0	1.74773e-06
0.00435	0.0018577			435.0	1.27958e-06
0.0044	0.00313188			440.0	3.31551e-07
0.00445	0.00440605			445.0	1.86246e-07
0.0045	0.000583518			450.0	2.23045e-07
0.00455	0.00440605			455.0	4.2571e-07
0.0046	0.0018577			460.0	4.31436e-08
0.00465	-0.00196484			465.0	4.74467e-07
0.0047	-0.00323902			470.0	6.25005e-07
0.00475	0.000583518			475.0	4.73176e-07
0.0048	-0.00323902			480.0	3.65109e-07
0.00485	0.00313188			485.0	2.32587e-07
0.0049	0.00440605			490.0	8.5727e-09
0.00495	0.00313188			495.0	5.60279e-07
0.005	0.00568023			500.0	9.0356e-07
0.00505	0.00440605			505.0	1.98956e-07
0.0051	0.00313188			510.0	9.22379e-07
0.00515	0.00695441			515.0	2.09158e-06
0.0052	0.000583518			520.0	2.2399e-06
0.00525	0.0018577			525.0	2.87924e-06
0.0053	0.00822859			530.0	3.8701e-07
0.00535	0.00313188			535.0	4.10586e-06
0.0054	0.00695441			540.0	7.24573e-06
0.00545	0.00695441			545.0	8.47986e-08
0.0055	0.00440605			550.0	3.54244e-06
0.00555	0.00568023			555.0	1.94631e-06
0.0056	0.00568023			560.0	2.26678e-07
0.00565	0.00313188			565.0	1.14414e-06
0.0057	0.00695441			570.0	3.452e-07
0.00575	0.00440605			575.0	3.78774e-07
0.0058	0.00313188			580.0	5.72685e-07
0.00585	0.00568023			585.0	7.3096e-08
0.0059	0.00440605			590.0	1.39264e-07
0.00595	-0.00069066			595.0	2.03719e-07
0.006	0.000583518			600.0	2.4642e-07
0.00605	-0.00196484			605.0	1.36518e-07
0.0061	-0.0045132			610.0	5.44687e-08
0.00615	-0.00196484			615.0	1.96449e-08
0.0062	-0.00323902			620.0	4.9127e-08
0.00625	-0.00706155			625.0	1.65818e-08
0.0063	-0.0045132			630.0	1.11867e-07
0.00635	-0.0045132			635.0	1.13659e-07
0.0064	-0.00960991			640.0	5.61103e-07
0.00645	-0.00323902			645.0	5.04456e-07
0.0065	-0.00706155			650.0	4.99712e-08
0.00655	-0.00960991			655.0	1.71445e-08
0.0066	-0.0045132			660.0	7.17145e-08
0.00665	-0.00578737			665.0	4.08356e-08
0.0067	-0.00578737			670.0	2.91273e-08
0.00675	-0.00196484			675.0	9.02878e-08
0.0068	-0.00578737			680.0	6.13969e-08
0.00685	-0.00960991			685.0	1.39935e-08
0.0069	-0.00833573			690.0	6.56665e-09
0.00695	-0.0045132			695.0	2.7208e-08
0.007	-0.00706155			700.0	9.87654e-08
0.00705	-0.00578737			705.0	2.78337e-08
0.0071	-0.00323902			710.0	2.0838e-09
0.00715	-0.00960991			715.0	1.93011e-08
0.0072	-0.00706155			720.0	9.86509e-09
0.00725	-0.00578737			725.0	1.68996e-08
0.0073	-0.00578737			730.0	4.2633e-09
0.00735	-0.00706155			735.0	5.42202e-09
0.0074	-0.00323902			740.0	1.7805e-09
0.00745	-0.00578737			745.0	1.44109e-09
0.0075	-0.00833573			750.0	6.0235e-10
0.00755	-0.0045132			755.0	2.89158e-09
0.0076	-0.00578737			760.0	4.48279e-10
0.00765	-0.0108841			765.0	2.41924e-10
0.0077	-0.00578737			770.0	2.50958e-09
0.00775	-0.00196484			775.0	4.34131e-09
0.0078	-0.0147066			780.0	1.02756e-09
0.00785	-0.00960991			785.0	1.50743e-09
0.0079	-0.00323902			790.0	8.9864e-10
0.00795	-0.0045132			795.0	5.31517e-09
0.008	-0.00960991			800.0	2.01902e-09
0.00805	-0.00706155			805.0	2.51316e-09
0.0081	-0.00706155			810.0	1.00568e-09
0.00815	-0.00706155			815.0	1.65788e-09
0.0082	-0.00578737			820.0	7.0464e-09
0.00825	-0.00196484			825.0	8.48661e-09
0.0083	-0.00323902			830.0	6.82833e-09
0.00835	-0.00706155			835.0	3.38258e-09
0.0084	0.00313188			840.0	2.09139e-08
0.00845	-0.00323902			845.0	1.4482e-08
0.0085	-0.00706155			850.0	1.83948e-09
0.00855	-0.00196484			855.0	1.24365e-08
0.0086	0.0018577			860.0	4.90292e-09
0.00865	-0.0045132			865.0	1.04405e-08
0.0087	-0.00323902			870.0	3.0265e-09
0.00875	0.0018577			875.0	7.19357e-10
0.0088	-0.00069066			880.0	6.91271e-09
0.00885	-0.0045132			885.0	5.20093e-09
0.0089	-0.00196484			890.0	3.90517e-09
0.00895	0.000583518			895.0	1.57918e-09
0.009	0.000583518			900.0	2.24316e-09
0.00905	-0.00323902			905.0	2.44219e-09
0.0091	0.000583518			910.0	2.18841e-09
0.00915	0.000583518			915.0	2.29893e-09
0.0092	-0.00323902			920.0	1.90078e-09
0.00925	-0.00069066			925.0	1.69106e-10
0.0093	0.000583518			930.0	1.24233e-09
0.00935	-0.00069066			935.0	3.33273e-09
0.0094	0.00313188			940.0	1.14894e-09
0.00945	0.00313188			945.0	1.75985e-09
0.0095	0.00568023			950.0	1.32764e-09
0.00955	0.0018577			955.0	3.90444e-10
0.0096	0.000583518			960.0	2.88531e-10
0.00965	0.00568023			965.0	1.78773e-09
0.0097	0.00313188			970.0	4.67292e-10
0.00975	0.00313188			975.0	2.23444e-12
0.0098	0.00695441			980.0	3.70904e-10
0.00985	0.0107769			985.0	1.77303e-09
0.0099	0.00950277			990.0	1.53533e-09
0.00995	0.00695441			995.0	2.00697e-09
0.01	0.0107769			1000.0	2.04441e-09
0.01005	0.0120511			1005.0	6.9599e-10
0.0101	0.0120511			1010.0	7.56088e-10
0.01015	0.0120511			1015.0	3.11051e-10
0.0102	0.0120511			1020.0	7.47903e-10
0.01025	0.0120511			1025.0	1.79549e-09
0.0103	0.0107769			1030.0	2.19698e-09
0.01035	0.0133253			1035.0	9.31852e-11
0.0104	0.0133253			1040.0	1.57232e-09
0.01045	0.0107769			1045.0	1.3194e-10
0.0105	0.00822859			1050.0	4.64116e-09
0.01055	0.0120511			1055.0	1.67973e-09
0.0106	0.0120511			1060.0	2.18968e-10
0.01065	0.0133253			1065.0	9.19163e-10
0.0107	0.0120511			1070.0	6.4035e-10
0.01075	0.0107769			1075.0	5.04644e-10
0.0108	0.0133253			1080.0	2.47909e-09
0.01085	0.0107769			1085.0	7.1475e-10
0.0109	0.00822859			1090.0	3.90103e-10
0.01095	0.00822859			1095.0	3.25744e-10
0.011	0.0120511			1100.0	1.2664e-10
0.01105	0.00822859			1105.0	2.64755e-09
0.0111	0.00568023			1110.0	3.28401e-09
0.01115	0.00822859			1115.0	1.80047e-09
0.0112	0.0107769			1120.0	1.71829e-09
0.01125	0.00440605			1125.0	8.31336e-09
0.0113	0.00440605			1130.0	8.28002e-09
0.01135	0.00950277			1135.0	5.44326e-10
0.0114	0.0107769			1140.0	1.28798e-11
0.01145	0.0107769			1145.0	1.58046e-09
0.0115	0.00822859			1150.0	1.63785e-09
0.01155	0.0133253			1155.0	5.32117e-10
0.0116	0.0107769			1160.0	1.43694e-10
0.01165	0.00822859			1165.0	1.06683e-09
0.0117	0.00695441			1170.0	1.72502e-09
0.01175	0.00695441			1175.0	7.61292e-10
0.0118	0.0120511			1180.0	3.91014e-10
0.01185	0.00822859			1185.0	2.05271e-09
0.0119	0.00568023			1190.0	1.34597e-09
0.01195	0.0107769			1195.0	1.1401e-09
0.012	0.00950277			1200.0	2.61877e-09
0.01205	0.00695441			1205.0	9.66797e-11
0.0121	0.00695441			1210.0	1.00187e-09
0.01215	0.00568023			1215.0	1.60626e-09
0.0122	0.00822859			1220.0	1.47829e-09
0.01225	0.00440605			1225.0	1.76077e-11
0.0123	0.00313188			1230.0	3.18554e-09
0.01235	0.00440605			1235.0	4.21882e-09
0.0124	0.0018577			1240.0	3.30667e-09
0.01245	-0.00196484			1245.0	1.46156e-09
0.0125	-0.00196484			1250.0	1.32432e-09
0.01255	-0.00196484			1255.0	1.00095e-08
0.0126	-0.00196484			1260.0	1.55046e-08
0.01265	-0.00833573			1265.0	3.13509e-09
0.0127	-0.00706155			1270.0	8.05454e-09
0.01275	-0.00323902			1275.0	1.68047e-08
0.0128	-0.00323902			1280.0	2.21414e-08
0.01285	-0.00833573			1285.0	1.96274e-08
0.0129	-0.0134324			1290.0	5.47808e-09
0.01295	-0.00833573			1295.0	1.75586e-09
0.013	-0.00578737			1300.0	9.79877e-10
0.01305	-0.00196484			1305.0	2.45588e-10
0.0131	-0.0045132			1310.0	1.43245e-09
0.01315	-0.00833573			1315.0	2.73856e-09
0.0132	-0.00706155			1320.0	7.89439e-10
0.01325	-0.00323902			1325.0	6.22161e-11
0.0133	-0.00706155			1330.0	3.52899e-10
0.01335	-0.00833573			1335.0	8.17259e-10
0.0134	-0.00196484			1340.0	5.63284e-10
0.01345	-0.00196484			1345.0	1.36858e-09
0.0135	-0.00323902			1350.0	7.63128e-11
0.01355	-0.00578737			1355.0	3.40502e-10
0.0136	-0.00069066			1360.0	6.21775e-10
0.01365	0.000583518			1365.0	2.27432e-09
0.0137	-0.00196484			1370.0	1.17507e-09
0.01375	-0.00833573			1375.0	1.44816e-11
0.0138	-0.0045132			1380.0	1.21542e-09
0.01385	0.00313188			1385.0	1.16196e-09
0.0139	0.00313188			1390.0	1.55108e-09
0.01395	-0.00069066			1395.0	1.13362e-09
0.014	0.000583518			1400.0	1.23155e-09
0.01405	-0.00196484			1405.0	1.28973e-09
0.0141	0.0018577			1410.0	1.79275e-09
0.01415	-0.00069066			1415.0	1.07981e-12
0.0142	-0.00706155			1420.0	3.21566e-09
0.01425	-0.00323902			1425.0	2.66878e-09
0.0143	-0.00196484			1430.0	5.47111e-10
0.01435	-0.00196484			1435.0	2.58938e-10
0.0144	-0.00323902			1440.0	6.63028e-10
0.01445	-0.00196484			1445.0	3.88965e-09
0.0145	-0.00323902			1450.0	1.86328e-09
0.01455	0.000583518			1455.0	4.00022e-10
0.0146	0.000583518			1460.0	8.68063e-10
0.01465	-0.0045132			1465.0	1.21587e-09
0.0147	-0.00196484			1470.0	2.08704e-09
0.01475	-0.00196484			1475.0	6.06183e-10
0.0148	-0.00706155			1480.0	3.239e-10
0.01485	-0.00833573			1485.0	2.2993e-09
0.0149	-0.00833573			1490.0	2.4505e-09
0.01495	-0.00833573			1495.0	3.02967e-10
0.015	-0.0045132			1500.0	3.44282e-09
0.01505	-0.00833573			1505.0	2.438e-09
0.0151	-0.0108841			1510.0	1.11329e-09
0.01515	-0.00706155			1515.0	5.01473e-09
0.0152	-0.00706155			1520.0	7.2122e-09
0.01525	-0.00578737			1525.0	1.76387e-09
0.0153	-0.00706155			1530.0	1.16619e-09
0.01535	-0.0108841			1535.0	5.42445e-10
0.0154	-0.00706155			1540.0	2.22651e-10
0.01545	-0.00706155			1545.0	2.77022e-09
0.0155	-0.00706155			1550.0	4.69731e-09
0.01555	-0.00706155			1555.0	6.41126e-10
0.0156	-0.00323902			1560.0	4.44339e-10
0.01565	-0.00323902			1565.0	9.04309e-10
0.0157	-0.00196484			1570.0	3.42852e-10
0.01575	-0.00323902			1575.0	1.02292e-09
0.0158	-0.00196484			1580.0	5.80825e-11
0.01585	-0.00578737			1585.0	4.10048e-10
0.0159	-0.00196484			1590.0	4.12584e-10
0.01595	0.00313188			1595.0	6.202e-10
0.016	-0.00069066			1600.0	2.21793e-11
0.01605	-0.00196484			1605.0	1.98414e-09
0.0161	0.000583518			1610.0	4.9008e-09
0.01615	0.0018577			1615.0	1.41622e-09
0.0162	0.00313188			1620.0	1.58314e-09
0.01625	0.0018577			1625.0	6.15715e-10
0.0163	0.00313188			1630.0	5.21302e-09
0.01635	0.00313188			1635.0	4.31316e-09
0.0164	0.0018577			1640.0	8.1106e-10
0.01645	0.00568023			1645.0	1.50133e-10
0.0165	0.0018577			1650.0	5.52601e-10
0.01655	-0.00069066			1655.0	3.92306e-10
0.0166	0.000583518			1660.0	1.88693e-10
0.01665	0.00440605			1665.0	2.74211e-10
0.0167	-0.00069066			1670.0	4.90856e-10
0.01675	-0.00069066			1675.0	1.57354e-10
0.0168	-0.00196484			1680.0	6.88045e-10
0.01685	-0.00196484			1685.0	9.17541e-10
0.0169	0.0018577			1690.0	6.4335e-10
0.01695	-0.00069066			1695.0	2.9381e-10
0.017	-0.00196484			1700.0	2.78778e-09
0.01705	-0.00069066			1705.0	1.49445e-09
0.0171	-0.00323902			1710.0	8.06293e-10
0.01715	-0.00196484			1715.0	1.35413e-09
0.0172	-0.00323902			1720.0	4.58891e-10
0.01725	-0.00578737			1725.0	7.94107e-10
0.0173	-0.00578737			1730.0	4.42908e-10
0.01735	-0.00706155			1735.0	2.81778e-09
0.0174	-0.00196484			1740.0	1.86899e-09
0.01745	-0.00833573			1745.0	5.819e-10
0.0175	-0.00960991			1750.0	4.59424e-11
0.01755	-0.0134324			1755.0	4.44084e-10
0.0176	-0.00706155			1760.0	2.10166e-09
0.01765	-0.0045132			1765.0	1.30796e-09
0.0177	-0.00706155			1770.0	3.4244e-09
0.01775	-0.00833573			1775.0	2.15299e-10
0.0178	-0.00833573			1780.0	2.67254e-09
0.01785	-0.00706155			1785.0	3.79959e-09
0.0179	-0.00196484			1790.0	1.07713e-09
0.01795	-0.00323902			1795.0	5.95648e-10
0.018	-0.00196484			1800.0	3.97022e-10
0.01805	-0.00323902			1805.0	8.26279e-10
0.0181	-0.00323902			1810.0	7.83981e-10
0.01815	-0.00069066			1815.0	3.55384e-09
0.0182	-0.00323902			1820.0	3.00287e-09
0.01825	-0.0045132			1825.0	1.06756e-09
0.0183	-0.00706155			1830.0	2.2127e-10
0.01835	-0.00323902			1835.0	2.8569e-10
0.0184	-0.00069066			1840.0	6.99275e-10
0.01845	0.000583518			1845.0	4.31065e-09
0.0185	-0.0045132			1850.0	3.78118e-09
0.01855	-0.00706155			1855.0	2.4888e-10
0.0186	-0.00578737			1860.0	7.86838e-10
0.01865	-0.0045132			1865.0	1.7796e-09
0.0187	-0.0045132			1870.0	5.61888e-09
0.01875	-0.00706155			1875.0	6.11665e-09
0.0188	-0.00833573			1880.0	2.10493e-09
0.01885	-0.00833573			1885.0	7.26443e-09
0.0189	-0.0045132			1890.0	2.03397e-09
0.01895	-0.00833573			1895.0	3.81458e-09
0.019	-0.017255			1900.0	1.06826e-08
0.01905	-0.0134324			1905.0	6.00186e-09
0.0191	-0.0121583			1910.0	6.44794e-10
0.01915	-0.0134324			1915.0	5.96271e-10
0.0192	-0.00833573			1920.0	2.23877e-09
0.01925	-0.00960991			1925.0	5.75839e-09
0.0193	-0.00833573			1930.0	6.82073e-09
0.01935	-0.0121583			1935.0	6.11494e-09
0.0194	-0.00960991			1940.0	1.14498e-08
0.01945	-0.00706155			1945.0	8.48553e-09
0.0195	-0.0045132			1950.0	3.37424e-09
0.01955	-0.00196484			1955.0	1.90288e-09
0.0196	-0.00578737			1960.0	1.75149e-10
0.01965	-0.0045132			1965.0	7.24543e-10
0.0197	-0.00196484			1970.0	3.4453e-09
0.01975	0.000583518			1975.0	3.22125e-09
0.0198	-0.00069066			1980.0	1.61964e-09
0.01985	-0.00323902			1985.0	2.22158e-09
0.0199	-0.00196484			1990.0	6.07638e-09
0.01995	0.00313188			1995.0	7.65682e-09
0.02	0.0018577			2000.0	2.99457e-09
0.02005	0.00313188			2005.0	3.05317e-09
0.0201	0.0018577			2010.0	9.99915e-11
0.02015	0.00313188			2015.0	2.43322e-09
0.0202	0.00313188			2020.0	3.33709e-10
0.02025	0.00568023			2025.0	2.72848e-11
0.0203	0.00695441			2030.0	4.07435e-09
0.02035	0.00695441			2035.0	9.75943e-09
0.0204	-0.00196484			2040.0	4.48019e-09
0.02045	0.0018577			2045.0	3.1075e-10
0.0205	0.0018577			2050.0	5.51526e-09
0.02055	0.0018577			2055.0	5.13696e-09
0.0206	0.000583518			2060.0	3.22005e-08
0.02065	-0.00196484			2065.0	1.23067e-08
0.0207	-0.00196484			2070.0	7.34103e-09
0.02075	-0.00323902			2075.0	1.84946e-09
0.0208	0.000583518			2080.0	3.72488e-09
0.02085	0.00313188			2085.0	1.27036e-08
0.0209	-0.00069066			2090.0	2.53855e-08
0.02095	-0.0045132			2095.0	6.90178e-09
0.021	-0.00196484			2100.0	2.02597e-08
0.02105	-0.00196484			2105.0	3.88627e-08
0.0211	0.00313188			2110.0	2.62186e-08
0.02115	0.00313188			2115.0	4.73321e-08
0.0212	0.00313188			2120.0	5.53684e-08
0.02125	0.00313188			2125.0	2.28652e-08
0.0213	0.00695441			2130.0	2.93347e-08
0.02135	0.00822859			2135.0	2.51489e-08
0.0214	0.00440605			2140.0	2.77667e-08
0.02145	0.00568023			2145.0	1.65493e-08
0.0215	0.000583518			2150.0	2.56127e-08
0.02155	0.00568023			2155.0	4.09889e-08
0.0216	0.0107769			2160.0	3.41076e-08
0.02165	0.0120511			2165.0	2.7911e-08
0.0217	0.00950277			2170.0	8.33747e-08
0.02175	0.0120511			2175.0	1.76151e-07
0.0218	0.00822859			2180.0	3.9563e-07
0.02185	0.0133253			2185.0	4.8979e-07
0.0219	0.0133253			2190.0	3.06079e-07
0.02195	0.018422			2195.0	8.74695e-08
0.022	0.0145995			2200.0	1.20203e-08
0.02205	0.00822859			2205.0	7.29294e-08
0.0221	0.0120511			2210.0	5.94033e-08
0.02215	0.0145995			2215.0	2.55419e-08
0.0222	0.0145995			2220.0	1.10308e-08
0.02225	0.00822859			2225.0	1.14804e-08
0.0223	0.00695441			2230.0	6.01792e-08
0.02235	0.00568023			2235.0	6.01469e-08
0.0224	0.00950277			2240.0	4.63127e-08
0.02245	0.0120511			2245.0	1.41586e-08
0.0225	0.0107769			2250.0	4.08759e-08
0.02255	0.00822859			2255.0	1.00675e-07
0.0226	0.00950277			2260.0	5.29205e-08
0.02265	0.00950277			2265.0	1.86641e-08
0.0227	0.0133253			2270.0	1.75922e-08
0.02275	0.0133253			2275.0	1.52512e-08
0.0228	0.018422			2280.0	6.28571e-09
0.02285	0.018422			2285.0	4.31168e-08
0.0229	0.0158737			2290.0	3.74127e-08
0.02295	0.0133253			2295.0	1.38228e-09
0.023	0.0158737			2300.0	9.35533e-09
0.02305	0.0171478			2305.0	1.46293e-08
0.0231	0.018422			2310.0	7.48479e-10
0.02315	0.0158737			2315.0	5.34757e-09
0.0232	0.018422			2320.0	6.79987e-09
0.02325	0.018422			2325.0	2.06921e-09
0.0233	0.018422			2330.0	7.47829e-09
0.02335	0.0158737			2335.0	2.04207e-09
0.0234	0.0196962			2340.0	2.75921e-09
0.02345	0.018422			2345.0	4.12295e-09
0.0235	0.0158737			2350.0	1.32537e-09
0.02355	0.0171478			2355.0	9.25097e-09
0.0236	0.0133253			2360.0	1.18647e-08
0.02365	0.018422			2365.0	1.39834e-09
0.0237	0.0145995			2370.0	9.64462e-09
0.02375	0.0145995			2375.0	4.01643e-09
0.0238	0.0133253			2380.0	1.95667e-09
0.02385	0.0107769			2385.0	9.01821e-09
0.0239	0.0107769			2390.0	4.10825e-09
0.02395	0.0133253			2395.0	4.72365e-09
0.024	0.0158737			2400.0	2.44867e-09
0.02405	0.0120511			2405.0	1.03698e-08
0.0241	0.0120511			2410.0	1.17086e-08
0.02415	0.00950277			2415.0	1.76672e-09
0.0242	0.00950277			2420.0	1.23579e-08
0.02425	0.0133253			2425.0	1.14844e-08
0.0243	0.0120511			2430.0	7.12976e-09
0.02435	0.0133253			2435.0	2.15025e-09
0.0244	0.00822859			2440.0	6.23739e-09
0.02445	0.0107769			2445.0	9.02797e-09
0.0245	0.0107769			2450.0	8.20618e-09
0.02455	0.0120511			2455.0	2.19849e-09
0.0246	0.0120511			2460.0	1.60004e-08
0.02465	0.00950277			2465.0	1.98435e-08
0.0247	0.00568023			2470.0	3.04377e-09
0.02475	0.00568023			2475.0	2.8643e-08
0.0248	0.0107769			2480.0	5.57161e-08
0.02485	0.0120511			2485.0	7.5089e-09
0.0249	0.0133253			2490.0	3.09053e-09
0.02495	0.0107769			2495.0	2.7156e-09
0.025	0.0120511			2500.0	1.31319e-09
0.02505	0.00822859			2505.0	2.48772e-09
0.0251	0.00822859			2510.0	1.00168e-08
0.02515	0.0107769			2515.0	3.67234e-09
0.0252	0.0120511			2520.0	7.6025e-09
0.02525	0.0120511			2525.0	6.13998e-09
0.0253	0.00822859			2530.0	7.73072e-09
0.02535	0.00440605			2535.0	3.61193e-08
0.0254	0.00440605			2540.0	2.39016e-08
0.02545	0.00313188			2545.0	5.25003e-09
0.0255	0.00568023			2550.0	2.2746e-09
0.02555	0.00440605			2555.0	4.02466e-10
0.0256	0.00313188			2560.0	2.06387e-09
0.02565	0.0018577			2565.0	1.4457e-09
0.0257	0.000583518			2570.0	4.8535e-10
0.02575	-0.00069066			2575.0	6.38831e-10
0.0258	0.000583518			2580.0	7.34944e-09
0.02585	0.00313188			2585.0	1.84335e-08
0.0259	-0.00196484			2590.0	1.38963e-08
0.02595	-0.00323902			2595.0	4.25895e-11
0.026	-0.0045132			2600.0	1.6669e-08
0.02605	-0.00323902			2605.0	2.05625e-08
0.0261	-0.00196484			2610.0	2.7817e-09
0.02615	-0.00069066			2615.0	1.12407e-09
0.0262	-0.00323902			2620.0	7.71256e-09
0.02625	-0.00578737			2625.0	6.07086e-09
0.0263	-0.00706155			2630.0	6.77388e-10
0.02635	-0.00833573			2635.0	6.94977e-10
0.0264	-0.0045132			2640.0	1.06276e-09
0.02645	-0.00578737			2645.0	6.93684e-10
0.0265	-0.00069066			2650.0	2.34649e-09
0.02655	-0.00323902			2655.0	4.4022e-09
0.0266	-0.00578737			2660.0	3.53119e-09
0.02665	-0.00833573			2665.0	5.87086e-10
0.0267	-0.0045132			2670.0	1.39539e-08
0.02675	-0.00196484			2675.0	1.08269e-08
0.0268	-0.0045132			2680.0	7.87296e-09
0.02685	-0.00323902			2685.0	8.26862e-09
0.0269	-0.00196484			2690.0	5.85352e-09
0.02695	-0.00833573			2695.0	6.89585e-09
0.027	-0.0108841			2700.0	8.37078e-09
0.02705	-0.00833573			2705.0	1.05497e-08
0.0271	-0.00323902			2710.0	6.87021e-09
0.02715	-0.00069066			2715.0	2.50502e-09
0.0272	-0.00706155			2720.0	9.27507e-09
0.02725	-0.00833573			2725.0	4.58148e-09
0.0273	-0.00960991			2730.0	2.78207e-11
0.02735	-0.00323902			2735.0	3.39537e-09
0.0274	0.000583518			2740.0	3.94345e-09
0.02745	-0.00196484			2745.0	3.20768e-10
0.0275	-0.0045132			2750.0	2.35092e-09
0.02755	-0.00196484			2755.0	2.01712e-08
0.0276	-0.0045132			2760.0	6.63532e-09
0.02765	0.000583518			2765.0	3.32831e-09
0.0277	-0.00323902			2770.0	6.2417e-09
0.02775	-0.00196484			2775.0	5.47723e-11
0.0278	-0.00196484			2780.0	4.06993e-09
0.02785	-0.00323902			2785.0	2.37706e-09
0.0279	-0.00578737			2790.0	1.83531e-09
0.02795	-0.00706155			2795.0	2.10038e-09
0.028	-0.00196484			2800.0	8.82254e-10
0.02805	0.00313188			2805.0	1.25043e-09
0.0281	-0.00069066			2810.0	4.31764e-09
0.02815	-0.00196484			2815.0	4.10875e-09
0.0282	-0.00196484			2820.0	1.13778e-09
0.02825	-0.00196484			2825.0	9.59096e-10
0.0283	0.000583518			2830.0	1.30914e-09
0.02835	-0.00196484			2835.0	3.7152e-10
0.0284	0.00313188			2840.0	1.83582e-09
0.02845	0.0018577			2845.0	8.92669e-09
0.0285	0.000583518			2850.0	3.43675e-09
0.02855	0.000583518			2855.0	1.32084e-09
0.0286	-0.00323902			2860.0	1.17052e-09
0.02865	0.00313188			2865.0	1.28648e-09
0.0287	0.00695441			2870.0	7.10365e-10
0.02875	0.00440605			2875.0	1.11288e-09
0.0288	0.00313188			2880.0	2.37928e-09
0.02885	0.000583518			2885.0	2.23135e-09
0.0289	-0.00069066			2890.0	2.05864e-09
0.02895	0.00313188			2895.0	1.89517e-09
0.029	0.00440605			2900.0	8.71479e-09
0.02905	0.00568023			2905.0	2.8421e-09
0.0291	0.0018577			2910.0	3.77061e-09
0.02915	0.0018577			2915.0	4.83942e-09
0.0292	0.000583518			2920.0	1.5967e-09
0.02925	-0.00196484			2925.0	2.65251e-09
0.0293	0.000583518			2930.0	1.40146e-09
0.02935	0.00313188			2935.0	3.94504e-09
0.0294	0.000583518			2940.0	8.32611e-10
0.02945	-0.00069066			2945.0	5.45131e-10
0.0295	-0.0045132			2950.0	2.53233e-09
0.02955	-0.00196484			2955.0	3.53823e-09
0.0296	0.000583518			2960.0	2.06859e-09
0.02965	0.00313188			2965.0	2.35035e-09
0.0297	0.00440605			2970.0	1.03072e-08
0.02975	0.00313188			2975.0	9.27148e-09
0.0298	0.0018577			2980.0	4.61547e-09
0.02985	0.000583518			2985.0	5.62303e-09
0.0299	0.00313188			2990.0	4.59058e-09
0.02995	0.00440605			2995.0	2.03446e-09
0.03	0.00695441			3000.0	1.76377e-09
0.03005	0.0107769			3005.0	2.34273e-09
0.0301	0.00822859			3010.0	9.21612e-10
0.03015	0.00822859			3015.0	1.26126e-09
0.0302	0.00822859			3020.0	2.6566e-09
0.03025	0.00695441			3025.0	4.03688e-09
0.0303	0.00822859			3030.0	1.2693e-10
0.03035	0.0107769			3035.0	9.41081e-10
0.0304	0.0133253			3040.0	1.28581e-11
0.03045	0.0133253			3045.0	6.07963e-10
0.0305	0.0107769			3050.0	1.55482e-09
0.03055	0.0107769			3055.0	2.05584e-09
0.0306	0.00822859			3060.0	2.59613e-10
0.03065	0.0107769			3065.0	2.58796e-09
0.0307	0.0133253			3070.0	1.90536e-09
0.03075	0.0120511			3075.0	1.70976e-09
0.0308	0.0133253			3080.0	2.17852e-09
0.03085	0.0107769			3085.0	8.75043e-09
0.0309	0.00822859			3090.0	3.82083e-09
0.03095	0.00822859			3095.0	2.02073e-09
0.031	0.00695441			3100.0	9.72424e-10
0.03105	0.00822859			3105.0	2.39348e-09
0.0311	0.00695441			3110.0	9.86371e-11
0.03115	0.00440605			3115.0	1.21658e-09
0.0312	0.00440605			3120.0	1.0429e-09
0.03125	-0.00196484			3125.0	7.18241e-09
0.0313	0.00313188			3130.0	3.88591e-09
0.03135	0.00313188			3135.0	8.98169e-10
0.0314	0.00440605			3140.0	4.56982e-09
0.03145	-0.00069066			3145.0	4.1711e-09
0.0315	-0.00069066			3150.0	1.1294e-09
0.03155	0.00440605			3155.0	1.84862e-09
0.0316	-0.00196484			3160.0	2.52203e-09
0.03165	-0.00578737			3165.0	7.22974e-09
0.0317	-0.00196484			3170.0	8.03357e-09
0.03175	-0.00196484			3175.0	3.81036e-09
0.0318	0.0018577			3180.0	4.43303e-10
0.03185	0.00313188			3185.0	4.0843e-10
0.0319	0.000583518			3190.0	2.98295e-09
0.03195	0.000583518			3195.0	5.25626e-09
0.032	0.00313188			3200.0	1.17618e-09
0.03205	0.00568023			3205.0	1.64517e-09
0.0321	0.00313188			3210.0	3.05711e-09
0.03215	0.00695441			3215.0	3.41211e-09
0.0322	0.00822859			3220.0	6.09218e-12
0.03225	0.00695441			3225.0	1.55482e-09
0.0323	0.00440605			3230.0	1.07404e-09
0.03235	0.00313188			3235.0	2.0366e-09
0.0324	0.00568023			3240.0	2.87704e-10
0.03245	0.00313188			3245.0	1.42918e-10
0.0325	0.00568023			3250.0	2.16605e-09
0.03255	0.00440605			3255.0	4.49435e-09
0.0326	0.00313188			3260.0	2.03307e-09
0.03265	0.0018577			3265.0	1.237e-09
0.0327	-0.00323902			3270.0	6.42533e-09
0.03275	-0.00196484			3275.0	7.65746e-09
0.0328	-0.00323902			3280.0	8.63996e-09
0.03285	-0.00196484			3285.0	2.46355e-09
0.0329	-0.00069066			3290.0	5.32468e-10
0.03295	-0.00323902			3295.0	3.72911e-10
0.033	-0.0045132			3300.0	1.7774e-09
0.03305	-0.00706155			3305.0	6.15521e-09
0.0331	-0.00578737			3310.0	1.9159e-09
0.03315	-0.00833573			3315.0	1.97961e-09
0.0332	-0.00578737			3320.0	5.1383e-11
0.03325	-0.00706155			3325.0	2.16157e-09
0.0333	-0.00706155			3330.0	6.45935e-10
0.03335	-0.0045132			3335.0	2.80489e-10
0.0334	-0.00960991			3340.0	2.66948e-10
0.03345	-0.00706155			3345.0	2.71088e-10
0.0335	-0.00578737			3350.0	7.54225e-10
0.03355	0.000583518			3355.0	5.87085e-10
0.0336	0.0018577			3360.0	4.74614e-10
0.03365	0.000583518			3365.0	9.09208e-10
0.0337	0.00568023			3370.0	3.18961e-09
0.03375	0.00313188			3375.0	5.30763e-09
0.0338	0.00440605			3380.0	4.15612e-09
0.03385	0.00695441			3385.0	3.43601e-09
0.0339	0.0107769			3390.0	2.10676e-09
0.03395	0.0145995			3395.0	1.71246e-10
0.034	0.0133253			3400.0	3.86445e-09
0.03405	0.0120511			3405.0	5.10629e-09
0.0341	0.0120511			3410.0	6.36136e-09
0.03415	0.0120511			3415.0	9.55122e-10
0.0342	0.0145995			3420.0	2.88979e-09
0.03425	0.0145995			3425.0	6.90119e-10
0.0343	0.0145995			3430.0	1.4503e-09
0.03435	0.0158737			3435.0	8.25702e-10
0.0344	0.0133253			3440.0	1.96666e-10
0.03445	0.0145995			3445.0	8.64033e-11
0.0345	0.00950277			3450.0	3.60816e-10
0.03455	0.0107769			3455.0	5.92155e-10
0.0346	0.0107769			3460.0	1.33635e-10
0.03465	0.0120511			3465.0	6.71734e-10
0.0347	0.0107769			3470.0	1.01515e-09
0.03475	0.00695441			3475.0	6.92337e-10
0.0348	0.00440605			3480.0	8.62534e-10
0.03485	0.00440605			3485.0	1.29659e-10
0.0349	0.000583518			3490.0	4.12279e-10
0.03495	0.00313188			3495.0	2.15104e-10
0.035	-0.00069066			3500.0	1.8683e-09
0.03505	0.00440605			3505.0	3.7459e-10
0.0351	0.000583518			3510.0	7.99792e-11
0.03515	0.000583518			3515.0	3.84521e-10
0.0352	0.000583518			3520.0	7.46981e-10
0.03525	-0.00578737			3525.0	8.31671e-10
0.0353	-0.0045132			3530.0	2.22395e-11
0.03535	-0.00196484			3535.0	4.61518e-10
0.0354	0.0018577			3540.0	2.53879e-10
0.03545	0.00313188			3545.0	1.64698e-09
0.0355	-0.00069066			3550.0	2.25087e-09
0.03555	0.000583518			3555.0	1.60317e-09
0.0356	-0.00323902			3560.0	2.26917e-09
0.03565	-0.00196484			3565.0	5.77949e-09
0.0357	0.000583518			3570.0	4.18846e-09
0.03575	0.000583518			3575.0	8.66044e-09
0.0358	0.000583518			3580.0	4.16257e-09
0.03585	0.00313188			3585.0	1.16758e-09
0.0359	-0.00196484			3590.0	2.07293e-09
0.03595	0.000583518			3595.0	1.37115e-09
0.036	-0.00323902			3600.0	3.44872e-10
0.03605	0.000583518			3605.0	1.58741e-09
0.0361	0.0018577			3610.0	2.14635e-09
0.03615	0.000583518			3615.0	1.4465e-09
0.0362	0.00313188			3620.0	1.8722e-09
0.03625	0.00440605			3625.0	3.18076e-09
0.0363	0.000583518			3630.0	4.63255e-10
0.03635	-0.00069066			3635.0	6.23844e-10
0.0364	0.000583518			3640.0	2.81642e-10
0.03645	0.0018577			3645.0	1.69248e-09
0.0365	0.00568023			3650.0	1.11369e-09
0.03655	0.00313188			3655.0	1.37419e-09
0.0366	0.00568023			3660.0	1.01698e-09
0.03665	0.0018577			3665.0	2.23134e-10
0.0367	0.00440605			3670.0	2.16396e-10
0.03675	0.00313188			3675.0	2.71589e-09
0.0368	0.00313188			3680.0	1.76406e-09
0.03685	0.00440605			3685.0	1.71644e-09
0.0369	0.00822859			3690.0	2.21558e-10
0.03695	0.00695441			3695.0	4.08531e-09
0.037	0.00440605			3700.0	4.02591e-09
0.03705	0.00440605			3705.0	4.28925e-09
0.0371	0.00313188			3710.0	8.4957e-09
0.03715	0.000583518			3715.0	7.43095e-09
0.0372	0.00313188			3720.0	4.02229e-09
0.03725	0.000583518			3725.0	1.62829e-09
0.0373	-0.00196484			3730.0	4.86979e-09
0.03735	0.000583518			3735.0	3.2625e-09
0.0374	-0.00196484			3740.0	1.72339e-09
0.03745	-0.0045132			3745.0	9.08034e-10
0.0375	-0.00706155			3750.0	1.37319e-10
0.03755	-0.00323902			3755.0	3.04157e-09
0.0376	-0.00323902			3760.0	2.84896e-09
0.03765	-0.00706155			3765.0	8.35206e-11
0.0377	-0.00706155			3770.0	5.39453e-10
0.03775	-0.0045132			3775.0	6.798e-10
0.0378	-0.00706155			3780.0	1.31232e-09
0.03785	-0.00706155			3785.0	2.46747e-09
0.0379	-0.00833573			3790.0	2.41593e-09
0.03795	-0.00706155			3795.0	1.55148e-09
0.038	-0.00323902			3800.0	4.86731e-09
0.03805	-0.00323902			3805.0	2.88468e-09
0.0381	-0.00196484			3810.0	1.39772e-09
0.03815	-0.00196484			3815.0	5.09554e-09
0.0382	-0.00706155			3820.0	1.00097e-08
0.03825	-0.00069066			3825.0	1.17283e-08
0.0383	-0.00323902			3830.0	2.56061e-09
0.03835	-0.00069066			3835.0	5.61639e-09
0.0384	0.00313188			3840.0	7.14511e-09
0.03845	0.00440605			3845.0	9.01728e-10
0.0385	0.00313188			3850.0	2.65944e-10
0.03855	0.00568023			3855.0	1.56204e-10
0.0386	0.0018577			3860.0	1.92096e-10
0.03865	0.000583518			3865.0	1.23827e-09
0.0387	0.000583518			3870.0	1.4468e-09
0.03875	0.00313188			3875.0	1.20659e-09
0.0388	0.00440605			3880.0	1.01653e-09
0.03885	0.00440605			3885.0	1.78555e-09
0.0389	0.00313188			3890.0	2.53941e-09
0.03895	0.0018577			3895.0	4.88225e-09
0.039	-0.00196484			3900.0	2.91652e-09
0.03905	0.000583518			3905.0	3.74451e-10
0.0391	-0.0045132			3910.0	1.31376e-10
0.03915	-0.00323902			3915.0	2.91729e-10
0.0392	-0.0045132			3920.0	1.61936e-09
0.03925	-0.00069066			3925.0	2.26046e-09
0.0393	-0.0045132			3930.0	1.01674e-09
0.03935	-0.0045132			3935.0	6.56745e-11
0.0394	-0.00706155			3940.0	1.79069e-09
0.03945	-0.00706155			3945.0	2.58199e-09
0.0395	-0.00960991			3950.0	7.64213e-10
0.03955	-0.0108841			3955.0	6.04977e-09
0.0396	-0.00706155			3960.0	5.74844e-09
0.03965	-0.00960991			3965.0	7.41497e-10
0.0397	-0.00706155			3970.0	8.05121e-10
0.03975	-0.0045132			3975.0	1.38902e-09
0.0398	-0.00833573			3980.0	1.08903e-10
0.03985	-0.0121583			3985.0	4.51879e-09
0.0399	-0.00833573			3990.0	1.72424e-09
0.03995	-0.00833573			3995.0	1.29436e-09
0.04	-0.00706155			4000.0	2.02597e-09
0.04005	-0.00706155			4005.0	1.63088e-09
0.0401	-0.0045132			4010.0	5.16221e-10
0.04015	-0.00196484			4015.0	1.30165e-11
0.0402	-0.00323902			4020.0	7.63538e-10
0.04025	-0.00196484			4025.0	5.76599e-10
0.0403	-0.00323902			4030.0	1.70806e-09
0.04035	-0.0045132			4035.0	1.6529e-09
0.0404	-0.0045132			4040.0	1.96936e-09
0.04045	-0.00196484			4045.0	4.7139e-10
0.0405	-0.00196484			4050.0	4.81289e-09
0.04055	0.000583518			4055.0	3.58346e-09
0.0406	-0.00069066			4060.0	3.57097e-09
0.04065	-0.00196484			4065.0	1.74958e-09
0.0407	-0.00196484			4070.0	2.72793e-09
0.04075	-0.00069066			4075.0	5.65573e-09
0.0408	-0.00196484			4080.0	2.5868e-10
0.04085	-0.0045132			4085.0	1.39753e-10
0.0409	0.0018577			4090.0	7.9842e-10
0.04095	0.00440605			4095.0	9.79072e-10
0.041	0.00313188			4100.0	3.03358e-09
0.04105	-0.00196484			4105.0	1.76262e-09
0.0411	-0.0045132			4110.0	8.74129e-10
0.04115	-0.00323902			4115.0	1.68594e-10
0.0412	-0.00196484			4120.0	6.73724e-10
0.04125	-0.00323902			4125.0	6.62462e-10
0.0413	-0.00069066			4130.0	2.40437e-09
0.04135	0.000583518			4135.0	2.08006e-09
0.0414	-0.00196484			4140.0	1.02746e-09
0.04145	-0.00196484			4145.0	6.34785e-10
0.0415	-0.00578737			4150.0	4.13727e-09
0.04155	-0.00323902			4155.0	3.59025e-09
0.0416	-0.00578737			4160.0	4.08231e-10
0.04165	-0.00196484			4165.0	1.6879e-09
0.0417	-0.0045132			4170.0	1.94259e-09
0.04175	-0.00196484			4175.0	1.89606e-09
0.0418	-0.0045132			4180.0	5.40556e-09
0.04185	-0.00706155			4185.0	3.14218e-09
0.0419	-0.00960991			4190.0	4.63021e-10
0.04195	-0.00578737			4195.0	1.0597e-09
0.042	-0.00706155			4200.0	2.63149e-09
0.04205	-0.00578737			4205.0	2.87677e-10
0.0421	-0.00578737			4210.0	6.02206e-10
0.04215	-0.00323902			4215.0	1.09915e-09
0.0422	-0.00578737			4220.0	5.45128e-10
0.04225	-0.00706155			4225.0	1.38479e-09
0.0423	-0.00578737			4230.0	9.25078e-10
0.04235	-0.00833573			4235.0	2.45025e-10
0.0424	-0.00578737			4240.0	3.82838e-10
0.04245	-0.00323902			4245.0	2.80718e-10
0.0425	-0.00069066			4250.0	6.73234e-10
0.04255	0.00440605			4255.0	3.30057e-09
0.0426	0.00313188			4260.0	1.17321e-09
0.04265	0.0018577			4265.0	3.30616e-09
0.0427	0.00440605			4270.0	9.78112e-09
0.04275	0.000583518			4275.0	1.97229e-09
0.0428	0.00313188			4280.0	5.28487e-11
0.04285	0.00695441			4285.0	3.81227e-10
0.0429	0.00822859			4290.0	4.32497e-10
0.04295	0.0107769			4295.0	5.39072e-10
0.043	0.0120511			4300.0	1.46687e-10
0.04305	0.0107769			4305.0	1.09939e-09
0.0431	0.00950277			4310.0	6.27265e-10
0.04315	0.00695441			4315.0	3.63738e-10
0.0432	0.00695441			4320.0	1.66009e-10
0.04325	0.00950277			4325.0	3.17249e-11
0.0433	0.0107769			4330.0	9.92643e-10
0.04335	0.0133253			4335.0	7.37257e-09
0.0434	0.00822859			4340.0	9.70094e-09
0.04345	0.00822859			4345.0	4.52036e-09
0.0435	0.00822859			4350.0	1.96729e-09
0.04355	0.00440605			4355.0	5.16116e-10
0.0436	0.00440605			4360.0	3.37708e-09
0.04365	0.00440605			4365.0	3.90919e-09
0.0437	0.00822859			4370.0	2.49756e-09
0.04375	0.00695441			4375.0	2.98211e-09
0.0438	0.00695441			4380.0	5.58167e-11
0.04385	0.00313188			4385.0	2.34457e-09
0.0439	0.00313188			4390.0	4.48102e-09
0.04395	-0.00069066			4395.0	5.95735e-09
0.044	-0.00196484			4400.0	4.83145e-09
0.04405	-0.00069066			4405.0	3.67281e-09
0.0441	0.00313188			4410.0	4.76195e-09
0.04415	0.00313188			4415.0	2.56242e-09
0.0442	0.00695441			4420.0	2.13956e-10
0.04425	0.00313188			4425.0	2.18744e-09
0.0443	0.00313188			4430.0	9.97479e-09
0.04435	-0.00069066			4435.0	8.73479e-09
0.0444	-0.00069066			4440.0	2.58367e-09
0.04445	0.00313188			4445.0	1.77e-10
0.0445	0.00440605			4450.0	6.18062e-10
0.04455	0.00695441			4455.0	1.04388e-09
0.0446	0.00822859			4460.0	3.26831e-09
0.04465	0.00568023			4465.0	3.05622e-09
0.0447	0.00440605			4470.0	4.4152e-09
0.04475	0.00568023			4475.0	5.99278e-09
0.0448	0.00695441			4480.0	4.52879e-09
0.04485	0.00695441			4485.0	2.91992e-09
0.0449	0.00822859			4490.0	1.18062e-09
0.04495	0.00822859			4495.0	2.03838e-09
0.045	0.0107769			4500.0	1.03848e-09
0.04505	0.00695441			4505.0	3.34991e-10
0.0451	0.00822859			4510.0	2.03779e-09
0.04515	0.00440605			4515.0	2.80759e-09
0.0452	0.00313188			4520.0	3.09103e-09
0.04525	0.00313188			4525.0	8.04898e-11
0.0453	0.00568023			4530.0	9.54041e-10
0.04535	0.00568023			4535.0	1.64026e-09
0.0454	0.00440605			4540.0	2.45645e-09
0.04545	0.00313188			4545.0	1.3979e-09
0.0455	0.000583518			4550.0	2.63042e-09
0.04555	-0.00196484			4555.0	1.84484e-09
0.0456	-0.00196484			4560.0	4.60923e-09
0.04565	0.0018577			4565.0	5.93209e-09
0.0457	0.0018577			4570.0	8.60539e-09
0.04575	0.00313188			4575.0	6.37386e-09
0.0458	0.00440605			4580.0	6.4023e-10
0.04585	-0.00069066			4585.0	2.79786e-10
0.0459	0.00313188			4590.0	2.17413e-09
0.04595	0.000583518			4595.0	2.48344e-09
0.046	0.00313188			4600.0	5.36595e-10
0.04605	0.00440605			4605.0	8.85769e-10
0.0461	0.00313188			4610.0	9.0243e-10
0.04615	0.00950277			4615.0	1.89746e-09
0.0462	0.00822859			4620.0	2.30889e-09
0.04625	0.00313188			4625.0	7.5493e-10
0.0463	0.00568023			4630.0	2.93627e-10
0.04635	0.00695441			4635.0	5.04896e-10
0.0464	0.00313188			4640.0	2.64364e-09
0.04645	-0.00196484			4645.0	7.0856e-10
0.0465	0.000583518			4650.0	1.12914e-09
0.04655	0.0018577			4655.0	2.9798e-10
0.0466	0.00313188			4660.0	1.07002e-09
0.04665	0.00568023			4665.0	1.62054e-09
0.0467	0.0018577			4670.0	8.98363e-10
0.04675	-0.00069066			4675.0	2.27252e-09
0.0468	-0.00196484			4680.0	4.49845e-10
0.04685	-0.00706155			4685.0	3.61082e-09
0.0469	-0.00706155			4690.0	2.6011e-09
0.04695	-0.00323902			4695.0	6.23242e-09
0.047	-0.00196484			4700.0	6.18004e-09
0.04705	-0.00196484			4705.0	4.48986e-10
0.0471	-0.00196484			4710.0	1.74543e-09
0.04715	-0.00069066			4715.0	1.27301e-09
0.0472	-0.00323902			4720.0	6.12194e-10
0.04725	-0.00578737			4725.0	7.95113e-10
0.0473	-0.00706155			4730.0	2.39698e-09
0.04735	-0.00196484			4735.0	2.29446e-09
0.0474	0.000583518			4740.0	1.53646e-09
0.04745	0.00695441			4745.0	9.27612e-10
0.0475	0.00568023			4750.0	4.63559e-10
0.04755	0.00695441			4755.0	4.4592e-10
0.0476	0.00568023			4760.0	1.10981e-09
0.04765	0.00313188			4765.0	2.27257e-09
0.0477	0.00440605			4770.0	1.34742e-09
0.04775	0.00822859			4775.0	6.32182e-10
0.0478	0.00950277			4780.0	1.16809e-10
0.04785	0.0120511			4785.0	2.19852e-09
0.0479	0.00950277			4790.0	5.42947e-09
0.04795	0.0107769			4795.0	4.87951e-09
0.048	0.00950277			4800.0	3.26236e-09
0.04805	0.00695441			4805.0	2.34737e-10
0.0481	0.00313188			4810.0	2.14328e-13
0.04815	0.00822859			4815.0	4.91043e-09
0.0482	0.00695441			4820.0	4.22096e-09
0.04825	0.00950277			4825.0	9.77917e-11
0.0483	0.00695441			4830.0	1.20762e-09
0.04835	0.00695441			4835.0	2.4185e-09
0.0484	0.00313188			4840.0	4.51297e-10
0.04845	-0.00069066			4845.0	1.12746e-09
0.0485	-0.00196484			4850.0	9.05587e-10
0.04855	-0.0045132			4855.0	1.3054e-09
0.0486	-0.00323902			4860.0	1.0764e-09
0.04865	-0.00069066			4865.0	2.49591e-09
0.0487	-0.00069066			4870.0	1.34578e-09
0.04875	-0.00323902			4875.0	3.73055e-10
0.0488	-0.00578737			4880.0	3.77243e-10
0.04885	-0.00706155			4885.0	7.54937e-10
0.0489	-0.00960991			4890.0	2.81442e-09
0.04895	-0.00833573			4895.0	1.08522e-09
0.049	-0.0045132			4900.0	2.4283e-10
0.04905	-0.00578737			4905.0	6.95822e-10
0.0491	-0.00323902			4910.0	3.78714e-09
0.04915	-0.0045132			4915.0	2.93204e-09
0.0492	-0.00578737			4920.0	7.27669e-10
0.04925	-0.00578737			4925.0	1.52592e-10
0.0493	-0.00578737			4930.0	5.38955e-10
0.04935	-0.00706155			4935.0	3.62867e-11
0.0494	-0.00196484			4940.0	2.21134e-09
0.04945	-0.00069066			4945.0	5.4277e-09
0.0495	0.00440605			4950.0	4.84951e-09
0.04955	0.00440605			4955.0	6.93177e-09
0.0496	0.00313188			4960.0	3.23113e-09
0.04965	0.000583518			4965.0	5.07918e-10
0.0497	0.00313188			4970.0	1.54464e-10
0.04975	0.000583518			4975.0	1.02541e-09
0.0498	0.0018577			4980.0	2.94968e-09
0.04985	0.00313188			4985.0	1.64776e-09
0.0499	0.00568023			4990.0	4.90898e-11
0.04995	0.00568023			4995.0	4.21621e-11
0.05	0.00440605			5000.0	1.6151e-09
0.05005	0.00568023			5005.0	1.01722e-09
0.0501	0.0018577			5010.0	1.05993e-09
0.05015	0.000583518			5015.0	4.59824e-09
0.0502	-0.00069066			5020.0	2.87205e-09
0.05025	-0.00196484			5025.0	2.35602e-09
0.0503	-0.00069066			5030.0	4.12423e-09
0.05035	0.00313188			5035.0	3.69126e-09
0.0504	0.000583518			5040.0	2.4228e-09
0.05045	-0.00578737			5045.0	1.86973e-09
0.0505	-0.00069066			5050.0	1.44218e-09
0.05055	0.000583518			5055.0	9.41629e-10
0.0506	-0.00323902			5060.0	9.30329e-10
0.05065	-0.00706155			5065.0	1.41795e-09
0.0507	-0.00196484			5070.0	1.45398e-09
0.05075	-0.00196484			5075.0	2.27916e-09
0.0508	0.000583518			5080.0	5.5189e-09
0.05085	-0.00069066			5085.0	8.70606e-09
0.0509	-0.00196484			5090.0	3.35981e-09
0.05095	-0.00323902			5095.0	1.3498e-11
0.051	-0.0045132			5100.0	6.78973e-10
0.05105	-0.00578737			5105.0	7.60931e-10
0.0511	-0.00578737			5110.0	7.99957e-12
0.05115	-0.0045132			5115.0	6.1178e-10
0.0512	0.000583518			5120.0	2.0531e-09
0.05125	0.0018577			5125.0	2.85129e-09
0.0513	-0.00323902			5130.0	1.94485e-09
0.05135	-0.00196484			5135.0	7.50752e-10
0.0514	-0.00196484			5140.0	8.87015e-10
0.05145	-0.00578737			5145.0	8.65419e-10
0.0515	-0.00578737			5150.0	8.49437e-10
0.05155	-0.0045132			5155.0	1.33337e-09
0.0516	-0.00196484			5160.0	5.09037e-11
0.05165	-0.00069066			5165.0	7.49795e-10
0.0517	-0.00196484			5170.0	2.3348e-10
0.05175	-0.0045132			5175.0	2.86256e-09
0.0518	-0.00833573			5180.0	2.99887e-09
0.05185	-0.00706155			5185.0	1.87436e-10
0.0519	-0.00323902			5190.0	3.871e-09
0.05195	-0.0045132			5195.0	3.6491e-09
0.052	-0.00196484			5200.0	1.07228e-09
0.05205	-0.00323902			5205.0	7.90924e-11
0.0521	-0.0045132			5210.0	4.33916e-12
0.05215	-0.00323902			5215.0	2.81954e-10
0.0522	-0.00323902			5220.0	8.59084e-11
0.05225	-0.00706155			5225.0	6.81504e-11
0.0523	-0.0045132			5230.0	1.40352e-09
0.05235	-0.0045132			5235.0	5.57188e-09
0.0524	-0.0045132			5240.0	2.12286e-09
0.05245	-0.00196484			5245.0	5.66004e-10
0.0525	-0.00069066			5250.0	1.2465e-09
0.05255	0.000583518			5255.0	1.25151e-09
0.0526	-0.00323902			5260.0	1.34025e-09
0.05265	-0.0045132			5265.0	7.81508e-11
0.0527	-0.0045132			5270.0	8.62013e-10
0.05275	-0.00706155			5275.0	1.06539e-09
0.0528	-0.00706155			5280.0	7.47037e-10
0.05285	-0.00578737			5285.0	3.40733e-09
0.0529	-0.00706155			5290.0	1.99226e-09
0.05295	0.000583518			5295.0	1.19771e-10
0.053	-0.00196484			5300.0	4.983e-10
0.05305	-0.00323902			5305.0	2.16646e-09
0.0531	-0.00578737			5310.0	6.48753e-10
0.05315	-0.00578737			5315.0	1.23098e-09
0.0532	-0.00578737			5320.0	3.08413e-09
0.05325	-0.00578737			5325.0	1.58089e-09
0.0533	-0.00578737			5330.0	1.04006e-10
0.05335	-0.0045132			5335.0	5.4747e-11
0.0534	-0.0045132			5340.0	5.24521e-10
0.05345	-0.0045132			5345.0	6.3926e-10
0.0535	-0.00706155			5350.0	1.18261e-09
0.05355	-0.00323902			5355.0	4.41045e-09
0.0536	-0.0045132			5360.0	8.5592e-09
0.05365	-0.00833573			5365.0	6.50411e-09
0.0537	-0.00833573			5370.0	1.66962e-09
0.05375	-0.00196484			5375.0	1.07975e-09
0.0538	-0.00578737			5380.0	3.84712e-09
0.05385	-0.00196484			5385.0	2.25078e-09
0.0539	-0.00196484			5390.0	6.694e-10
0.05395	-0.00323902			5395.0	2.76507e-09
0.054	-0.0045132			5400.0	2.90609e-09
0.05405	-0.00706155			5405.0	2.42799e-09
0.0541	-0.00706155			5410.0	1.31212e-09
0.05415	-0.0045132			5415.0	1.0221e-10
0.0542	-0.00578737			5420.0	2.43198e-09
0.05425	-0.00706155			5425.0	1.55519e-09
0.0543	-0.00706155			5430.0	1.11614e-09
0.05435	-0.0045132			5435.0	9.65062e-10
0.0544	-0.00706155			5440.0	9.88584e-10
0.05445	-0.0108841			5445.0	1.06416e-10
0.0545	-0.0134324			5450.0	5.74354e-10
0.05455	-0.0134324			5455.0	1.09428e-10
0.0546	-0.0121583			5460.0	1.69057e-09
0.05465	-0.017255			5465.0	2.31831e-09
0.0547	-0.0147066			5470.0	3.95849e-09
0.05475	-0.0121583			5475.0	1.56675e-09
0.0548	-0.0121583			5480.0	3.50329e-10
0.05485	-0.0185292			5485.0	1.32569e-09
0.0549	-0.0210775			5490.0	1.54209e-09
0.05495	-0.0198033			5495.0	2.01021e-09
0.055	-0.0198033			5500.0	1.64225e-09
0.05505	-0.017255			5505.0	7.4877e-10
0.0551	-0.017255			5510.0	4.28737e-09
0.05515	-0.0159808			5515.0	6.3429e-09
0.0552	-0.00960991			5520.0	9.91518e-10
0.05525	-0.00833573			5525.0	2.16311e-09
0.0553	-0.0134324			5530.0	2.51807e-09
0.05535	-0.0134324			5535.0	2.63378e-10
0.0554	-0.0121583			5540.0	2.17692e-09
0.05545	-0.00833573			5545.0	5.91369e-10
0.0555	-0.00706155			5550.0	2.38881e-10
0.05555	-0.00578737			5555.0	1.79999e-11
0.0556	-0.00196484			5560.0	1.9048e-09
0.05565	0.000583518			5565.0	1.72177e-09
0.0557	-0.00196484			5570.0	1.19666e-09
0.05575	-0.00323902			5575.0	3.32205e-09
0.0558	-0.00706155			5580.0	3.45131e-09
0.05585	-0.00578737			5585.0	7.67606e-10
0.0559	-0.00196484			5590.0	1.17116e-09
0.05595	-0.00069066			5595.0	3.15462e-09
0.056	-0.00196484			5600.0	4.40221e-09
0.05605	0.000583518			5605.0	6.85709e-09
0.0561	-0.00069066			5610.0	3.50268e-09
0.05615	-0.0045132			5615.0	1.49118e-09
0.0562	-0.00578737			5620.0	5.5541e-10
0.05625	-0.00833573			5625.0	3.5803e-09
0.0563	-0.00706155			5630.0	1.66584e-09
0.05635	-0.00960991			5635.0	1.98192e-10
0.0564	-0.00833573			5640.0	2.20273e-09
0.05645	-0.00578737			5645.0	1.43614e-09
0.0565	-0.00578737			5650.0	3.25992e-10
0.05655	-0.00833573			5655.0	1.08224e-09
0.0566	-0.00960991			5660.0	9.55218e-10
0.05665	-0.00960991			5665.0	6.35766e-10
0.0567	-0.0134324			5670.0	3.37293e-11
0.05675	-0.00833573			5675.0	2.29429e-09
0.0568	-0.00960991			5680.0	1.69029e-09
0.05685	-0.00323902			5685.0	8.19173e-10
0.0569	-0.00578737			5690.0	2.37129e-09
0.05695	-0.00069066			5695.0	7.71833e-10
0.057	-0.00069066			5700.0	3.75394e-10
0.05705	-0.0045132			5705.0	4.24244e-10
0.0571	0.000583518			5710.0	3.79924e-10
0.05715	0.000583518			5715.0	1.72408e-09
0.0572	0.0018577			5720.0	1.64465e-09
0.05725	0.000583518			5725.0	4.10338e-09
0.0573	0.00440605			5730.0	4.75487e-09
0.05735	0.00313188			5735.0	3.01045e-09
0.0574	0.00822859			5740.0	1.08868e-09
0.05745	0.0133253			5745.0	2.30677e-09
0.0575	0.00822859			5750.0	3.89039e-09
0.05755	0.0107769			5755.0	9.85465e-11
0.0576	0.00695441			5760.0	1.61762e-09
0.05765	0.00822859			5765.0	1.32037e-09
0.0577	0.00950277			5770.0	9.64855e-11
0.05775	0.0107769			5775.0	4.28438e-10
0.0578	0.0107769			5780.0	1.19132e-09
0.05785	0.0120511			5785.0	6.33341e-09
0.0579	0.0133253			5790.0	5.50465e-09
0.05795	0.0120511			5795.0	3.75303e-09
0.058	0.0107769			5800.0	1.03835e-09
0.05805	0.00695441			5805.0	1.61979e-09
0.0581	0.00440605			5810.0	3.59837e-09
0.05815	0.00568023			5815.0	5.2233e-09
0.0582	0.00440605			5820.0	1.29577e-09
0.05825	0.00568023			5825.0	1.61002e-09
0.0583	0.00695441			5830.0	1.37462e-09
0.05835	0.00822859			5835.0	1.23089e-10
0.0584	0.00568023			5840.0	1.07342e-09
0.05845	0.00568023			5845.0	4.4893e-09
0.0585	0.000583518			5850.0	2.45638e-09
0.05855	0.000583518			5855.0	9.46512e-10
0.0586	0.00568023			5860.0	9.11241e-10
0.05865	0.00695441			5865.0	2.1124e-09
0.0587	0.00695441			5870.0	2.38183e-09
0.05875	0.00950277			5875.0	1.52244e-09
0.0588	0.00950277			5880.0	6.73755e-10
0.05885	0.00695441			5885.0	4.33843e-10
0.0589	0.00695441			5890.0	1.16984e-09
0.05895	0.00440605			5895.0	1.14432e-09
0.059	0.00440605			5900.0	2.60338e-10
0.05905	0.00568023			5905.0	1.34847e-10
0.0591	0.00822859			5910.0	1.36792e-10
0.05915	0.0107769			5915.0	1.05625e-09
0.0592	0.0107769			5920.0	1.06543e-09
0.05925	0.00695441			5925.0	5.48383e-09
0.0593	0.00822859			5930.0	2.23887e-10
0.05935	0.00695441			5935.0	2.9732e-09
0.0594	0.0018577			5940.0	5.19285e-09
0.05945	0.00313188			5945.0	2.896e-09
0.0595	0.00822859			5950.0	3.87257e-09
0.05955	0.00313188			5955.0	5.00793e-10
0.0596	0.0018577			5960.0	2.88352e-09
0.05965	0.00440605			5965.0	1.13084e-09
0.0597	-0.00069066			5970.0	3.55431e-10
0.05975	-0.00069066			5975.0	4.28044e-10
0.0598	-0.00196484			5980.0	6.15803e-10
0.05985	-0.0045132			5985.0	2.56977e-11
0.0599	-0.0045132			5990.0	2.2569e-10
0.05995	0.00313188			5995.0	1.2126e-11
0.06	0.0018577			6000.0	1.05509e-09
0.06005	0.00313188			6005.0	1.99145e-09
0.0601	0.00440605			6010.0	4.50638e-10
0.06015	0.000583518			6015.0	1.35645e-09
0.0602	0.00313188			6020.0	3.67419e-09
0.06025	-0.00196484			6025.0	2.58684e-09
0.0603	0.000583518			6030.0	1.29062e-09
0.06035	0.000583518			6035.0	2.25641e-09
0.0604	0.00313188			6040.0	1.99076e-09
0.06045	0.00313188			6045.0	1.77105e-10
0.0605	0.0018577			6050.0	5.08617e-09
0.06055	0.00313188			6055.0	5.51482e-09
0.0606	0.000583518			6060.0	3.98516e-09
0.06065	0.00313188			6065.0	1.35606e-09
0.0607	-0.00196484			6070.0	7.56796e-10
0.06075	-0.00196484			6075.0	5.65642e-11
0.0608	0.00313188			6080.0	2.33072e-10
0.06085	0.00313188			6085.0	1.42053e-09
0.0609	0.00313188			6090.0	1.43574e-09
0.06095	0.00313188			6095.0	8.15764e-10
0.061	0.00313188			6100.0	3.29346e-09
0.06105	0.00313188			6105.0	1.52805e-09
0.0611	0.00440605			6110.0	1.29201e-09
0.06115	-0.00069066			6115.0	7.24752e-10
0.0612	-0.00069066			6120.0	7.12331e-11
0.06125	0.00313188			6125.0	8.8717e-10
0.0613	0.00313188			6130.0	7.86987e-10
0.06135	0.00313188			6135.0	5.04217e-10
0.0614	0.00440605			6140.0	4.02306e-10
0.06145	0.00440605			6145.0	7.13707e-10
0.0615	0.00568023			6150.0	1.19038e-10
0.06155	0.00568023			6155.0	7.79396e-10
0.0616	0.00568023			6160.0	5.4639e-09
0.06165	0.00568023			6165.0	7.54453e-09
0.0617	0.0107769			6170.0	3.7729e-09
0.06175	0.00950277			6175.0	6.29018e-09
0.0618	0.0133253			6180.0	3.95581e-09
0.06185	0.0133253			6185.0	4.3481e-10
0.0619	0.0120511			6190.0	2.81096e-09
0.06195	0.0107769			6195.0	2.80926e-09
0.062	0.00822859			6200.0	2.73781e-09
0.06205	0.0107769			6205.0	7.55064e-09
0.0621	0.0120511			6210.0	1.9951e-09
0.06215	0.0120511			6215.0	1.92578e-09
0.0622	0.0133253			6220.0	5.99453e-09
0.06225	0.0145995			6225.0	5.98479e-10
0.0623	0.0120511			6230.0	4.39373e-09
0.06235	0.0133253			6235.0	7.55382e-09
0.0624	0.0133253			6240.0	1.86408e-09
0.06245	0.0107769			6245.0	6.35609e-11
0.0625	0.0158737			6250.0	5.35771e-10
0.06255	0.0158737			6255.0	4.32468e-10
0.0626	0.0120511			6260.0	1.11728e-09
0.06265	0.0133253			6265.0	1.46029e-09
0.0627	0.0133253			6270.0	5.83547e-09
0.06275	0.0107769			6275.0	4.17963e-09
0.0628	0.0133253			6280.0	2.24235e-09
0.06285	0.00822859			6285.0	1.7361e-09
0.0629	0.00822859			6290.0	4.92774e-10
0.06295	0.00822859			6295.0	4.42552e-10
0.063	0.00950277			6300.0	3.41466e-10
0.06305	0.0133253			6305.0	6.66769e-10
0.0631	0.0133253			6310.0	3.2859e-10
0.06315	0.0158737			6315.0	5.0159e-09
0.0632	0.0120511			6320.0	1.34384e-08
0.06325	0.0107769			6325.0	5.36247e-09
0.0633	0.00950277			6330.0	1.46231e-09
0.06335	0.0107769			6335.0	6.51984e-09
0.0634	0.00695441			6340.0	1.03398e-08
0.06345	0.0107769			6345.0	3.30001e-09
0.0635	0.0120511			6350.0	4.1064e-10
0.06355	0.0158737			6355.0	2.3359e-09
0.0636	0.0209704			6360.0	1.11057e-08
0.06365	0.0171478			6365.0	9.2944e-09
0.0637	0.018422			6370.0	1.65349e-09
0.06375	0.0158737			6375.0	1.10359e-08
0.0638	0.0133253			6380.0	7.77287e-09
0.06385	0.0145995			6385.0	8.93323e-10
0.0639	0.0145995			6390.0	3.02271e-10
0.06395	0.0196962			6395.0	7.89658e-10
0.064	0.0209704			6400.0	1.2136e-09
0.06405	0.0209704			6405.0	3.89627e-09
0.0641	0.018422			6410.0	3.3836e-09
0.06415	0.0196962			6415.0	2.58973e-09
0.0642	0.0133253			6420.0	2.08422e-09
0.06425	0.0120511			6425.0	6.3165e-09
0.0643	0.0120511			6430.0	6.85749e-09
0.06435	0.0145995			6435.0	1.92931e-09
0.0644	0.0145995			6440.0	1.42578e-09
0.06445	0.0158737			6445.0	1.08322e-09
0.0645	0.0120511			6450.0	4.41001e-09
0.06455	0.00950277			6455.0	4.91839e-09
0.0646	0.00822859			6460.0	3.92219e-09
0.06465	0.00950277			6465.0	2.9236e-10
0.0647	0.00950277			6470.0	1.39672e-09
0.06475	0.0107769			6475.0	2.40364e-09
0.0648	0.0120511			6480.0	4.58898e-09
0.06485	0.0133253			6485.0	5.5749e-09
0.0649	0.00950277			6490.0	1.01354e-09
0.06495	0.0107769			6495.0	1.1412e-09
0.065	0.0107769			6500.0	1.86161e-09
0.06505	0.00822859			6505.0	1.04259e-09
0.0651	0.00695441			6510.0	6.54381e-11
0.06515	0.00695441			6515.0	3.32953e-10
0.0652	0.00695441			6520.0	3.05962e-09
0.06525	0.00568023			6525.0	1.29913e-08
0.0653	0.0107769			6530.0	1.40403e-08
0.06535	0.0107769			6535.0	6.54727e-09
0.0654	0.00568023			6540.0	7.02212e-09
0.06545	0.00568023			6545.0	6.49366e-09
0.0655	0.00313188			6550.0	9.81565e-10
0.06555	0.00440605			6555.0	4.89527e-10
0.0656	0.00313188			6560.0	3.80059e-09
0.06565	0.00568023			6565.0	3.23442e-09
0.0657	0.00568023			6570.0	1.55968e-09
0.06575	0.00313188			6575.0	2.11921e-09
0.0658	0.00313188			6580.0	7.42628e-10
0.06585	0.00313188			6585.0	1.49989e-10
0.0659	0.00313188			6590.0	1.62827e-09
0.06595	-0.00069066			6595.0	6.90698e-09
0.066	-0.00196484			6600.0	4.05306e-09
0.06605	-0.00069066			6605.0	4.18221e-10
0.0661	-0.00323902			6610.0	4.67266e-10
0.06615	-0.00196484			6615.0	1.2277e-10
0.0662	-0.00323902			6620.0	6.57977e-11
0.06625	0.000583518			6625.0	1.34458e-10
0.0663	0.00313188			6630.0	1.11907e-09
0.06635	-0.00196484			6635.0	1.54621e-09
0.0664	-0.00069066			6640.0	5.65568e-09
0.06645	-0.00069066			6645.0	1.61818e-08
0.0665	-0.00706155			6650.0	1.45727e-08
0.06655	-0.00578737			6655.0	5.73212e-09
0.0666	-0.00196484			6660.0	3.6993e-09
0.06665	-0.0045132			6665.0	2.89413e-09
0.0667	-0.00196484			6670.0	3.56149e-09
0.06675	-0.00069066			6675.0	9.5286e-09
0.0668	-0.0045132			6680.0	3.54884e-09
0.06685	-0.00578737			6685.0	2.82677e-09
0.0669	-0.00323902			6690.0	7.28761e-09
0.06695	-0.00833573			6695.0	5.76302e-09
0.067	-0.00833573			6700.0	3.5623e-09
0.06705	-0.00323902			6705.0	4.23936e-10
0.0671	-0.00196484			6710.0	9.97648e-10
0.06715	-0.00323902			6715.0	2.32495e-09
0.0672	-0.00323902			6720.0	2.01068e-09
0.06725	-0.00706155			6725.0	4.22015e-09
0.0673	-0.00833573			6730.0	5.91671e-10
0.06735	-0.00960991			6735.0	2.09178e-09
0.0674	-0.00960991			6740.0	1.25041e-09
0.06745	-0.00706155			6745.0	3.88466e-10
0.0675	-0.00578737			6750.0	1.02879e-09
0.06755	-0.00706155			6755.0	1.70084e-09
0.0676	-0.00960991			6760.0	4.22442e-09
0.06765	-0.00960991			6765.0	5.92934e-09
0.0677	-0.0159808			6770.0	5.78983e-09
0.06775	-0.0159808			6775.0	2.64831e-09
0.0678	-0.017255			6780.0	3.0611e-10
0.06785	-0.0108841			6785.0	7.34874e-10
0.0679	-0.0134324			6790.0	7.08467e-10
0.06795	-0.0147066			6795.0	1.69726e-09
0.068	-0.00960991			6800.0	1.64385e-10
0.06805	-0.0108841			6805.0	2.3571e-09
0.0681	-0.0147066			6810.0	3.42991e-09
0.06815	-0.0134324			6815.0	2.47294e-09
0.0682	-0.017255			6820.0	2.28914e-09
0.06825	-0.0185292			6825.0	2.7307e-09
0.0683	-0.0147066			6830.0	1.19133e-09
0.06835	-0.0134324			6835.0	4.23624e-10
0.0684	-0.0121583			6840.0	1.86701e-09
0.06845	-0.0121583			6845.0	2.34414e-09
0.0685	-0.0121583			6850.0	7.67326e-10
0.06855	-0.00960991			6855.0	5.71597e-10
0.0686	-0.0147066			6860.0	2.11446e-09
0.06865	-0.0121583			6865.0	2.62716e-11
0.0687	-0.0134324			6870.0	1.40571e-09
0.06875	-0.0134324			6875.0	3.12961e-09
0.0688	-0.00833573			6880.0	7.86105e-10
0.06885	-0.00706155			6885.0	1.90414e-09
0.0689	-0.0045132			6890.0	1.19739e-09
0.06895	-0.0045132			6895.0	3.22573e-09
0.069	-0.00578737			6900.0	1.43098e-09
0.06905	-0.00706155			6905.0	1.44111e-09
0.0691	-0.00323902			6910.0	1.56595e-10
0.06915	-0.0045132			6915.0	2.39511e-09
0.0692	-0.00323902			6920.0	3.52755e-09
0.06925	-0.00196484			6925.0	9.28464e-09
0.0693	0.000583518			6930.0	4.09951e-09
0.06935	0.00440605			6935.0	3.93889e-11
0.0694	0.00822859			6940.0	5.356e-10
0.06945	0.00950277			6945.0	6.19415e-10
0.0695	0.00822859			6950.0	1.00053e-09
0.06955	0.00822859			6955.0	3.39843e-10
0.0696	0.00695441			6960.0	1.70842e-11
0.06965	0.00695441			6965.0	7.68616e-11
0.0697	0.00822859			6970.0	1.34114e-09
0.06975	0.00822859			6975.0	4.79496e-09
0.0698	0.00950277			6980.0	2.98681e-09
0.06985	0.0120511			6985.0	1.01807e-09
0.0699	0.00695441			6990.0	2.41732e-10
0.06995	0.0018577			6995.0	2.02583e-10
0.07	0.00313188			7000.0	1.24996e-10
0.07005	-0.00069066			7005.0	9.09879e-10
0.0701	-0.0045132			7010.0	4.68199e-09
0.07015	-0.00196484			7015.0	9.81807e-09
0.0702	-0.00323902			7020.0	1.02566e-08
0.07025	-0.00196484			7025.0	3.49589e-09
0.0703	-0.00323902			7030.0	1.01636e-09
0.07035	-0.00323902			7035.0	2.5739e-09
0.0704	-0.00706155			7040.0	3.38736e-10
0.07045	-0.00833573			7045.0	1.09648e-09
0.0705	-0.0134324			7050.0	3.7922e-10
0.07055	-0.0134324			7055.0	2.41664e-10
0.0706	-0.00960991			7060.0	8.51414e-10
0.07065	-0.00706155			7065.0	1.30665e-09
0.0707	-0.00706155			7070.0	1.00633e-09
0.07075	-0.00578737			7075.0	4.42748e-11
0.0708	-0.0045132			7080.0	4.58446e-10
0.07085	-0.00578737			7085.0	8.79892e-10
0.0709	-0.00069066			7090.0	5.03662e-09
0.07095	-0.00069066			7095.0	4.46515e-09
0.071	0.00313188			7100.0	9.43815e-10
0.07105	0.00950277			7105.0	3.75127e-09
0.0711	0.0145995			7110.0	6.03908e-09
0.07115	0.0171478			7115.0	1.656e-09
0.0712	0.0196962			7120.0	4.96217e-10
0.07125	0.018422			7125.0	1.69242e-11
0.0713	0.0209704			7130.0	3.4181e-10
0.07135	0.0209704			7135.0	2.72588e-10
0.0714	0.0209704			7140.0	1.30922e-09
0.07145	0.0247929			7145.0	1.33856e-09
0.0715	0.0235187			7150.0	2.91825e-09
0.07155	0.0311638			7155.0	9.67395e-09
0.0716	0.0286154			7160.0	6.98777e-09
0.07165	0.0260671			7165.0	4.52974e-11
0.0717	0.0222446			7170.0	5.44595e-10
0.07175	0.0222446			7175.0	7.10533e-10
0.0718	0.0196962			7180.0	1.21286e-09
0.07185	0.0196962			7185.0	1.17711e-09
0.0719	0.0145995			7190.0	1.79557e-09
0.07195	0.0158737			7195.0	5.23029e-10
0.072	0.00822859			7200.0	8.37847e-10
0.07205	0.00950277			7205.0	7.23709e-10
0.0721	0.00822859			7210.0	8.93041e-10
0.07215	0.0018577			7215.0	7.45409e-10
0.0722	-0.00069066			7220.0	1.05255e-09
0.07225	-0.00196484			7225.0	1.23778e-09
0.0723	-0.00706155			7230.0	6.68068e-10
0.07235	-0.00960991			7235.0	3.57874e-10
0.0724	-0.00960991			7240.0	1.3004e-10
0.07245	-0.00960991			7245.0	6.33638e-10
0.0725	-0.00833573			7250.0	7.44831e-10
0.07255	-0.00323902			7255.0	1.43857e-10
0.0726	-0.00706155			7260.0	4.4744e-09
0.07265	-0.0045132			7265.0	2.04006e-09
0.0727	-0.00323902			7270.0	1.46969e-09
0.07275	-0.00578737			7275.0	1.92112e-09
0.0728	-0.00578737			7280.0	4.64899e-11
0.07285	0.00313188			7285.0	5.9133e-11
0.0729	0.00695441			7290.0	2.19187e-10
0.07295	0.0107769			7295.0	4.88899e-10
0.073	0.0133253			7300.0	8.90847e-10
0.07305	0.0120511			7305.0	1.79494e-09
0.0731	0.0145995			7310.0	1.38024e-10
0.07315	0.0145995			7315.0	3.26232e-10
0.0732	0.0133253			7320.0	8.79486e-12
0.07325	0.0158737			7325.0	1.55422e-10
0.0733	0.0171478			7330.0	8.38387e-10
0.07335	0.0196962			7335.0	1.28006e-09
0.0734	0.0209704			7340.0	6.76742e-10
0.07345	0.018422			7345.0	1.09998e-10
0.0735	0.0209704			7350.0	6.25588e-10
0.07355	0.0171478			7355.0	4.78861e-10
0.0736	0.0133253			7360.0	1.66547e-10
0.07365	0.00695441			7365.0	1.7023e-09
0.0737	0.00822859			7370.0	2.6517e-09
0.07375	0.00568023			7375.0	1.57309e-09
0.0738	0.00313188			7380.0	1.05759e-09
0.07385	0.000583518			7385.0	2.83152e-10
0.0739	-0.0045132			7390.0	5.22238e-11
0.07395	-0.00706155			7395.0	7.44487e-11
0.074	-0.00706155			7400.0	1.04748e-09
0.07405	-0.00960991			7405.0	1.90518e-09
0.0741	-0.0147066			7410.0	1.31716e-09
0.07415	-0.0121583			7415.0	6.55779e-09
0.0742	-0.0121583			7420.0	8.90451e-09
0.07425	-0.0121583			7425.0	2.06257e-09
0.0743	-0.0134324			7430.0	2.98278e-09
0.07435	-0.0108841			7435.0	2.82447e-09
0.0744	-0.00960991			7440.0	3.18524e-10
0.07445	-0.0121583			7445.0	7.88238e-10
0.0745	-0.00960991			7450.0	1.5231e-09
0.07455	-0.0121583			7455.0	9.88756e-10
0.0746	-0.00833573			7460.0	4.43003e-09
0.07465	-0.00323902			7465.0	3.79334e-09
0.0747	-0.00069066			7470.0	3.91938e-10
0.07475	0.000583518			7475.0	1.72336e-09
0.0748	0.00313188			7480.0	5.34969e-10
0.07485	0.00695441			7485.0	1.19042e-09
0.0749	0.00695441			7490.0	2.0658e-09
0.07495	0.0120511			7495.0	2.79449e-10
0.075	0.0133253			7500.0	1.47004e-10
0.07505	0.0133253			7505.0	2.30311e-09
0.0751	0.018422			7510.0	4.71557e-09
0.07515	0.0222446			7515.0	3.03245e-09
0.0752	0.0209704			7520.0	9.90015e-10
0.07525	0.0235187			7525.0	2.06454e-10
0.0753	0.0260671			7530.0	2.16226e-10
0.07535	0.0235187			7535.0	2.27666e-09
0.0754	0.0222446			7540.0	3.35182e-09
0.07545	0.0209704			7545.0	1.92111e-09
0.0755	0.0196962			7550.0	8.9736e-10
0.07555	0.0209704			7555.0	1.93418e-10
0.0756	0.0196962			7560.0	2.05582e-10
0.07565	0.0209704			7565.0	2.15491e-10
0.0757	0.018422			7570.0	4.60748e-10
0.07575	0.018422			7575.0	3.30697e-10
0.0758	0.0133253			7580.0	6.9339e-10
0.07585	0.00822859			7585.0	2.8886e-09
0.0759	0.0107769			7590.0	1.73211e-09
0.07595	0.00695441			7595.0	1.61704e-09
0.076	0.00568023			7600.0	3.84372e-10
0.07605	0.00440605			7605.0	2.57189e-09
0.0761	0.00568023			7610.0	1.68447e-09
0.07615	0.00695441			7615.0	2.40127e-10
0.0762	0.00440605			7620.0	1.90458e-09
0.07625	0.000583518			7625.0	3.92242e-09
0.0763	0.0018577			7630.0	1.07346e-09
0.07635	-0.00196484			7635.0	2.67946e-09
0.0764	0.000583518			7640.0	4.85267e-09
0.07645	0.0018577			7645.0	5.77061e-09
0.0765	0.00568023			7650.0	2.49994e-09
0.07655	0.00950277			7655.0	8.68964e-10
0.0766	0.00695441			7660.0	8.82068e-10
0.07665	0.00822859			7665.0	1.3002e-09
0.0767	0.00950277			7670.0	2.23807e-10
0.07675	0.00950277			7675.0	3.6502e-10
0.0768	0.0107769			7680.0	4.96688e-10
0.07685	0.0107769			7685.0	9.40989e-11
0.0769	0.0145995			7690.0	5.04055e-10
0.07695	0.0145995			7695.0	5.91425e-10
0.077	0.018422			7700.0	2.79068e-09
0.07705	0.018422			7705.0	3.7814e-09
0.0771	0.018422			7710.0	2.06757e-09
0.07715	0.0171478			7715.0	3.1011e-09
0.0772	0.018422			7720.0	9.57798e-10
0.07725	0.0158737			7725.0	2.19015e-09
0.0773	0.0145995			7730.0	2.02543e-09
0.07735	0.0133253			7735.0	3.96264e-10
0.0774	0.0133253			7740.0	1.09584e-10
0.07745	0.0120511			7745.0	3.80165e-10
0.0775	0.0107769			7750.0	1.73208e-09
0.07755	0.00950277			7755.0	3.1698e-10
0.0776	0.00568023			7760.0	7.97127e-10
0.07765	0.00695441			7765.0	5.47687e-10
0.0777	0.000583518			7770.0	1.99247e-09
0.07775	-0.00196484			7775.0	3.94494e-09
0.0778	-0.00196484			7780.0	2.01968e-09
0.07785	-0.00323902			7785.0	4.1066e-09
0.0779	-0.00578737			7790.0	3.89419e-09
0.07795	-0.0045132			7795.0	3.89131e-10
0.078	-0.00323902			7800.0	3.23183e-11
0.07805	-0.00833573			7805.0	2.11901e-10
0.0781	-0.00960991			7810.0	1.77139e-09
0.07815	-0.00960991			7815.0	2.45864e-09
0.0782	-0.0134324			7820.0	1.87926e-09
0.07825	-0.00578737			7825.0	3.23597e-09
0.0783	-0.0045132			7830.0	1.62913e-09
0.07835	-0.00578737			7835.0	2.81357e-09
0.0784	-0.0045132			7840.0	2.48108e-09
0.07845	0.000583518			7845.0	3.40024e-10
0.0785	-0.00069066			7850.0	6.9582e-11
0.07855	0.0018577			7855.0	3.00955e-10
0.0786	-0.00323902			7860.0	1.22373e-09
0.07865	-0.00196484			7865.0	9.46828e-11
0.0787	0.00313188			7870.0	2.00745e-09
0.07875	0.00695441			7875.0	1.85225e-09
0.0788	0.00822859			7880.0	3.91121e-09
0.07885	0.0107769			7885.0	1.77407e-09
0.0789	0.0120511			7890.0	2.11697e-09
0.07895	0.0120511			7895.0	8.54178e-09
0.079	0.0120511			7900.0	2.4132e-09
0.07905	0.0107769			7905.0	3.1144e-09
0.0791	0.00822859			7910.0	3.24545e-09
0.07915	0.0107769			7915.0	2.03014e-09
0.0792	0.00822859			7920.0	5.2759e-09
0.07925	0.00822859			7925.0	4.06665e-09
0.0793	0.00822859			7930.0	1.83321e-09
0.07935	0.00313188			7935.0	2.34755e-09
0.0794	0.00440605			7940.0	3.17464e-09
0.07945	0.000583518			7945.0	4.04366e-09
0.0795	-0.00706155			7950.0	1.96225e-09
0.07955	-0.0121583			7955.0	6.01819e-10
0.0796	-0.00833573			7960.0	8.81613e-10
0.07965	-0.00960991			7965.0	8.13713e-10
0.0797	-0.00833573			7970.0	7.25568e-11
0.07975	-0.00960991			7975.0	6.09405e-10
0.0798	-0.00960991			7980.0	1.64763e-09
0.07985	-0.0159808			7985.0	7.15847e-10
0.0799	-0.0185292			7990.0	1.67988e-09
0.07995	-0.017255			7995.0	3.85402e-10
0.08	-0.0198033			8000.0	1.30559e-09
0.08005	-0.0185292			8005.0	2.37431e-09
0.0801	-0.0159808			8010.0	1.68435e-11
0.08015	-0.0147066			8015.0	1.43125e-09
0.0802	-0.0108841			8020.0	6.90175e-10
0.08025	-0.00960991			8025.0	2.36902e-09
0.0803	-0.00960991			8030.0	3.50987e-09
0.08035	-0.00706155			8035.0	1.61946e-10
0.0804	-0.00578737			8040.0	9.48927e-10
0.08045	-0.00833573			8045.0	4.94897e-10
0.0805	-0.00069066			8050.0	9.04584e-11
0.08055	0.000583518			8055.0	3.6219e-10
0.0806	0.00313188			8060.0	2.44961e-09
0.08065	0.00313188			8065.0	2.19734e-10
0.0807	0.00822859			8070.0	5.68406e-10
0.08075	0.00822859			8075.0	2.54999e-10
0.0808	0.00568023			8080.0	1.13385e-10
0.08085	0.00695441			8085.0	1.62543e-10
0.0809	0.00695441			8090.0	1.74237e-09
0.08095	0.00822859			8095.0	3.60863e-09
0.081	0.00822859			8100.0	1.00818e-09
0.08105	0.00822859			8105.0	6.23277e-10
0.0811	0.00440605			8110.0	9.79373e-10
0.08115	0.00822859			8115.0	6.54156e-10
0.0812	0.00440605			8120.0	7.33204e-10
0.08125	0.00313188			8125.0	5.46066e-10
0.0813	0.0018577			8130.0	7.0289e-10
0.08135	-0.00323902			8135.0	1.34456e-09
0.0814	-0.00196484			8140.0	1.26186e-09
0.08145	-0.00960991			8145.0	5.18795e-10
0.0815	-0.00578737			8150.0	3.14957e-10
0.08155	-0.00960991			8155.0	1.40273e-09
0.0816	-0.00833573			8160.0	1.78926e-09
0.08165	-0.00960991			8165.0	6.12882e-10
0.0817	-0.0147066			8170.0	1.03416e-09
0.08175	-0.0147066			8175.0	1.36533e-09
0.0818	-0.0159808			8180.0	7.49226e-10
0.08185	-0.0159808			8185.0	8.18775e-10
0.0819	-0.017255			8190.0	5.64512e-10
0.08195	-0.0134324			8195.0	6.50009e-10
0.082	-0.017255			8200.0	5.48014e-10
0.08205	-0.0121583			8205.0	7.81471e-10
0.0821	-0.00960991			8210.0	1.42305e-09
0.08215	-0.00833573			8215.0	2.71118e-09
0.0822	-0.00706155			8220.0	5.22417e-09
0.08225	-0.00706155			8225.0	2.84217e-09
0.0823	-0.00578737			8230.0	2.51327e-09
0.08235	-0.00578737			8235.0	3.15322e-09
0.0824	-0.0045132			8240.0	2.14834e-09
0.08245	-0.00196484			8245.0	1.12473e-09
0.0825	0.000583518			8250.0	1.72052e-10
0.08255	0.00313188			8255.0	1.96943e-10
0.0826	0.00440605			8260.0	5.25734e-10
0.08265	0.00313188			8265.0	1.53677e-10
0.0827	0.000583518			8270.0	3.10916e-09
0.08275	0.000583518			8275.0	3.11298e-09
0.0828	-0.00069066			8280.0	3.29844e-09
0.08285	0.000583518			8285.0	3.732e-09
0.0829	0.00695441			8290.0	1.46203e-09
0.08295	0.00440605			8295.0	6.24232e-10
0.083	0.00313188			8300.0	9.00371e-10
0.08305	0.0018577			8305.0	2.13538e-10
0.0831	-0.00069066			8310.0	1.40617e-09
0.08315	0.000583518			8315.0	3.56262e-09
0.0832	-0.0045132			8320.0	8.80873e-10
0.08325	-0.00706155			8325.0	7.232e-10
0.0833	-0.00578737			8330.0	1.90275e-10
0.08335	-0.0045132			8335.0	7.71465e-10
0.0834	-0.00706155			8340.0	3.93172e-10
0.08345	-0.00578737			8345.0	8.26438e-10
0.0835	-0.00706155			8350.0	2.84749e-11
0.08355	-0.00578737			8355.0	8.57823e-10
0.0836	-0.00706155			8360.0	8.53443e-10
0.08365	-0.00833573			8365.0	5.19239e-10
0.0837	-0.0121583			8370.0	1.45316e-09
0.08375	-0.00960991			8375.0	1.05723e-10
0.0838	-0.00960991			8380.0	5.64264e-11
0.08385	-0.00833573			8385.0	2.60834e-09
0.0839	-0.00960991			8390.0	1.40327e-09
0.08395	-0.00706155			8395.0	8.07602e-10
0.084	-0.00706155			8400.0	4.31123e-10
0.08405	-0.00706155			8405.0	1.38523e-09
0.0841	-0.0045132			8410.0	2.50769e-09
0.08415	-0.00706155			8415.0	5.76317e-10
0.0842	-0.00706155			8420.0	3.02888e-09
0.08425	-0.00323902			8425.0	8.96008e-10
0.0843	-0.00323902			8430.0	1.91084e-10
0.08435	-0.00196484			8435.0	5.05491e-10
0.0844	0.000583518			8440.0	1.10972e-09
0.08445	0.00313188			8445.0	5.57473e-09
0.0845	0.000583518			8450.0	3.78681e-09
0.08455	0.000583518			8455.0	2.25343e-10
0.0846	-0.00069066			8460.0	2.43304e-10
0.08465	-0.00196484			8465.0	8.15297e-10
0.0847	-0.00196484			8470.0	5.08663e-11
0.08475	0.000583518			8475.0	1.31728e-09
0.0848	-0.00069066			8480.0	1.98885e-09
0.08485	0.0018577			8485.0	8.80623e-10
0.0849	0.00313188			8490.0	8.21588e-10
0.08495	0.00440605			8495.0	1.19846e-11
0.085	0.0018577			8500.0	6.38334e-10
0.08505	0.000583518			8505.0	6.2827e-10
0.0851	-0.00196484			8510.0	1.09028e-09
0.08515	-0.00069066			8515.0	1.80981e-09
0.0852	0.000583518			8520.0	5.96683e-10
0.08525	0.0018577			8525.0	1.54134e-10
0.0853	0.00313188			8530.0	5.15855e-10
0.08535	0.00568023			8535.0	8.74606e-10
0.0854	0.00313188			8540.0	3.45158e-10
0.08545	0.0018577			8545.0	1.57372e-09
0.0855	-0.00196484			8550.0	1.58414e-09
0.08555	-0.00196484			8555.0	4.63875e-10
0.0856	0.0018577			8560.0	8.98506e-10
0.08565	0.0018577			8565.0	9.30688e-10
0.0857	0.00440605			8570.0	9.77923e-10
0.08575	0.0018577			8575.0	1.53941e-09
0.0858	0.00313188			8580.0	3.6046e-11
0.08585	0.00313188			8585.0	6.04452e-10
0.0859	0.00313188			8590.0	1.87865e-09
0.08595	0.000583518			8595.0	2.06945e-09
0.086	-0.00196484			8600.0	1.07099e-09
0.08605	0.00313188			8605.0	2.66803e-09
0.0861	0.00568023			8610.0	1.82932e-09
0.08615	0.00440605			8615.0	3.07088e-10
0.0862	0.00568023			8620.0	1.98041e-09
0.08625	0.00440605			8625.0	2.10453e-09
0.0863	0.00440605			8630.0	9.95102e-10
0.08635	0.00313188			8635.0	3.03774e-10
0.0864	0.000583518			8640.0	1.45282e-09
0.08645	0.000583518			8645.0	3.50909e-09
0.0865	0.00440605			8650.0	3.83852e-09
0.08655	0.00313188			8655.0	1.00748e-09
0.0866	0.000583518			8660.0	4.37494e-10
0.08665	0.00313188			8665.0	1.11837e-09
0.0867	0.00568023			8670.0	1.08625e-09
0.08675	0.000583518			8675.0	7.3447e-10
0.0868	0.000583518			8680.0	1.21928e-09
0.08685	-0.00069066			8685.0	7.69566e-10
0.0869	-0.00323902			8690.0	4.07178e-10
0.08695	-0.00196484			8695.0	7.43804e-11
0.087	-0.00196484			8700.0	1.03827e-10
0.08705	0.000583518			8705.0	5.94659e-10
0.0871	-0.00069066			8710.0	2.01927e-09
0.08715	-0.0045132			8715.0	6.74564e-10
0.0872	-0.0045132			8720.0	1.9968e-10
0.08725	-0.00578737			8725.0	8.87829e-10
0.0873	-0.00833573			8730.0	2.33055e-09
0.08735	-0.00833573			8735.0	2.69415e-09
0.0874	-0.00706155			8740.0	2.27158e-09
0.08745	-0.00706155			8745.0	7.92687e-10
0.0875	-0.00706155			8750.0	1.17293e-09
0.08755	-0.00706155			8755.0	1.46832e-09
0.0876	-0.00578737			8760.0	4.20118e-09
0.08765	-0.00323902			8765.0	5.21877e-10
0.0877	-0.0045132			8770.0	2.29875e-10
0.08775	-0.00196484			8775.0	1.09697e-10
0.0878	-0.00833573			8780.0	2.35269e-10
0.08785	-0.00706155			8785.0	2.56083e-10
0.0879	-0.00578737			8790.0	6.79139e-10
0.08795	-0.00069066			8795.0	9.1658e-10
0.088	0.000583518			8800.0	1.17082e-09
0.08805	0.00313188			8805.0	2.68675e-09
0.0881	0.00440605			8810.0	4.78786e-09
0.08815	0.00313188			8815.0	2.15905e-09
0.0882	0.0018577			8820.0	3.99042e-10
0.08825	-0.00069066			8825.0	3.56308e-09
0.0883	0.00313188			8830.0	2.64106e-09
0.08835	0.00568023			8835.0	1.06026e-09
0.0884	0.00695441			8840.0	3.43606e-09
0.08845	0.00440605			8845.0	3.47705e-09
0.0885	0.00695441			8850.0	6.16699e-10
0.08855	0.00822859			8855.0	6.25495e-10
0.0886	0.00695441			8860.0	1.16353e-09
0.08865	0.00313188			8865.0	2.45376e-10
0.0887	0.0018577			8870.0	2.19009e-09
0.08875	-0.00069066			8875.0	4.73922e-09
0.0888	-0.00069066			8880.0	6.53325e-09
0.08885	0.000583518			8885.0	1.13604e-08
0.0889	0.00440605			8890.0	7.17482e-09
0.08895	0.000583518			8895.0	5.28477e-10
0.089	-0.00323902			8900.0	3.37014e-10
0.08905	-0.00196484			8905.0	2.62253e-09
0.0891	-0.00196484			8910.0	8.87412e-09
0.08915	-0.00833573			8915.0	6.59202e-09
0.0892	-0.00706155			8920.0	2.10928e-10
0.08925	-0.00578737			8925.0	3.46223e-10
0.0893	-0.00833573			8930.0	3.29519e-09
0.08935	-0.00833573			8935.0	3.57988e-09
0.0894	-0.00706155			8940.0	2.13158e-09
0.08945	-0.0045132			8945.0	3.11088e-10
0.0895	-0.00196484			8950.0	5.23033e-11
0.08955	-0.00578737			8955.0	9.04661e-10
0.0896	-0.0045132			8960.0	6.25839e-10
0.08965	-0.00323902			8965.0	2.39284e-09
0.0897	-0.0045132			8970.0	6.89002e-09
0.08975	-0.00323902			8975.0	4.09074e-09
0.0898	0.0018577			8980.0	6.35026e-10
0.08985	0.00440605			8985.0	3.75859e-10
0.0899	0.00695441			8990.0	1.34735e-09
0.08995	0.0107769			8995.0	1.87678e-09
0.09	0.0120511			9000.0	8.38513e-10
0.09005	0.00440605			9005.0	2.07086e-09
0.0901	0.00950277			9010.0	5.05688e-09
0.09015	0.00568023			9015.0	4.40103e-09
0.0902	0.00950277			9020.0	2.46892e-09
0.09025	0.0107769			9025.0	8.1286e-10
0.0903	0.0107769			9030.0	5.31695e-10
0.09035	0.00695441			9035.0	3.12354e-10
0.0904	0.00950277			9040.0	4.11864e-10
0.09045	0.00695441			9045.0	9.30662e-10
0.0905	0.00568023			9050.0	6.52733e-10
0.09055	0.00440605			9055.0	2.53418e-09
0.0906	0.00313188			9060.0	4.08655e-09
0.09065	0.0018577			9065.0	2.5895e-09
0.0907	0.000583518			9070.0	1.40516e-09
0.09075	0.000583518			9075.0	4.07199e-12
0.0908	-0.00323902			9080.0	3.32119e-10
0.09085	0.0018577			9085.0	4.34668e-09
0.0909	-0.0045132			9090.0	4.84677e-09
0.09095	-0.00706155			9095.0	2.03717e-09
0.091	-0.00960991			9100.0	2.19896e-10
0.09105	-0.00706155			9105.0	2.36875e-10
0.0911	-0.00706155			9110.0	2.83315e-10
0.09115	-0.00833573			9115.0	5.07114e-10
0.0912	-0.00833573			9120.0	1.76892e-09
0.09125	-0.00578737			9125.0	8.92547e-10
0.0913	-0.00323902			9130.0	5.98152e-10
0.09135	-0.00323902			9135.0	1.88545e-09
0.0914	-0.00196484			9140.0	1.76914e-09
0.09145	-0.00578737			9145.0	7.68148e-10
0.0915	-0.00323902			9150.0	8.97601e-10
0.09155	0.000583518			9155.0	3.30985e-10
0.0916	0.000583518			9160.0	1.85806e-09
0.09165	0.000583518			9165.0	1.88921e-09
0.0917	0.00313188			9170.0	1.17502e-09
0.09175	0.00695441			9175.0	1.15864e-09
0.0918	0.00440605			9180.0	1.05191e-09
0.09185	0.00695441			9185.0	1.03935e-09
0.0919	0.00695441			9190.0	3.93028e-10
0.09195	0.00313188			9195.0	2.19567e-10
0.092	0.00568023			9200.0	2.5015e-09
0.09205	0.00950277			9205.0	1.88392e-09
0.0921	0.0107769			9210.0	2.79146e-10
0.09215	0.0107769			9215.0	1.0034e-10
0.0922	0.0133253			9220.0	5.25047e-10
0.09225	0.0158737			9225.0	1.45541e-09
0.0923	0.00950277			9230.0	1.37545e-09
0.09235	0.00950277			9235.0	6.25937e-10
0.0924	0.00695441			9240.0	5.67967e-11
0.09245	0.00568023			9245.0	7.17185e-10
0.0925	0.00822859			9250.0	2.13255e-09
0.09255	0.00568023			9255.0	8.1589e-10
0.0926	0.00568023			9260.0	1.46067e-09
0.09265	0.0107769			9265.0	1.63116e-09
0.0927	0.00568023			9270.0	3.54654e-09
0.09275	0.00440605			9275.0	2.50765e-10
0.0928	0.000583518			9280.0	1.78753e-10
0.09285	0.00313188			9285.0	2.76688e-09
0.0929	-0.00196484			9290.0	7.54876e-09
0.09295	-0.00196484			9295.0	8.89625e-10
0.093	-0.00069066			9300.0	3.8947e-11
0.09305	-0.00196484			9305.0	3.5757e-09
0.0931	-0.00196484			9310.0	4.31698e-09
0.09315	-0.00069066			9315.0	2.20121e-09
0.0932	-0.00196484			9320.0	3.34284e-10
0.09325	-0.00323902			9325.0	2.51199e-09
0.0933	-0.00323902			9330.0	3.81369e-10
0.09335	-0.00706155			9335.0	1.62996e-09
0.0934	-0.0045132			9340.0	2.44496e-09
0.09345	-0.00323902			9345.0	3.15685e-09
0.0935	-0.00323902			9350.0	3.27289e-09
0.09355	-0.00196484			9355.0	7.01552e-10
0.0936	-0.00196484			9360.0	4.47031e-11
0.09365	0.000583518			9365.0	5.51262e-10
0.0937	-0.00323902			9370.0	7.47924e-11
0.09375	-0.00196484			9375.0	8.85755e-10
0.0938	-0.00069066			9380.0	9.93455e-10
0.09385	-0.00323902			9385.0	1.13001e-09
0.0939	-0.00196484			9390.0	1.10774e-09
0.09395	0.000583518			9395.0	6.03892e-10
0.094	0.000583518			9400.0	1.23967e-10
0.09405	0.00568023			9405.0	2.45128e-10
0.0941	0.00440605			9410.0	6.59894e-11
0.09415	0.0018577			9415.0	1.68927e-09
0.0942	0.00440605			9420.0	5.47708e-09
0.09425	0.00313188			9425.0	5.37931e-09
0.0943	0.00313188			9430.0	5.01166e-09
0.09435	0.000583518			9435.0	2.17565e-09
0.0944	0.00313188			9440.0	1.66034e-09
0.09445	0.00440605			9445.0	7.75059e-10
0.0945	0.00822859			9450.0	2.33918e-10
0.09455	0.00822859			9455.0	8.6114e-10
0.0946	0.00313188			9460.0	5.48498e-10
0.09465	0.00568023			9465.0	1.14901e-09
0.0947	0.00440605			9470.0	1.54168e-09
0.09475	0.000583518			9475.0	6.03049e-10
0.0948	0.00313188			9480.0	8.91558e-10
0.09485	0.00313188			9485.0	5.1689e-10
0.0949	0.00313188			9490.0	1.3727e-10
0.09495	0.00440605			9495.0	3.17134e-10
0.095	0.00695441			9500.0	2.61331e-09
0.09505	0.00568023			9505.0	4.44847e-10
0.0951	0.0018577			9510.0	1.24605e-09
0.09515	0.000583518			9515.0	1.83804e-09
0.0952	-0.00196484			9520.0	3.95153e-10
0.09525	-0.00196484			9525.0	1.30916e-09
0.0953	0.000583518			9530.0	7.66612e-10
0.09535	0.000583518			9535.0	8.40393e-11
0.0954	0.00313188			9540.0	9.58021e-10
0.09545	0.0018577			9545.0	2.93406e-09
0.0955	-0.00069066			9550.0	1.23534e-09
0.09555	-0.00196484			9555.0	3.96618e-10
0.0956	-0.00196484			9560.0	5.46551e-10
0.09565	-0.0045132			9565.0	1.21897e-09
0.0957	-0.00323902			9570.0	9.48797e-10
0.09575	-0.00578737			9575.0	4.58744e-11
0.0958	-0.00196484			9580.0	8.65103e-11
0.09585	-0.00069066			9585.0	1.78651e-09
0.0959	0.000583518			9590.0	2.07727e-09
0.09595	0.000583518			9595.0	4.62731e-10
0.096	-0.0045132			9600.0	2.07542e-09
0.09605	-0.00323902			9605.0	4.36987e-09
0.0961	-0.00706155			9610.0	1.31216e-09
0.09615	-0.00323902			9615.0	4.36754e-10
0.0962	-0.00196484			9620.0	9.82121e-10
0.09625	-0.00323902			9625.0	6.46031e-12
0.0963	-0.00323902			9630.0	4.14124e-10
0.09635	-0.00069066			9635.0	2.96603e-10
0.0964	-0.00323902			9640.0	5.87972e-11
0.09645	-0.00578737			9645.0	1.5532e-09
0.0965	-0.00578737			9650.0	1.03949e-09
0.09655	-0.00833573			9655.0	4.15343e-10
0.0966	-0.00323902			9660.0	2.81502e-10
0.09665	-0.00578737			9665.0	7.75317e-10
0.0967	-0.00196484			9670.0	2.26808e-09
0.09675	0.000583518			9675.0	3.32639e-09
0.0968	-0.00069066			9680.0	4.54048e-10
0.09685	-0.00069066			9685.0	5.22978e-10
0.0969	0.00313188			9690.0	7.73298e-10
0.09695	0.00313188			9695.0	1.15954e-09
0.097	-0.00323902			9700.0	1.09613e-09
0.09705	-0.0045132			9705.0	1.40395e-09
0.0971	-0.00196484			9710.0	1.61721e-09
0.09715	0.00440605			9715.0	4.44782e-09
0.0972	0.00695441			9720.0	3.26466e-09
0.09725	0.00313188			9725.0	5.4539e-10
0.0973	0.00440605			9730.0	1.56291e-09
0.09735	0.00695441			9735.0	2.45427e-10
0.0974	0.00695441			9740.0	9.48167e-10
0.09745	0.00440605			9745.0	1.0835e-09
0.0975	0.00568023			9750.0	2.66344e-10
0.09755	0.00313188			9755.0	8.27047e-10
0.0976	0.00568023			9760.0	6.75522e-10
0.09765	0.00440605			9765.0	1.73255e-10
0.0977	0.00695441			9770.0	1.89401e-10
0.09775	0.00695441			9775.0	9.40762e-10
0.0978	0.00822859			9780.0	1.2187e-09
0.09785	0.00695441			9785.0	2.07227e-10
0.0979	0.00313188			9790.0	2.26254e-09
0.09795	0.00313188			9795.0	3.42062e-09
0.098	0.0018577			9800.0	9.06242e-10
0.09805	0.00440605			9805.0	4.8009e-09
0.0981	0.00313188			9810.0	2.22969e-09
0.09815	0.00822859			9815.0	8.91699e-10
0.0982	0.00822859			9820.0	1.36213e-10
0.09825	0.00822859			9825.0	1.22978e-09
0.0983	0.00568023			9830.0	3.2282e-10
0.09835	0.00695441			9835.0	9.10834e-10
0.0984	0.00568023			9840.0	5.30019e-09
0.09845	0.0018577			9845.0	1.62559e-09
0.0985	0.00822859			9850.0	7.19547e-11
0.09855	0.00822859			9855.0	4.94714e-10
0.0986	0.00950277			9860.0	1.709e-09
0.09865	0.0107769			9865.0	9.32285e-10
0.0987	0.0120511			9870.0	1.31897e-09
0.09875	0.00950277			9875.0	2.45305e-09
0.0988	0.00950277			9880.0	1.82336e-09
0.09885	0.00695441			9885.0	3.52387e-09
0.0989	0.00822859			9890.0	4.11493e-09
0.09895	0.0145995			9895.0	1.73867e-09
0.099	0.0158737			9900.0	6.26458e-10
0.09905	0.018422			9905.0	3.47185e-10
0.0991	0.0171478			9910.0	2.5457e-11
0.09915	0.0171478			9915.0	5.541e-10
0.0992	0.0171478			9920.0	1.12497e-09
0.09925	0.0133253			9925.0	2.18338e-09
0.0993	0.0133253			9930.0	1.14593e-09
0.09935	0.0158737			9935.0	1.05041e-10
0.0994	0.0158737			9940.0	1.25623e-09
0.09945	0.018422			9945.0	8.88875e-10
0.0995	0.0196962			9950.0	6.70091e-13
0.09955	0.0171478			9955.0	2.98954e-10
0.0996	0.0133253			9960.0	2.4003e-10
0.09965	0.0133253			9965.0	1.01184e-10
0.0997	0.0107769			9970.0	4.3467e-10
0.09975	0.00822859			9975.0	1.08702e-11
0.0998	0.0120511			9980.0	6.48e-10
0.09985	0.00950277			9985.0	8.92131e-10
0.0999	0.00822859			9990.0	1.75569e-09
0.09995	0.0120511			9995.0	1.31359e-10
0.1	0.0107769				
0.10005	0.00695441				
0.1001	0.00695441				
0.10015	0.00313188				
0.1002	0.00313188				
0.10025	-0.00069066				
0.1003	0.00313188				
0.10035	0.00440605				
0.1004	0.00313188				
0.10045	0.00440605				
0.1005	0.00568023				
0.10055	0.0018577				
0.1006	0.00313188				
0.10065	0.00313188				
0.1007	0.000583518				
0.10075	-0.00069066				
0.1008	0.0018577				
0.10085	0.00440605				
0.1009	0.0018577				
0.10095	0.00313188				
0.101	0.00313188				
0.10105	0.000583518				
0.1011	0.000583518				
0.10115	-0.00323902				
0.1012	-0.00323902				
0.10125	-0.00196484				
0.1013	-0.0045132				
0.10135	-0.00323902				
0.1014	0.000583518				
0.10145	-0.0045132				
0.1015	-0.00323902				
0.10155	-0.00196484				
0.1016	-0.00706155				
0.10165	-0.00833573				
0.1017	-0.00960991				
0.10175	-0.00323902				
0.1018	-0.00578737				
0.10185	-0.00069066				
0.1019	-0.00196484				
0.10195	-0.0045132				
0.102	-0.0045132				
0.10205	-0.00706155				
0.1021	-0.0045132				
0.10215	-0.00196484				
0.1022	0.0018577				
0.10225	-0.00069066				
0.1023	0.0018577				
0.10235	0.0018577				
0.1024	0.000583518				
0.10245	-0.00069066				
0.1025	-0.00196484				
0.10255	-0.00069066				
0.1026	0.00313188				
0.10265	0.00313188				
0.1027	-0.00069066				
0.10275	0.00313188				
0.1028	0.000583518				
0.10285	0.00313188				
0.1029	0.0018577				
0.10295	-0.00323902				
0.103	-0.00323902				
0.10305	-0.00196484				
0.1031	-0.00069066				
0.10315	-0.00196484				
0.1032	-0.00196484				
0.10325	0.000583518				
0.1033	-0.00578737				
0.10335	-0.00196484				
0.1034	-0.00323902				
0.10345	-0.00578737				
0.1035	-0.00706155				
0.10355	-0.00196484				
0.1036	-0.00196484				
0.10365	-0.00069066				
0.1037	0.00313188				
0.10375	0.000583518				
0.1038	0.00313188				
0.10385	-0.00069066				
0.1039	0.000583518				
0.10395	0.00313188				
0.104	0.00313188				
0.10405	0.00440605				
0.1041	0.00695441				
0.10415	0.00822859				
0.1042	0.00950277				
0.10425	0.00822859				
0.1043	0.00695441				
0.10435	0.0018577				
0.1044	0.00313188				
0.10445	0.00950277				
0.1045	0.00822859				
0.10455	0.00695441				
0.1046	0.00822859				
0.10465	0.00822859				
0.1047	0.00440605				
0.10475	0.00440605				
0.1048	0.00695441				
0.10485	0.00313188				
0.1049	0.000583518				
0.10495	-0.00196484				
0.105	0.00313188				
0.10505	0.00313188				
0.1051	0.0018577				
0.10515	0.00568023				
0.1052	0.00313188				
0.10525	0.00313188				
0.1053	0.0018577				
0.10535	-0.00196484				
0.1054	0.000583518				
0.10545	0.000583518				
0.1055	0.00695441				
0.10555	0.00822859				
0.1056	0.00568023				
0.10565	0.00313188				
0.1057	0.000583518				
0.10575	-0.00196484				
0.1058	0.000583518				
0.10585	-0.00069066				
0.1059	0.0018577				
0.10595	0.0018577				
0.106	0.00313188				
0.10605	0.0018577				
0.1061	-0.00069066				
0.10615	-0.0045132				
0.1062	-0.00706155				
0.10625	-0.00323902				
0.1063	-0.0045132				
0.10635	0.000583518				
0.1064	-0.00196484				
0.10645	-0.00323902				
0.1065	-0.00069066				
0.10655	-0.00196484				
0.1066	-0.00196484				
0.10665	-0.0045132				
0.1067	-0.00323902				
0.10675	-0.00323902				
0.1068	-0.00323902				
0.10685	-0.00196484				
0.1069	-0.00069066				
0.10695	0.000583518				
0.107	0.00313188				
0.10705	0.0018577				
0.1071	-0.00069066				
0.10715	-0.00196484				
0.1072	0.000583518				
0.10725	-0.00069066				
0.1073	-0.00069066				
0.10735	0.0018577				
0.1074	0.00313188				
0.10745	-0.00196484				
0.1075	-0.00196484				
0.10755	-0.00578737				
0.1076	-0.00706155				
0.10765	-0.00323902				
0.1077	-0.00196484				
0.10775	-0.00323902				
0.1078	0.000583518				
0.10785	-0.00196484				
0.1079	-0.00323902				
0.10795	-0.00196484				
0.108	-0.00706155				
0.10805	-0.00578737				
0.1081	-0.00323902				
0.10815	0.000583518				
0.1082	0.00313188				
0.10825	0.00313188				
0.1083	0.000583518				
0.10835	0.000583518				
0.1084	0.0018577				
0.10845	0.00440605				
0.1085	0.00313188				
0.10855	0.00440605				
0.1086	0.00695441				
0.10865	0.00695441				
0.1087	0.00822859				
0.10875	0.0107769				
0.1088	0.0120511				
0.10885	0.00822859				
0.1089	0.00950277				
0.10895	0.00695441				
0.109	0.00568023				
0.10905	0.0120511				
0.1091	0.00695441				
0.10915	0.0107769				
0.1092	0.0133253				
0.10925	0.0120511				
0.1093	0.00950277				
0.10935	0.00950277				
0.1094	0.00440605				
0.10945	0.00440605				
0.1095	0.00440605				
0.10955	0.00568023				
0.1096	0.00695441				
0.10965	0.00695441				
0.1097	0.00440605				
0.10975	0.00313188				
0.1098	0.00313188				
0.10985	-0.00069066				
0.1099	-0.00323902				
0.10995	-0.00196484				
0.11	0.000583518				
0.11005	0.00313188				
0.1101	0.00313188				
0.11015	0.00568023				
0.1102	0.0018577				
0.11025	0.000583518				
0.1103	0.0018577				
0.11035	0.000583518				
0.1104	0.000583518				
0.11045	0.00440605				
0.1105	0.00568023				
0.11055	0.00695441				
0.1106	0.00822859				
0.11065	0.00695441				
0.1107	0.00822859				
0.11075	0.0120511				
0.1108	0.00822859				
0.11085	0.00822859				
0.1109	0.0107769				
0.11095	0.0120511				
0.111	0.0133253				
0.11105	0.0133253				
0.1111	0.0120511				
0.11115	0.0120511				
0.1112	0.0133253				
0.11125	0.0120511				
0.1113	0.0120511				
0.11135	0.0133253				
0.1114	0.0120511				
0.11145	0.0133253				
0.1115	0.0145995				
0.11155	0.0145995				
0.1116	0.0120511				
0.11165	0.0107769				
0.1117	0.00950277				
0.11175	0.00568023				
0.1118	0.00822859				
0.11185	0.00950277				
0.1119	0.00822859				
0.11195	0.00822859				
0.112	0.00695441				
0.11205	0.00695441				
0.1121	0.00440605				
0.11215	0.00695441				
0.1122	-0.00069066				
0.11225	0.0018577				
0.1123	0.00695441				
0.11235	0.00568023				
0.1124	0.00950277				
0.11245	0.00568023				
0.1125	0.00695441				
0.11255	0.00695441				
0.1126	0.00695441				
0.11265	0.00695441				
0.1127	0.00822859				
0.11275	0.00822859				
0.1128	0.0133253				
0.11285	0.0133253				
0.1129	0.0145995				
0.11295	0.0107769				
0.113	0.00950277				
0.11305	0.00695441				
0.1131	0.00822859				
0.11315	0.0120511				
0.1132	0.0133253				
0.11325	0.0120511				
0.1133	0.0133253				
0.11335	0.0120511				
0.1134	0.00950277				
0.11345	0.00950277				
0.1135	0.00822859				
0.11355	0.00950277				
0.1136	0.0107769				
0.11365	0.0120511				
0.1137	0.0107769				
0.11375	0.0107769				
0.1138	0.00822859				
0.11385	0.00695441				
0.1139	0.00568023				
0.11395	0.00440605				
0.114	0.00440605				
0.11405	0.00695441				
0.1141	0.00695441				
0.11415	0.00695441				
0.1142	0.00695441				
0.11425	0.00695441				
0.1143	0.0018577				
0.11435	0.000583518				
0.1144	-0.00069066				
0.11445	-0.00196484				
0.1145	0.00440605				
0.11455	-0.00069066				
0.1146	0.000583518				
0.11465	0.000583518				
0.1147	0.000583518				
0.11475	-0.00578737				
0.1148	-0.0045132				
0.11485	-0.0045132				
0.1149	-0.00196484				
0.11495	-0.00578737				
0.115	-0.00323902				
0.11505	-0.00706155				
0.1151	-0.00196484				
0.11515	0.00313188				
0.1152	0.00313188				
0.11525	0.0018577				
0.1153	-0.00069066				
0.11535	-0.00578737				
0.1154	-0.0045132				
0.11545	0.000583518				
0.1155	0.00313188				
0.11555	0.00568023				
0.1156	0.00695441				
0.11565	0.00440605				
0.1157	0.000583518				
0.11575	0.000583518				
0.1158	-0.00196484				
0.11585	-0.00069066				
0.1159	0.0018577				
0.11595	0.00313188				
0.116	0.00313188				
0.11605	0.00313188				
0.1161	-0.00196484				
0.11615	-0.00196484				
0.1162	-0.00578737				
0.11625	-0.00833573				
0.1163	-0.00323902				
0.11635	-0.00578737				
0.1164	-0.00578737				
0.11645	-0.0045132				
0.1165	-0.0045132				
0.11655	-0.00706155				
0.1166	-0.00960991				
0.11665	-0.0108841				
0.1167	-0.00960991				
0.11675	-0.00960991				
0.1168	-0.00706155				
0.11685	-0.00706155				
0.1169	-0.0045132				
0.11695	-0.00323902				
0.117	-0.00578737				
0.11705	-0.00196484				
0.1171	-0.00196484				
0.11715	-0.0045132				
0.1172	-0.00196484				
0.11725	0.000583518				
0.1173	0.00440605				
0.11735	0.00440605				
0.1174	0.00568023				
0.11745	0.00440605				
0.1175	0.00440605				
0.11755	0.00313188				
0.1176	0.00440605				
0.11765	0.00313188				
0.1177	0.00695441				
0.11775	0.00695441				
0.1178	0.00950277				
0.11785	0.00695441				
0.1179	0.00695441				
0.11795	0.00568023				
0.118	0.0018577				
0.11805	-0.00069066				
0.1181	-0.00196484				
0.11815	0.00313188				
0.1182	0.0018577				
0.11825	0.000583518				
0.1183	0.000583518				
0.11835	-0.00323902				
0.1184	-0.00578737				
0.11845	-0.00833573				
0.1185	-0.00960991				
0.11855	-0.00706155				
0.1186	-0.00706155				
0.11865	-0.00706155				
0.1187	-0.00833573				
0.11875	-0.00706155				
0.1188	-0.00706155				
0.11885	-0.00833573				
0.1189	-0.00960991				
0.11895	-0.0108841				
0.119	-0.00960991				
0.11905	-0.00833573				
0.1191	-0.00706155				
0.11915	-0.00578737				
0.1192	-0.00706155				
0.11925	-0.00578737				
0.1193	-0.00323902				
0.11935	-0.0045132				
0.1194	-0.0045132				
0.11945	-0.00323902				
0.1195	-0.0045132				
0.11955	-0.00196484				
0.1196	0.0018577				
0.11965	0.000583518				
0.1197	-0.00069066				
0.11975	0.000583518				
0.1198	-0.00069066				
0.11985	-0.00323902				
0.1199	0.000583518				
0.11995	0.000583518				
0.12	-0.00069066				
0.12005	0.000583518				
0.1201	-0.00069066				
0.12015	-0.00196484				
0.1202	-0.00323902				
0.12025	-0.00706155				
0.1203	-0.00833573				
0.12035	-0.0045132				
0.1204	-0.00706155				
0.12045	-0.00578737				
0.1205	-0.00706155				
0.12055	-0.00706155				
0.1206	-0.00833573				
0.12065	-0.00960991				
0.1207	-0.0121583				
0.12075	-0.0121583				
0.1208	-0.0134324				
0.12085	-0.00833573				
0.1209	-0.00960991				
0.12095	-0.00960991				
0.121	-0.00833573				
0.12105	-0.00960991				
0.1211	-0.0121583				
0.12115	-0.00833573				
0.1212	-0.0121583				
0.12125	-0.0108841				
0.1213	-0.00578737				
0.12135	-0.00706155				
0.1214	-0.00706155				
0.12145	-0.0045132				
0.1215	-0.00833573				
0.12155	-0.00706155				
0.1216	-0.00323902				
0.12165	-0.00833573				
0.1217	-0.00578737				
0.12175	-0.00323902				
0.1218	-0.00578737				
0.12185	-0.00706155				
0.1219	-0.0045132				
0.12195	-0.00323902				
0.122	-0.0045132				
0.12205	-0.00323902				
0.1221	-0.00578737				
0.12215	-0.00706155				
0.1222	-0.00706155				
0.12225	-0.00706155				
0.1223	-0.00578737				
0.12235	-0.00706155				
0.1224	-0.0045132				
0.12245	-0.00578737				
0.1225	-0.00578737				
0.12255	-0.00578737				
0.1226	-0.0045132				
0.12265	-0.00706155				
0.1227	-0.00706155				
0.12275	-0.0045132				
0.1228	-0.00706155				
0.12285	-0.0045132				
0.1229	-0.00069066				
0.12295	0.000583518				
0.123	0.000583518				
0.12305	-0.00196484				
0.1231	-0.00323902				
0.12315	-0.00196484				
0.1232	-0.00196484				
0.12325	-0.00069066				
0.1233	0.00313188				
0.12335	0.00440605				
0.1234	0.0018577				
0.12345	0.0018577				
0.1235	0.000583518				
0.12355	-0.00196484				
0.1236	-0.00069066				
0.12365	0.00313188				
0.1237	0.0018577				
0.12375	0.00313188				
0.1238	0.000583518				
0.12385	0.00313188				
0.1239	0.000583518				
0.12395	-0.00069066				
0.124	0.0018577				
0.12405	0.000583518				
0.1241	0.000583518				
0.12415	0.0018577				
0.1242	0.00313188				
0.12425	0.00440605				
0.1243	0.00568023				
0.12435	0.00440605				
0.1244	0.0018577				
0.12445	-0.00196484				
0.1245	0.000583518				
0.12455	0.00313188				
0.1246	0.00313188				
0.12465	0.00568023				
0.1247	0.00695441				
0.12475	0.00695441				
0.1248	0.00440605				
0.12485	0.00440605				
0.1249	0.00313188				
0.12495	0.00313188				
0.125	0.00695441				
0.12505	0.00822859				
0.1251	0.0107769				
0.12515	0.00822859				
0.1252	0.00950277				
0.12525	0.00950277				
0.1253	0.00822859				
0.12535	0.00568023				
0.1254	0.00695441				
0.12545	0.00822859				
0.1255	0.00822859				
0.12555	0.00695441				
0.1256	0.0107769				
0.12565	0.0120511				
0.1257	0.00822859				
0.12575	0.00822859				
0.1258	0.00568023				
0.12585	0.00695441				
0.1259	0.00568023				
0.12595	0.00695441				
0.126	0.00695441				
0.12605	0.00822859				
0.1261	0.00695441				
0.12615	0.00568023				
0.1262	0.00695441				
0.12625	0.00440605				
0.1263	0.00440605				
0.12635	0.00313188				
0.1264	0.00695441				
0.12645	0.00568023				
0.1265	0.00568023				
0.12655	0.00695441				
0.1266	0.00440605				
0.12665	0.00695441				
0.1267	0.00695441				
0.12675	0.00568023				
0.1268	0.00822859				
0.12685	0.00822859				
0.1269	0.00822859				
0.12695	0.0120511				
0.127	0.0120511				
0.12705	0.0120511				
0.1271	0.00822859				
0.12715	0.00822859				
0.1272	0.00822859				
0.12725	0.00950277				
0.1273	0.0120511				
0.12735	0.0120511				
0.1274	0.0107769				
0.12745	0.0107769				
0.1275	0.00695441				
0.12755	0.00695441				
0.1276	0.00313188				
0.12765	0.00313188				
0.1277	0.00440605				
0.12775	0.00313188				
0.1278	0.000583518				
0.12785	0.000583518				
0.1279	-0.00069066				
0.12795	-0.0045132				
0.128	-0.00578737				
0.12805	-0.00706155				
0.1281	-0.00960991				
0.12815	-0.0134324				
0.1282	-0.00960991				
0.12825	-0.0121583				
0.1283	-0.00706155				
0.12835	-0.00706155				
0.1284	-0.0147066				
0.12845	-0.0108841				
0.1285	-0.00960991				
0.12855	-0.0134324				
0.1286	-0.0108841				
0.12865	-0.00960991				
0.1287	-0.00960991				
0.12875	-0.00706155				
0.1288	-0.00578737				
0.12885	-0.00196484				
0.1289	-0.00578737				
0.12895	-0.00578737				
0.129	-0.00578737				
0.12905	-0.00578737				
0.1291	-0.0045132				
0.12915	-0.0045132				
0.1292	-0.00323902				
0.12925	-0.00196484				
0.1293	-0.00196484				
0.12935	-0.00323902				
0.1294	-0.0045132				
0.12945	-0.0045132				
0.1295	-0.00706155				
0.12955	-0.00706155				
0.1296	-0.00833573				
0.12965	-0.00706155				
0.1297	-0.00706155				
0.12975	-0.00706155				
0.1298	-0.00706155				
0.12985	-0.00960991				
0.1299	-0.0108841				
0.12995	-0.017255				
0.13	-0.0147066				
0.13005	-0.00960991				
0.1301	-0.0134324				
0.13015	-0.00706155				
0.1302	-0.00578737				
0.13025	-0.00578737				
0.1303	-0.00706155				
0.13035	-0.00833573				
0.1304	-0.00706155				
0.13045	-0.00833573				
0.1305	-0.00578737				
0.13055	0.000583518				
0.1306	0.000583518				
0.13065	-0.00069066				
0.1307	0.00313188				
0.13075	0.00313188				
0.1308	0.0018577				
0.13085	0.00313188				
0.1309	0.00313188				
0.13095	0.00440605				
0.131	0.00695441				
0.13105	0.00568023				
0.1311	0.00695441				
0.13115	0.00695441				
0.1312	0.00695441				
0.13125	0.00695441				
0.1313	0.00822859				
0.13135	0.00695441				
0.1314	0.00695441				
0.13145	0.00695441				
0.1315	0.00695441				
0.13155	0.00568023				
0.1316	0.00568023				
0.13165	0.00695441				
0.1317	0.00440605				
0.13175	0.00440605				
0.1318	0.00440605				
0.13185	0.000583518				
0.1319	0.00313188				
0.13195	-0.00069066				
0.132	0.0018577				
0.13205	0.00313188				
0.1321	0.00313188				
0.13215	0.0018577				
0.1322	-0.00323902				
0.13225	-0.00196484				
0.1323	-0.00196484				
0.13235	-0.00578737				
0.1324	-0.00706155				
0.13245	-0.00706155				
0.1325	-0.0045132				
0.13255	-0.00323902				
0.1326	-0.00323902				
0.13265	-0.00706155				
0.1327	-0.00706155				
0.13275	-0.00833573				
0.1328	-0.00833573				
0.13285	-0.00706155				
0.1329	-0.00578737				
0.13295	-0.0045132				
0.133	-0.00069066				
0.13305	-0.00069066				
0.1331	-0.00069066				
0.13315	-0.00196484				
0.1332	-0.00196484				
0.13325	-0.00323902				
0.1333	-0.00069066				
0.13335	-0.00069066				
0.1334	0.000583518				
0.13345	0.000583518				
0.1335	0.00313188				
0.13355	0.00440605				
0.1336	-0.00323902				
0.13365	0.000583518				
0.1337	-0.00196484				
0.13375	-0.00323902				
0.1338	-0.0045132				
0.13385	-0.0045132				
0.1339	-0.00706155				
0.13395	-0.0045132				
0.134	-0.0045132				
0.13405	-0.0045132				
0.1341	-0.00833573				
0.13415	-0.00960991				
0.1342	-0.0159808				
0.13425	-0.0121583				
0.1343	-0.0134324				
0.13435	-0.0147066				
0.1344	-0.0134324				
0.13445	-0.0121583				
0.1345	-0.017255				
0.13455	-0.0159808				
0.1346	-0.017255				
0.13465	-0.017255				
0.1347	-0.0147066				
0.13475	-0.0121583				
0.1348	-0.0134324				
0.13485	-0.0108841				
0.1349	-0.00960991				
0.13495	-0.00706155				
0.135	-0.00833573				
0.13505	-0.00960991				
0.1351	-0.00578737				
0.13515	-0.00833573				
0.1352	-0.00706155				
0.13525	-0.00578737				
0.1353	-0.00196484				
0.13535	0.000583518				
0.1354	-0.00069066				
0.13545	-0.00069066				
0.1355	-0.0045132				
0.13555	-0.00196484				
0.1356	-0.00578737				
0.13565	-0.00578737				
0.1357	-0.00578737				
0.13575	-0.00323902				
0.1358	-0.00706155				
0.13585	-0.0045132				
0.1359	-0.00323902				
0.13595	-0.00323902				
0.136	-0.00706155				
0.13605	-0.00578737				
0.1361	-0.00706155				
0.13615	-0.00960991				
0.1362	-0.00706155				
0.13625	-0.00706155				
0.1363	-0.00323902				
0.13635	-0.00196484				
0.1364	-0.00196484				
0.13645	-0.00323902				
0.1365	-0.0045132				
0.13655	-0.00323902				
0.1366	-0.00578737				
0.13665	-0.00196484				
0.1367	-0.00196484				
0.13675	-0.00196484				
0.1368	0.00568023				
0.13685	0.00695441				
0.1369	0.00568023				
0.13695	0.00440605				
0.137	0.00695441				
0.13705	0.000583518				
0.1371	0.0018577				
0.13715	0.00568023				
0.1372	0.00440605				
0.13725	0.00313188				
0.1373	0.00695441				
0.13735	0.00695441				
0.1374	0.00313188				
0.13745	0.00313188				
0.1375	-0.00069066				
0.13755	-0.00069066				
0.1376	0.00440605				
0.13765	0.00440605				
0.1377	0.00440605				
0.13775	0.00568023				
0.1378	0.00822859				
0.13785	0.00695441				
0.1379	0.00313188				
0.13795	0.00568023				
0.138	0.00313188				
0.13805	0.00313188				
0.1381	0.00695441				
0.13815	0.00695441				
0.1382	0.00695441				
0.13825	0.0107769				
0.1383	0.0120511				
0.13835	0.0120511				
0.1384	0.0107769				
0.13845	0.0145995				
0.1385	0.0120511				
0.13855	0.0133253				
0.1386	0.0145995				
0.13865	0.0145995				
0.1387	0.0145995				
0.13875	0.0145995				
0.1388	0.0158737				
0.13885	0.0107769				
0.1389	0.0145995				
0.13895	0.00822859				
0.139	0.0018577				
0.13905	0.00568023				
0.1391	0.00568023				
0.13915	0.000583518				
0.1392	0.00313188				
0.13925	-0.00196484				
0.1393	-0.00196484				
0.13935	-0.00323902				
0.1394	-0.00706155				
0.13945	-0.00706155				
0.1395	-0.0045132				
0.13955	-0.00706155				
0.1396	-0.00706155				
0.13965	-0.0045132				
0.1397	-0.00706155				
0.13975	-0.0045132				
0.1398	-0.0045132				
0.13985	-0.00578737				
0.1399	-0.00706155				
0.13995	-0.00323902				
0.14	-0.00196484				
0.14005	0.000583518				
0.1401	0.00440605				
0.14015	0.00440605				
0.1402	0.00695441				
0.14025	0.00822859				
0.1403	0.00313188				
0.14035	0.00440605				
0.1404	0.00695441				
0.14045	0.00950277				
0.1405	0.00822859				
0.14055	0.0120511				
0.1406	0.0120511				
0.14065	0.00695441				
0.1407	0.00695441				
0.14075	0.00440605				
0.1408	0.00440605				
0.14085	0.00440605				
0.1409	0.00568023				
0.14095	0.00313188				
0.141	0.00313188				
0.14105	0.00568023				
0.1411	0.00568023				
0.14115	0.0018577				
0.1412	-0.00196484				
0.14125	-0.00323902				
0.1413	-0.00960991				
0.14135	-0.00706155				
0.1414	-0.00706155				
0.14145	-0.0045132				
0.1415	-0.00833573				
0.14155	-0.0045132				
0.1416	-0.00578737				
0.14165	-0.0045132				
0.1417	-0.00578737				
0.14175	-0.00706155				
0.1418	-0.00578737				
0.14185	-0.00196484				
0.1419	0.00313188				
0.14195	0.000583518				
0.142	0.00313188				
0.14205	0.00695441				
0.1421	0.00950277				
0.14215	0.0107769				
0.1422	0.0107769				
0.14225	0.00695441				
0.1423	0.00695441				
0.14235	0.0107769				
0.1424	0.0107769				
0.14245	0.0107769				
0.1425	0.0133253				
0.14255	0.0133253				
0.1426	0.0120511				
0.14265	0.00822859				
0.1427	0.00568023				
0.14275	0.00313188				
0.1428	0.00568023				
0.14285	0.00313188				
0.1429	0.000583518				
0.14295	0.00440605				
0.143	0.000583518				
0.14305	-0.00196484				
0.1431	-0.0045132				
0.14315	-0.00323902				
0.1432	-0.00833573				
0.14325	-0.00706155				
0.1433	-0.0045132				
0.14335	-0.00578737				
0.1434	-0.00196484				
0.14345	-0.00578737				
0.1435	-0.00196484				
0.14355	-0.00196484				
0.1436	0.000583518				
0.14365	0.0018577				
0.1437	0.00313188				
0.14375	0.00440605				
0.1438	0.00695441				
0.14385	0.00822859				
0.1439	0.0120511				
0.14395	0.0145995				
0.144	0.0171478				
0.14405	0.0158737				
0.1441	0.0145995				
0.14415	0.0145995				
0.1442	0.0145995				
0.14425	0.018422				
0.1443	0.018422				
0.14435	0.0209704				
0.1444	0.018422				
0.14445	0.0133253				
0.1445	0.0133253				
0.14455	0.00822859				
0.1446	0.00313188				
0.14465	0.0018577				
0.1447	0.000583518				
0.14475	-0.00069066				
0.1448	-0.00323902				
0.14485	-0.00323902				
0.1449	-0.00706155				
0.14495	-0.0108841				
0.145	-0.0134324				
0.14505	-0.0121583				
0.1451	-0.0121583				
0.14515	-0.0121583				
0.1452	-0.00706155				
0.14525	-0.00833573				
0.1453	-0.00196484				
0.14535	-0.00196484				
0.1454	-0.00069066				
0.14545	0.00440605				
0.1455	0.00568023				
0.14555	0.00950277				
0.1456	0.00695441				
0.14565	0.0158737				
0.1457	0.0133253				
0.14575	0.0171478				
0.1458	0.0171478				
0.14585	0.0209704				
0.1459	0.0158737				
0.14595	0.0158737				
0.146	0.0120511				
0.14605	0.00950277				
0.1461	0.00822859				
0.14615	0.00568023				
0.1462	0.00440605				
0.14625	0.0018577				
0.1463	-0.0045132				
0.14635	-0.00578737				
0.1464	-0.00706155				
0.14645	-0.0159808				
0.1465	-0.017255				
0.14655	-0.0185292				
0.1466	-0.0198033				
0.14665	-0.0198033				
0.1467	-0.0210775				
0.14675	-0.0198033				
0.1468	-0.0223517				
0.14685	-0.0236259				
0.1469	-0.0236259				
0.14695	-0.0223517				
0.147	-0.0198033				
0.14705	-0.017255				
0.1471	-0.0121583				
0.14715	-0.0108841				
0.1472	-0.00578737				
0.14725	-0.00578737				
0.1473	-0.00323902				
0.14735	-0.00196484				
0.1474	-0.00069066				
0.14745	0.00440605				
0.1475	0.00822859				
0.14755	0.00822859				
0.1476	0.0145995				
0.14765	0.0145995				
0.1477	0.0133253				
0.14775	0.0120511				
0.1478	0.0145995				
0.14785	0.0120511				
0.1479	0.0107769				
0.14795	0.00822859				
0.148	0.0107769				
0.14805	0.00695441				
0.1481	0.00822859				
0.14815	0.00822859				
0.1482	0.00568023				
0.14825	0.00440605				
0.1483	0.000583518				
0.14835	-0.00069066				
0.1484	-0.00578737				
0.14845	-0.0045132				
0.1485	-0.00706155				
0.14855	-0.00706155				
0.1486	-0.00578737				
0.14865	-0.00578737				
0.1487	-0.00578737				
0.14875	-0.00706155				
0.1488	-0.00706155				
0.14885	-0.00833573				
0.1489	-0.00706155				
0.14895	-0.0045132				
0.149	-0.00196484				
0.14905	-0.00069066				
0.1491	0.00695441				
0.14915	0.00695441				
0.1492	0.00440605				
0.14925	0.00822859				
0.1493	0.00695441				
0.14935	0.0107769				
0.1494	0.0145995				
0.14945	0.0158737				
0.1495	0.018422				
0.14955	0.0196962				
0.1496	0.018422				
0.14965	0.018422				
0.1497	0.0171478				
0.14975	0.0158737				
0.1498	0.0120511				
0.14985	0.0107769				
0.1499	0.0107769				
0.14995	0.00822859				
0.15	0.00822859				
0.15005	0.00695441				
0.1501	0.00440605				
0.15015	0.0018577				
0.1502	-0.00578737				
0.15025	-0.0045132				
0.1503	-0.00706155				
0.15035	-0.0108841				
0.1504	-0.00960991				
0.15045	-0.0108841				
0.1505	-0.00833573				
0.15055	-0.00706155				
0.1506	-0.0045132				
0.15065	-0.00578737				
0.1507	-0.00706155				
0.15075	-0.00578737				
0.1508	-0.00196484				
0.15085	0.000583518				
0.1509	0.00568023				
0.15095	0.00822859				
0.151	0.00950277				
0.15105	0.0107769				
0.1511	0.0107769				
0.15115	0.0120511				
0.1512	0.0107769				
0.15125	0.0133253				
0.1513	0.0158737				
0.15135	0.018422				
0.1514	0.0158737				
0.15145	0.018422				
0.1515	0.0196962				
0.15155	0.0145995				
0.1516	0.0120511				
0.15165	0.0120511				
0.1517	0.00440605				
0.15175	0.00313188				
0.1518	0.00313188				
0.15185	-0.00069066				
0.1519	-0.00323902				
0.15195	-0.0045132				
0.152	-0.00706155				
0.15205	-0.0134324				
0.1521	-0.0147066				
0.15215	-0.0159808				
0.1522	-0.017255				
0.15225	-0.0185292				
0.1523	-0.017255				
0.15235	-0.0159808				
0.1524	-0.0159808				
0.15245	-0.0159808				
0.1525	-0.0147066				
0.15255	-0.0159808				
0.1526	-0.0159808				
0.15265	-0.0134324				
0.1527	-0.00960991				
0.15275	-0.0045132				
0.1528	-0.0045132				
0.15285	0.000583518				
0.1529	0.00313188				
0.15295	0.00313188				
0.153	0.00695441				
0.15305	0.00822859				
0.1531	0.00440605				
0.15315	0.00568023				
0.1532	0.00822859				
0.15325	0.00695441				
0.1533	0.00695441				
0.15335	0.00822859				
0.1534	0.00822859				
0.15345	0.00440605				
0.1535	0.00313188				
0.15355	-0.0045132				
0.1536	-0.0045132				
0.15365	-0.00706155				
0.1537	-0.00706155				
0.15375	-0.00833573				
0.1538	-0.00960991				
0.15385	-0.00960991				
0.1539	-0.00960991				
0.15395	-0.0134324				
0.154	-0.0159808				
0.15405	-0.0159808				
0.1541	-0.0198033				
0.15415	-0.0185292				
0.1542	-0.0159808				
0.15425	-0.0147066				
0.1543	-0.0147066				
0.15435	-0.0108841				
0.1544	-0.0121583				
0.15445	-0.0121583				
0.1545	-0.00960991				
0.15455	-0.00833573				
0.1546	-0.00706155				
0.15465	-0.00578737				
0.1547	-0.00323902				
0.15475	0.000583518				
0.1548	-0.00069066				
0.15485	0.00568023				
0.1549	0.00695441				
0.15495	0.00695441				
0.155	0.0107769				
0.15505	0.0120511				
0.1551	0.0107769				
0.15515	0.0120511				
0.1552	0.0120511				
0.15525	0.0120511				
0.1553	0.0107769				
0.15535	0.0133253				
0.1554	0.0120511				
0.15545	0.0107769				
0.1555	0.00568023				
0.15555	0.00313188				
0.1556	-0.00196484				
0.15565	-0.00323902				
0.1557	-0.00706155				
0.15575	-0.00960991				
0.1558	-0.00833573				
0.15585	-0.00960991				
0.1559	-0.0147066				
0.15595	-0.0147066				
0.156	-0.0198033				
0.15605	-0.0198033				
0.1561	-0.0223517				
0.15615	-0.0210775				
0.1562	-0.0198033				
0.15625	-0.0210775				
0.1563	-0.0134324				
0.15635	-0.0134324				
0.1564	-0.0134324				
0.15645	-0.0134324				
0.1565	-0.0134324				
0.15655	-0.00960991				
0.1566	-0.00706155				
0.15665	-0.0045132				
0.1567	0.000583518				
0.15675	0.00568023				
0.1568	0.00822859				
0.15685	0.00950277				
0.1569	0.00568023				
0.15695	0.00822859				
0.157	0.0107769				
0.15705	0.00440605				
0.1571	0.0107769				
0.15715	0.0120511				
0.1572	0.00822859				
0.15725	0.00822859				
0.1573	0.00695441				
0.15735	0.00568023				
0.1574	0.000583518				
0.15745	-0.00069066				
0.1575	-0.00833573				
0.15755	-0.0108841				
0.1576	-0.0108841				
0.15765	-0.0159808				
0.1577	-0.0147066				
0.15775	-0.017255				
0.1578	-0.0147066				
0.15785	-0.0185292				
0.1579	-0.0185292				
0.15795	-0.0198033				
0.158	-0.0223517				
0.15805	-0.0198033				
0.1581	-0.017255				
0.15815	-0.017255				
0.1582	-0.00960991				
0.15825	-0.00706155				
0.1583	-0.00578737				
0.15835	-0.00323902				
0.1584	-0.00196484				
0.15845	0.000583518				
0.1585	0.000583518				
0.15855	0.00568023				
0.1586	0.00695441				
0.15865	0.0107769				
0.1587	0.0120511				
0.15875	0.0120511				
0.1588	0.0120511				
0.15885	0.0120511				
0.1589	0.0120511				
0.15895	0.00950277				
0.159	0.00822859				
0.15905	0.00440605				
0.1591	0.00695441				
0.15915	0.00568023				
0.1592	0.00313188				
0.15925	0.00313188				
0.1593	-0.00323902				
0.15935	-0.00706155				
0.1594	-0.00833573				
0.15945	-0.00706155				
0.1595	-0.00960991				
0.15955	-0.0134324				
0.1596	-0.0134324				
0.15965	-0.0121583				
0.1597	-0.0121583				
0.15975	-0.00833573				
0.1598	-0.0121583				
0.15985	-0.00960991				
0.1599	-0.00706155				
0.15995	-0.00578737				
0.16	-0.00706155				
0.16005	-0.00706155				
0.1601	0.000583518				
0.16015	0.0018577				
0.1602	0.0018577				
0.16025	0.00695441				
0.1603	0.00822859				
0.16035	0.00822859				
0.1604	0.00822859				
0.16045	0.0133253				
0.1605	0.00822859				
0.16055	0.0107769				
0.1606	0.0120511				
0.16065	0.0107769				
0.1607	0.0107769				
0.16075	0.0107769				
0.1608	0.00822859				
0.16085	0.00822859				
0.1609	0.0018577				
0.16095	0.0018577				
0.161	0.00313188				
0.16105	0.000583518				
0.1611	-0.00069066				
0.16115	-0.00069066				
0.1612	-0.00069066				
0.16125	-0.00069066				
0.1613	-0.00196484				
0.16135	-0.0045132				
0.1614	-0.00706155				
0.16145	-0.00833573				
0.1615	-0.00706155				
0.16155	-0.00706155				
0.1616	-0.00578737				
0.16165	-0.0045132				
0.1617	-0.0045132				
0.16175	-0.00196484				
0.1618	-0.00196484				
0.16185	-0.00196484				
0.1619	0.0018577				
0.16195	-0.00196484				
0.162	-0.00069066				
0.16205	0.00313188				
0.1621	0.00440605				
0.16215	0.0107769				
0.1622	0.00822859				
0.16225	0.00568023				
0.1623	0.00822859				
0.16235	0.00822859				
0.1624	0.00695441				
0.16245	0.00695441				
0.1625	0.00440605				
0.16255	0.00695441				
0.1626	0.00568023				
0.16265	0.00568023				
0.1627	0.00822859				
0.16275	0.00440605				
0.1628	0.00313188				
0.16285	-0.00069066				
0.1629	-0.00069066				
0.16295	-0.00069066				
0.163	-0.00323902				
0.16305	-0.00706155				
0.1631	-0.00578737				
0.16315	-0.0045132				
0.1632	-0.00578737				
0.16325	-0.00833573				
0.1633	-0.0121583				
0.16335	-0.0159808				
0.1634	-0.0147066				
0.16345	-0.0134324				
0.1635	-0.0121583				
0.16355	-0.00960991				
0.1636	-0.00578737				
0.16365	-0.00578737				
0.1637	-0.00706155				
0.16375	-0.00578737				
0.1638	-0.0045132				
0.16385	-0.00323902				
0.1639	-0.00069066				
0.16395	0.00440605				
0.164	0.00568023				
0.16405	0.00695441				
0.1641	0.0107769				
0.16415	0.00950277				
0.1642	0.00822859				
0.16425	0.0107769				
0.1643	0.0107769				
0.16435	0.0107769				
0.1644	0.0107769				
0.16445	0.0107769				
0.1645	0.0107769				
0.16455	0.0120511				
0.1646	0.0107769				
0.16465	0.0107769				
0.1647	0.00440605				
0.16475	0.00313188				
0.1648	0.0018577				
0.16485	-0.00196484				
0.1649	-0.00196484				
0.16495	-0.0045132				
0.165	-0.00578737				
0.16505	-0.00578737				
0.1651	-0.0045132				
0.16515	-0.00706155				
0.1652	-0.00706155				
0.16525	-0.0121583				
0.1653	-0.0147066				
0.16535	-0.0121583				
0.1654	-0.00706155				
0.16545	-0.0045132				
0.1655	-0.00196484				
0.16555	-0.00706155				
0.1656	-0.00196484				
0.16565	-0.00196484				
0.1657	-0.00196484				
0.16575	-0.00196484				
0.1658	0.000583518				
0.16585	0.00440605				
0.1659	0.00695441				
0.16595	0.0120511				
0.166	0.0133253				
0.16605	0.0120511				
0.1661	0.0120511				
0.16615	0.0133253				
0.1662	0.00950277				
0.16625	0.0107769				
0.1663	0.0120511				
0.16635	0.0133253				
0.1664	0.0107769				
0.16645	0.0145995				
0.1665	0.0120511				
0.16655	0.00822859				
0.1666	0.00695441				
0.16665	0.00313188				
0.1667	-0.00069066				
0.16675	-0.00323902				
0.1668	-0.00323902				
0.16685	-0.0045132				
0.1669	-0.00578737				
0.16695	-0.00706155				
0.167	-0.0121583				
0.16705	-0.0134324				
0.1671	-0.0121583				
0.16715	-0.0134324				
0.1672	-0.0159808				
0.16725	-0.0134324				
0.1673	-0.0147066				
0.16735	-0.0134324				
0.1674	-0.00833573				
0.16745	-0.00960991				
0.1675	-0.00960991				
0.16755	-0.00833573				
0.1676	-0.0045132				
0.16765	-0.00578737				
0.1677	-0.00706155				
0.16775	-0.00706155				
0.1678	-0.00706155				
0.16785	-0.00069066				
0.1679	0.0018577				
0.16795	0.00313188				
0.168	0.00313188				
0.16805	-0.00196484				
0.1681	0.0018577				
0.16815	0.000583518				
0.1682	-0.00196484				
0.16825	-0.00196484				
0.1683	0.000583518				
0.16835	0.00440605				
0.1684	0.00313188				
0.16845	-0.00323902				
0.1685	-0.00196484				
0.16855	-0.00196484				
0.1686	-0.00323902				
0.16865	-0.00706155				
0.1687	-0.00960991				
0.16875	-0.00833573				
0.1688	-0.00706155				
0.16885	-0.00833573				
0.1689	-0.0121583				
0.16895	-0.0159808				
0.169	-0.017255				
0.16905	-0.0185292				
0.1691	-0.017255				
0.16915	-0.017255				
0.1692	-0.0198033				
0.16925	-0.0159808				
0.1693	-0.017255				
0.16935	-0.0121583				
0.1694	-0.0108841				
0.16945	-0.0121583				
0.1695	-0.0108841				
0.16955	-0.00706155				
0.1696	-0.0108841				
0.16965	-0.00960991				
0.1697	-0.00706155				
0.16975	-0.00196484				
0.1698	-0.00323902				
0.16985	-0.00196484				
0.1699	0.0018577				
0.16995	0.000583518				
0.17	0.0018577				
0.17005	0.0018577				
0.1701	-0.00196484				
0.17015	-0.00323902				
0.1702	-0.00196484				
0.17025	-0.00196484				
0.1703	-0.00069066				
0.17035	-0.00323902				
0.1704	-0.0045132				
0.17045	-0.00706155				
0.1705	-0.00960991				
0.17055	-0.0121583				
0.1706	-0.0159808				
0.17065	-0.0159808				
0.1707	-0.0147066				
0.17075	-0.017255				
0.1708	-0.0147066				
0.17085	-0.0147066				
0.1709	-0.017255				
0.17095	-0.0185292				
0.171	-0.0185292				
0.17105	-0.017255				
0.1711	-0.0159808				
0.17115	-0.0134324				
0.1712	-0.0108841				
0.17125	-0.0121583				
0.1713	-0.00578737				
0.17135	-0.00196484				
0.1714	-0.0045132				
0.17145	0.0018577				
0.1715	0.00313188				
0.17155	0.00440605				
0.1716	0.00695441				
0.17165	0.00695441				
0.1717	0.0107769				
0.17175	0.0145995				
0.1718	0.0171478				
0.17185	0.018422				
0.1719	0.0145995				
0.17195	0.0133253				
0.172	0.0120511				
0.17205	0.00822859				
0.1721	0.00695441				
0.17215	0.00568023				
0.1722	0.00440605				
0.17225	0.00440605				
0.1723	0.00313188				
0.17235	0.000583518				
0.1724	-0.00196484				
0.17245	-0.0045132				
0.1725	-0.0121583				
0.17255	-0.0108841				
0.1726	-0.00960991				
0.17265	-0.0121583				
0.1727	-0.0108841				
0.17275	-0.00578737				
0.1728	-0.00706155				
0.17285	-0.00833573				
0.1729	-0.00960991				
0.17295	-0.00833573				
0.173	-0.00578737				
0.17305	-0.00196484				
0.1731	0.00313188				
0.17315	0.00695441				
0.1732	0.0107769				
0.17325	0.0107769				
0.1733	0.00822859				
0.17335	0.0107769				
0.1734	0.00950277				
0.17345	0.0120511				
0.1735	0.0133253				
0.17355	0.018422				
0.1736	0.0196962				
0.17365	0.0222446				
0.1737	0.018422				
0.17375	0.0171478				
0.1738	0.0171478				
0.17385	0.0158737				
0.1739	0.0107769				
0.17395	0.0107769				
0.174	0.00440605				
0.17405	0.00313188				
0.1741	0.00313188				
0.17415	0.000583518				
0.1742	0.00313188				
0.17425	0.000583518				
0.1743	-0.00706155				
0.17435	-0.00833573				
0.1744	-0.00960991				
0.17445	-0.0121583				
0.1745	-0.0121583				
0.17455	-0.00960991				
0.1746	-0.0121583				
0.17465	-0.00706155				
0.1747	-0.00578737				
0.17475	-0.00706155				
0.1748	-0.00323902				
0.17485	-0.00323902				
0.1749	-0.00578737				
0.17495	0.000583518				
0.175	0.0018577				
0.17505	0.00568023				
0.1751	0.0107769				
0.17515	0.0133253				
0.1752	0.0133253				
0.17525	0.0133253				
0.1753	0.0145995				
0.17535	0.0107769				
0.1754	0.0120511				
0.17545	0.0196962				
0.1755	0.018422				
0.17555	0.018422				
0.1756	0.018422				
0.17565	0.0171478				
0.1757	0.0120511				
0.17575	0.00950277				
0.1758	0.00822859				
0.17585	0.00313188				
0.1759	0.0018577				
0.17595	0.00440605				
0.176	-0.00069066				
0.17605	-0.0045132				
0.1761	-0.0045132				
0.17615	-0.00833573				
0.1762	-0.00833573				
0.17625	-0.0134324				
0.1763	-0.0134324				
0.17635	-0.0121583				
0.1764	-0.017255				
0.17645	-0.0134324				
0.1765	-0.00960991				
0.17655	-0.00960991				
0.1766	-0.0134324				
0.17665	-0.00706155				
0.1767	-0.00706155				
0.17675	-0.00706155				
0.1768	-0.00706155				
0.17685	-0.00323902				
0.1769	-0.00196484				
0.17695	0.00440605				
0.177	0.00822859				
0.17705	0.0120511				
0.1771	0.0133253				
0.17715	0.0171478				
0.1772	0.0145995				
0.17725	0.0145995				
0.1773	0.018422				
0.17735	0.0222446				
0.1774	0.0222446				
0.17745	0.0222446				
0.1775	0.0222446				
0.17755	0.0222446				
0.1776	0.018422				
0.17765	0.018422				
0.1777	0.0133253				
0.17775	0.0107769				
0.1778	0.0107769				
0.17785	0.0107769				
0.1779	0.00822859				
0.17795	0.00695441				
0.178	0.000583518				
0.17805	0.000583518				
0.1781	-0.00578737				
0.17815	-0.00833573				
0.1782	-0.00960991				
0.17825	-0.00706155				
0.1783	-0.00960991				
0.17835	-0.00833573				
0.1784	-0.00578737				
0.17845	-0.0045132				
0.1785	-0.00706155				
0.17855	-0.00578737				
0.1786	-0.00578737				
0.17865	-0.0045132				
0.1787	-0.00069066				
0.17875	0.00313188				
0.1788	0.00695441				
0.17885	0.0120511				
0.1789	0.0120511				
0.17895	0.0145995				
0.179	0.0145995				
0.17905	0.0171478				
0.1791	0.0171478				
0.17915	0.0209704				
0.1792	0.0247929				
0.17925	0.0235187				
0.1793	0.0222446				
0.17935	0.0209704				
0.1794	0.018422				
0.17945	0.018422				
0.1795	0.0145995				
0.17955	0.0133253				
0.1796	0.00822859				
0.17965	0.00950277				
0.1797	0.00568023				
0.17975	0.00568023				
0.1798	0.00313188				
0.17985	-0.00323902				
0.1799	-0.00578737				
0.17995	-0.00960991				
0.18	-0.0121583				
0.18005	-0.0134324				
0.1801	-0.0147066				
0.18015	-0.0134324				
0.1802	-0.0134324				
0.18025	-0.0147066				
0.1803	-0.0134324				
0.18035	-0.0121583				
0.1804	-0.0159808				
0.18045	-0.017255				
0.1805	-0.0108841				
0.18055	-0.00833573				
0.1806	-0.00323902				
0.18065	-0.00069066				
0.1807	0.0018577				
0.18075	0.000583518				
0.1808	0.0018577				
0.18085	0.00313188				
0.1809	0.00313188				
0.18095	0.00313188				
0.181	0.00822859				
0.18105	0.00822859				
0.1811	0.0107769				
0.18115	0.0120511				
0.1812	0.0133253				
0.18125	0.00950277				
0.1813	0.00695441				
0.18135	0.000583518				
0.1814	-0.00196484				
0.18145	0.0018577				
0.1815	0.0018577				
0.18155	0.000583518				
0.1816	0.000583518				
0.18165	-0.00706155				
0.1817	-0.00960991				
0.18175	-0.00960991				
0.1818	-0.017255				
0.18185	-0.0159808				
0.1819	-0.0147066				
0.18195	-0.017255				
0.182	-0.0198033				
0.18205	-0.0159808				
0.1821	-0.0159808				
0.18215	-0.0147066				
0.1822	-0.017255				
0.18225	-0.017255				
0.1823	-0.0198033				
0.18235	-0.0185292				
0.1824	-0.017255				
0.18245	-0.0147066				
0.1825	-0.0121583				
0.18255	-0.00578737				
0.1826	-0.00578737				
0.18265	-0.00706155				
0.1827	-0.00706155				
0.18275	-0.00833573				
0.1828	-0.0045132				
0.18285	-0.00196484				
0.1829	0.000583518				
0.18295	0.00313188				
0.183	0.00313188				
0.18305	0.00440605				
0.1831	0.00313188				
0.18315	0.00313188				
0.1832	0.00440605				
0.18325	0.000583518				
0.1833	0.0018577				
0.18335	0.000583518				
0.1834	-0.00069066				
0.18345	0.000583518				
0.1835	0.000583518				
0.18355	-0.00196484				
0.1836	-0.00323902				
0.18365	-0.00578737				
0.1837	-0.00833573				
0.18375	-0.00960991				
0.1838	-0.0121583				
0.18385	-0.0108841				
0.1839	-0.0134324				
0.18395	-0.00960991				
0.184	-0.00833573				
0.18405	-0.0134324				
0.1841	-0.0134324				
0.18415	-0.0134324				
0.1842	-0.0147066				
0.18425	-0.0134324				
0.1843	-0.0134324				
0.18435	-0.0121583				
0.1844	-0.00833573				
0.18445	-0.0045132				
0.1845	-0.00196484				
0.18455	-0.00323902				
0.1846	-0.00196484				
0.18465	0.000583518				
0.1847	-0.00069066				
0.18475	0.000583518				
0.1848	0.00568023				
0.18485	0.0107769				
0.1849	0.0107769				
0.18495	0.0107769				
0.185	0.0120511				
0.18505	0.00822859				
0.1851	0.00950277				
0.18515	0.00313188				
0.1852	0.00440605				
0.18525	0.00695441				
0.1853	0.0018577				
0.18535	0.00313188				
0.1854	0.000583518				
0.18545	0.0018577				
0.1855	-0.00578737				
0.18555	-0.00578737				
0.1856	-0.00960991				
0.18565	-0.0134324				
0.1857	-0.00960991				
0.18575	-0.00960991				
0.1858	-0.0134324				
0.18585	-0.0121583				
0.1859	-0.0108841				
0.18595	-0.0108841				
0.186	-0.00960991				
0.18605	-0.0159808				
0.1861	-0.0134324				
0.18615	-0.00706155				
0.1862	-0.00323902				
0.18625	-0.00196484				
0.1863	-0.00196484				
0.18635	0.0018577				
0.1864	0.0018577				
0.18645	0.00440605				
0.1865	0.00440605				
0.18655	0.00695441				
0.1866	0.0107769				
0.18665	0.00822859				
0.1867	0.0133253				
0.18675	0.0133253				
0.1868	0.0120511				
0.18685	0.0133253				
0.1869	0.0120511				
0.18695	0.0107769				
0.187	0.00950277				
0.18705	0.00950277				
0.1871	0.00822859				
0.18715	0.00440605				
0.1872	0.00440605				
0.18725	-0.00069066				
0.1873	-0.00196484				
0.18735	-0.00578737				
0.1874	-0.00833573				
0.18745	-0.0121583				
0.1875	-0.00960991				
0.18755	-0.0134324				
0.1876	-0.0147066				
0.18765	-0.0159808				
0.1877	-0.0121583				
0.18775	-0.0121583				
0.1878	-0.0159808				
0.18785	-0.0159808				
0.1879	-0.0134324				
0.18795	-0.0147066				
0.188	-0.00960991				
0.18805	-0.00833573				
0.1881	-0.00578737				
0.18815	0.000583518				
0.1882	0.0018577				
0.18825	0.0018577				
0.1883	0.0018577				
0.18835	0.00440605				
0.1884	0.0018577				
0.18845	0.00568023				
0.1885	0.00695441				
0.18855	0.0107769				
0.1886	0.0107769				
0.18865	0.00950277				
0.1887	0.0107769				
0.18875	0.00568023				
0.1888	0.00695441				
0.18885	0.00313188				
0.1889	0.0018577				
0.18895	0.00313188				
0.189	0.000583518				
0.18905	-0.00323902				
0.1891	-0.00069066				
0.18915	-0.0045132				
0.1892	-0.00706155				
0.18925	-0.0121583				
0.1893	-0.0134324				
0.18935	-0.0108841				
0.1894	-0.0121583				
0.18945	-0.0159808				
0.1895	-0.017255				
0.18955	-0.0147066				
0.1896	-0.0147066				
0.18965	-0.0121583				
0.1897	-0.0121583				
0.18975	-0.0121583				
0.1898	-0.0147066				
0.18985	-0.0134324				
0.1899	-0.00833573				
0.18995	-0.00833573				
0.19	-0.0045132				
0.19005	0.0018577				
0.1901	0.00568023				
0.19015	0.00695441				
0.1902	0.00822859				
0.19025	0.00695441				
0.1903	0.00950277				
0.19035	0.0120511				
0.1904	0.0171478				
0.19045	0.0145995				
0.1905	0.0171478				
0.19055	0.0145995				
0.1906	0.0145995				
0.19065	0.0145995				
0.1907	0.0107769				
0.19075	0.00568023				
0.1908	0.00695441				
0.19085	0.00568023				
0.1909	0.00313188				
0.19095	0.00313188				
0.191	0.000583518				
0.19105	-0.00578737				
0.1911	-0.0108841				
0.19115	-0.0134324				
0.1912	-0.0198033				
0.19125	-0.017255				
0.1913	-0.017255				
0.19135	-0.0210775				
0.1914	-0.0185292				
0.19145	-0.0198033				
0.1915	-0.0223517				
0.19155	-0.0236259				
0.1916	-0.0223517				
0.19165	-0.0236259				
0.1917	-0.0223517				
0.19175	-0.017255				
0.1918	-0.017255				
0.19185	-0.0134324				
0.1919	-0.00706155				
0.19195	-0.00706155				
0.192	-0.0045132				
0.19205	-0.00069066				
0.1921	0.00313188				
0.19215	0.00440605				
0.1922	0.00313188				
0.19225	0.0107769				
0.1923	0.0120511				
0.19235	0.0145995				
0.1924	0.0145995				
0.19245	0.0171478				
0.1925	0.0133253				
0.19255	0.0145995				
0.1926	0.00822859				
0.19265	0.0107769				
0.1927	0.00822859				
0.19275	0.00568023				
0.1928	0.00440605				
0.19285	0.00568023				
0.1929	0.0018577				
0.19295	-0.00323902				
0.193	-0.00706155				
0.19305	-0.0108841				
0.1931	-0.0147066				
0.19315	-0.0147066				
0.1932	-0.0134324				
0.19325	-0.017255				
0.1933	-0.0121583				
0.19335	-0.0134324				
0.1934	-0.0159808				
0.19345	-0.0159808				
0.1935	-0.0159808				
0.19355	-0.0134324				
0.1936	-0.0134324				
0.19365	-0.00960991				
0.1937	-0.00706155				
0.19375	-0.00323902				
0.1938	-0.0045132				
0.19385	-0.00196484				
0.1939	-0.00069066				
0.19395	0.0018577				
0.194	0.0018577				
0.19405	0.00313188				
0.1941	0.00695441				
0.19415	0.00568023				
0.1942	0.00950277				
0.19425	0.0120511				
0.1943	0.0133253				
0.19435	0.0120511				
0.1944	0.00822859				
0.19445	0.00822859				
0.1945	0.00695441				
0.19455	0.00313188				
0.1946	0.00440605				
0.19465	0.00568023				
0.1947	0.00568023				
0.19475	0.000583518				
0.1948	-0.00323902				
0.19485	-0.00706155				
0.1949	-0.00833573				
0.19495	-0.0108841				
0.195	-0.0134324				
0.19505	-0.0134324				
0.1951	-0.017255				
0.19515	-0.0134324				
0.1952	-0.0147066				
0.19525	-0.0159808				
0.1953	-0.017255				
0.19535	-0.0210775				
0.1954	-0.0210775				
0.19545	-0.0236259				
0.1955	-0.0210775				
0.19555	-0.017255				
0.1956	-0.0147066				
0.19565	-0.0134324				
0.1957	-0.00960991				
0.19575	-0.0134324				
0.1958	-0.00960991				
0.19585	-0.00833573				
0.1959	-0.00960991				
0.19595	-0.00706155				
0.196	-0.00323902				
0.19605	0.0018577				
0.1961	0.0018577				
0.19615	0.00313188				
0.1962	0.00313188				
0.19625	0.000583518				
0.1963	0.00568023				
0.19635	0.00313188				
0.1964	0.00313188				
0.19645	0.00313188				
0.1965	0.00568023				
0.19655	0.00695441				
0.1966	0.00440605				
0.19665	0.00313188				
0.1967	0.000583518				
0.19675	0.00313188				
0.1968	-0.0045132				
0.19685	-0.00323902				
0.1969	-0.00578737				
0.19695	-0.00833573				
0.197	-0.00833573				
0.19705	-0.00833573				
0.1971	-0.00706155				
0.19715	-0.0121583				
0.1972	-0.0121583				
0.19725	-0.017255				
0.1973	-0.017255				
0.19735	-0.017255				
0.1974	-0.0134324				
0.19745	-0.00960991				
0.1975	-0.00960991				
0.19755	-0.00706155				
0.1976	-0.00706155				
0.19765	-0.00706155				
0.1977	-0.00960991				
0.19775	-0.00578737				
0.1978	-0.00578737				
0.19785	-0.00196484				
0.1979	0.000583518				
0.19795	-0.00196484				
0.198	0.00568023				
0.19805	0.00313188				
0.1981	0.00313188				
0.19815	0.00313188				
0.1982	-0.00069066				
0.19825	-0.00069066				
0.1983	0.00313188				
0.19835	0.000583518				
0.1984	-0.00323902				
0.19845	-0.00196484				
0.1985	-0.00069066				
0.19855	-0.00323902				
0.1986	-0.0045132				
0.19865	-0.00960991				
0.1987	-0.00960991				
0.19875	-0.00833573				
0.1988	-0.00960991				
0.19885	-0.00706155				
0.1989	-0.0108841				
0.19895	-0.00960991				
0.199	-0.00706155				
0.19905	-0.00706155				
0.1991	-0.00833573				
0.19915	-0.00960991				
0.1992	-0.0108841				
0.19925	-0.00706155				
0.1993	-0.00578737				
0.19935	-0.00706155				
0.1994	-0.00578737				
0.19945	0.00313188				
0.1995	0.0018577				
0.19955	-0.00069066				
0.1996	-0.00069066				
0.19965	0.00313188				
0.1997	0.0018577				
0.19975	0.00313188				
0.1998	0.00440605				
0.19985	0.00695441				
0.1999	0.00950277				
0.19995	0.00568023				
