Time - soundlvl	Amplitude - soundlvl	Unnamed: 2	Unnamed: 3	Frequency (Hz) - soundlvl (Power Spectrum)	Amplitude - soundlvl (Power Spectrum)
0.0	0.757242			0.0	0.619866
5e-05	0.762343			5.0	0.313718
0.0001	0.762343			10.0	1.36291e-05
0.00015	0.759792			15.0	1.93679e-07
0.0002	0.764894			20.0	1.49097e-07
0.00025	0.759792			25.0	3.1209e-08
0.0003	0.762343			30.0	5.42582e-08
0.00035	0.75214			35.0	1.70607e-08
0.0004	0.769996			40.0	4.52775e-08
0.00045	0.757242			45.0	3.84682e-08
0.0005	0.764894			50.0	1.1227e-08
0.00055	0.757242			55.0	4.77053e-09
0.0006	0.767445			60.0	7.50052e-10
0.00065	0.754691			65.0	1.56494e-08
0.0007	0.759792			70.0	1.16985e-08
0.00075	0.75214			75.0	2.10422e-08
0.0008	0.767445			80.0	4.53852e-08
0.00085	0.757242			85.0	4.25809e-08
0.0009	0.772546			90.0	4.40475e-08
0.00095	0.757242			95.0	2.82705e-08
0.001	0.764894			100.0	1.15647e-08
0.00105	0.747038			105.0	5.259e-08
0.0011	0.75214			110.0	7.38898e-08
0.00115	0.759792			115.0	2.11794e-08
0.0012	0.757242			120.0	6.58282e-09
0.00125	0.759792			125.0	8.11644e-09
0.0013	0.759792			130.0	4.05084e-09
0.00135	0.759792			135.0	1.53444e-09
0.0014	0.757242			140.0	2.07812e-09
0.00145	0.767445			145.0	2.11814e-08
0.0015	0.747038			150.0	2.71043e-08
0.00155	0.762343			155.0	2.86188e-08
0.0016	0.75214			160.0	1.9417e-08
0.00165	0.769996			165.0	1.5115e-08
0.0017	0.754691			170.0	4.28265e-08
0.00175	0.767445			175.0	2.35581e-08
0.0018	0.759792			180.0	8.21708e-10
0.00185	0.767445			185.0	2.77829e-10
0.0019	0.754691			190.0	2.98006e-08
0.00195	0.759792			195.0	1.95387e-08
0.002	0.764894			200.0	1.50328e-08
0.00205	0.759792			205.0	2.15515e-08
0.0021	0.767445			210.0	3.0981e-08
0.00215	0.762343			215.0	2.63207e-08
0.0022	0.772546			220.0	1.13478e-08
0.00225	0.759792			225.0	4.21766e-09
0.0023	0.767445			230.0	2.45731e-08
0.00235	0.762343			235.0	5.66945e-09
0.0024	0.764894			240.0	3.34143e-08
0.00245	0.772546			245.0	2.26268e-08
0.0025	0.759792			250.0	3.20134e-10
0.00255	0.772546			255.0	1.30682e-08
0.0026	0.754691			260.0	2.61898e-09
0.00265	0.759792			265.0	4.44167e-09
0.0027	0.769996			270.0	8.90877e-09
0.00275	0.759792			275.0	4.50158e-09
0.0028	0.767445			280.0	4.42882e-09
0.00285	0.754691			285.0	9.67948e-09
0.0029	0.767445			290.0	5.89976e-09
0.00295	0.767445			295.0	1.08658e-09
0.003	0.759792			300.0	4.11646e-09
0.00305	0.764894			305.0	1.72387e-09
0.0031	0.754691			310.0	2.26363e-08
0.00315	0.767445			315.0	1.40428e-08
0.0032	0.762343			320.0	3.5769e-09
0.00325	0.769996			325.0	4.99575e-09
0.0033	0.777648			330.0	2.1914e-08
0.00335	0.762343			335.0	1.04161e-08
0.0034	0.762343			340.0	3.10729e-09
0.00345	0.757242			345.0	2.26681e-09
0.0035	0.767445			350.0	2.0194e-09
0.00355	0.767445			355.0	1.28347e-08
0.0036	0.759792			360.0	1.7363e-08
0.00365	0.762343			365.0	1.4847e-08
0.0037	0.767445			370.0	1.4645e-09
0.00375	0.757242			375.0	1.99406e-09
0.0038	0.767445			380.0	4.54797e-09
0.00385	0.759792			385.0	4.04163e-09
0.0039	0.764894			390.0	7.02594e-09
0.00395	0.757242			395.0	2.17687e-08
0.004	0.754691			400.0	1.45755e-08
0.00405	0.759792			405.0	2.13653e-09
0.0041	0.772546			410.0	1.28918e-08
0.00415	0.764894			415.0	5.34529e-09
0.0042	0.772546			420.0	8.96199e-10
0.00425	0.757242			425.0	2.31209e-09
0.0043	0.759792			430.0	6.4874e-09
0.00435	0.759792			435.0	2.10952e-08
0.0044	0.757242			440.0	4.68119e-09
0.00445	0.769996			445.0	1.15455e-08
0.0045	0.769996			450.0	1.16051e-08
0.00455	0.759792			455.0	7.24161e-09
0.0046	0.772546			460.0	2.88481e-09
0.00465	0.75214			465.0	5.57423e-09
0.0047	0.764894			470.0	2.63734e-09
0.00475	0.762343			475.0	3.34799e-09
0.0048	0.762343			480.0	1.30904e-09
0.00485	0.762343			485.0	5.49708e-10
0.0049	0.769996			490.0	1.47442e-09
0.00495	0.754691			495.0	3.35478e-08
0.005	0.764894			500.0	1.37935e-08
0.00505	0.757242			505.0	1.02899e-08
0.0051	0.75214			510.0	1.1899e-08
0.00515	0.762343			515.0	6.97984e-10
0.0052	0.772546			520.0	1.3666e-08
0.00525	0.764894			525.0	3.81172e-08
0.0053	0.767445			530.0	2.61217e-09
0.00535	0.767445			535.0	1.65096e-08
0.0054	0.759792			540.0	6.89854e-09
0.00545	0.772546			545.0	3.3279e-08
0.0055	0.764894			550.0	3.88091e-08
0.00555	0.757242			555.0	2.62533e-08
0.0056	0.769996			560.0	6.23688e-09
0.00565	0.769996			565.0	7.23788e-09
0.0057	0.762343			570.0	1.2711e-08
0.00575	0.769996			575.0	4.5932e-09
0.0058	0.754691			580.0	1.8013e-08
0.00585	0.762343			585.0	4.2729e-08
0.0059	0.759792			590.0	6.40649e-08
0.00595	0.757242			595.0	4.65401e-08
0.006	0.759792			600.0	3.42339e-09
0.00605	0.767445			605.0	4.07971e-08
0.0061	0.769996			610.0	3.23877e-08
0.00615	0.762343			615.0	6.34202e-09
0.0062	0.767445			620.0	3.09873e-09
0.00625	0.762343			625.0	1.39515e-08
0.0063	0.75214			630.0	3.33285e-08
0.00635	0.769996			635.0	2.80346e-08
0.0064	0.767445			640.0	3.3202e-08
0.00645	0.762343			645.0	1.64722e-08
0.0065	0.762343			650.0	1.24273e-08
0.00655	0.767445			655.0	1.19497e-08
0.0066	0.757242			660.0	2.14306e-10
0.00665	0.759792			665.0	9.70083e-09
0.0067	0.762343			670.0	9.35597e-09
0.00675	0.759792			675.0	1.00376e-09
0.0068	0.769996			680.0	2.01147e-08
0.00685	0.767445			685.0	7.98069e-09
0.0069	0.769996			690.0	3.51683e-09
0.00695	0.775097			695.0	8.55006e-09
0.007	0.775097			700.0	1.03711e-08
0.00705	0.769996			705.0	2.75182e-08
0.0071	0.762343			710.0	2.02078e-08
0.00715	0.767445			715.0	5.31488e-10
0.0072	0.764894			720.0	3.42199e-10
0.00725	0.759792			725.0	1.67719e-08
0.0073	0.775097			730.0	7.69256e-08
0.00735	0.772546			735.0	6.15832e-08
0.0074	0.759792			740.0	1.55365e-08
0.00745	0.759792			745.0	3.65023e-09
0.0075	0.772546			750.0	1.01713e-08
0.00755	0.759792			755.0	6.21585e-09
0.0076	0.769996			760.0	7.18917e-10
0.00765	0.769996			765.0	1.10196e-09
0.0077	0.764894			770.0	4.32868e-09
0.00775	0.769996			775.0	7.8639e-09
0.0078	0.762343			780.0	3.59346e-09
0.00785	0.757242			785.0	2.69912e-10
0.0079	0.759792			790.0	7.35094e-11
0.00795	0.772546			795.0	4.36345e-09
0.008	0.777648			800.0	1.66795e-08
0.00805	0.759792			805.0	3.2054e-08
0.0081	0.772546			810.0	4.08348e-08
0.00815	0.769996			815.0	1.63809e-08
0.0082	0.764894			820.0	2.2263e-08
0.00825	0.759792			825.0	4.18998e-11
0.0083	0.762343			830.0	1.54393e-08
0.00835	0.762343			835.0	4.74291e-09
0.0084	0.764894			840.0	2.64525e-09
0.00845	0.772546			845.0	1.19466e-10
0.0085	0.775097			850.0	5.98206e-09
0.00855	0.764894			855.0	9.60749e-09
0.0086	0.762343			860.0	1.52235e-08
0.00865	0.767445			865.0	1.48545e-08
0.0087	0.769996			870.0	5.76793e-10
0.00875	0.759792			875.0	1.07697e-08
0.0088	0.767445			880.0	1.22824e-08
0.00885	0.772546			885.0	4.0844e-09
0.0089	0.775097			890.0	6.43112e-09
0.00895	0.759792			895.0	2.36074e-09
0.009	0.772546			900.0	4.28193e-09
0.00905	0.769996			905.0	2.9182e-09
0.0091	0.759792			910.0	5.61316e-10
0.00915	0.764894			915.0	2.25959e-10
0.0092	0.777648			920.0	1.87831e-08
0.00925	0.769996			925.0	6.61716e-08
0.0093	0.762343			930.0	4.81527e-08
0.00935	0.767445			935.0	2.97113e-08
0.0094	0.772546			940.0	8.75812e-09
0.00945	0.764894			945.0	5.55776e-09
0.0095	0.764894			950.0	4.99501e-09
0.00955	0.772546			955.0	2.25614e-09
0.0096	0.767445			960.0	1.55501e-09
0.00965	0.762343			965.0	1.33627e-08
0.0097	0.767445			970.0	1.55755e-08
0.00975	0.772546			975.0	4.6874e-09
0.0098	0.762343			980.0	5.65841e-09
0.00985	0.754691			985.0	6.06582e-10
0.0099	0.764894			990.0	1.59325e-08
0.00995	0.769996			995.0	8.6782e-09
0.01	0.762343			1000.0	2.8358e-10
0.01005	0.767445			1005.0	7.34085e-09
0.0101	0.78275			1010.0	2.9523e-08
0.01015	0.775097			1015.0	1.59258e-08
0.0102	0.762343			1020.0	9.14918e-09
0.01025	0.767445			1025.0	9.12346e-09
0.0103	0.772546			1030.0	9.51307e-10
0.01035	0.769996			1035.0	7.29299e-09
0.0104	0.764894			1040.0	8.00513e-09
0.01045	0.767445			1045.0	1.41622e-08
0.0105	0.772546			1050.0	1.43124e-08
0.01055	0.769996			1055.0	1.96573e-08
0.0106	0.757242			1060.0	1.84845e-08
0.01065	0.767445			1065.0	1.97958e-08
0.0107	0.769996			1070.0	1.28252e-09
0.01075	0.767445			1075.0	1.42964e-08
0.0108	0.759792			1080.0	2.83208e-09
0.01085	0.769996			1085.0	7.13662e-09
0.0109	0.777648			1090.0	4.92703e-10
0.01095	0.772546			1095.0	2.08495e-09
0.011	0.759792			1100.0	5.73291e-09
0.01105	0.772546			1105.0	2.2142e-08
0.0111	0.772546			1110.0	2.73138e-10
0.01115	0.780199			1115.0	9.33213e-09
0.0112	0.767445			1120.0	1.47738e-08
0.01125	0.767445			1125.0	8.81038e-09
0.0113	0.769996			1130.0	3.06873e-10
0.01135	0.767445			1135.0	1.09307e-09
0.0114	0.772546			1140.0	1.45703e-08
0.01145	0.775097			1145.0	1.10493e-08
0.0115	0.769996			1150.0	2.23599e-08
0.01155	0.757242			1155.0	1.15898e-08
0.0116	0.764894			1160.0	6.52577e-10
0.01165	0.780199			1165.0	8.59363e-11
0.0117	0.772546			1170.0	1.15288e-08
0.01175	0.764894			1175.0	9.22345e-09
0.0118	0.777648			1180.0	6.01883e-10
0.01185	0.772546			1185.0	7.29662e-10
0.0119	0.769996			1190.0	8.69622e-09
0.01195	0.767445			1195.0	1.69916e-08
0.012	0.772546			1200.0	5.78352e-09
0.01205	0.772546			1205.0	3.88465e-09
0.0121	0.769996			1210.0	5.18238e-10
0.01215	0.769996			1215.0	3.40362e-09
0.0122	0.772546			1220.0	7.6677e-09
0.01225	0.769996			1225.0	2.32659e-08
0.0123	0.777648			1230.0	1.88141e-08
0.01235	0.759792			1235.0	6.71663e-09
0.0124	0.759792			1240.0	1.2591e-08
0.01245	0.767445			1245.0	4.30332e-08
0.0125	0.78275			1250.0	1.16062e-08
0.01255	0.772546			1255.0	6.30209e-09
0.0126	0.769996			1260.0	2.31459e-08
0.01265	0.777648			1265.0	5.96573e-09
0.0127	0.775097			1270.0	6.74786e-09
0.01275	0.764894			1275.0	2.96795e-09
0.0128	0.762343			1280.0	2.68532e-09
0.01285	0.767445			1285.0	9.2252e-09
0.0129	0.767445			1290.0	1.18071e-08
0.01295	0.764894			1295.0	8.17739e-09
0.013	0.772546			1300.0	6.23306e-09
0.01305	0.775097			1305.0	1.49746e-08
0.0131	0.767445			1310.0	2.35372e-08
0.01315	0.762343			1315.0	1.28436e-08
0.0132	0.762343			1320.0	5.8895e-09
0.01325	0.767445			1325.0	1.74314e-08
0.0133	0.78275			1330.0	9.22743e-09
0.01335	0.772546			1335.0	7.50768e-09
0.0134	0.767445			1340.0	8.81192e-09
0.01345	0.767445			1345.0	3.06529e-09
0.0135	0.772546			1350.0	1.25171e-08
0.01355	0.775097			1355.0	2.97675e-09
0.0136	0.780199			1360.0	6.75769e-09
0.01365	0.769996			1365.0	4.48051e-09
0.0137	0.777648			1370.0	5.47404e-09
0.01375	0.772546			1375.0	4.69392e-09
0.0138	0.769996			1380.0	2.09685e-08
0.01385	0.762343			1385.0	1.10696e-08
0.0139	0.769996			1390.0	4.16342e-09
0.01395	0.775097			1395.0	7.56238e-09
0.014	0.772546			1400.0	3.64643e-10
0.01405	0.775097			1405.0	1.55645e-08
0.0141	0.772546			1410.0	1.80945e-08
0.01415	0.772546			1415.0	3.77974e-09
0.0142	0.767445			1420.0	1.76254e-08
0.01425	0.757242			1425.0	6.04958e-09
0.0143	0.75214			1430.0	1.37189e-08
0.01435	0.775097			1435.0	1.95337e-08
0.0144	0.78275			1440.0	2.92323e-09
0.01445	0.772546			1445.0	7.57551e-09
0.0145	0.772546			1450.0	2.044e-09
0.01455	0.759792			1455.0	1.69866e-09
0.0146	0.772546			1460.0	2.74322e-08
0.01465	0.775097			1465.0	5.10876e-08
0.0147	0.772546			1470.0	3.73244e-08
0.01475	0.775097			1475.0	7.91158e-09
0.0148	0.767445			1480.0	1.10368e-08
0.01485	0.775097			1485.0	2.66746e-08
0.0149	0.769996			1490.0	1.08846e-08
0.01495	0.762343			1495.0	1.2088e-08
0.015	0.757242			1500.0	6.12298e-09
0.01505	0.769996			1505.0	1.93001e-08
0.0151	0.78275			1510.0	1.27529e-08
0.01515	0.775097			1515.0	2.49589e-09
0.0152	0.772546			1520.0	6.27954e-09
0.01525	0.769996			1525.0	1.55702e-08
0.0153	0.759792			1530.0	1.93031e-08
0.01535	0.767445			1535.0	1.76168e-08
0.0154	0.767445			1540.0	6.64777e-09
0.01545	0.754691			1545.0	4.26423e-10
0.0155	0.769996			1550.0	5.38318e-09
0.01555	0.777648			1555.0	1.32384e-08
0.0156	0.777648			1560.0	2.84171e-08
0.01565	0.772546			1565.0	1.03758e-08
0.0157	0.767445			1570.0	6.88628e-10
0.01575	0.775097			1575.0	3.93791e-09
0.0158	0.772546			1580.0	4.09732e-10
0.01585	0.772546			1585.0	9.70852e-10
0.0159	0.767445			1590.0	1.51266e-09
0.01595	0.769996			1595.0	4.24238e-09
0.016	0.769996			1600.0	9.33651e-09
0.01605	0.769996			1605.0	3.74377e-08
0.0161	0.769996			1610.0	5.5729e-08
0.01615	0.769996			1615.0	3.23691e-08
0.0162	0.775097			1620.0	9.5699e-09
0.01625	0.777648			1625.0	6.24683e-09
0.0163	0.777648			1630.0	1.18289e-08
0.01635	0.772546			1635.0	1.308e-08
0.0164	0.764894			1640.0	3.75119e-09
0.01645	0.775097			1645.0	4.35064e-10
0.0165	0.777648			1650.0	5.89118e-10
0.01655	0.769996			1655.0	4.90212e-10
0.0166	0.775097			1660.0	8.09977e-10
0.01665	0.767445			1665.0	1.42947e-10
0.0167	0.767445			1670.0	2.01899e-10
0.01675	0.777648			1675.0	1.71506e-09
0.0168	0.769996			1680.0	2.05505e-10
0.01685	0.772546			1685.0	5.51531e-09
0.0169	0.769996			1690.0	1.29393e-08
0.01695	0.769996			1695.0	3.31571e-08
0.017	0.772546			1700.0	1.95643e-08
0.01705	0.769996			1705.0	3.65994e-09
0.0171	0.767445			1710.0	1.94339e-08
0.01715	0.767445			1715.0	2.55479e-08
0.0172	0.769996			1720.0	2.71157e-09
0.01725	0.780199			1725.0	3.07295e-08
0.0173	0.769996			1730.0	6.75047e-09
0.01735	0.769996			1735.0	7.66223e-09
0.0174	0.769996			1740.0	3.10522e-09
0.01745	0.772546			1745.0	4.25694e-09
0.0175	0.78275			1750.0	1.13715e-09
0.01755	0.775097			1755.0	8.31406e-09
0.0176	0.769996			1760.0	1.43894e-08
0.01765	0.764894			1765.0	1.76787e-09
0.0177	0.78275			1770.0	3.97594e-09
0.01775	0.775097			1775.0	8.93305e-09
0.0178	0.767445			1780.0	7.40127e-09
0.01785	0.767445			1785.0	3.62049e-10
0.0179	0.775097			1790.0	5.27732e-09
0.01795	0.775097			1795.0	6.66217e-09
0.018	0.769996			1800.0	2.11628e-08
0.01805	0.767445			1805.0	1.31844e-08
0.0181	0.764894			1810.0	1.22208e-08
0.01815	0.762343			1815.0	8.9376e-09
0.0182	0.772546			1820.0	3.02907e-08
0.01825	0.769996			1825.0	2.51129e-08
0.0183	0.775097			1830.0	2.04863e-08
0.01835	0.772546			1835.0	2.06589e-08
0.0184	0.777648			1840.0	1.96876e-08
0.01845	0.764894			1845.0	1.02803e-08
0.0185	0.775097			1850.0	3.91579e-09
0.01855	0.767445			1855.0	1.08821e-08
0.0186	0.767445			1860.0	1.10124e-08
0.01865	0.772546			1865.0	3.50293e-09
0.0187	0.777648			1870.0	1.20016e-08
0.01875	0.780199			1875.0	1.52329e-08
0.0188	0.772546			1880.0	8.16715e-10
0.01885	0.767445			1885.0	5.10782e-09
0.0189	0.767445			1890.0	7.69862e-09
0.01895	0.772546			1895.0	4.70606e-09
0.019	0.775097			1900.0	1.91134e-09
0.01905	0.78275			1905.0	6.13196e-09
0.0191	0.772546			1910.0	1.13258e-08
0.01915	0.767445			1915.0	3.59491e-10
0.0192	0.764894			1920.0	2.18389e-08
0.01925	0.767445			1925.0	5.92587e-09
0.0193	0.775097			1930.0	2.50321e-09
0.01935	0.769996			1935.0	1.26049e-08
0.0194	0.769996			1940.0	5.23631e-08
0.01945	0.772546			1945.0	3.6723e-08
0.0195	0.78275			1950.0	6.09709e-10
0.01955	0.78275			1955.0	7.1651e-09
0.0196	0.772546			1960.0	9.67271e-09
0.01965	0.759792			1965.0	5.30486e-09
0.0197	0.769996			1970.0	5.6267e-09
0.01975	0.769996			1975.0	1.2508e-08
0.0198	0.777648			1980.0	8.85825e-09
0.01985	0.769996			1985.0	9.12294e-08
0.0199	0.769996			1990.0	7.13595e-08
0.01995	0.764894			1995.0	2.36911e-09
0.02	0.775097			2000.0	1.05093e-07
0.02005	0.78275			2005.0	3.92521e-08
0.0201	0.772546			2010.0	4.74667e-09
0.02015	0.772546			2015.0	1.00094e-08
0.0202	0.767445			2020.0	1.49423e-08
0.02025	0.772546			2025.0	4.06818e-09
0.0203	0.775097			2030.0	4.13924e-09
0.02035	0.775097			2035.0	4.12506e-08
0.0204	0.775097			2040.0	2.80298e-08
0.02045	0.769996			2045.0	3.09654e-08
0.0205	0.764894			2050.0	1.97845e-09
0.02055	0.772546			2055.0	1.02833e-07
0.0206	0.78275			2060.0	3.64669e-08
0.02065	0.780199			2065.0	1.01903e-08
0.0207	0.775097			2070.0	1.6303e-07
0.02075	0.772546			2075.0	3.38796e-07
0.0208	0.769996			2080.0	6.02821e-08
0.02085	0.769996			2085.0	2.6272e-08
0.0209	0.775097			2090.0	1.1227e-07
0.02095	0.769996			2095.0	1.37897e-07
0.021	0.775097			2100.0	6.74511e-08
0.02105	0.775097			2105.0	4.54233e-08
0.0211	0.769996			2110.0	9.7629e-08
0.02115	0.790402			2115.0	3.76773e-07
0.0212	0.772546			2120.0	3.05567e-07
0.02125	0.775097			2125.0	1.69019e-07
0.0213	0.772546			2130.0	2.67975e-07
0.02135	0.769996			2135.0	1.88403e-07
0.0214	0.767445			2140.0	2.01112e-07
0.02145	0.777648			2145.0	1.10498e-07
0.0215	0.777648			2150.0	8.63773e-08
0.02155	0.775097			2155.0	3.16393e-07
0.0216	0.769996			2160.0	2.75075e-07
0.02165	0.767445			2165.0	1.50268e-07
0.0217	0.762343			2170.0	4.38775e-07
0.02175	0.775097			2175.0	8.33248e-07
0.0218	0.780199			2180.0	1.54223e-06
0.02185	0.78275			2185.0	1.39763e-06
0.0219	0.772546			2190.0	7.87763e-07
0.02195	0.767445			2195.0	1.11653e-07
0.022	0.769996			2200.0	7.13263e-08
0.02205	0.767445			2205.0	2.14686e-07
0.0221	0.775097			2210.0	1.78459e-07
0.02215	0.775097			2215.0	8.02794e-08
0.0222	0.775097			2220.0	3.31088e-08
0.02225	0.769996			2225.0	3.21162e-08
0.0223	0.775097			2230.0	2.78765e-07
0.02235	0.775097			2235.0	2.72722e-07
0.0224	0.775097			2240.0	1.29415e-07
0.02245	0.772546			2245.0	1.5573e-07
0.0225	0.764894			2250.0	1.49422e-07
0.02255	0.759792			2255.0	3.09314e-08
0.0226	0.780199			2260.0	3.21018e-07
0.02265	0.780199			2265.0	2.81974e-07
0.0227	0.780199			2270.0	8.99772e-08
0.02275	0.772546			2275.0	3.03023e-08
0.0228	0.769996			2280.0	9.47012e-08
0.02285	0.762343			2285.0	7.03474e-08
0.0229	0.772546			2290.0	7.41924e-08
0.02295	0.772546			2295.0	4.61497e-09
0.023	0.772546			2300.0	9.18778e-09
0.02305	0.777648			2305.0	1.66627e-08
0.0231	0.769996			2310.0	6.05177e-08
0.02315	0.772546			2315.0	4.31629e-08
0.0232	0.767445			2320.0	1.49976e-08
0.02325	0.769996			2325.0	4.36274e-09
0.0233	0.769996			2330.0	5.04065e-09
0.02335	0.759792			2335.0	1.97842e-08
0.0234	0.769996			2340.0	3.10717e-08
0.02345	0.78275			2345.0	7.46179e-08
0.0235	0.790402			2350.0	1.67962e-08
0.02355	0.78275			2355.0	7.05601e-08
0.0236	0.775097			2360.0	5.94511e-08
0.02365	0.767445			2365.0	2.44262e-08
0.0237	0.767445			2370.0	7.07512e-08
0.02375	0.764894			2375.0	8.25792e-08
0.0238	0.772546			2380.0	2.30493e-08
0.02385	0.775097			2385.0	2.77893e-09
0.0239	0.772546			2390.0	3.71049e-09
0.02395	0.769996			2395.0	1.77955e-08
0.024	0.769996			2400.0	2.1104e-08
0.02405	0.772546			2405.0	5.97719e-08
0.0241	0.777648			2410.0	9.31956e-10
0.02415	0.775097			2415.0	6.00102e-08
0.0242	0.772546			2420.0	3.54925e-08
0.02425	0.769996			2425.0	1.65466e-08
0.0243	0.764894			2430.0	9.36073e-10
0.02435	0.775097			2435.0	2.83054e-09
0.0244	0.777648			2440.0	2.54317e-08
0.02445	0.777648			2445.0	1.0554e-08
0.0245	0.767445			2450.0	1.78735e-08
0.02455	0.772546			2455.0	3.24504e-08
0.0246	0.769996			2460.0	2.14336e-08
0.02465	0.777648			2465.0	6.59794e-08
0.0247	0.780199			2470.0	1.76591e-07
0.02475	0.780199			2475.0	2.31722e-08
0.0248	0.769996			2480.0	1.24721e-07
0.02485	0.775097			2485.0	2.31492e-07
0.0249	0.767445			2490.0	1.63433e-07
0.02495	0.772546			2495.0	6.30438e-08
0.025	0.777648			2500.0	1.25248e-08
0.02505	0.787851			2505.0	5.1642e-08
0.0251	0.780199			2510.0	1.21728e-07
0.02515	0.772546			2515.0	1.30601e-08
0.0252	0.759792			2520.0	5.81039e-08
0.02525	0.772546			2525.0	7.00083e-08
0.0253	0.775097			2530.0	4.3627e-09
0.02535	0.780199			2535.0	1.76581e-07
0.0254	0.775097			2540.0	2.05434e-07
0.02545	0.772546			2545.0	3.55411e-08
0.0255	0.769996			2550.0	1.6587e-07
0.02555	0.769996			2555.0	4.48185e-08
0.0256	0.777648			2560.0	1.08145e-08
0.02565	0.775097			2565.0	4.15644e-08
0.0257	0.777648			2570.0	1.18046e-08
0.02575	0.769996			2575.0	2.84453e-09
0.0258	0.767445			2580.0	5.98276e-08
0.02585	0.780199			2585.0	1.80066e-08
0.0259	0.775097			2590.0	1.7172e-08
0.02595	0.7853			2595.0	4.3339e-08
0.026	0.772546			2600.0	1.04981e-07
0.02605	0.767445			2605.0	8.76878e-08
0.0261	0.769996			2610.0	1.63438e-08
0.02615	0.769996			2615.0	7.85396e-08
0.0262	0.769996			2620.0	3.51073e-07
0.02625	0.775097			2625.0	2.28638e-07
0.0263	0.78275			2630.0	8.06255e-08
0.02635	0.780199			2635.0	8.6831e-08
0.0264	0.767445			2640.0	6.2247e-08
0.02645	0.767445			2645.0	1.28457e-07
0.0265	0.772546			2650.0	1.58774e-07
0.02655	0.777648			2655.0	3.6359e-08
0.0266	0.777648			2660.0	1.25467e-08
0.02665	0.775097			2665.0	1.74119e-08
0.0267	0.769996			2670.0	4.95929e-08
0.02675	0.772546			2675.0	1.60812e-07
0.0268	0.772546			2680.0	8.52645e-08
0.02685	0.78275			2685.0	1.7807e-08
0.0269	0.780199			2690.0	3.06022e-08
0.02695	0.769996			2695.0	8.9745e-08
0.027	0.775097			2700.0	1.92365e-07
0.02705	0.769996			2705.0	1.49675e-07
0.0271	0.772546			2710.0	6.83347e-09
0.02715	0.772546			2715.0	1.35797e-08
0.0272	0.78275			2720.0	3.33101e-09
0.02725	0.772546			2725.0	3.32601e-08
0.0273	0.772546			2730.0	1.32799e-08
0.02735	0.772546			2735.0	4.24348e-09
0.0274	0.769996			2740.0	9.62596e-09
0.02745	0.78275			2745.0	5.08796e-08
0.0275	0.780199			2750.0	4.31263e-08
0.02755	0.780199			2755.0	8.09196e-08
0.0276	0.772546			2760.0	1.18635e-07
0.02765	0.764894			2765.0	1.94709e-08
0.0277	0.772546			2770.0	1.58444e-08
0.02775	0.769996			2775.0	2.91405e-08
0.0278	0.775097			2780.0	2.67705e-08
0.02785	0.78275			2785.0	5.03807e-08
0.0279	0.775097			2790.0	2.94772e-08
0.02795	0.772546			2795.0	6.78957e-09
0.028	0.769996			2800.0	1.46958e-08
0.02805	0.78275			2805.0	1.93397e-08
0.0281	0.772546			2810.0	1.92067e-08
0.02815	0.777648			2815.0	1.08485e-07
0.0282	0.772546			2820.0	5.43882e-08
0.02825	0.780199			2825.0	2.99744e-09
0.0283	0.777648			2830.0	1.43795e-08
0.02835	0.769996			2835.0	6.78028e-09
0.0284	0.767445			2840.0	1.79854e-08
0.02845	0.78275			2845.0	1.9878e-08
0.0285	0.777648			2850.0	3.62412e-08
0.02855	0.772546			2855.0	1.23443e-08
0.0286	0.777648			2860.0	1.4492e-09
0.02865	0.775097			2865.0	2.50751e-09
0.0287	0.769996			2870.0	3.84294e-08
0.02875	0.780199			2875.0	2.71368e-08
0.0288	0.775097			2880.0	1.01239e-08
0.02885	0.780199			2885.0	8.86222e-09
0.0289	0.78275			2890.0	1.80911e-08
0.02895	0.78275			2895.0	2.50945e-08
0.029	0.769996			2900.0	4.13756e-09
0.02905	0.775097			2905.0	2.81764e-08
0.0291	0.777648			2910.0	4.16231e-10
0.02915	0.772546			2915.0	2.59497e-08
0.0292	0.777648			2920.0	5.56592e-09
0.02925	0.769996			2925.0	6.22291e-10
0.0293	0.780199			2930.0	2.88902e-09
0.02935	0.764894			2935.0	2.53162e-08
0.0294	0.769996			2940.0	7.93458e-09
0.02945	0.775097			2945.0	6.86383e-09
0.0295	0.787851			2950.0	8.28798e-09
0.02955	0.78275			2955.0	1.13666e-08
0.0296	0.775097			2960.0	3.80944e-09
0.02965	0.775097			2965.0	2.86141e-08
0.0297	0.772546			2970.0	7.66591e-09
0.02975	0.772546			2975.0	5.21988e-09
0.0298	0.787851			2980.0	2.87982e-08
0.02985	0.78275			2985.0	2.3041e-10
0.0299	0.78275			2990.0	2.05928e-08
0.02995	0.777648			2995.0	5.8054e-09
0.03	0.767445			3000.0	8.65272e-09
0.03005	0.772546			3005.0	1.31242e-08
0.0301	0.769996			3010.0	2.05198e-08
0.03015	0.772546			3015.0	5.14805e-09
0.0302	0.78275			3020.0	3.54756e-08
0.03025	0.775097			3025.0	2.83004e-08
0.0303	0.780199			3030.0	2.79711e-08
0.03035	0.769996			3035.0	5.84534e-08
0.0304	0.767445			3040.0	1.98378e-08
0.03045	0.775097			3045.0	6.3447e-09
0.0305	0.780199			3050.0	2.0047e-08
0.03055	0.7853			3055.0	1.44791e-08
0.0306	0.7853			3060.0	6.11376e-09
0.03065	0.777648			3065.0	8.75819e-09
0.0307	0.772546			3070.0	6.32653e-09
0.03075	0.767445			3075.0	2.56893e-09
0.0308	0.775097			3080.0	2.41066e-08
0.03085	0.769996			3085.0	2.49183e-08
0.0309	0.78275			3090.0	3.71361e-08
0.03095	0.775097			3095.0	4.42783e-08
0.031	0.780199			3100.0	4.5434e-08
0.03105	0.775097			3105.0	7.6345e-09
0.0311	0.769996			3110.0	2.34347e-08
0.03115	0.772546			3115.0	3.40603e-08
0.0312	0.769996			3120.0	2.03637e-08
0.03125	0.780199			3125.0	1.06106e-08
0.0313	0.775097			3130.0	1.5568e-08
0.03135	0.7853			3135.0	9.46626e-09
0.0314	0.78275			3140.0	8.55653e-09
0.03145	0.769996			3145.0	8.12076e-09
0.0315	0.769996			3150.0	2.30391e-08
0.03155	0.769996			3155.0	1.05685e-08
0.0316	0.775097			3160.0	2.57126e-09
0.03165	0.777648			3165.0	6.72182e-09
0.0317	0.7853			3170.0	1.22012e-08
0.03175	0.777648			3175.0	2.76703e-08
0.0318	0.780199			3180.0	4.5374e-09
0.03185	0.780199			3185.0	2.64364e-09
0.0319	0.78275			3190.0	4.74612e-09
0.03195	0.78275			3195.0	1.45812e-08
0.032	0.775097			3200.0	2.75507e-09
0.03205	0.769996			3205.0	9.05163e-10
0.0321	0.772546			3210.0	4.14423e-09
0.03215	0.777648			3215.0	2.52302e-09
0.0322	0.772546			3220.0	6.94384e-09
0.03225	0.78275			3225.0	2.18354e-08
0.0323	0.787851			3230.0	1.59624e-08
0.03235	0.772546			3235.0	6.5898e-09
0.0324	0.780199			3240.0	3.59439e-09
0.03245	0.775097			3245.0	2.28587e-08
0.0325	0.777648			3250.0	4.78629e-09
0.03255	0.777648			3255.0	9.00255e-09
0.0326	0.78275			3260.0	4.86274e-09
0.03265	0.780199			3265.0	3.46396e-09
0.0327	0.777648			3270.0	2.93318e-08
0.03275	0.772546			3275.0	3.74128e-08
0.0328	0.772546			3280.0	1.56184e-08
0.03285	0.775097			3285.0	9.4537e-10
0.0329	0.780199			3290.0	1.57807e-09
0.03295	0.78275			3295.0	1.99981e-08
0.033	0.780199			3300.0	4.97664e-09
0.03305	0.775097			3305.0	1.38997e-08
0.0331	0.78275			3310.0	1.03526e-09
0.03315	0.772546			3315.0	1.60079e-08
0.0332	0.777648			3320.0	3.11402e-10
0.03325	0.78275			3325.0	3.04707e-09
0.0333	0.787851			3330.0	3.61876e-09
0.03335	0.7853			3335.0	6.24953e-09
0.0334	0.775097			3340.0	8.19861e-09
0.03345	0.775097			3345.0	5.07654e-08
0.0335	0.777648			3350.0	4.49886e-08
0.03355	0.777648			3355.0	1.33188e-08
0.0336	0.777648			3360.0	2.80316e-08
0.03365	0.792953			3365.0	1.3084e-08
0.0337	0.7853			3370.0	2.02756e-08
0.03375	0.772546			3375.0	8.74818e-09
0.0338	0.772546			3380.0	1.21007e-08
0.03385	0.777648			3385.0	3.88617e-08
0.0339	0.775097			3390.0	1.08438e-08
0.03395	0.775097			3395.0	9.12785e-09
0.034	0.78275			3400.0	5.62434e-08
0.03405	0.777648			3405.0	1.90154e-08
0.0341	0.7853			3410.0	3.80039e-08
0.03415	0.780199			3415.0	1.47506e-08
0.0342	0.777648			3420.0	8.96332e-09
0.03425	0.772546			3425.0	1.92584e-08
0.0343	0.777648			3430.0	1.00979e-09
0.03435	0.787851			3435.0	1.06088e-08
0.0344	0.7853			3440.0	2.46434e-08
0.03445	0.780199			3445.0	1.83482e-08
0.0345	0.780199			3450.0	1.18504e-08
0.03455	0.775097			3455.0	1.64971e-08
0.0346	0.772546			3460.0	1.83128e-08
0.03465	0.777648			3465.0	5.90189e-09
0.0347	0.780199			3470.0	3.75141e-08
0.03475	0.777648			3475.0	1.91048e-08
0.0348	0.787851			3480.0	1.50938e-09
0.03485	0.777648			3485.0	1.4525e-09
0.0349	0.775097			3490.0	3.88071e-08
0.03495	0.777648			3495.0	2.06657e-08
0.035	0.769996			3500.0	1.14248e-08
0.03505	0.78275			3505.0	2.10731e-08
0.0351	0.780199			3510.0	3.2318e-08
0.03515	0.78275			3515.0	2.07714e-08
0.0352	0.78275			3520.0	2.0462e-08
0.03525	0.777648			3525.0	2.31408e-08
0.0353	0.78275			3530.0	1.64397e-08
0.03535	0.775097			3535.0	7.92273e-08
0.0354	0.780199			3540.0	7.25e-08
0.03545	0.7853			3545.0	2.77317e-09
0.0355	0.78275			3550.0	3.03056e-08
0.03555	0.7853			3555.0	1.9882e-08
0.0356	0.787851			3560.0	1.24383e-08
0.03565	0.775097			3565.0	9.93787e-09
0.0357	0.775097			3570.0	4.63944e-08
0.03575	0.775097			3575.0	2.35278e-08
0.0358	0.780199			3580.0	3.04079e-09
0.03585	0.78275			3585.0	1.23e-09
0.0359	0.7853			3590.0	1.57015e-08
0.03595	0.780199			3595.0	1.60493e-08
0.036	0.78275			3600.0	1.79802e-10
0.03605	0.775097			3605.0	8.15517e-09
0.0361	0.775097			3610.0	6.00761e-09
0.03615	0.777648			3615.0	4.73123e-08
0.0362	0.780199			3620.0	5.6853e-08
0.03625	0.777648			3625.0	1.87673e-10
0.0363	0.787851			3630.0	2.87539e-09
0.03635	0.777648			3635.0	7.28474e-09
0.0364	0.772546			3640.0	1.44765e-08
0.03645	0.775097			3645.0	7.74611e-09
0.0365	0.775097			3650.0	8.66195e-10
0.03655	0.780199			3655.0	1.32792e-08
0.0366	0.780199			3660.0	8.2985e-09
0.03665	0.775097			3665.0	2.3101e-09
0.0367	0.787851			3670.0	1.03973e-08
0.03675	0.78275			3675.0	1.54816e-08
0.0368	0.780199			3680.0	2.20868e-09
0.03685	0.777648			3685.0	2.24865e-08
0.0369	0.775097			3690.0	2.60989e-08
0.03695	0.780199			3695.0	1.61674e-08
0.037	0.777648			3700.0	7.46321e-09
0.03705	0.772546			3705.0	2.54861e-09
0.0371	0.787851			3710.0	2.34652e-10
0.03715	0.78275			3715.0	9.92037e-10
0.0372	0.780199			3720.0	5.72542e-09
0.03725	0.775097			3725.0	4.33335e-09
0.0373	0.775097			3730.0	4.32795e-09
0.03735	0.772546			3735.0	7.76304e-11
0.0374	0.772546			3740.0	8.53191e-09
0.03745	0.775097			3745.0	1.81872e-08
0.0375	0.78275			3750.0	3.07316e-09
0.03755	0.78275			3755.0	2.80626e-08
0.0376	0.780199			3760.0	2.01809e-08
0.03765	0.762343			3765.0	2.09559e-09
0.0377	0.775097			3770.0	7.27952e-10
0.03775	0.78275			3775.0	1.09442e-08
0.0378	0.777648			3780.0	2.83609e-08
0.03785	0.78275			3785.0	2.09541e-08
0.0379	0.78275			3790.0	2.59666e-08
0.03795	0.78275			3795.0	1.91932e-08
0.038	0.780199			3800.0	1.96885e-08
0.03805	0.775097			3805.0	1.61602e-08
0.0381	0.780199			3810.0	2.83609e-09
0.03815	0.777648			3815.0	1.14249e-10
0.0382	0.7853			3820.0	2.32003e-08
0.03825	0.790402			3825.0	3.28315e-08
0.0383	0.780199			3830.0	8.90025e-09
0.03835	0.769996			3835.0	2.20367e-09
0.0384	0.777648			3840.0	2.58854e-10
0.03845	0.762343			3845.0	1.10821e-08
0.0385	0.777648			3850.0	1.86841e-09
0.03855	0.775097			3855.0	1.70554e-09
0.0386	0.780199			3860.0	1.40238e-08
0.03865	0.78275			3865.0	3.15376e-08
0.0387	0.777648			3870.0	1.83805e-08
0.03875	0.775097			3875.0	3.88951e-08
0.0388	0.772546			3880.0	1.20772e-09
0.03885	0.769996			3885.0	7.50564e-11
0.0389	0.780199			3890.0	1.43953e-09
0.03895	0.772546			3895.0	5.40638e-09
0.039	0.792953			3900.0	6.50734e-09
0.03905	0.78275			3905.0	1.05375e-08
0.0391	0.780199			3910.0	1.75867e-08
0.03915	0.777648			3915.0	4.89486e-09
0.0392	0.769996			3920.0	3.82482e-08
0.03925	0.777648			3925.0	2.84474e-08
0.0393	0.777648			3930.0	2.32063e-09
0.03935	0.792953			3935.0	3.49322e-08
0.0394	0.780199			3940.0	3.27823e-08
0.03945	0.7853			3945.0	2.01582e-08
0.0395	0.790402			3950.0	1.67407e-08
0.03955	0.780199			3955.0	4.06645e-09
0.0396	0.7853			3960.0	2.78418e-08
0.03965	0.7853			3965.0	2.1748e-08
0.0397	0.78275			3970.0	1.76037e-08
0.03975	0.775097			3975.0	1.31482e-08
0.0398	0.780199			3980.0	3.22496e-09
0.03985	0.787851			3985.0	4.68006e-10
0.0399	0.792953			3990.0	4.16584e-09
0.03995	0.777648			3995.0	1.90036e-09
0.04	0.787851			4000.0	8.69886e-09
0.04005	0.780199			4005.0	1.60657e-09
0.0401	0.78275			4010.0	1.87095e-08
0.04015	0.7853			4015.0	2.49772e-08
0.0402	0.78275			4020.0	2.03321e-08
0.04025	0.7853			4025.0	6.09387e-09
0.0403	0.7853			4030.0	7.79413e-10
0.04035	0.780199			4035.0	1.38417e-08
0.0404	0.78275			4040.0	1.35318e-08
0.04045	0.772546			4045.0	9.06643e-09
0.0405	0.780199			4050.0	3.33129e-10
0.04055	0.780199			4055.0	1.46144e-09
0.0406	0.795504			4060.0	6.66998e-09
0.04065	0.790402			4065.0	1.79076e-09
0.0407	0.7853			4070.0	1.58954e-08
0.04075	0.78275			4075.0	4.01367e-09
0.0408	0.78275			4080.0	5.06832e-09
0.04085	0.775097			4085.0	5.41383e-09
0.0409	0.780199			4090.0	1.99368e-08
0.04095	0.78275			4095.0	4.1219e-08
0.041	0.777648			4100.0	1.02921e-08
0.04105	0.790402			4105.0	1.15127e-09
0.0411	0.7853			4110.0	8.44047e-09
0.04115	0.780199			4115.0	2.65852e-08
0.0412	0.78275			4120.0	2.79526e-08
0.04125	0.780199			4125.0	1.39574e-08
0.0413	0.780199			4130.0	4.61693e-09
0.04135	0.780199			4135.0	4.52994e-09
0.0414	0.775097			4140.0	8.11275e-10
0.04145	0.777648			4145.0	2.36308e-08
0.0415	0.780199			4150.0	9.18611e-09
0.04155	0.777648			4155.0	5.19233e-09
0.0416	0.787851			4160.0	2.40784e-08
0.04165	0.777648			4165.0	2.01271e-08
0.0417	0.775097			4170.0	9.30733e-09
0.04175	0.772546			4175.0	1.81634e-08
0.0418	0.7853			4180.0	2.48843e-08
0.04185	0.775097			4185.0	9.0876e-09
0.0419	0.78275			4190.0	5.61635e-09
0.04195	0.7853			4195.0	4.21271e-09
0.042	0.777648			4200.0	4.49534e-11
0.04205	0.780199			4205.0	3.53291e-08
0.0421	0.775097			4210.0	6.07441e-08
0.04215	0.78275			4215.0	2.97974e-08
0.0422	0.78275			4220.0	2.87606e-08
0.04225	0.7853			4225.0	7.20037e-09
0.0423	0.780199			4230.0	9.51313e-10
0.04235	0.775097			4235.0	5.1877e-09
0.0424	0.78275			4240.0	6.39059e-09
0.04245	0.78275			4245.0	2.54275e-08
0.0425	0.780199			4250.0	3.16543e-08
0.04255	0.777648			4255.0	1.51807e-08
0.0426	0.78275			4260.0	5.32144e-09
0.04265	0.78275			4265.0	2.87122e-09
0.0427	0.78275			4270.0	3.95808e-10
0.04275	0.7853			4275.0	8.78929e-09
0.0428	0.790402			4280.0	2.03003e-09
0.04285	0.775097			4285.0	5.13741e-09
0.0429	0.777648			4290.0	4.35105e-09
0.04295	0.78275			4295.0	3.08153e-09
0.043	0.7853			4300.0	2.01425e-08
0.04305	0.78275			4305.0	1.65052e-08
0.0431	0.78275			4310.0	1.11311e-09
0.04315	0.780199			4315.0	1.44587e-09
0.0432	0.777648			4320.0	2.31364e-08
0.04325	0.780199			4325.0	3.74807e-08
0.0433	0.780199			4330.0	5.64619e-09
0.04335	0.777648			4335.0	3.38589e-09
0.0434	0.787851			4340.0	5.92441e-10
0.04345	0.790402			4345.0	3.21688e-10
0.0435	0.78275			4350.0	2.2817e-09
0.04355	0.78275			4355.0	1.56863e-08
0.0436	0.78275			4360.0	1.2734e-08
0.04365	0.780199			4365.0	4.2685e-09
0.0437	0.787851			4370.0	1.83238e-08
0.04375	0.777648			4375.0	1.16521e-08
0.0438	0.780199			4380.0	7.66405e-09
0.04385	0.7853			4385.0	1.58609e-08
0.0439	0.7853			4390.0	2.50145e-08
0.04395	0.78275			4395.0	8.29879e-09
0.044	0.78275			4400.0	5.86139e-09
0.04405	0.775097			4405.0	1.64712e-08
0.0441	0.777648			4410.0	2.55836e-08
0.04415	0.78275			4415.0	2.77945e-08
0.0442	0.787851			4420.0	9.07101e-09
0.04425	0.7853			4425.0	1.13594e-08
0.0443	0.78275			4430.0	5.21809e-09
0.04435	0.775097			4435.0	1.04268e-08
0.0444	0.790402			4440.0	4.16992e-08
0.04445	0.7853			4445.0	1.65248e-08
0.0445	0.78275			4450.0	1.94739e-09
0.04455	0.787851			4455.0	2.20525e-08
0.0446	0.777648			4460.0	2.07761e-08
0.04465	0.780199			4465.0	2.92181e-09
0.0447	0.78275			4470.0	1.14904e-09
0.04475	0.78275			4475.0	5.25605e-09
0.0448	0.78275			4480.0	3.43078e-09
0.04485	0.772546			4485.0	2.3068e-09
0.0449	0.775097			4490.0	1.73349e-08
0.04495	0.78275			4495.0	3.06183e-08
0.045	0.78275			4500.0	2.03367e-08
0.04505	0.780199			4505.0	1.12101e-08
0.0451	0.787851			4510.0	6.24101e-09
0.04515	0.792953			4515.0	2.5859e-09
0.0452	0.780199			4520.0	7.4456e-09
0.04525	0.7853			4525.0	1.82549e-08
0.0453	0.780199			4530.0	2.15421e-09
0.04535	0.780199			4535.0	1.86158e-08
0.0454	0.7853			4540.0	3.75007e-08
0.04545	0.78275			4545.0	9.4244e-09
0.0455	0.775097			4550.0	9.02098e-10
0.04555	0.787851			4555.0	1.56595e-08
0.0456	0.795504			4560.0	4.8828e-08
0.04565	0.777648			4565.0	2.84415e-08
0.0457	0.78275			4570.0	1.7004e-08
0.04575	0.780199			4575.0	3.04715e-09
0.0458	0.78275			4580.0	1.63882e-09
0.04585	0.7853			4585.0	6.11317e-09
0.0459	0.777648			4590.0	1.16464e-08
0.04595	0.78275			4595.0	8.89467e-09
0.046	0.790402			4600.0	7.7323e-09
0.04605	0.7853			4605.0	2.10846e-08
0.0461	0.78275			4610.0	3.0333e-08
0.04615	0.7853			4615.0	1.6378e-09
0.0462	0.780199			4620.0	1.06339e-08
0.04625	0.78275			4625.0	4.5322e-10
0.0463	0.777648			4630.0	6.61616e-09
0.04635	0.787851			4635.0	2.09942e-09
0.0464	0.792953			4640.0	4.02346e-10
0.04645	0.787851			4645.0	8.64829e-09
0.0465	0.78275			4650.0	2.67745e-08
0.04655	0.78275			4655.0	1.37641e-08
0.0466	0.780199			4660.0	2.49754e-08
0.04665	0.780199			4665.0	2.62823e-08
0.0467	0.780199			4670.0	6.70448e-09
0.04675	0.78275			4675.0	6.90258e-09
0.0468	0.787851			4680.0	3.37883e-09
0.04685	0.780199			4685.0	5.23014e-09
0.0469	0.790402			4690.0	1.0895e-08
0.04695	0.775097			4695.0	8.25042e-09
0.047	0.772546			4700.0	1.33493e-08
0.04705	0.7853			4705.0	1.5074e-08
0.0471	0.787851			4710.0	6.65089e-10
0.04715	0.787851			4715.0	3.04293e-09
0.0472	0.787851			4720.0	7.4079e-09
0.04725	0.775097			4725.0	7.46987e-09
0.0473	0.78275			4730.0	1.79705e-08
0.04735	0.7853			4735.0	1.4447e-10
0.0474	0.787851			4740.0	1.53498e-08
0.04745	0.7853			4745.0	5.11444e-09
0.0475	0.78275			4750.0	3.2102e-09
0.04755	0.780199			4755.0	9.98215e-09
0.0476	0.780199			4760.0	2.8322e-08
0.04765	0.78275			4765.0	2.55176e-08
0.0477	0.787851			4770.0	1.7127e-08
0.04775	0.780199			4775.0	1.38998e-08
0.0478	0.780199			4780.0	1.21518e-08
0.04785	0.7853			4785.0	1.25092e-08
0.0479	0.780199			4790.0	6.05407e-10
0.04795	0.792953			4795.0	2.83194e-09
0.048	0.7853			4800.0	5.87522e-09
0.04805	0.787851			4805.0	7.6841e-09
0.0481	0.7853			4810.0	1.24075e-08
0.04815	0.7853			4815.0	1.07404e-08
0.0482	0.7853			4820.0	1.68098e-08
0.04825	0.772546			4825.0	1.76818e-08
0.0483	0.777648			4830.0	1.72039e-08
0.04835	0.775097			4835.0	1.80688e-09
0.0484	0.780199			4840.0	1.2321e-08
0.04845	0.775097			4845.0	1.08535e-08
0.0485	0.780199			4850.0	1.62831e-10
0.04855	0.78275			4855.0	1.71651e-09
0.0486	0.777648			4860.0	5.53903e-09
0.04865	0.777648			4865.0	3.41659e-09
0.0487	0.777648			4870.0	1.05613e-09
0.04875	0.777648			4875.0	5.14359e-09
0.0488	0.78275			4880.0	9.34742e-09
0.04885	0.792953			4885.0	7.59609e-10
0.0489	0.7853			4890.0	2.38956e-09
0.04895	0.792953			4895.0	1.0353e-08
0.049	0.780199			4900.0	3.31645e-09
0.04905	0.777648			4905.0	7.79401e-09
0.0491	0.780199			4910.0	9.3918e-09
0.04915	0.78275			4915.0	9.70747e-09
0.0492	0.780199			4920.0	2.15367e-08
0.04925	0.7853			4925.0	1.95543e-08
0.0493	0.7853			4930.0	4.6336e-09
0.04935	0.792953			4935.0	1.87808e-08
0.0494	0.78275			4940.0	1.11969e-08
0.04945	0.780199			4945.0	1.55088e-08
0.0495	0.78275			4950.0	1.04063e-08
0.04955	0.78275			4955.0	3.2119e-09
0.0496	0.790402			4960.0	3.17233e-09
0.04965	0.787851			4965.0	1.0621e-09
0.0497	0.787851			4970.0	3.21204e-09
0.04975	0.792953			4975.0	2.25348e-09
0.0498	0.777648			4980.0	3.2402e-09
0.04985	0.777648			4985.0	8.64271e-10
0.0499	0.777648			4990.0	1.15053e-08
0.04995	0.777648			4995.0	2.11107e-08
0.05	0.78275			5000.0	1.63487e-09
0.05005	0.790402			5005.0	9.62332e-09
0.0501	0.792953			5010.0	1.37285e-08
0.05015	0.790402			5015.0	3.11107e-08
0.0502	0.787851			5020.0	9.37406e-09
0.05025	0.78275			5025.0	1.90026e-09
0.0503	0.777648			5030.0	5.97544e-09
0.05035	0.78275			5035.0	4.27416e-09
0.0504	0.790402			5040.0	1.26758e-08
0.05045	0.78275			5045.0	3.25259e-09
0.0505	0.7853			5050.0	9.45502e-09
0.05055	0.7853			5055.0	2.47095e-09
0.0506	0.78275			5060.0	1.29726e-08
0.05065	0.780199			5065.0	8.08622e-09
0.0507	0.775097			5070.0	8.2833e-09
0.05075	0.78275			5075.0	5.20054e-09
0.0508	0.792953			5080.0	1.77126e-08
0.05085	0.78275			5085.0	2.32716e-08
0.0509	0.790402			5090.0	2.80432e-09
0.05095	0.787851			5095.0	1.2257e-09
0.051	0.792953			5100.0	5.35092e-09
0.05105	0.7853			5105.0	3.33941e-09
0.0511	0.78275			5110.0	1.07656e-08
0.05115	0.780199			5115.0	3.71128e-09
0.0512	0.78275			5120.0	2.0439e-09
0.05125	0.78275			5125.0	6.85483e-09
0.0513	0.78275			5130.0	1.99123e-08
0.05135	0.787851			5135.0	3.41788e-08
0.0514	0.790402			5140.0	2.80595e-08
0.05145	0.787851			5145.0	2.11754e-09
0.0515	0.790402			5150.0	3.77839e-09
0.05155	0.78275			5155.0	2.19424e-08
0.0516	0.775097			5160.0	4.44073e-08
0.05165	0.780199			5165.0	7.476e-09
0.0517	0.790402			5170.0	6.05169e-09
0.05175	0.7853			5175.0	1.48319e-09
0.0518	0.792953			5180.0	7.53124e-09
0.05185	0.787851			5185.0	4.52877e-09
0.0519	0.787851			5190.0	2.48045e-09
0.05195	0.780199			5195.0	1.84416e-08
0.052	0.78275			5200.0	3.23902e-08
0.05205	0.777648			5205.0	1.32222e-09
0.0521	0.78275			5210.0	4.05909e-09
0.05215	0.78275			5215.0	2.04326e-09
0.0522	0.780199			5220.0	9.33202e-10
0.05225	0.787851			5225.0	2.72003e-09
0.0523	0.792953			5230.0	2.2325e-08
0.05235	0.780199			5235.0	4.87936e-08
0.0524	0.787851			5240.0	2.33238e-08
0.05245	0.78275			5245.0	5.41058e-09
0.0525	0.780199			5250.0	1.02628e-09
0.05255	0.78275			5255.0	8.46098e-10
0.0526	0.780199			5260.0	1.01923e-08
0.05265	0.790402			5265.0	2.77686e-08
0.0527	0.787851			5270.0	9.45433e-09
0.05275	0.780199			5275.0	2.46364e-09
0.0528	0.787851			5280.0	3.20344e-09
0.05285	0.780199			5285.0	5.51582e-09
0.0529	0.7853			5290.0	9.84266e-10
0.05295	0.78275			5295.0	2.78331e-10
0.053	0.78275			5300.0	1.3537e-08
0.05305	0.7853			5305.0	1.75657e-08
0.0531	0.787851			5310.0	2.4697e-08
0.05315	0.790402			5315.0	1.37221e-08
0.0532	0.792953			5320.0	4.01803e-09
0.05325	0.787851			5325.0	7.92849e-09
0.0533	0.777648			5330.0	3.69154e-09
0.05335	0.777648			5335.0	1.08929e-08
0.0534	0.78275			5340.0	1.93421e-08
0.05345	0.787851			5345.0	1.92308e-08
0.0535	0.790402			5350.0	8.57808e-09
0.05355	0.790402			5355.0	7.60601e-09
0.0536	0.7853			5360.0	5.36432e-10
0.05365	0.787851			5365.0	2.42812e-09
0.0537	0.787851			5370.0	1.66856e-09
0.05375	0.775097			5375.0	1.61527e-09
0.0538	0.787851			5380.0	1.29201e-08
0.05385	0.78275			5385.0	1.23985e-08
0.0539	0.78275			5390.0	4.26148e-09
0.05395	0.795504			5395.0	3.89639e-09
0.054	0.790402			5400.0	4.42788e-09
0.05405	0.792953			5405.0	8.22168e-09
0.0541	0.777648			5410.0	3.76081e-09
0.05415	0.780199			5415.0	3.3297e-08
0.0542	0.775097			5420.0	3.17918e-08
0.05425	0.780199			5425.0	7.40204e-10
0.0543	0.792953			5430.0	8.36875e-09
0.05435	0.790402			5435.0	1.70212e-08
0.0544	0.795504			5440.0	2.69399e-08
0.05445	0.795504			5445.0	4.57876e-08
0.0545	0.78275			5450.0	1.91082e-08
0.05455	0.772546			5455.0	8.64316e-09
0.0546	0.775097			5460.0	1.6459e-09
0.05465	0.780199			5465.0	1.81403e-08
0.0547	0.78275			5470.0	4.65449e-09
0.05475	0.787851			5475.0	2.97818e-10
0.0548	0.780199			5480.0	4.64705e-09
0.05485	0.798054			5485.0	2.83694e-09
0.0549	0.78275			5490.0	3.61408e-09
0.05495	0.780199			5495.0	2.72506e-08
0.055	0.790402			5500.0	5.47812e-08
0.05505	0.787851			5505.0	1.67649e-08
0.0551	0.780199			5510.0	6.57468e-09
0.05515	0.78275			5515.0	1.84135e-10
0.0552	0.78275			5520.0	5.90345e-09
0.05525	0.775097			5525.0	2.27859e-08
0.0553	0.78275			5530.0	3.49092e-08
0.05535	0.798054			5535.0	1.45992e-08
0.0554	0.790402			5540.0	3.18888e-09
0.05545	0.792953			5545.0	1.19299e-08
0.0555	0.780199			5550.0	1.66649e-08
0.05555	0.78275			5555.0	5.19745e-09
0.0556	0.777648			5560.0	1.79964e-08
0.05565	0.775097			5565.0	1.11893e-08
0.0557	0.790402			5570.0	5.52951e-10
0.05575	0.795504			5575.0	8.03381e-09
0.0558	0.787851			5580.0	6.87636e-09
0.05585	0.790402			5585.0	1.24503e-09
0.0559	0.792953			5590.0	3.10892e-09
0.05595	0.780199			5595.0	2.08128e-10
0.056	0.777648			5600.0	4.06944e-09
0.05605	0.772546			5605.0	1.83705e-08
0.0561	0.78275			5610.0	8.62677e-09
0.05615	0.792953			5615.0	1.79251e-08
0.0562	0.7853			5620.0	3.8763e-08
0.05625	0.798054			5625.0	1.2323e-08
0.0563	0.792953			5630.0	2.56399e-09
0.05635	0.780199			5635.0	6.57341e-09
0.0564	0.78275			5640.0	1.30041e-09
0.05645	0.777648			5645.0	3.77599e-09
0.0565	0.787851			5650.0	5.64168e-09
0.05655	0.787851			5655.0	1.94147e-08
0.0566	0.7853			5660.0	2.97553e-08
0.05665	0.790402			5665.0	6.46569e-08
0.0567	0.790402			5670.0	1.13954e-08
0.05675	0.792953			5675.0	5.53351e-10
0.0568	0.78275			5680.0	4.01693e-09
0.05685	0.78275			5685.0	1.2455999999999999e-08
0.0569	0.769996			5690.0	2.95096e-08
0.05695	0.780199			5695.0	1.54125e-08
0.057	0.78275			5700.0	1.227e-08
0.05705	0.78275			5705.0	2.04245e-08
0.0571	0.795504			5710.0	3.41036e-09
0.05715	0.790402			5715.0	2.53537e-08
0.0572	0.7853			5720.0	1.56077e-08
0.05725	0.780199			5725.0	2.45043e-09
0.0573	0.772546			5730.0	3.48033e-09
0.05735	0.787851			5735.0	2.83078e-09
0.0574	0.7853			5740.0	2.33042e-09
0.05745	0.787851			5745.0	1.2972e-08
0.0575	0.787851			5750.0	5.64604e-09
0.05755	0.7853			5755.0	4.11741e-09
0.0576	0.7853			5760.0	4.12037e-09
0.05765	0.787851			5765.0	5.59741e-09
0.0577	0.78275			5770.0	1.47204e-09
0.05775	0.7853			5775.0	2.71727e-09
0.0578	0.780199			5780.0	2.97588e-08
0.05785	0.787851			5785.0	1.85508e-08
0.0579	0.790402			5790.0	1.33929e-08
0.05795	0.790402			5795.0	2.63975e-09
0.058	0.787851			5800.0	1.25665e-08
0.05805	0.78275			5805.0	1.46902e-08
0.0581	0.78275			5810.0	8.35733e-09
0.05815	0.7853			5815.0	2.19597e-08
0.0582	0.7853			5820.0	1.49633e-08
0.05825	0.792953			5825.0	6.0549e-09
0.0583	0.78275			5830.0	1.59472e-08
0.05835	0.787851			5835.0	2.31825e-08
0.0584	0.78275			5840.0	1.24985e-08
0.05845	0.78275			5845.0	1.2986e-08
0.0585	0.7853			5850.0	2.29542e-09
0.05855	0.790402			5855.0	7.29589e-09
0.0586	0.78275			5860.0	3.38177e-08
0.05865	0.787851			5865.0	4.01775e-08
0.0587	0.780199			5870.0	2.28236e-08
0.05875	0.78275			5875.0	1.54555e-08
0.0588	0.787851			5880.0	1.29716e-08
0.05885	0.790402			5885.0	4.7338e-09
0.0589	0.792953			5890.0	1.62681e-08
0.05895	0.7853			5895.0	3.27836e-08
0.059	0.790402			5900.0	3.57151e-08
0.05905	0.78275			5905.0	7.7293e-09
0.0591	0.78275			5910.0	1.04693e-08
0.05915	0.78275			5915.0	2.15109e-08
0.0592	0.787851			5920.0	9.86662e-09
0.05925	0.7853			5925.0	2.6229e-09
0.0593	0.78275			5930.0	3.57751e-10
0.05935	0.790402			5935.0	7.9722e-10
0.0594	0.790402			5940.0	2.58918e-08
0.05945	0.787851			5945.0	3.09844e-08
0.0595	0.780199			5950.0	3.61113e-09
0.05955	0.78275			5955.0	6.89901e-09
0.0596	0.780199			5960.0	4.09416e-09
0.05965	0.7853			5965.0	6.98755e-09
0.0597	0.780199			5970.0	1.19323e-08
0.05975	0.78275			5975.0	1.2095e-08
0.0598	0.787851			5980.0	1.45717e-08
0.05985	0.790402			5985.0	2.17409e-08
0.0599	0.78275			5990.0	3.86756e-09
0.05995	0.78275			5995.0	2.82367e-08
0.06	0.780199			6000.0	3.81469e-08
0.06005	0.78275			6005.0	2.07255e-08
0.0601	0.78275			6010.0	7.12692e-09
0.06015	0.787851			6015.0	7.30799e-10
0.0602	0.792953			6020.0	3.99903e-09
0.06025	0.787851			6025.0	9.16799e-09
0.0603	0.787851			6030.0	4.50802e-09
0.06035	0.787851			6035.0	1.20414e-08
0.0604	0.78275			6040.0	1.36096e-08
0.06045	0.78275			6045.0	1.9333e-08
0.0605	0.78275			6050.0	3.83327e-08
0.06055	0.790402			6055.0	2.46703e-08
0.0606	0.790402			6060.0	1.46877e-08
0.06065	0.792953			6065.0	1.91008e-08
0.0607	0.7853			6070.0	8.12002e-09
0.06075	0.787851			6075.0	1.43436e-08
0.0608	0.78275			6080.0	2.06016e-08
0.06085	0.772546			6085.0	1.49741e-09
0.0609	0.780199			6090.0	7.95894e-09
0.06095	0.7853			6095.0	3.28108e-09
0.061	0.792953			6100.0	6.55714e-09
0.06105	0.787851			6105.0	5.6679e-08
0.0611	0.790402			6110.0	4.46888e-08
0.06115	0.790402			6115.0	3.13108e-09
0.0612	0.7853			6120.0	8.22589e-09
0.06125	0.787851			6125.0	3.61005e-09
0.0613	0.780199			6130.0	7.29564e-10
0.06135	0.780199			6135.0	7.44568e-10
0.0614	0.792953			6140.0	1.12396e-08
0.06145	0.787851			6145.0	5.31846e-08
0.0615	0.792953			6150.0	2.79413e-08
0.06155	0.795504			6155.0	2.92303e-08
0.0616	0.790402			6160.0	4.94474e-08
0.06165	0.7853			6165.0	3.35025e-08
0.0617	0.775097			6170.0	2.01639e-08
0.06175	0.78275			6175.0	1.55892e-08
0.0618	0.7853			6180.0	8.37142e-09
0.06185	0.790402			6185.0	1.46239e-08
0.0619	0.792953			6190.0	1.26376e-08
0.06195	0.7853			6195.0	1.52812e-09
0.062	0.792953			6200.0	3.84843e-09
0.06205	0.792953			6205.0	1.46081e-08
0.0621	0.78275			6210.0	5.66611e-10
0.06215	0.790402			6215.0	1.18301e-08
0.0622	0.780199			6220.0	2.57296e-08
0.06225	0.78275			6225.0	4.53811e-08
0.0623	0.795504			6230.0	3.64923e-08
0.06235	0.787851			6235.0	2.00893e-08
0.0624	0.790402			6240.0	4.58151e-08
0.06245	0.787851			6245.0	3.24291e-08
0.0625	0.78275			6250.0	1.27418e-08
0.06255	0.790402			6255.0	6.03854e-09
0.0626	0.792953			6260.0	5.46283e-09
0.06265	0.78275			6265.0	9.67344e-09
0.0627	0.78275			6270.0	1.20345e-09
0.06275	0.792953			6275.0	1.29737e-08
0.0628	0.787851			6280.0	2.13036e-08
0.06285	0.790402			6285.0	9.20726e-09
0.0629	0.787851			6290.0	5.01851e-09
0.06295	0.792953			6295.0	4.61468e-09
0.063	0.78275			6300.0	5.0403e-10
0.06305	0.787851			6305.0	1.01371e-08
0.0631	0.790402			6310.0	1.66268e-09
0.06315	0.787851			6315.0	1.17417e-08
0.0632	0.790402			6320.0	1.58473e-08
0.06325	0.780199			6325.0	3.45332e-09
0.0633	0.790402			6330.0	1.71298e-08
0.06335	0.790402			6335.0	5.33034e-09
0.0634	0.790402			6340.0	1.60921e-09
0.06345	0.787851			6345.0	3.33093e-09
0.0635	0.78275			6350.0	2.51097e-09
0.06355	0.790402			6355.0	8.53121e-10
0.0636	0.780199			6360.0	9.58509e-09
0.06365	0.787851			6365.0	1.17203e-08
0.0637	0.790402			6370.0	1.56434e-08
0.06375	0.790402			6375.0	6.582e-09
0.0638	0.795504			6380.0	6.18179e-10
0.06385	0.78275			6385.0	2.98812e-09
0.0639	0.78275			6390.0	1.83168e-09
0.06395	0.78275			6395.0	2.93779e-08
0.064	0.78275			6400.0	4.9047e-08
0.06405	0.787851			6405.0	2.20838e-08
0.0641	0.790402			6410.0	3.42241e-08
0.06415	0.792953			6415.0	4.10462e-08
0.0642	0.792953			6420.0	5.76161e-08
0.06425	0.800605			6425.0	6.91624e-08
0.0643	0.790402			6430.0	2.01337e-08
0.06435	0.787851			6435.0	2.85155e-10
0.0644	0.787851			6440.0	1.49181e-09
0.06445	0.780199			6445.0	2.54815e-08
0.0645	0.7853			6450.0	6.74575e-08
0.06455	0.7853			6455.0	7.50148e-08
0.0646	0.790402			6460.0	6.94887e-08
0.06465	0.795504			6465.0	1.44017e-08
0.0647	0.792953			6470.0	9.95471e-09
0.06475	0.78275			6475.0	1.12355e-08
0.0648	0.787851			6480.0	3.17649e-09
0.06485	0.775097			6485.0	8.78094e-09
0.0649	0.777648			6490.0	1.20481e-08
0.06495	0.78275			6495.0	8.99774e-09
0.065	0.795504			6500.0	2.288e-09
0.06505	0.792953			6505.0	7.02538e-10
0.0651	0.795504			6510.0	9.24462e-09
0.06515	0.795504			6515.0	8.197e-09
0.0652	0.777648			6520.0	1.90001e-09
0.06525	0.777648			6525.0	2.123e-08
0.0653	0.7853			6530.0	5.05255e-08
0.06535	0.792953			6535.0	2.05018e-08
0.0654	0.792953			6540.0	4.1743e-08
0.06545	0.790402			6545.0	5.08752e-08
0.0655	0.792953			6550.0	2.12018e-08
0.06555	0.790402			6555.0	4.74933e-10
0.0656	0.792953			6560.0	1.33249e-08
0.06565	0.78275			6565.0	2.33209e-09
0.0657	0.790402			6570.0	1.03098e-08
0.06575	0.78275			6575.0	1.85005e-08
0.0658	0.780199			6580.0	9.3166e-09
0.06585	0.798054			6585.0	1.8169e-08
0.0659	0.787851			6590.0	5.50981e-09
0.06595	0.800605			6595.0	1.16036e-08
0.066	0.792953			6600.0	2.93168e-08
0.06605	0.795504			6605.0	3.11092e-08
0.0661	0.787851			6610.0	5.03507e-09
0.06615	0.7853			6615.0	1.05995e-08
0.0662	0.795504			6620.0	1.13037e-08
0.06625	0.792953			6625.0	2.28e-08
0.0663	0.787851			6630.0	3.37021e-08
0.06635	0.787851			6635.0	7.43048e-08
0.0664	0.787851			6640.0	3.24703e-08
0.06645	0.787851			6645.0	1.65124e-08
0.0665	0.792953			6650.0	1.08069e-09
0.06655	0.790402			6655.0	5.07017e-09
0.0666	0.780199			6660.0	1.6579e-08
0.06665	0.78275			6665.0	1.93915e-08
0.0667	0.790402			6670.0	2.1288e-09
0.06675	0.7853			6675.0	1.20473e-08
0.0668	0.78275			6680.0	2.33161e-08
0.06685	0.787851			6685.0	1.62772e-09
0.0669	0.78275			6690.0	8.66725e-09
0.06695	0.790402			6695.0	1.73724e-08
0.067	0.792953			6700.0	3.61388e-08
0.06705	0.790402			6705.0	1.03345e-08
0.0671	0.787851			6710.0	1.46787e-08
0.06715	0.7853			6715.0	2.05664e-08
0.0672	0.792953			6720.0	6.35921e-09
0.06725	0.787851			6725.0	3.27356e-09
0.0673	0.792953			6730.0	1.45422e-08
0.06735	0.792953			6735.0	2.27787e-08
0.0674	0.790402			6740.0	3.9375e-09
0.06745	0.787851			6745.0	8.17438e-09
0.0675	0.790402			6750.0	2.60095e-08
0.06755	0.7853			6755.0	3.58039e-08
0.0676	0.790402			6760.0	1.62981e-08
0.06765	0.787851			6765.0	1.01713e-08
0.0677	0.7853			6770.0	8.17479e-11
0.06775	0.792953			6775.0	7.75947e-11
0.0678	0.790402			6780.0	4.05025e-09
0.06785	0.790402			6785.0	2.71121e-09
0.0679	0.790402			6790.0	1.54697e-08
0.06795	0.7853			6795.0	2.15536e-08
0.068	0.790402			6800.0	5.07007e-08
0.06805	0.78275			6805.0	3.27353e-08
0.0681	0.787851			6810.0	1.66771e-08
0.06815	0.795504			6815.0	2.47044e-08
0.0682	0.787851			6820.0	3.97163e-09
0.06825	0.792953			6825.0	1.14671e-08
0.0683	0.78275			6830.0	7.62014e-10
0.06835	0.792953			6835.0	8.07998e-09
0.0684	0.787851			6840.0	2.65398e-08
0.06845	0.7853			6845.0	1.91219e-08
0.0685	0.787851			6850.0	3.05464e-08
0.06855	0.787851			6855.0	1.18846e-08
0.0686	0.787851			6860.0	2.63559e-09
0.06865	0.792953			6865.0	1.93095e-09
0.0687	0.787851			6870.0	1.64079e-09
0.06875	0.787851			6875.0	1.28604e-09
0.0688	0.795504			6880.0	1.03275e-08
0.06885	0.7853			6885.0	2.40271e-10
0.0689	0.787851			6890.0	2.52408e-08
0.06895	0.7853			6895.0	1.24077e-08
0.069	0.790402			6900.0	5.78321e-09
0.06905	0.790402			6905.0	2.71915e-08
0.0691	0.792953			6910.0	1.08397e-08
0.06915	0.787851			6915.0	1.50309e-08
0.0692	0.790402			6920.0	1.86382e-08
0.06925	0.7853			6925.0	6.12294e-09
0.0693	0.790402			6930.0	9.79038e-09
0.06935	0.792953			6935.0	5.01418e-09
0.0694	0.790402			6940.0	1.57884e-09
0.06945	0.790402			6945.0	9.0058e-10
0.0695	0.795504			6950.0	1.44073e-09
0.06955	0.792953			6955.0	9.331e-09
0.0696	0.792953			6960.0	1.26989e-08
0.06965	0.78275			6965.0	3.39844e-09
0.0697	0.78275			6970.0	2.41049e-09
0.06975	0.777648			6975.0	1.00727e-09
0.0698	0.787851			6980.0	6.1707e-10
0.06985	0.792953			6985.0	2.52971e-09
0.0699	0.792953			6990.0	1.65865e-08
0.06995	0.795504			6995.0	2.70547e-08
0.07	0.792953			7000.0	2.96621e-08
0.07005	0.792953			7005.0	5.29754e-09
0.0701	0.795504			7010.0	1.60467e-09
0.07015	0.792953			7015.0	1.15167e-08
0.0702	0.787851			7020.0	4.72408e-08
0.07025	0.7853			7025.0	1.59944e-08
0.0703	0.795504			7030.0	9.32451e-10
0.07035	0.787851			7035.0	9.00684e-09
0.0704	0.792953			7040.0	2.60403e-09
0.07045	0.792953			7045.0	1.86579e-09
0.0705	0.795504			7050.0	9.15955e-09
0.07055	0.792953			7055.0	9.00087e-09
0.0706	0.792953			7060.0	3.76199e-08
0.07065	0.78275			7065.0	2.7283e-08
0.0707	0.790402			7070.0	2.37039e-08
0.07075	0.7853			7075.0	4.24009e-08
0.0708	0.792953			7080.0	3.19184e-08
0.07085	0.792953			7085.0	2.17269e-08
0.0709	0.795504			7090.0	6.19565e-09
0.07095	0.790402			7095.0	7.79804e-09
0.071	0.792953			7100.0	2.73884e-08
0.07105	0.787851			7105.0	2.29436e-08
0.0711	0.792953			7110.0	8.96811e-09
0.07115	0.7853			7115.0	3.45953e-09
0.0712	0.777648			7120.0	9.75307e-10
0.07125	0.787851			7125.0	1.54412e-09
0.0713	0.792953			7130.0	1.4777e-09
0.07135	0.795504			7135.0	1.09476e-09
0.0714	0.792953			7140.0	7.4582e-10
0.07145	0.792953			7145.0	6.75409e-10
0.0715	0.7853			7150.0	2.77959e-08
0.07155	0.787851			7155.0	2.81533e-08
0.0716	0.792953			7160.0	1.88313e-09
0.07165	0.792953			7165.0	3.78651e-09
0.0717	0.792953			7170.0	3.29438e-09
0.07175	0.805707			7175.0	6.60974e-09
0.0718	0.792953			7180.0	4.01597e-09
0.07185	0.790402			7185.0	3.77025e-10
0.0719	0.790402			7190.0	7.07783e-10
0.07195	0.780199			7195.0	6.84079e-09
0.072	0.7853			7200.0	7.16621e-09
0.07205	0.7853			7205.0	4.87289e-10
0.0721	0.792953			7210.0	7.60484e-09
0.07215	0.792953			7215.0	1.88017e-08
0.0722	0.792953			7220.0	1.40622e-09
0.07225	0.78275			7225.0	2.59814e-09
0.0723	0.78275			7230.0	6.04947e-09
0.07235	0.795504			7235.0	5.92848e-09
0.0724	0.790402			7240.0	2.11754e-09
0.07245	0.798054			7245.0	1.11022e-08
0.0725	0.790402			7250.0	3.21728e-08
0.07255	0.792953			7255.0	9.17569e-09
0.0726	0.78275			7260.0	3.14809e-09
0.07265	0.790402			7265.0	1.58961e-08
0.0727	0.792953			7270.0	7.41617e-09
0.07275	0.790402			7275.0	1.46864e-08
0.0728	0.790402			7280.0	1.08186e-09
0.07285	0.792953			7285.0	1.38678e-08
0.0729	0.792953			7290.0	5.88428e-09
0.07295	0.787851			7295.0	9.26042e-09
0.073	0.795504			7300.0	4.90063e-09
0.07305	0.78275			7305.0	3.44548e-09
0.0731	0.787851			7310.0	1.90292e-08
0.07315	0.790402			7315.0	4.56121e-09
0.0732	0.792953			7320.0	2.4529e-09
0.07325	0.798054			7325.0	1.24167e-08
0.0733	0.792953			7330.0	3.00231e-08
0.07335	0.787851			7335.0	2.70993e-08
0.0734	0.78275			7340.0	3.87645e-09
0.07345	0.790402			7345.0	2.7127e-09
0.0735	0.787851			7350.0	6.71941e-09
0.07355	0.792953			7355.0	1.36851e-08
0.0736	0.800605			7360.0	2.55799e-09
0.07365	0.787851			7365.0	1.57204e-08
0.0737	0.792953			7370.0	2.54567e-08
0.07375	0.792953			7375.0	5.9929e-09
0.0738	0.780199			7380.0	7.89027e-11
0.07385	0.78275			7385.0	6.17478e-09
0.0739	0.787851			7390.0	9.66567e-09
0.07395	0.787851			7395.0	2.21557e-08
0.074	0.800605			7400.0	2.50593e-08
0.07405	0.800605			7405.0	3.95877e-10
0.0741	0.800605			7410.0	8.04327e-09
0.07415	0.792953			7415.0	1.71687e-08
0.0742	0.790402			7420.0	3.00313e-08
0.07425	0.777648			7425.0	1.84328e-08
0.0743	0.7853			7430.0	1.12467e-08
0.07435	0.787851			7435.0	1.17348e-08
0.0744	0.795504			7440.0	9.72079e-09
0.07445	0.800605			7445.0	1.13439e-08
0.0745	0.800605			7450.0	1.54953e-08
0.07455	0.787851			7455.0	4.09129e-08
0.0746	0.790402			7460.0	4.45153e-08
0.07465	0.7853			7465.0	1.23728e-08
0.0747	0.78275			7470.0	4.19507e-09
0.07475	0.792953			7475.0	3.69538e-09
0.0748	0.792953			7480.0	3.93214e-09
0.07485	0.795504			7485.0	1.00302e-08
0.0749	0.795504			7490.0	5.42544e-09
0.07495	0.795504			7495.0	8.826e-09
0.075	0.792953			7500.0	1.04173e-08
0.07505	0.790402			7505.0	2.48611e-09
0.0751	0.792953			7510.0	6.40067e-09
0.07515	0.787851			7515.0	3.39662e-08
0.0752	0.7853			7520.0	1.01279e-08
0.07525	0.792953			7525.0	2.45076e-09
0.0753	0.790402			7530.0	1.0735e-08
0.07535	0.800605			7535.0	9.42854e-09
0.0754	0.795504			7540.0	8.5232e-09
0.07545	0.787851			7545.0	1.67549e-08
0.0755	0.792953			7550.0	4.69901e-09
0.07555	0.798054			7555.0	1.04468e-08
0.0756	0.787851			7560.0	6.10364e-09
0.07565	0.787851			7565.0	2.66479e-09
0.0757	0.800605			7570.0	1.78478e-09
0.07575	0.792953			7575.0	8.58404e-09
0.0758	0.78275			7580.0	8.92783e-09
0.07585	0.795504			7585.0	1.11819e-08
0.0759	0.795504			7590.0	6.84048e-09
0.07595	0.792953			7595.0	1.4807e-08
0.076	0.798054			7600.0	8.79954e-09
0.07605	0.790402			7605.0	2.46257e-09
0.0761	0.780199			7610.0	4.25262e-09
0.07615	0.787851			7615.0	3.49769e-09
0.0762	0.795504			7620.0	1.57265e-09
0.07625	0.792953			7625.0	7.81793e-09
0.0763	0.790402			7630.0	1.56392e-08
0.07635	0.800605			7635.0	3.3891e-09
0.0764	0.795504			7640.0	8.90137e-09
0.07645	0.792953			7645.0	3.25403e-08
0.0765	0.78275			7650.0	2.63788e-08
0.07655	0.787851			7655.0	1.60664e-09
0.0766	0.78275			7660.0	9.64387e-09
0.07665	0.78275			7665.0	1.93834e-08
0.0767	0.792953			7670.0	4.97526e-09
0.07675	0.798054			7675.0	5.57655e-08
0.0768	0.7853			7680.0	2.65918e-08
0.07685	0.790402			7685.0	7.86335e-09
0.0769	0.7853			7690.0	1.11181e-08
0.07695	0.790402			7695.0	2.48064e-09
0.077	0.792953			7700.0	4.68736e-09
0.07705	0.7853			7705.0	1.81169e-08
0.0771	0.792953			7710.0	1.14063e-08
0.07715	0.795504			7715.0	9.8797e-09
0.0772	0.792953			7720.0	1.07781e-08
0.07725	0.792953			7725.0	2.0977e-08
0.0773	0.790402			7730.0	2.15323e-09
0.07735	0.792953			7735.0	4.39236e-09
0.0774	0.787851			7740.0	1.15719e-09
0.07745	0.7853			7745.0	2.1985e-10
0.0775	0.792953			7750.0	1.64687e-09
0.07755	0.798054			7755.0	3.13281e-09
0.0776	0.800605			7760.0	8.89624e-09
0.07765	0.800605			7765.0	3.34571e-09
0.0777	0.792953			7770.0	5.8166e-09
0.07775	0.792953			7775.0	1.19092e-08
0.0778	0.792953			7780.0	7.63484e-09
0.07785	0.787851			7785.0	6.09081e-11
0.0779	0.790402			7790.0	3.38017e-09
0.07795	0.792953			7795.0	3.21646e-09
0.078	0.798054			7800.0	2.32165e-09
0.07805	0.795504			7805.0	4.88991e-12
0.0781	0.798054			7810.0	2.20959e-08
0.07815	0.792953			7815.0	6.08577e-08
0.0782	0.792953			7820.0	4.88323e-08
0.07825	0.798054			7825.0	4.00361e-09
0.0783	0.795504			7830.0	1.14405e-08
0.07835	0.792953			7835.0	8.22613e-09
0.0784	0.78275			7840.0	7.65912e-09
0.07845	0.787851			7845.0	1.03918e-08
0.0785	0.792953			7850.0	1.49645e-09
0.07855	0.795504			7855.0	5.59177e-09
0.0786	0.792953			7860.0	1.52059e-08
0.07865	0.792953			7865.0	4.39687e-09
0.0787	0.787851			7870.0	3.75891e-09
0.07875	0.787851			7875.0	1.59418e-08
0.0788	0.787851			7880.0	2.48568e-08
0.07885	0.790402			7885.0	1.2043e-09
0.0789	0.800605			7890.0	5.01186e-08
0.07895	0.787851			7895.0	1.12721e-07
0.079	0.792953			7900.0	3.77364e-08
0.07905	0.800605			7905.0	2.70439e-09
0.0791	0.798054			7910.0	3.63802e-09
0.07915	0.803156			7915.0	9.09515e-09
0.0792	0.795504			7920.0	6.32988e-09
0.07925	0.792953			7925.0	3.10062e-09
0.0793	0.790402			7930.0	2.43635e-09
0.07935	0.792953			7935.0	5.52204e-09
0.0794	0.795504			7940.0	2.0159e-10
0.07945	0.800605			7945.0	4.20801e-08
0.0795	0.798054			7950.0	1.14955e-07
0.07955	0.800605			7955.0	5.08871e-08
0.0796	0.800605			7960.0	1.92523e-09
0.07965	0.795504			7965.0	6.68955e-09
0.0797	0.792953			7970.0	2.10581e-08
0.07975	0.7853			7975.0	2.44469e-08
0.0798	0.792953			7980.0	8.47306e-09
0.07985	0.787851			7985.0	2.04391e-09
0.0799	0.792953			7990.0	1.22024e-10
0.07995	0.795504			7995.0	3.19872e-09
0.08	0.795504			8000.0	1.3368e-08
0.08005	0.800605			8005.0	1.21752e-08
0.0801	0.787851			8010.0	1.76625e-09
0.08015	0.78275			8015.0	1.74737e-09
0.0802	0.780199			8020.0	1.95951e-08
0.08025	0.792953			8025.0	2.0069e-08
0.0803	0.795504			8030.0	1.90504e-08
0.08035	0.787851			8035.0	2.72707e-08
0.0804	0.795504			8040.0	8.2463e-09
0.08045	0.792953			8045.0	2.5014e-09
0.0805	0.795504			8050.0	1.11079e-09
0.08055	0.798054			8055.0	1.29032e-08
0.0806	0.787851			8060.0	2.25603e-09
0.08065	0.787851			8065.0	1.16911e-08
0.0807	0.78275			8070.0	1.5073e-09
0.08075	0.78275			8075.0	4.43102e-09
0.0808	0.800605			8080.0	6.53396e-09
0.08085	0.800605			8085.0	3.59498e-10
0.0809	0.803156			8090.0	5.59079e-09
0.08095	0.798054			8095.0	1.40776e-08
0.081	0.792953			8100.0	4.90849e-09
0.08105	0.78275			8105.0	1.22311e-08
0.0811	0.78275			8110.0	4.3404e-08
0.08115	0.792953			8115.0	1.8298e-08
0.0812	0.795504			8120.0	8.60538e-09
0.08125	0.795504			8125.0	6.40637e-09
0.0813	0.798054			8130.0	6.13421e-09
0.08135	0.792953			8135.0	6.5668e-09
0.0814	0.792953			8140.0	1.18805e-08
0.08145	0.787851			8145.0	4.9304e-09
0.0815	0.792953			8150.0	1.7404e-08
0.08155	0.792953			8155.0	1.00457e-08
0.0816	0.787851			8160.0	2.13251e-08
0.08165	0.790402			8165.0	2.00819e-08
0.0817	0.790402			8170.0	1.42214e-09
0.08175	0.803156			8175.0	6.49274e-09
0.0818	0.795504			8180.0	1.96427e-09
0.08185	0.790402			8185.0	6.85936e-09
0.0819	0.78275			8190.0	1.335e-09
0.08195	0.780199			8195.0	1.71445e-08
0.082	0.787851			8200.0	1.01004e-08
0.08205	0.78275			8205.0	1.42789e-09
0.0821	0.798054			8210.0	5.7349e-09
0.08215	0.792953			8215.0	1.05241e-08
0.0822	0.800605			8220.0	3.78912e-09
0.08225	0.795504			8225.0	1.79989e-09
0.0823	0.803156			8230.0	9.29437e-09
0.08235	0.7853			8235.0	2.09535e-08
0.0824	0.792953			8240.0	6.99006e-09
0.08245	0.787851			8245.0	3.15296e-09
0.0825	0.7853			8250.0	6.54564e-09
0.08255	0.792953			8255.0	3.32777e-08
0.0826	0.792953			8260.0	2.18493e-08
0.08265	0.78275			8265.0	1.27556e-09
0.0827	0.792953			8270.0	2.0451e-08
0.08275	0.795504			8275.0	5.52872e-09
0.0828	0.795504			8280.0	1.43629e-10
0.08285	0.795504			8285.0	2.04367e-08
0.0829	0.790402			8290.0	2.07695e-08
0.08295	0.780199			8295.0	4.15105e-11
0.083	0.800605			8300.0	2.51839e-08
0.08305	0.795504			8305.0	2.2793e-08
0.0831	0.792953			8310.0	1.45012e-08
0.08315	0.795504			8315.0	1.54751e-08
0.0832	0.800605			8320.0	2.90582e-09
0.08325	0.790402			8325.0	5.10664e-09
0.0833	0.790402			8330.0	3.4795e-09
0.08335	0.78275			8335.0	5.166e-09
0.0834	0.787851			8340.0	1.02959e-08
0.08345	0.787851			8345.0	3.0517e-09
0.0835	0.792953			8350.0	1.62534e-08
0.08355	0.792953			8355.0	4.91373e-08
0.0836	0.792953			8360.0	2.18185e-08
0.08365	0.803156			8365.0	3.04328e-09
0.0837	0.800605			8370.0	9.02946e-09
0.08375	0.792953			8375.0	8.38139e-09
0.0838	0.790402			8380.0	7.85305e-09
0.08385	0.78275			8385.0	9.5223e-09
0.0839	0.792953			8390.0	1.66276e-08
0.08395	0.790402			8395.0	1.04808e-09
0.084	0.790402			8400.0	1.10755e-09
0.08405	0.798054			8405.0	5.09914e-09
0.0841	0.800605			8410.0	1.18728e-08
0.08415	0.803156			8415.0	2.08156e-08
0.0842	0.790402			8420.0	8.23929e-09
0.08425	0.787851			8425.0	1.28674e-08
0.0843	0.790402			8430.0	2.0848e-08
0.08435	0.787851			8435.0	4.7468e-09
0.0844	0.787851			8440.0	9.64138e-10
0.08445	0.792953			8445.0	2.41556e-09
0.0845	0.792953			8450.0	9.20415e-09
0.08455	0.800605			8455.0	1.73358e-08
0.0846	0.792953			8460.0	7.59695e-09
0.08465	0.790402			8465.0	3.10609e-09
0.0847	0.790402			8470.0	1.20892e-09
0.08475	0.7853			8475.0	2.00186e-09
0.0848	0.790402			8480.0	7.77036e-09
0.08485	0.792953			8485.0	4.55747e-09
0.0849	0.792953			8490.0	2.5423e-08
0.08495	0.792953			8495.0	2.04028e-08
0.085	0.800605			8500.0	3.98154e-09
0.08505	0.792953			8505.0	1.8048e-09
0.0851	0.795504			8510.0	4.61558e-09
0.08515	0.792953			8515.0	1.08396e-08
0.0852	0.787851			8520.0	3.84049e-10
0.08525	0.7853			8525.0	6.39352e-09
0.0853	0.790402			8530.0	1.14311e-09
0.08535	0.787851			8535.0	2.31787e-08
0.0854	0.792953			8540.0	2.85232e-08
0.08545	0.792953			8545.0	1.93755e-10
0.0855	0.798054			8550.0	5.25786e-09
0.08555	0.803156			8555.0	3.91691e-10
0.0856	0.792953			8560.0	1.79397e-09
0.08565	0.792953			8565.0	7.26069e-09
0.0857	0.792953			8570.0	1.29393e-08
0.08575	0.7853			8575.0	5.58992e-09
0.0858	0.790402			8580.0	5.10272e-09
0.08585	0.790402			8585.0	3.25891e-09
0.0859	0.792953			8590.0	2.6425e-08
0.08595	0.800605			8595.0	1.03583e-08
0.086	0.792953			8600.0	7.23904e-11
0.08605	0.795504			8605.0	2.15293e-09
0.0861	0.795504			8610.0	4.36638e-09
0.08615	0.792953			8615.0	2.47831e-09
0.0862	0.790402			8620.0	1.24828e-10
0.08625	0.792953			8625.0	1.33824e-09
0.0863	0.792953			8630.0	7.94104e-09
0.08635	0.795504			8635.0	4.1264e-10
0.0864	0.798054			8640.0	3.28091e-08
0.08645	0.792953			8645.0	5.23586e-09
0.0865	0.790402			8650.0	1.85832e-08
0.08655	0.792953			8655.0	5.53618e-09
0.0866	0.787851			8660.0	1.31112e-09
0.08665	0.790402			8665.0	9.87644e-10
0.0867	0.787851			8670.0	2.41079e-08
0.08675	0.790402			8675.0	2.79227e-08
0.0868	0.790402			8680.0	1.12487e-08
0.08685	0.800605			8685.0	7.74821e-09
0.0869	0.800605			8690.0	1.31354e-08
0.08695	0.792953			8695.0	1.9103e-08
0.087	0.798054			8700.0	3.24718e-08
0.08705	0.790402			8705.0	1.39282e-08
0.0871	0.78275			8710.0	3.42855e-09
0.08715	0.790402			8715.0	1.22544e-08
0.0872	0.792953			8720.0	2.56234e-08
0.08725	0.792953			8725.0	3.13162e-08
0.0873	0.800605			8730.0	2.66588e-08
0.08735	0.795504			8735.0	6.384e-09
0.0874	0.792953			8740.0	1.07994e-08
0.08745	0.790402			8745.0	4.16461e-08
0.0875	0.792953			8750.0	5.64874e-08
0.08755	0.790402			8755.0	1.90391e-08
0.0876	0.795504			8760.0	1.96662e-10
0.08765	0.798054			8765.0	1.58779e-08
0.0877	0.808258			8770.0	4.13656e-08
0.08775	0.798054			8775.0	1.27814e-08
0.0878	0.792953			8780.0	3.30672e-09
0.08785	0.800605			8785.0	9.0502e-10
0.0879	0.805707			8790.0	3.10192e-08
0.08795	0.792953			8795.0	6.11192e-08
0.088	0.7853			8800.0	4.46534e-08
0.08805	0.790402			8805.0	8.27991e-09
0.0881	0.790402			8810.0	9.4922e-09
0.08815	0.792953			8815.0	3.42818e-08
0.0882	0.795504			8820.0	2.31549e-08
0.08825	0.792953			8825.0	5.61253e-09
0.0883	0.790402			8830.0	1.60376e-08
0.08835	0.795504			8835.0	6.17721e-09
0.0884	0.7853			8840.0	2.84247e-08
0.08845	0.790402			8845.0	5.81626e-09
0.0885	0.78275			8850.0	1.21659e-08
0.08855	0.792953			8855.0	1.40798e-08
0.0886	0.795504			8860.0	1.56882e-09
0.08865	0.805707			8865.0	4.01683e-09
0.0887	0.805707			8870.0	1.91593e-09
0.08875	0.798054			8875.0	6.93964e-09
0.0888	0.792953			8880.0	1.21999e-08
0.08885	0.792953			8885.0	4.37241e-09
0.0889	0.792953			8890.0	7.96661e-10
0.08895	0.798054			8895.0	1.1504e-08
0.089	0.800605			8900.0	1.08765e-08
0.08905	0.800605			8905.0	9.17828e-09
0.0891	0.790402			8910.0	1.53555e-08
0.08915	0.800605			8915.0	1.92685e-08
0.0892	0.800605			8920.0	2.08145e-08
0.08925	0.795504			8925.0	3.76416e-09
0.0893	0.78275			8930.0	4.03915e-09
0.08935	0.7853			8935.0	9.27526e-09
0.0894	0.792953			8940.0	1.46732e-08
0.08945	0.792953			8945.0	3.87078e-09
0.0895	0.787851			8950.0	3.84049e-09
0.08955	0.792953			8955.0	4.13088e-09
0.0896	0.787851			8960.0	5.2142e-10
0.08965	0.792953			8965.0	5.05715e-09
0.0897	0.792953			8970.0	5.1013e-09
0.08975	0.792953			8975.0	8.49194e-09
0.0898	0.798054			8980.0	4.47457e-09
0.08985	0.792953			8985.0	1.63034e-08
0.0899	0.790402			8990.0	2.35036e-08
0.08995	0.790402			8995.0	2.93356e-08
0.09	0.787851			9000.0	3.76963e-08
0.09005	0.798054			9005.0	4.35205e-09
0.0901	0.800605			9010.0	6.56531e-09
0.09015	0.800605			9015.0	2.12389e-08
0.0902	0.792953			9020.0	1.02471e-08
0.09025	0.792953			9025.0	2.56489e-09
0.0903	0.787851			9030.0	6.60307e-09
0.09035	0.78275			9035.0	1.97985e-08
0.0904	0.787851			9040.0	1.01529e-08
0.09045	0.795504			9045.0	1.4611e-08
0.0905	0.805707			9050.0	7.24627e-09
0.09055	0.808258			9055.0	6.86239e-09
0.0906	0.795504			9060.0	2.97237e-08
0.09065	0.790402			9065.0	1.51683e-08
0.0907	0.790402			9070.0	3.45679e-09
0.09075	0.780199			9075.0	2.05492e-08
0.0908	0.787851			9080.0	2.43013e-08
0.09085	0.792953			9085.0	8.95821e-09
0.0909	0.795504			9090.0	1.7898e-10
0.09095	0.800605			9095.0	5.0372e-09
0.091	0.795504			9100.0	4.40408e-09
0.09105	0.800605			9105.0	2.70676e-09
0.0911	0.780199			9110.0	4.38577e-09
0.09115	0.792953			9115.0	8.33933e-09
0.0912	0.792953			9120.0	8.58338e-09
0.09125	0.792953			9125.0	4.95107e-09
0.0913	0.792953			9130.0	1.12902e-08
0.09135	0.790402			9135.0	9.46955e-09
0.0914	0.790402			9140.0	3.30986e-09
0.09145	0.792953			9145.0	1.65982e-08
0.0915	0.790402			9150.0	3.32018e-08
0.09155	0.792953			9155.0	7.26183e-09
0.0916	0.792953			9160.0	1.56452e-09
0.09165	0.792953			9165.0	1.95463e-09
0.0917	0.790402			9170.0	4.42609e-09
0.09175	0.792953			9175.0	1.3551e-09
0.0918	0.792953			9180.0	1.54597e-09
0.09185	0.792953			9185.0	6.66898e-09
0.0919	0.790402			9190.0	9.74911e-09
0.09195	0.795504			9195.0	6.29699e-09
0.092	0.800605			9200.0	5.24326e-09
0.09205	0.795504			9205.0	1.18292e-08
0.0921	0.795504			9210.0	9.28872e-09
0.09215	0.790402			9215.0	9.33528e-09
0.0922	0.7853			9220.0	2.76264e-09
0.09225	0.792953			9225.0	4.36349e-09
0.0923	0.790402			9230.0	3.04187e-08
0.09235	0.798054			9235.0	4.77341e-08
0.0924	0.798054			9240.0	1.24532e-08
0.09245	0.800605			9245.0	2.31936e-09
0.0925	0.792953			9250.0	1.28294e-08
0.09255	0.792953			9255.0	4.06109e-09
0.0926	0.787851			9260.0	2.28005e-09
0.09265	0.787851			9265.0	4.10383e-08
0.0927	0.790402			9270.0	3.46726e-08
0.09275	0.787851			9275.0	7.34428e-09
0.0928	0.795504			9280.0	2.31168e-08
0.09285	0.800605			9285.0	6.80047e-09
0.0929	0.798054			9290.0	3.38716e-09
0.09295	0.800605			9295.0	1.0683e-08
0.093	0.792953			9300.0	9.00825e-09
0.09305	0.78275			9305.0	8.45416e-09
0.0931	0.78275			9310.0	5.54169e-08
0.09315	0.787851			9315.0	2.09935e-08
0.0932	0.792953			9320.0	5.68245e-09
0.09325	0.795504			9325.0	5.95684e-09
0.0933	0.803156			9330.0	5.57418e-10
0.09335	0.792953			9335.0	2.91396e-10
0.0934	0.787851			9340.0	1.43656e-09
0.09345	0.7853			9345.0	7.39925e-09
0.0935	0.787851			9350.0	8.64353e-09
0.09355	0.787851			9355.0	7.13906e-09
0.0936	0.790402			9360.0	2.38642e-09
0.09365	0.790402			9365.0	4.02316e-09
0.0937	0.787851			9370.0	4.80621e-09
0.09375	0.795504			9375.0	1.16957e-08
0.0938	0.790402			9380.0	2.86631e-08
0.09385	0.790402			9385.0	1.29491e-08
0.0939	0.787851			9390.0	3.03946e-09
0.09395	0.790402			9395.0	7.53344e-09
0.094	0.792953			9400.0	1.2509e-08
0.09405	0.792953			9405.0	2.77836e-09
0.0941	0.792953			9410.0	6.06697e-09
0.09415	0.790402			9415.0	9.52002e-10
0.0942	0.795504			9420.0	9.5106e-09
0.09425	0.795504			9425.0	7.86641e-10
0.0943	0.7853			9430.0	4.26263e-09
0.09435	0.795504			9435.0	1.04741e-08
0.0944	0.795504			9440.0	1.20347e-08
0.09445	0.787851			9445.0	9.08883e-09
0.0945	0.790402			9450.0	1.01686e-08
0.09455	0.790402			9455.0	6.97316e-09
0.0946	0.7853			9460.0	1.7808e-08
0.09465	0.792953			9465.0	4.89616e-08
0.0947	0.800605			9470.0	1.93182e-08
0.09475	0.792953			9475.0	1.40603e-08
0.0948	0.792953			9480.0	1.00101e-08
0.09485	0.790402			9485.0	2.03232e-09
0.0949	0.7853			9490.0	3.61759e-09
0.09495	0.7853			9495.0	6.4608e-10
0.095	0.792953			9500.0	3.33756e-09
0.09505	0.790402			9505.0	5.62236e-09
0.0951	0.792953			9510.0	8.88663e-09
0.09515	0.800605			9515.0	5.28908e-10
0.0952	0.798054			9520.0	5.2158e-09
0.09525	0.798054			9525.0	4.24137e-09
0.0953	0.7853			9530.0	1.31885e-08
0.09535	0.7853			9535.0	5.28922e-09
0.0954	0.787851			9540.0	2.20753e-09
0.09545	0.790402			9545.0	4.36843e-09
0.0955	0.803156			9550.0	5.35753e-09
0.09555	0.798054			9555.0	5.26888e-09
0.0956	0.803156			9560.0	4.29431e-10
0.09565	0.792953			9565.0	4.9823e-09
0.0957	0.792953			9570.0	1.06754e-08
0.09575	0.787851			9575.0	2.49028e-08
0.0958	0.777648			9580.0	4.88384e-08
0.09585	0.795504			9585.0	2.97595e-08
0.0959	0.795504			9590.0	1.02313e-09
0.09595	0.787851			9595.0	1.73746e-09
0.096	0.803156			9600.0	1.32646e-09
0.09605	0.800605			9605.0	6.34003e-09
0.0961	0.792953			9610.0	2.05815e-08
0.09615	0.795504			9615.0	2.24182e-08
0.0962	0.7853			9620.0	4.79035e-09
0.09625	0.7853			9625.0	9.25029e-09
0.0963	0.78275			9630.0	8.34983e-09
0.09635	0.790402			9635.0	2.94994e-09
0.0964	0.792953			9640.0	3.65663e-09
0.09645	0.792953			9645.0	5.8808e-09
0.0965	0.803156			9650.0	4.21381e-10
0.09655	0.800605			9655.0	1.88175e-08
0.0966	0.795504			9660.0	2.11979e-08
0.09665	0.787851			9665.0	4.43554e-09
0.0967	0.790402			9670.0	1.42739e-08
0.09675	0.78275			9675.0	5.58689e-09
0.0968	0.792953			9680.0	2.59256e-10
0.09685	0.792953			9685.0	3.09288e-09
0.0969	0.792953			9690.0	4.24938e-10
0.09695	0.792953			9695.0	4.50934e-09
0.097	0.792953			9700.0	2.36418e-08
0.09705	0.790402			9705.0	1.57949e-08
0.0971	0.792953			9710.0	4.88766e-09
0.09715	0.790402			9715.0	1.18137e-08
0.0972	0.790402			9720.0	7.84508e-09
0.09725	0.792953			9725.0	2.26914e-08
0.0973	0.800605			9730.0	3.10375e-08
0.09735	0.803156			9735.0	1.25752e-08
0.0974	0.800605			9740.0	1.82515e-08
0.09745	0.800605			9745.0	2.20124e-08
0.0975	0.792953			9750.0	1.02625e-08
0.09755	0.792953			9755.0	6.32013e-09
0.0976	0.787851			9760.0	1.02033e-08
0.09765	0.795504			9765.0	1.30006e-08
0.0977	0.795504			9770.0	1.88007e-08
0.09775	0.798054			9775.0	8.0111e-09
0.0978	0.800605			9780.0	3.13771e-09
0.09785	0.798054			9785.0	1.99617e-08
0.0979	0.792953			9790.0	1.04409e-08
0.09795	0.787851			9795.0	3.63423e-10
0.098	0.795504			9800.0	7.37674e-09
0.09805	0.790402			9805.0	1.08185e-08
0.0981	0.792953			9810.0	2.57422e-09
0.09815	0.798054			9815.0	3.67889e-10
0.0982	0.792953			9820.0	3.2232e-09
0.09825	0.798054			9825.0	5.583e-09
0.0983	0.798054			9830.0	5.25607e-09
0.09835	0.792953			9835.0	2.52e-10
0.0984	0.792953			9840.0	4.111e-09
0.09845	0.795504			9845.0	2.10826e-08
0.0985	0.792953			9850.0	1.05418e-08
0.09855	0.792953			9855.0	6.49514e-09
0.0986	0.803156			9860.0	5.62526e-09
0.09865	0.792953			9865.0	4.70302e-11
0.0987	0.790402			9870.0	3.12655e-09
0.09875	0.795504			9875.0	1.67937e-10
0.0988	0.800605			9880.0	1.18173e-09
0.09885	0.795504			9885.0	1.30459e-10
0.0989	0.792953			9890.0	1.52883e-10
0.09895	0.790402			9895.0	8.26861e-09
0.099	0.787851			9900.0	2.42428e-08
0.09905	0.78275			9905.0	3.19343e-09
0.0991	0.790402			9910.0	8.70514e-09
0.09915	0.792953			9915.0	2.5842e-08
0.0992	0.800605			9920.0	3.41193e-08
0.09925	0.800605			9925.0	1.96802e-08
0.0993	0.787851			9930.0	1.28739e-08
0.09935	0.792953			9935.0	5.28622e-08
0.0994	0.790402			9940.0	1.79753e-08
0.09945	0.7853			9945.0	4.20684e-09
0.0995	0.792953			9950.0	8.48614e-09
0.09955	0.792953			9955.0	4.94999e-09
0.0996	0.792953			9960.0	2.38438e-09
0.09965	0.792953			9965.0	4.80268e-09
0.0997	0.798054			9970.0	1.06884e-08
0.09975	0.803156			9975.0	1.56803e-08
0.0998	0.790402			9980.0	2.16302e-08
0.09985	0.78275			9985.0	8.81717e-09
0.0999	0.792953			9990.0	2.05025e-08
0.09995	0.787851			9995.0	5.36905e-09
0.1	0.792953				
0.10005	0.800605				
0.1001	0.790402				
0.10015	0.795504				
0.1002	0.792953				
0.10025	0.795504				
0.1003	0.792953				
0.10035	0.78275				
0.1004	0.790402				
0.10045	0.795504				
0.1005	0.787851				
0.10055	0.7853				
0.1006	0.792953				
0.10065	0.795504				
0.1007	0.787851				
0.10075	0.790402				
0.1008	0.787851				
0.10085	0.787851				
0.1009	0.787851				
0.10095	0.792953				
0.101	0.792953				
0.10105	0.790402				
0.1011	0.790402				
0.10115	0.795504				
0.1012	0.7853				
0.10125	0.792953				
0.1013	0.787851				
0.10135	0.787851				
0.1014	0.790402				
0.10145	0.787851				
0.1015	0.795504				
0.10155	0.795504				
0.1016	0.798054				
0.10165	0.792953				
0.1017	0.798054				
0.10175	0.7853				
0.1018	0.78275				
0.10185	0.7853				
0.1019	0.787851				
0.10195	0.787851				
0.102	0.7853				
0.10205	0.800605				
0.1021	0.792953				
0.10215	0.792953				
0.1022	0.787851				
0.10225	0.777648				
0.1023	0.78275				
0.10235	0.787851				
0.1024	0.792953				
0.10245	0.792953				
0.1025	0.795504				
0.10255	0.792953				
0.1026	0.792953				
0.10265	0.790402				
0.1027	0.792953				
0.10275	0.790402				
0.1028	0.792953				
0.10285	0.798054				
0.1029	0.792953				
0.10295	0.792953				
0.103	0.795504				
0.10305	0.790402				
0.1031	0.792953				
0.10315	0.792953				
0.1032	0.792953				
0.10325	0.790402				
0.1033	0.787851				
0.10335	0.7853				
0.1034	0.790402				
0.10345	0.800605				
0.1035	0.800605				
0.10355	0.792953				
0.1036	0.792953				
0.10365	0.7853				
0.1037	0.780199				
0.10375	0.7853				
0.1038	0.790402				
0.10385	0.795504				
0.1039	0.803156				
0.10395	0.790402				
0.104	0.792953				
0.10405	0.790402				
0.1041	0.790402				
0.10415	0.78275				
0.1042	0.790402				
0.10425	0.792953				
0.1043	0.792953				
0.10435	0.800605				
0.1044	0.792953				
0.10445	0.792953				
0.1045	0.787851				
0.10455	0.7853				
0.1046	0.78275				
0.10465	0.790402				
0.1047	0.792953				
0.10475	0.787851				
0.1048	0.798054				
0.10485	0.795504				
0.1049	0.7853				
0.10495	0.795504				
0.105	0.787851				
0.10505	0.792953				
0.1051	0.78275				
0.10515	0.787851				
0.1052	0.78275				
0.10525	0.800605				
0.1053	0.78275				
0.10535	0.795504				
0.1054	0.790402				
0.10545	0.795504				
0.1055	0.792953				
0.10555	0.772546				
0.1056	0.775097				
0.10565	0.78275				
0.1057	0.792953				
0.10575	0.800605				
0.1058	0.798054				
0.10585	0.790402				
0.1059	0.7853				
0.10595	0.7853				
0.106	0.7853				
0.10605	0.792953				
0.1061	0.798054				
0.10615	0.790402				
0.1062	0.790402				
0.10625	0.792953				
0.1063	0.787851				
0.10635	0.780199				
0.1064	0.7853				
0.10645	0.787851				
0.1065	0.790402				
0.10655	0.803156				
0.1066	0.800605				
0.10665	0.792953				
0.1067	0.7853				
0.10675	0.790402				
0.1068	0.780199				
0.10685	0.78275				
0.1069	0.795504				
0.10695	0.790402				
0.107	0.795504				
0.10705	0.787851				
0.1071	0.787851				
0.10715	0.7853				
0.1072	0.798054				
0.10725	0.787851				
0.1073	0.787851				
0.10735	0.790402				
0.1074	0.7853				
0.10745	0.790402				
0.1075	0.787851				
0.10755	0.792953				
0.1076	0.787851				
0.10765	0.790402				
0.1077	0.798054				
0.10775	0.787851				
0.1078	0.78275				
0.10785	0.790402				
0.1079	0.795504				
0.10795	0.790402				
0.108	0.795504				
0.10805	0.787851				
0.1081	0.798054				
0.10815	0.787851				
0.1082	0.78275				
0.10825	0.78275				
0.1083	0.7853				
0.10835	0.803156				
0.1084	0.800605				
0.10845	0.792953				
0.1085	0.792953				
0.10855	0.792953				
0.1086	0.7853				
0.10865	0.780199				
0.1087	0.792953				
0.10875	0.795504				
0.1088	0.790402				
0.10885	0.798054				
0.1089	0.795504				
0.10895	0.787851				
0.109	0.78275				
0.10905	0.798054				
0.1091	0.78275				
0.10915	0.787851				
0.1092	0.792953				
0.10925	0.790402				
0.1093	0.795504				
0.10935	0.790402				
0.1094	0.792953				
0.10945	0.787851				
0.1095	0.795504				
0.10955	0.78275				
0.1096	0.792953				
0.10965	0.792953				
0.1097	0.792953				
0.10975	0.790402				
0.1098	0.795504				
0.10985	0.792953				
0.1099	0.792953				
0.10995	0.792953				
0.11	0.790402				
0.11005	0.790402				
0.1101	0.78275				
0.11015	0.787851				
0.1102	0.7853				
0.11025	0.800605				
0.1103	0.798054				
0.11035	0.790402				
0.1104	0.792953				
0.11045	0.790402				
0.1105	0.78275				
0.11055	0.7853				
0.1106	0.790402				
0.11065	0.790402				
0.1107	0.795504				
0.11075	0.795504				
0.1108	0.792953				
0.11085	0.7853				
0.1109	0.792953				
0.11095	0.78275				
0.111	0.787851				
0.11105	0.787851				
0.1111	0.798054				
0.11115	0.787851				
0.1112	0.792953				
0.11125	0.787851				
0.1113	0.787851				
0.11135	0.790402				
0.1114	0.792953				
0.11145	0.787851				
0.1115	0.780199				
0.11155	0.790402				
0.1116	0.795504				
0.11165	0.792953				
0.1117	0.798054				
0.11175	0.795504				
0.1118	0.7853				
0.11185	0.7853				
0.1119	0.78275				
0.11195	0.78275				
0.112	0.787851				
0.11205	0.792953				
0.1121	0.790402				
0.11215	0.798054				
0.1122	0.792953				
0.11225	0.792953				
0.1123	0.78275				
0.11235	0.7853				
0.1124	0.78275				
0.11245	0.790402				
0.1125	0.792953				
0.11255	0.795504				
0.1126	0.800605				
0.11265	0.792953				
0.1127	0.787851				
0.11275	0.7853				
0.1128	0.780199				
0.11285	0.787851				
0.1129	0.792953				
0.11295	0.795504				
0.113	0.78275				
0.11305	0.792953				
0.1131	0.792953				
0.11315	0.787851				
0.1132	0.787851				
0.11325	0.790402				
0.1133	0.787851				
0.11335	0.790402				
0.1134	0.790402				
0.11345	0.787851				
0.1135	0.795504				
0.11355	0.787851				
0.1136	0.795504				
0.11365	0.787851				
0.1137	0.800605				
0.11375	0.7853				
0.1138	0.790402				
0.11385	0.795504				
0.1139	0.777648				
0.11395	0.790402				
0.114	0.790402				
0.11405	0.787851				
0.1141	0.792953				
0.11415	0.7853				
0.1142	0.792953				
0.11425	0.787851				
0.1143	0.790402				
0.11435	0.790402				
0.1144	0.7853				
0.11445	0.78275				
0.1145	0.795504				
0.11455	0.792953				
0.1146	0.792953				
0.11465	0.790402				
0.1147	0.78275				
0.11475	0.787851				
0.1148	0.795504				
0.11485	0.795504				
0.1149	0.780199				
0.11495	0.790402				
0.115	0.792953				
0.11505	0.787851				
0.1151	0.78275				
0.11515	0.790402				
0.1152	0.787851				
0.11525	0.787851				
0.1153	0.787851				
0.11535	0.787851				
0.1154	0.795504				
0.11545	0.787851				
0.1155	0.790402				
0.11555	0.7853				
0.1156	0.787851				
0.11565	0.787851				
0.1157	0.787851				
0.11575	0.798054				
0.1158	0.792953				
0.11585	0.795504				
0.1159	0.787851				
0.11595	0.787851				
0.116	0.7853				
0.11605	0.7853				
0.1161	0.787851				
0.11615	0.792953				
0.1162	0.792953				
0.11625	0.795504				
0.1163	0.790402				
0.11635	0.792953				
0.1164	0.787851				
0.11645	0.78275				
0.1165	0.787851				
0.11655	0.78275				
0.1166	0.792953				
0.11665	0.803156				
0.1167	0.792953				
0.11675	0.7853				
0.1168	0.792953				
0.11685	0.790402				
0.1169	0.7853				
0.11695	0.78275				
0.117	0.787851				
0.11705	0.792953				
0.1171	0.795504				
0.11715	0.790402				
0.1172	0.787851				
0.11725	0.787851				
0.1173	0.7853				
0.11735	0.7853				
0.1174	0.790402				
0.11745	0.790402				
0.1175	0.792953				
0.11755	0.790402				
0.1176	0.792953				
0.11765	0.798054				
0.1177	0.787851				
0.11775	0.78275				
0.1178	0.790402				
0.11785	0.787851				
0.1179	0.792953				
0.11795	0.787851				
0.118	0.790402				
0.11805	0.790402				
0.1181	0.790402				
0.11815	0.795504				
0.1182	0.78275				
0.11825	0.787851				
0.1183	0.787851				
0.11835	0.78275				
0.1184	0.792953				
0.11845	0.790402				
0.1185	0.795504				
0.11855	0.790402				
0.1186	0.790402				
0.11865	0.7853				
0.1187	0.775097				
0.11875	0.777648				
0.1188	0.792953				
0.11885	0.787851				
0.1189	0.795504				
0.11895	0.798054				
0.119	0.792953				
0.11905	0.790402				
0.1191	0.780199				
0.11915	0.78275				
0.1192	0.7853				
0.11925	0.787851				
0.1193	0.790402				
0.11935	0.792953				
0.1194	0.78275				
0.11945	0.792953				
0.1195	0.78275				
0.11955	0.78275				
0.1196	0.7853				
0.11965	0.787851				
0.1197	0.7853				
0.11975	0.792953				
0.1198	0.792953				
0.11985	0.790402				
0.1199	0.798054				
0.11995	0.790402				
0.12	0.7853				
0.12005	0.780199				
0.1201	0.787851				
0.12015	0.792953				
0.1202	0.790402				
0.12025	0.795504				
0.1203	0.790402				
0.12035	0.790402				
0.1204	0.78275				
0.12045	0.78275				
0.1205	0.78275				
0.12055	0.780199				
0.1206	0.795504				
0.12065	0.790402				
0.1207	0.792953				
0.12075	0.7853				
0.1208	0.787851				
0.12085	0.787851				
0.1209	0.792953				
0.12095	0.775097				
0.121	0.78275				
0.12105	0.78275				
0.1211	0.790402				
0.12115	0.787851				
0.1212	0.790402				
0.12125	0.78275				
0.1213	0.790402				
0.12135	0.795504				
0.1214	0.792953				
0.12145	0.787851				
0.1215	0.780199				
0.12155	0.787851				
0.1216	0.790402				
0.12165	0.7853				
0.1217	0.792953				
0.12175	0.792953				
0.1218	0.792953				
0.12185	0.792953				
0.1219	0.792953				
0.12195	0.780199				
0.122	0.78275				
0.12205	0.787851				
0.1221	0.792953				
0.12215	0.798054				
0.1222	0.792953				
0.12225	0.780199				
0.1223	0.7853				
0.12235	0.780199				
0.1224	0.777648				
0.12245	0.792953				
0.1225	0.795504				
0.12255	0.792953				
0.1226	0.798054				
0.12265	0.78275				
0.1227	0.7853				
0.12275	0.780199				
0.1228	0.7853				
0.12285	0.7853				
0.1229	0.798054				
0.12295	0.7853				
0.123	0.795504				
0.12305	0.7853				
0.1231	0.780199				
0.12315	0.790402				
0.1232	0.78275				
0.12325	0.790402				
0.1233	0.795504				
0.12335	0.790402				
0.1234	0.792953				
0.12345	0.792953				
0.1235	0.798054				
0.12355	0.792953				
0.1236	0.7853				
0.12365	0.787851				
0.1237	0.777648				
0.12375	0.78275				
0.1238	0.7853				
0.12385	0.787851				
0.1239	0.800605				
0.12395	0.790402				
0.124	0.787851				
0.12405	0.787851				
0.1241	0.777648				
0.12415	0.780199				
0.1242	0.7853				
0.12425	0.787851				
0.1243	0.790402				
0.12435	0.790402				
0.1244	0.787851				
0.12445	0.787851				
0.1245	0.787851				
0.12455	0.7853				
0.1246	0.787851				
0.12465	0.790402				
0.1247	0.7853				
0.12475	0.7853				
0.1248	0.792953				
0.12485	0.795504				
0.1249	0.7853				
0.12495	0.792953				
0.125	0.792953				
0.12505	0.78275				
0.1251	0.780199				
0.12515	0.7853				
0.1252	0.787851				
0.12525	0.792953				
0.1253	0.792953				
0.12535	0.792953				
0.1254	0.790402				
0.12545	0.78275				
0.1255	0.787851				
0.12555	0.787851				
0.1256	0.78275				
0.12565	0.78275				
0.1257	0.795504				
0.12575	0.790402				
0.1258	0.7853				
0.12585	0.787851				
0.1259	0.787851				
0.12595	0.777648				
0.126	0.787851				
0.12605	0.790402				
0.1261	0.7853				
0.12615	0.790402				
0.1262	0.792953				
0.12625	0.787851				
0.1263	0.78275				
0.12635	0.78275				
0.1264	0.792953				
0.12645	0.780199				
0.1265	0.777648				
0.12655	0.790402				
0.1266	0.78275				
0.12665	0.792953				
0.1267	0.792953				
0.12675	0.792953				
0.1268	0.7853				
0.12685	0.78275				
0.1269	0.78275				
0.12695	0.777648				
0.127	0.787851				
0.12705	0.787851				
0.1271	0.787851				
0.12715	0.795504				
0.1272	0.792953				
0.12725	0.787851				
0.1273	0.7853				
0.12735	0.78275				
0.1274	0.78275				
0.12745	0.790402				
0.1275	0.78275				
0.12755	0.787851				
0.1276	0.792953				
0.12765	0.78275				
0.1277	0.78275				
0.12775	0.7853				
0.1278	0.787851				
0.12785	0.777648				
0.1279	0.780199				
0.12795	0.787851				
0.128	0.7853				
0.12805	0.78275				
0.1281	0.790402				
0.12815	0.787851				
0.1282	0.78275				
0.12825	0.792953				
0.1283	0.787851				
0.12835	0.780199				
0.1284	0.790402				
0.12845	0.790402				
0.1285	0.7853				
0.12855	0.792953				
0.1286	0.792953				
0.12865	0.7853				
0.1287	0.798054				
0.12875	0.780199				
0.1288	0.7853				
0.12885	0.780199				
0.1289	0.787851				
0.12895	0.787851				
0.129	0.792953				
0.12905	0.792953				
0.1291	0.787851				
0.12915	0.78275				
0.1292	0.780199				
0.12925	0.775097				
0.1293	0.772546				
0.12935	0.775097				
0.1294	0.780199				
0.12945	0.790402				
0.1295	0.798054				
0.12955	0.7853				
0.1296	0.787851				
0.12965	0.78275				
0.1297	0.78275				
0.12975	0.775097				
0.1298	0.78275				
0.12985	0.790402				
0.1299	0.787851				
0.12995	0.787851				
0.13	0.787851				
0.13005	0.792953				
0.1301	0.78275				
0.13015	0.780199				
0.1302	0.780199				
0.13025	0.772546				
0.1303	0.787851				
0.13035	0.790402				
0.1304	0.795504				
0.13045	0.790402				
0.1305	0.792953				
0.13055	0.78275				
0.1306	0.780199				
0.13065	0.780199				
0.1307	0.78275				
0.13075	0.78275				
0.1308	0.78275				
0.13085	0.792953				
0.1309	0.790402				
0.13095	0.787851				
0.131	0.78275				
0.13105	0.78275				
0.1311	0.775097				
0.13115	0.78275				
0.1312	0.790402				
0.13125	0.78275				
0.1313	0.78275				
0.13135	0.792953				
0.1314	0.78275				
0.13145	0.78275				
0.1315	0.795504				
0.13155	0.780199				
0.1316	0.777648				
0.13165	0.772546				
0.1317	0.78275				
0.13175	0.777648				
0.1318	0.792953				
0.13185	0.792953				
0.1319	0.7853				
0.13195	0.787851				
0.132	0.787851				
0.13205	0.78275				
0.1321	0.790402				
0.13215	0.780199				
0.1322	0.78275				
0.13225	0.78275				
0.1323	0.78275				
0.13235	0.795504				
0.1324	0.7853				
0.13245	0.780199				
0.1325	0.780199				
0.13255	0.777648				
0.1326	0.78275				
0.13265	0.775097				
0.1327	0.7853				
0.13275	0.795504				
0.1328	0.787851				
0.13285	0.787851				
0.1329	0.78275				
0.13295	0.777648				
0.133	0.780199				
0.13305	0.780199				
0.1331	0.78275				
0.13315	0.787851				
0.1332	0.798054				
0.13325	0.790402				
0.1333	0.787851				
0.13335	0.7853				
0.1334	0.775097				
0.13345	0.78275				
0.1335	0.78275				
0.13355	0.7853				
0.1336	0.78275				
0.13365	0.790402				
0.1337	0.792953				
0.13375	0.78275				
0.1338	0.780199				
0.13385	0.777648				
0.1339	0.787851				
0.13395	0.780199				
0.134	0.7853				
0.13405	0.787851				
0.1341	0.792953				
0.13415	0.78275				
0.1342	0.787851				
0.13425	0.787851				
0.1343	0.787851				
0.13435	0.7853				
0.1344	0.78275				
0.13445	0.780199				
0.1345	0.78275				
0.13455	0.780199				
0.1346	0.7853				
0.13465	0.78275				
0.1347	0.787851				
0.13475	0.787851				
0.1348	0.7853				
0.13485	0.777648				
0.1349	0.777648				
0.13495	0.78275				
0.135	0.7853				
0.13505	0.790402				
0.1351	0.787851				
0.13515	0.787851				
0.1352	0.78275				
0.13525	0.78275				
0.1353	0.78275				
0.13535	0.777648				
0.1354	0.780199				
0.13545	0.790402				
0.1355	0.787851				
0.13555	0.787851				
0.1356	0.787851				
0.13565	0.7853				
0.1357	0.7853				
0.13575	0.777648				
0.1358	0.78275				
0.13585	0.787851				
0.1359	0.787851				
0.13595	0.78275				
0.136	0.790402				
0.13605	0.787851				
0.1361	0.78275				
0.13615	0.787851				
0.1362	0.775097				
0.13625	0.780199				
0.1363	0.787851				
0.13635	0.787851				
0.1364	0.780199				
0.13645	0.7853				
0.1365	0.78275				
0.13655	0.790402				
0.1366	0.792953				
0.13665	0.792953				
0.1367	0.78275				
0.13675	0.790402				
0.1368	0.790402				
0.13685	0.78275				
0.1369	0.78275				
0.13695	0.787851				
0.137	0.787851				
0.13705	0.7853				
0.1371	0.7853				
0.13715	0.78275				
0.1372	0.777648				
0.13725	0.777648				
0.1373	0.780199				
0.13735	0.777648				
0.1374	0.790402				
0.13745	0.7853				
0.1375	0.792953				
0.13755	0.790402				
0.1376	0.7853				
0.13765	0.787851				
0.1377	0.780199				
0.13775	0.780199				
0.1378	0.780199				
0.13785	0.78275				
0.1379	0.787851				
0.13795	0.790402				
0.138	0.787851				
0.13805	0.78275				
0.1381	0.78275				
0.13815	0.777648				
0.1382	0.769996				
0.13825	0.780199				
0.1383	0.7853				
0.13835	0.795504				
0.1384	0.792953				
0.13845	0.792953				
0.1385	0.787851				
0.13855	0.777648				
0.1386	0.78275				
0.13865	0.780199				
0.1387	0.775097				
0.13875	0.78275				
0.1388	0.7853				
0.13885	0.792953				
0.1389	0.7853				
0.13895	0.7853				
0.139	0.7853				
0.13905	0.78275				
0.1391	0.78275				
0.13915	0.792953				
0.1392	0.78275				
0.13925	0.7853				
0.1393	0.777648				
0.13935	0.787851				
0.1394	0.787851				
0.13945	0.795504				
0.1395	0.790402				
0.13955	0.790402				
0.1396	0.775097				
0.13965	0.775097				
0.1397	0.792953				
0.13975	0.775097				
0.1398	0.78275				
0.13985	0.790402				
0.1399	0.795504				
0.13995	0.78275				
0.14	0.792953				
0.14005	0.780199				
0.1401	0.775097				
0.14015	0.772546				
0.1402	0.787851				
0.14025	0.790402				
0.1403	0.792953				
0.14035	0.78275				
0.1404	0.7853				
0.14045	0.7853				
0.1405	0.775097				
0.14055	0.78275				
0.1406	0.7853				
0.14065	0.790402				
0.1407	0.7853				
0.14075	0.787851				
0.1408	0.790402				
0.14085	0.792953				
0.1409	0.780199				
0.14095	0.78275				
0.141	0.78275				
0.14105	0.780199				
0.1411	0.780199				
0.14115	0.78275				
0.1412	0.78275				
0.14125	0.78275				
0.1413	0.790402				
0.14135	0.7853				
0.1414	0.790402				
0.14145	0.772546				
0.1415	0.772546				
0.14155	0.78275				
0.1416	0.7853				
0.14165	0.78275				
0.1417	0.792953				
0.14175	0.7853				
0.1418	0.78275				
0.14185	0.78275				
0.1419	0.78275				
0.14195	0.775097				
0.142	0.78275				
0.14205	0.7853				
0.1421	0.78275				
0.14215	0.790402				
0.1422	0.787851				
0.14225	0.780199				
0.1423	0.78275				
0.14235	0.78275				
0.1424	0.777648				
0.14245	0.78275				
0.1425	0.787851				
0.14255	0.78275				
0.1426	0.7853				
0.14265	0.787851				
0.1427	0.78275				
0.14275	0.7853				
0.1428	0.78275				
0.14285	0.78275				
0.1429	0.772546				
0.14295	0.780199				
0.143	0.780199				
0.14305	0.7853				
0.1431	0.787851				
0.14315	0.790402				
0.1432	0.7853				
0.14325	0.780199				
0.1433	0.78275				
0.14335	0.769996				
0.1434	0.78275				
0.14345	0.78275				
0.1435	0.7853				
0.14355	0.790402				
0.1436	0.792953				
0.14365	0.790402				
0.1437	0.78275				
0.14375	0.772546				
0.1438	0.78275				
0.14385	0.780199				
0.1439	0.790402				
0.14395	0.787851				
0.144	0.790402				
0.14405	0.78275				
0.1441	0.787851				
0.14415	0.78275				
0.1442	0.787851				
0.14425	0.777648				
0.1443	0.777648				
0.14435	0.7853				
0.1444	0.790402				
0.14445	0.777648				
0.1445	0.792953				
0.14455	0.787851				
0.1446	0.780199				
0.14465	0.78275				
0.1447	0.78275				
0.14475	0.775097				
0.1448	0.780199				
0.14485	0.780199				
0.1449	0.7853				
0.14495	0.792953				
0.145	0.790402				
0.14505	0.787851				
0.1451	0.790402				
0.14515	0.78275				
0.1452	0.775097				
0.14525	0.772546				
0.1453	0.78275				
0.14535	0.7853				
0.1454	0.792953				
0.14545	0.78275				
0.1455	0.78275				
0.14555	0.790402				
0.1456	0.780199				
0.14565	0.7853				
0.1457	0.772546				
0.14575	0.780199				
0.1458	0.78275				
0.14585	0.787851				
0.1459	0.787851				
0.14595	0.78275				
0.146	0.787851				
0.14605	0.7853				
0.1461	0.7853				
0.14615	0.7853				
0.1462	0.772546				
0.14625	0.780199				
0.1463	0.78275				
0.14635	0.777648				
0.1464	0.787851				
0.14645	0.787851				
0.1465	0.790402				
0.14655	0.790402				
0.1466	0.78275				
0.14665	0.78275				
0.1467	0.777648				
0.14675	0.780199				
0.1468	0.775097				
0.14685	0.78275				
0.1469	0.790402				
0.14695	0.78275				
0.147	0.787851				
0.14705	0.78275				
0.1471	0.78275				
0.14715	0.762343				
0.1472	0.764894				
0.14725	0.775097				
0.1473	0.780199				
0.14735	0.78275				
0.1474	0.78275				
0.14745	0.772546				
0.1475	0.777648				
0.14755	0.772546				
0.1476	0.777648				
0.14765	0.769996				
0.1477	0.772546				
0.14775	0.78275				
0.1478	0.780199				
0.14785	0.78275				
0.1479	0.78275				
0.14795	0.7853				
0.148	0.78275				
0.14805	0.78275				
0.1481	0.78275				
0.14815	0.777648				
0.1482	0.769996				
0.14825	0.78275				
0.1483	0.780199				
0.14835	0.787851				
0.1484	0.787851				
0.14845	0.792953				
0.1485	0.787851				
0.14855	0.777648				
0.1486	0.78275				
0.14865	0.769996				
0.1487	0.78275				
0.14875	0.78275				
0.1488	0.7853				
0.14885	0.792953				
0.1489	0.790402				
0.14895	0.780199				
0.149	0.775097				
0.14905	0.78275				
0.1491	0.780199				
0.14915	0.780199				
0.1492	0.78275				
0.14925	0.772546				
0.1493	0.78275				
0.14935	0.787851				
0.1494	0.787851				
0.14945	0.780199				
0.1495	0.780199				
0.14955	0.775097				
0.1496	0.777648				
0.14965	0.78275				
0.1497	0.780199				
0.14975	0.78275				
0.1498	0.78275				
0.14985	0.780199				
0.1499	0.780199				
0.14995	0.7853				
0.15	0.772546				
0.15005	0.78275				
0.1501	0.787851				
0.15015	0.772546				
0.1502	0.78275				
0.15025	0.787851				
0.1503	0.787851				
0.15035	0.78275				
0.1504	0.78275				
0.15045	0.780199				
0.1505	0.777648				
0.15055	0.787851				
0.1506	0.78275				
0.15065	0.78275				
0.1507	0.78275				
0.15075	0.780199				
0.1508	0.772546				
0.15085	0.78275				
0.1509	0.780199				
0.15095	0.777648				
0.151	0.772546				
0.15105	0.780199				
0.1511	0.780199				
0.15115	0.7853				
0.1512	0.7853				
0.15125	0.787851				
0.1513	0.775097				
0.15135	0.780199				
0.1514	0.775097				
0.15145	0.775097				
0.1515	0.780199				
0.15155	0.775097				
0.1516	0.780199				
0.15165	0.790402				
0.1517	0.787851				
0.15175	0.78275				
0.1518	0.780199				
0.15185	0.775097				
0.1519	0.775097				
0.15195	0.780199				
0.152	0.772546				
0.15205	0.78275				
0.1521	0.792953				
0.15215	0.787851				
0.1522	0.78275				
0.15225	0.777648				
0.1523	0.777648				
0.15235	0.775097				
0.1524	0.775097				
0.15245	0.7853				
0.1525	0.78275				
0.15255	0.780199				
0.1526	0.78275				
0.15265	0.78275				
0.1527	0.7853				
0.15275	0.78275				
0.1528	0.78275				
0.15285	0.780199				
0.1529	0.772546				
0.15295	0.777648				
0.153	0.7853				
0.15305	0.78275				
0.1531	0.780199				
0.15315	0.7853				
0.1532	0.78275				
0.15325	0.7853				
0.1533	0.780199				
0.15335	0.775097				
0.1534	0.772546				
0.15345	0.777648				
0.1535	0.777648				
0.15355	0.777648				
0.1536	0.78275				
0.15365	0.790402				
0.1537	0.787851				
0.15375	0.780199				
0.1538	0.775097				
0.15385	0.772546				
0.1539	0.777648				
0.15395	0.78275				
0.154	0.780199				
0.15405	0.787851				
0.1541	0.78275				
0.15415	0.787851				
0.1542	0.7853				
0.15425	0.78275				
0.1543	0.762343				
0.15435	0.769996				
0.1544	0.780199				
0.15445	0.777648				
0.1545	0.7853				
0.15455	0.78275				
0.1546	0.78275				
0.15465	0.780199				
0.1547	0.772546				
0.15475	0.772546				
0.1548	0.769996				
0.15485	0.775097				
0.1549	0.780199				
0.15495	0.777648				
0.155	0.787851				
0.15505	0.787851				
0.1551	0.78275				
0.15515	0.769996				
0.1552	0.772546				
0.15525	0.775097				
0.1553	0.777648				
0.15535	0.780199				
0.1554	0.777648				
0.15545	0.787851				
0.1555	0.787851				
0.15555	0.78275				
0.1556	0.769996				
0.15565	0.769996				
0.1557	0.775097				
0.15575	0.78275				
0.1558	0.78275				
0.15585	0.780199				
0.1559	0.772546				
0.15595	0.787851				
0.156	0.78275				
0.15605	0.790402				
0.1561	0.772546				
0.15615	0.78275				
0.1562	0.78275				
0.15625	0.775097				
0.1563	0.772546				
0.15635	0.777648				
0.1564	0.777648				
0.15645	0.78275				
0.1565	0.78275				
0.15655	0.78275				
0.1566	0.78275				
0.15665	0.775097				
0.1567	0.769996				
0.15675	0.769996				
0.1568	0.775097				
0.15685	0.775097				
0.1569	0.777648				
0.15695	0.780199				
0.157	0.787851				
0.15705	0.78275				
0.1571	0.777648				
0.15715	0.775097				
0.1572	0.777648				
0.15725	0.769996				
0.1573	0.769996				
0.15735	0.78275				
0.1574	0.787851				
0.15745	0.780199				
0.1575	0.78275				
0.15755	0.78275				
0.1576	0.775097				
0.15765	0.78275				
0.1577	0.769996				
0.15775	0.777648				
0.1578	0.769996				
0.15785	0.780199				
0.1579	0.780199				
0.15795	0.78275				
0.158	0.787851				
0.15805	0.78275				
0.1581	0.78275				
0.15815	0.775097				
0.1582	0.762343				
0.15825	0.78275				
0.1583	0.78275				
0.15835	0.780199				
0.1584	0.78275				
0.15845	0.78275				
0.1585	0.78275				
0.15855	0.780199				
0.1586	0.777648				
0.15865	0.772546				
0.1587	0.775097				
0.15875	0.769996				
0.1588	0.777648				
0.15885	0.775097				
0.1589	0.787851				
0.15895	0.777648				
0.159	0.787851				
0.15905	0.780199				
0.1591	0.78275				
0.15915	0.772546				
0.1592	0.769996				
0.15925	0.78275				
0.1593	0.777648				
0.15935	0.78275				
0.1594	0.780199				
0.15945	0.7853				
0.1595	0.78275				
0.15955	0.772546				
0.1596	0.775097				
0.15965	0.769996				
0.1597	0.769996				
0.15975	0.777648				
0.1598	0.7853				
0.15985	0.777648				
0.1599	0.78275				
0.15995	0.777648				
0.16	0.777648				
0.16005	0.78275				
0.1601	0.777648				
0.16015	0.772546				
0.1602	0.772546				
0.16025	0.777648				
0.1603	0.775097				
0.16035	0.772546				
0.1604	0.787851				
0.16045	0.7853				
0.1605	0.775097				
0.16055	0.775097				
0.1606	0.775097				
0.16065	0.772546				
0.1607	0.769996				
0.16075	0.772546				
0.1608	0.78275				
0.16085	0.780199				
0.1609	0.777648				
0.16095	0.777648				
0.161	0.78275				
0.16105	0.78275				
0.1611	0.780199				
0.16115	0.78275				
0.1612	0.780199				
0.16125	0.772546				
0.1613	0.775097				
0.16135	0.777648				
0.1614	0.78275				
0.16145	0.787851				
0.1615	0.78275				
0.16155	0.780199				
0.1616	0.777648				
0.16165	0.769996				
0.1617	0.780199				
0.16175	0.775097				
0.1618	0.78275				
0.16185	0.78275				
0.1619	0.78275				
0.16195	0.780199				
0.162	0.777648				
0.16205	0.78275				
0.1621	0.777648				
0.16215	0.777648				
0.1622	0.772546				
0.16225	0.780199				
0.1623	0.772546				
0.16235	0.7853				
0.1624	0.78275				
0.16245	0.780199				
0.1625	0.78275				
0.16255	0.767445				
0.1626	0.772546				
0.16265	0.775097				
0.1627	0.780199				
0.16275	0.78275				
0.1628	0.772546				
0.16285	0.78275				
0.1629	0.777648				
0.16295	0.775097				
0.163	0.775097				
0.16305	0.780199				
0.1631	0.780199				
0.16315	0.775097				
0.1632	0.775097				
0.16325	0.777648				
0.1633	0.775097				
0.16335	0.775097				
0.1634	0.78275				
0.16345	0.780199				
0.1635	0.764894				
0.16355	0.772546				
0.1636	0.780199				
0.16365	0.772546				
0.1637	0.78275				
0.16375	0.787851				
0.1638	0.7853				
0.16385	0.7853				
0.1639	0.790402				
0.16395	0.769996				
0.164	0.772546				
0.16405	0.767445				
0.1641	0.772546				
0.16415	0.772546				
0.1642	0.775097				
0.16425	0.787851				
0.1643	0.787851				
0.16435	0.787851				
0.1644	0.772546				
0.16445	0.772546				
0.1645	0.769996				
0.16455	0.780199				
0.1646	0.772546				
0.16465	0.78275				
0.1647	0.7853				
0.16475	0.78275				
0.1648	0.78275				
0.16485	0.775097				
0.1649	0.775097				
0.16495	0.769996				
0.165	0.767445				
0.16505	0.787851				
0.1651	0.790402				
0.16515	0.78275				
0.1652	0.777648				
0.16525	0.777648				
0.1653	0.775097				
0.16535	0.792953				
0.1654	0.777648				
0.16545	0.775097				
0.1655	0.767445				
0.16555	0.767445				
0.1656	0.777648				
0.16565	0.777648				
0.1657	0.787851				
0.16575	0.7853				
0.1658	0.780199				
0.16585	0.775097				
0.1659	0.767445				
0.16595	0.772546				
0.166	0.772546				
0.16605	0.775097				
0.1661	0.78275				
0.16615	0.78275				
0.1662	0.78275				
0.16625	0.7853				
0.1663	0.772546				
0.16635	0.769996				
0.1664	0.769996				
0.16645	0.772546				
0.1665	0.775097				
0.16655	0.780199				
0.1666	0.78275				
0.16665	0.7853				
0.1667	0.78275				
0.16675	0.775097				
0.1668	0.772546				
0.16685	0.78275				
0.1669	0.767445				
0.16695	0.772546				
0.167	0.777648				
0.16705	0.777648				
0.1671	0.772546				
0.16715	0.780199				
0.1672	0.78275				
0.16725	0.772546				
0.1673	0.780199				
0.16735	0.777648				
0.1674	0.775097				
0.16745	0.772546				
0.1675	0.775097				
0.16755	0.777648				
0.1676	0.775097				
0.16765	0.772546				
0.1677	0.775097				
0.16775	0.775097				
0.1678	0.772546				
0.16785	0.772546				
0.1679	0.775097				
0.16795	0.772546				
0.168	0.772546				
0.16805	0.777648				
0.1681	0.780199				
0.16815	0.790402				
0.1682	0.78275				
0.16825	0.775097				
0.1683	0.772546				
0.16835	0.769996				
0.1684	0.772546				
0.16845	0.772546				
0.1685	0.777648				
0.16855	0.787851				
0.1686	0.7853				
0.16865	0.780199				
0.1687	0.780199				
0.16875	0.775097				
0.1688	0.769996				
0.16885	0.772546				
0.1689	0.775097				
0.16895	0.775097				
0.169	0.780199				
0.16905	0.7853				
0.1691	0.78275				
0.16915	0.772546				
0.1692	0.772546				
0.16925	0.780199				
0.1693	0.769996				
0.16935	0.762343				
0.1694	0.780199				
0.16945	0.772546				
0.1695	0.780199				
0.16955	0.775097				
0.1696	0.78275				
0.16965	0.775097				
0.1697	0.775097				
0.16975	0.767445				
0.1698	0.775097				
0.16985	0.772546				
0.1699	0.775097				
0.16995	0.7853				
0.17	0.775097				
0.17005	0.78275				
0.1701	0.772546				
0.17015	0.780199				
0.1702	0.772546				
0.17025	0.772546				
0.1703	0.769996				
0.17035	0.777648				
0.1704	0.777648				
0.17045	0.780199				
0.1705	0.780199				
0.17055	0.78275				
0.1706	0.775097				
0.17065	0.780199				
0.1707	0.777648				
0.17075	0.767445				
0.1708	0.780199				
0.17085	0.775097				
0.1709	0.780199				
0.17095	0.78275				
0.171	0.787851				
0.17105	0.78275				
0.1711	0.780199				
0.17115	0.772546				
0.1712	0.772546				
0.17125	0.772546				
0.1713	0.780199				
0.17135	0.787851				
0.1714	0.775097				
0.17145	0.78275				
0.1715	0.780199				
0.17155	0.780199				
0.1716	0.772546				
0.17165	0.769996				
0.1717	0.772546				
0.17175	0.777648				
0.1718	0.775097				
0.17185	0.777648				
0.1719	0.78275				
0.17195	0.777648				
0.172	0.7853				
0.17205	0.790402				
0.1721	0.777648				
0.17215	0.787851				
0.1722	0.767445				
0.17225	0.769996				
0.1723	0.78275				
0.17235	0.775097				
0.1724	0.772546				
0.17245	0.780199				
0.1725	0.777648				
0.17255	0.777648				
0.1726	0.777648				
0.17265	0.775097				
0.1727	0.772546				
0.17275	0.777648				
0.1728	0.777648				
0.17285	0.777648				
0.1729	0.777648				
0.17295	0.78275				
0.173	0.78275				
0.17305	0.775097				
0.1731	0.780199				
0.17315	0.772546				
0.1732	0.772546				
0.17325	0.777648				
0.1733	0.780199				
0.17335	0.787851				
0.1734	0.78275				
0.17345	0.78275				
0.1735	0.775097				
0.17355	0.775097				
0.1736	0.780199				
0.17365	0.769996				
0.1737	0.775097				
0.17375	0.777648				
0.1738	0.777648				
0.17385	0.767445				
0.1739	0.78275				
0.17395	0.775097				
0.174	0.772546				
0.17405	0.78275				
0.1741	0.775097				
0.17415	0.780199				
0.1742	0.772546				
0.17425	0.775097				
0.1743	0.787851				
0.17435	0.78275				
0.1744	0.787851				
0.17445	0.787851				
0.1745	0.777648				
0.17455	0.780199				
0.1746	0.780199				
0.17465	0.775097				
0.1747	0.769996				
0.17475	0.775097				
0.1748	0.78275				
0.17485	0.78275				
0.1749	0.787851				
0.17495	0.78275				
0.175	0.78275				
0.17505	0.775097				
0.1751	0.767445				
0.17515	0.769996				
0.1752	0.780199				
0.17525	0.780199				
0.1753	0.780199				
0.17535	0.78275				
0.1754	0.78275				
0.17545	0.780199				
0.1755	0.767445				
0.17555	0.769996				
0.1756	0.772546				
0.17565	0.775097				
0.1757	0.777648				
0.17575	0.775097				
0.1758	0.775097				
0.17585	0.780199				
0.1759	0.780199				
0.17595	0.78275				
0.176	0.775097				
0.17605	0.769996				
0.1761	0.777648				
0.17615	0.777648				
0.1762	0.780199				
0.17625	0.772546				
0.1763	0.78275				
0.17635	0.787851				
0.1764	0.772546				
0.17645	0.777648				
0.1765	0.780199				
0.17655	0.777648				
0.1766	0.775097				
0.17665	0.78275				
0.1767	0.7853				
0.17675	0.78275				
0.1768	0.7853				
0.17685	0.787851				
0.1769	0.772546				
0.17695	0.775097				
0.177	0.767445				
0.17705	0.772546				
0.1771	0.777648				
0.17715	0.7853				
0.1772	0.787851				
0.17725	0.7853				
0.1773	0.769996				
0.17735	0.777648				
0.1774	0.777648				
0.17745	0.772546				
0.1775	0.772546				
0.17755	0.777648				
0.1776	0.780199				
0.17765	0.772546				
0.1777	0.78275				
0.17775	0.792953				
0.1778	0.777648				
0.17785	0.78275				
0.1779	0.780199				
0.17795	0.772546				
0.178	0.780199				
0.17805	0.777648				
0.1781	0.772546				
0.17815	0.777648				
0.1782	0.780199				
0.17825	0.7853				
0.1783	0.780199				
0.17835	0.775097				
0.1784	0.769996				
0.17845	0.772546				
0.1785	0.78275				
0.17855	0.7853				
0.1786	0.787851				
0.17865	0.7853				
0.1787	0.777648				
0.17875	0.775097				
0.1788	0.772546				
0.17885	0.769996				
0.1789	0.772546				
0.17895	0.78275				
0.179	0.772546				
0.17905	0.787851				
0.1791	0.787851				
0.17915	0.772546				
0.1792	0.775097				
0.17925	0.777648				
0.1793	0.769996				
0.17935	0.772546				
0.1794	0.78275				
0.17945	0.78275				
0.1795	0.78275				
0.17955	0.772546				
0.1796	0.78275				
0.17965	0.775097				
0.1797	0.78275				
0.17975	0.777648				
0.1798	0.775097				
0.17985	0.777648				
0.1799	0.772546				
0.17995	0.780199				
0.18	0.78275				
0.18005	0.787851				
0.1801	0.78275				
0.18015	0.772546				
0.1802	0.772546				
0.18025	0.772546				
0.1803	0.78275				
0.18035	0.777648				
0.1804	0.777648				
0.18045	0.777648				
0.1805	0.777648				
0.18055	0.78275				
0.1806	0.78275				
0.18065	0.769996				
0.1807	0.769996				
0.18075	0.775097				
0.1808	0.775097				
0.18085	0.7853				
0.1809	0.790402				
0.18095	0.792953				
0.181	0.78275				
0.18105	0.772546				
0.1811	0.769996				
0.18115	0.769996				
0.1812	0.772546				
0.18125	0.78275				
0.1813	0.78275				
0.18135	0.78275				
0.1814	0.775097				
0.18145	0.7853				
0.1815	0.775097				
0.18155	0.772546				
0.1816	0.772546				
0.18165	0.777648				
0.1817	0.777648				
0.18175	0.777648				
0.1818	0.780199				
0.18185	0.78275				
0.1819	0.772546				
0.18195	0.780199				
0.182	0.790402				
0.18205	0.780199				
0.1821	0.78275				
0.18215	0.780199				
0.1822	0.772546				
0.18225	0.78275				
0.1823	0.78275				
0.18235	0.775097				
0.1824	0.780199				
0.18245	0.780199				
0.1825	0.777648				
0.18255	0.78275				
0.1826	0.772546				
0.18265	0.780199				
0.1827	0.780199				
0.18275	0.780199				
0.1828	0.78275				
0.18285	0.78275				
0.1829	0.772546				
0.18295	0.769996				
0.183	0.780199				
0.18305	0.777648				
0.1831	0.78275				
0.18315	0.7853				
0.1832	0.780199				
0.18325	0.78275				
0.1833	0.769996				
0.18335	0.769996				
0.1834	0.775097				
0.18345	0.775097				
0.1835	0.78275				
0.18355	0.777648				
0.1836	0.780199				
0.18365	0.78275				
0.1837	0.777648				
0.18375	0.780199				
0.1838	0.780199				
0.18385	0.767445				
0.1839	0.775097				
0.18395	0.780199				
0.184	0.777648				
0.18405	0.78275				
0.1841	0.777648				
0.18415	0.790402				
0.1842	0.777648				
0.18425	0.780199				
0.1843	0.772546				
0.18435	0.769996				
0.1844	0.775097				
0.18445	0.780199				
0.1845	0.780199				
0.18455	0.777648				
0.1846	0.775097				
0.18465	0.780199				
0.1847	0.780199				
0.18475	0.775097				
0.1848	0.777648				
0.18485	0.772546				
0.1849	0.772546				
0.18495	0.78275				
0.185	0.7853				
0.18505	0.780199				
0.1851	0.775097				
0.18515	0.7853				
0.1852	0.78275				
0.18525	0.767445				
0.1853	0.780199				
0.18535	0.777648				
0.1854	0.772546				
0.18545	0.7853				
0.1855	0.790402				
0.18555	0.787851				
0.1856	0.787851				
0.18565	0.78275				
0.1857	0.780199				
0.18575	0.762343				
0.1858	0.769996				
0.18585	0.780199				
0.1859	0.780199				
0.18595	0.78275				
0.186	0.777648				
0.18605	0.7853				
0.1861	0.780199				
0.18615	0.780199				
0.1862	0.769996				
0.18625	0.777648				
0.1863	0.769996				
0.18635	0.780199				
0.1864	0.780199				
0.18645	0.78275				
0.1865	0.777648				
0.18655	0.78275				
0.1866	0.780199				
0.18665	0.767445				
0.1867	0.775097				
0.18675	0.767445				
0.1868	0.78275				
0.18685	0.772546				
0.1869	0.769996				
0.18695	0.78275				
0.187	0.780199				
0.18705	0.780199				
0.1871	0.7853				
0.18715	0.780199				
0.1872	0.780199				
0.18725	0.777648				
0.1873	0.780199				
0.18735	0.780199				
0.1874	0.78275				
0.18745	0.787851				
0.1875	0.780199				
0.18755	0.780199				
0.1876	0.7853				
0.18765	0.775097				
0.1877	0.769996				
0.18775	0.772546				
0.1878	0.769996				
0.18785	0.777648				
0.1879	0.78275				
0.18795	0.78275				
0.188	0.7853				
0.18805	0.78275				
0.1881	0.777648				
0.18815	0.78275				
0.1882	0.780199				
0.18825	0.787851				
0.1883	0.7853				
0.18835	0.792953				
0.1884	0.78275				
0.18845	0.780199				
0.1885	0.769996				
0.18855	0.772546				
0.1886	0.767445				
0.18865	0.767445				
0.1887	0.78275				
0.18875	0.777648				
0.1888	0.787851				
0.18885	0.777648				
0.1889	0.775097				
0.18895	0.769996				
0.189	0.767445				
0.18905	0.767445				
0.1891	0.769996				
0.18915	0.780199				
0.1892	0.787851				
0.18925	0.787851				
0.1893	0.780199				
0.18935	0.7853				
0.1894	0.762343				
0.18945	0.767445				
0.1895	0.769996				
0.18955	0.772546				
0.1896	0.787851				
0.18965	0.7853				
0.1897	0.78275				
0.18975	0.780199				
0.1898	0.772546				
0.18985	0.769996				
0.1899	0.772546				
0.18995	0.780199				
0.19	0.777648				
0.19005	0.78275				
0.1901	0.777648				
0.19015	0.777648				
0.1902	0.777648				
0.19025	0.78275				
0.1903	0.775097				
0.19035	0.780199				
0.1904	0.78275				
0.19045	0.772546				
0.1905	0.772546				
0.19055	0.775097				
0.1906	0.777648				
0.19065	0.787851				
0.1907	0.787851				
0.19075	0.772546				
0.1908	0.780199				
0.19085	0.78275				
0.1909	0.777648				
0.19095	0.775097				
0.191	0.777648				
0.19105	0.777648				
0.1911	0.787851				
0.19115	0.7853				
0.1912	0.780199				
0.19125	0.78275				
0.1913	0.769996				
0.19135	0.769996				
0.1914	0.775097				
0.19145	0.775097				
0.1915	0.777648				
0.19155	0.772546				
0.1916	0.790402				
0.19165	0.78275				
0.1917	0.777648				
0.19175	0.769996				
0.1918	0.772546				
0.19185	0.772546				
0.1919	0.772546				
0.19195	0.777648				
0.192	0.78275				
0.19205	0.78275				
0.1921	0.777648				
0.19215	0.777648				
0.1922	0.780199				
0.19225	0.769996				
0.1923	0.769996				
0.19235	0.775097				
0.1924	0.78275				
0.19245	0.78275				
0.1925	0.78275				
0.19255	0.780199				
0.1926	0.780199				
0.19265	0.772546				
0.1927	0.772546				
0.19275	0.772546				
0.1928	0.772546				
0.19285	0.78275				
0.1929	0.777648				
0.19295	0.772546				
0.193	0.78275				
0.19305	0.78275				
0.1931	0.777648				
0.19315	0.772546				
0.1932	0.780199				
0.19325	0.772546				
0.1933	0.775097				
0.19335	0.777648				
0.1934	0.772546				
0.19345	0.78275				
0.1935	0.78275				
0.19355	0.777648				
0.1936	0.78275				
0.19365	0.777648				
0.1937	0.769996				
0.19375	0.772546				
0.1938	0.775097				
0.19385	0.780199				
0.1939	0.7853				
0.19395	0.777648				
0.194	0.78275				
0.19405	0.777648				
0.1941	0.769996				
0.19415	0.769996				
0.1942	0.772546				
0.19425	0.780199				
0.1943	0.772546				
0.19435	0.787851				
0.1944	0.780199				
0.19445	0.7853				
0.1945	0.772546				
0.19455	0.780199				
0.1946	0.775097				
0.19465	0.775097				
0.1947	0.767445				
0.19475	0.777648				
0.1948	0.777648				
0.19485	0.78275				
0.1949	0.780199				
0.19495	0.780199				
0.195	0.777648				
0.19505	0.772546				
0.1951	0.772546				
0.19515	0.775097				
0.1952	0.777648				
0.19525	0.780199				
0.1953	0.777648				
0.19535	0.78275				
0.1954	0.780199				
0.19545	0.780199				
0.1955	0.780199				
0.19555	0.777648				
0.1956	0.777648				
0.19565	0.769996				
0.1957	0.772546				
0.19575	0.772546				
0.1958	0.78275				
0.19585	0.787851				
0.1959	0.78275				
0.19595	0.780199				
0.196	0.780199				
0.19605	0.772546				
0.1961	0.767445				
0.19615	0.775097				
0.1962	0.775097				
0.19625	0.78275				
0.1963	0.787851				
0.19635	0.775097				
0.1964	0.772546				
0.19645	0.777648				
0.1965	0.775097				
0.19655	0.780199				
0.1966	0.780199				
0.19665	0.78275				
0.1967	0.78275				
0.19675	0.7853				
0.1968	0.78275				
0.19685	0.787851				
0.1969	0.777648				
0.19695	0.780199				
0.197	0.780199				
0.19705	0.780199				
0.1971	0.767445				
0.19715	0.78275				
0.1972	0.777648				
0.19725	0.767445				
0.1973	0.78275				
0.19735	0.78275				
0.1974	0.777648				
0.19745	0.777648				
0.1975	0.772546				
0.19755	0.762343				
0.1976	0.772546				
0.19765	0.772546				
0.1977	0.78275				
0.19775	0.78275				
0.1978	0.775097				
0.19785	0.772546				
0.1979	0.772546				
0.19795	0.769996				
0.198	0.769996				
0.19805	0.7853				
0.1981	0.780199				
0.19815	0.775097				
0.1982	0.7853				
0.19825	0.780199				
0.1983	0.769996				
0.19835	0.780199				
0.1984	0.777648				
0.19845	0.772546				
0.1985	0.772546				
0.19855	0.7853				
0.1986	0.777648				
0.19865	0.78275				
0.1987	0.78275				
0.19875	0.790402				
0.1988	0.780199				
0.19885	0.78275				
0.1989	0.777648				
0.19895	0.772546				
0.199	0.772546				
0.19905	0.772546				
0.1991	0.777648				
0.19915	0.780199				
0.1992	0.78275				
0.19925	0.780199				
0.1993	0.780199				
0.19935	0.780199				
0.1994	0.769996				
0.19945	0.772546				
0.1995	0.780199				
0.19955	0.777648				
0.1996	0.78275				
0.19965	0.790402				
0.1997	0.780199				
0.19975	0.775097				
0.1998	0.775097				
0.19985	0.767445				
0.1999	0.772546				
0.19995	0.775097				
