Time - piezo	Amplitude - piezo	Unnamed: 2	Unnamed: 3	Frequency [Hz] - piezo (Power Spectrum)	Amplitude - piezo (Power Spectrum)
0.0	-0.00578737			0.0	4.75104e-06
5e-05	-0.0134324			5.0	1.00107e-05
0.0001	-0.0147066			10.0	8.25216e-06
0.00015	-0.0198033			15.0	1.74011e-06
0.0002	-0.0210775			20.0	3.82451e-07
0.00025	-0.0223517			25.0	7.98156e-07
0.0003	-0.0274484			30.0	2.74241e-07
0.00035	-0.0261742			35.0	2.67414e-07
0.0004	-0.0223517			40.0	8.57787e-07
0.00045	-0.0210775			45.0	2.71845e-06
0.0005	-0.0223517			50.0	4.40382e-06
0.00055	-0.0198033			55.0	9.9959e-07
0.0006	-0.0159808			60.0	3.42743e-06
0.00065	-0.0134324			65.0	2.68176e-06
0.0007	-0.0108841			70.0	2.19196e-07
0.00075	-0.0134324			75.0	2.1626e-07
0.0008	-0.00578737			80.0	1.82435e-07
0.00085	0.000583518			85.0	1.78166e-07
0.0009	0.000583518			90.0	5.93817e-07
0.00095	0.00313188			95.0	4.47549e-06
0.001	0.00695441			100.0	3.9274e-06
0.00105	0.0133253			105.0	6.6307e-07
0.0011	0.0171478			110.0	5.22571e-09
0.00115	0.0133253			115.0	9.71429e-08
0.0012	0.0171478			120.0	3.04734e-07
0.00125	0.0196962			125.0	3.45803e-07
0.0013	0.0222446			130.0	2.03239e-07
0.00135	0.0133253			135.0	4.64562e-07
0.0014	0.018422			140.0	1.28053e-06
0.00145	0.0158737			145.0	2.78411e-06
0.0015	0.018422			150.0	8.13154e-06
0.00155	0.0120511			155.0	5.47971e-06
0.0016	0.0120511			160.0	7.40331e-07
0.00165	0.0107769			165.0	3.95026e-07
0.0017	0.00695441			170.0	1.23679e-07
0.00175	0.00568023			175.0	3.5036e-08
0.0018	0.00440605			180.0	4.91184e-07
0.00185	0.00822859			185.0	1.26391e-07
0.0019	-0.00196484			190.0	3.54905e-07
0.00195	-0.00196484			195.0	6.38868e-07
0.002	-0.0121583			200.0	1.31804e-07
0.00205	-0.0108841			205.0	1.80147e-07
0.0021	-0.00960991			210.0	3.47157e-07
0.00215	-0.0159808			215.0	2.27879e-07
0.0022	-0.0147066			220.0	4.16238e-08
0.00225	-0.017255			225.0	6.67571e-08
0.0023	-0.0134324			230.0	1.52299e-07
0.00235	-0.0223517			235.0	1.59703e-07
0.0024	-0.0210775			240.0	3.03221e-09
0.00245	-0.0198033			245.0	3.11185e-07
0.0025	-0.0198033			250.0	2.70615e-07
0.00255	-0.0236259			255.0	2.10581e-07
0.0026	-0.0236259			260.0	6.69652e-08
0.00265	-0.0147066			265.0	1.93735e-07
0.0027	-0.0198033			270.0	1.8901e-07
0.00275	-0.0223517			275.0	1.33696e-08
0.0028	-0.0185292			280.0	2.70791e-08
0.00285	-0.017255			285.0	4.88441e-08
0.0029	-0.0134324			290.0	3.41797e-07
0.00295	-0.017255			295.0	1.18855e-06
0.003	-0.0121583			300.0	1.00889e-06
0.00305	-0.0134324			305.0	1.05241e-06
0.0031	-0.00960991			310.0	1.53087e-06
0.00315	-0.00706155			315.0	1.34832e-06
0.0032	-0.00960991			320.0	1.09748e-06
0.00325	-0.00323902			325.0	3.21737e-07
0.0033	-0.00196484			330.0	1.18717e-07
0.00335	0.000583518			335.0	2.57152e-07
0.0034	-0.00069066			340.0	3.2847e-07
0.00345	-0.00323902			345.0	1.28513e-07
0.0035	0.00440605			350.0	2.26276e-07
0.00355	0.00313188			355.0	3.48e-07
0.0036	0.00568023			360.0	2.03543e-08
0.00365	0.00822859			365.0	1.43267e-07
0.0037	0.00313188			370.0	5.56802e-07
0.00375	0.00950277			375.0	9.29737e-08
0.0038	0.00313188			380.0	1.99213e-07
0.00385	0.00822859			385.0	9.89157e-08
0.0039	0.00695441			390.0	2.5567e-09
0.00395	0.00313188			395.0	2.96476e-07
0.004	0.0018577			400.0	1.31651e-07
0.00405	0.00313188			405.0	1.07955e-06
0.0041	0.000583518			410.0	3.1736e-06
0.00415	0.00695441			415.0	4.15691e-06
0.0042	-0.00069066			420.0	1.14745e-06
0.00425	-0.00706155			425.0	1.69492e-07
0.0043	-0.00196484			430.0	2.30962e-07
0.00435	-0.0045132			435.0	4.58276e-08
0.0044	-0.00323902			440.0	6.96518e-07
0.00445	-0.00706155			445.0	7.59727e-07
0.0045	-0.0147066			450.0	1.33471e-06
0.00455	-0.00706155			455.0	2.36342e-06
0.0046	-0.0108841			460.0	1.1689e-06
0.00465	-0.0134324			465.0	5.24067e-06
0.0047	-0.00960991			470.0	1.02879e-05
0.00475	-0.00960991			475.0	1.38159e-06
0.0048	-0.00706155			480.0	2.42256e-06
0.00485	-0.00706155			485.0	2.01056e-07
0.0049	-0.00833573			490.0	3.85838e-06
0.00495	-0.00323902			495.0	6.1768e-06
0.005	-0.00578737			500.0	6.79995e-06
0.00505	-0.00578737			505.0	4.57875e-06
0.0051	0.00313188			510.0	7.98203e-06
0.00515	0.00313188			515.0	1.1954e-05
0.0052	0.00822859			520.0	1.14618e-05
0.00525	0.00950277			525.0	2.40701e-05
0.0053	0.00695441			530.0	6.65577e-06
0.00535	0.00822859			535.0	2.7243e-05
0.0054	0.0120511			540.0	3.10749e-05
0.00545	0.0107769			545.0	2.8766e-05
0.0055	0.0133253			550.0	4.33551e-05
0.00555	0.0171478			555.0	2.15103e-05
0.0056	0.0145995			560.0	1.15633e-05
0.00565	0.0171478			565.0	1.07534e-05
0.0057	0.0171478			570.0	6.6257e-06
0.00575	0.0158737			575.0	2.55861e-06
0.0058	0.0196962			580.0	3.69553e-07
0.00585	0.0196962			585.0	1.80446e-07
0.0059	0.0171478			590.0	2.3645e-07
0.00595	0.018422			595.0	9.40761e-07
0.006	0.0171478			600.0	3.21999e-06
0.00605	0.0120511			605.0	2.04211e-06
0.0061	0.0196962			610.0	3.30115e-07
0.00615	0.0120511			615.0	9.1131e-08
0.0062	0.00695441			620.0	1.03704e-08
0.00625	0.0133253			625.0	6.42165e-07
0.0063	0.00695441			630.0	1.80027e-06
0.00635	-0.00323902			635.0	5.82315e-07
0.0064	-0.00196484			640.0	4.51344e-07
0.00645	-0.00323902			645.0	4.17933e-07
0.0065	-0.0045132			650.0	2.12808e-07
0.00655	-0.00323902			655.0	8.88567e-08
0.0066	-0.0121583			660.0	4.73477e-08
0.00665	-0.0159808			665.0	1.77665e-07
0.0067	-0.00833573			670.0	1.11223e-07
0.00675	-0.00960991			675.0	3.5532e-07
0.0068	-0.017255			680.0	3.39706e-07
0.00685	-0.017255			685.0	9.88993e-08
0.0069	-0.0134324			690.0	1.43982e-08
0.00695	-0.0134324			695.0	9.5414e-11
0.007	-0.0108841			700.0	9.96659e-10
0.00705	-0.00960991			705.0	2.13155e-08
0.0071	-0.0108841			710.0	4.9088e-08
0.00715	-0.00706155			715.0	2.94231e-08
0.0072	-0.00323902			720.0	5.89051e-08
0.00725	-0.00323902			725.0	4.41823e-08
0.0073	0.000583518			730.0	4.36449e-08
0.00735	0.00568023			735.0	5.32458e-08
0.0074	0.00695441			740.0	3.454e-09
0.00745	0.00695441			745.0	7.34066e-09
0.0075	0.0107769			750.0	2.27761e-08
0.00755	0.00822859			755.0	4.62885e-08
0.0076	0.00695441			760.0	3.2713e-08
0.00765	0.00822859			765.0	6.64386e-09
0.0077	0.00822859			770.0	9.54406e-08
0.00775	0.00695441			775.0	1.01672e-07
0.0078	0.0107769			780.0	6.01665e-08
0.00785	0.0107769			785.0	1.28142e-07
0.0079	0.00440605			790.0	2.25066e-08
0.00795	0.00695441			795.0	3.38731e-09
0.008	0.00950277			800.0	7.34442e-08
0.00805	0.00695441			805.0	7.6733e-08
0.0081	0.00568023			810.0	7.14844e-09
0.00815	0.0145995			815.0	1.28298e-07
0.0082	0.0120511			820.0	1.18999e-07
0.00825	0.00822859			825.0	1.24532e-07
0.0083	0.0107769			830.0	3.33592e-07
0.00835	0.0120511			835.0	5.77366e-07
0.0084	0.00695441			840.0	7.22492e-07
0.00845	0.00822859			845.0	3.87372e-07
0.0085	0.0120511			850.0	4.02153e-07
0.00855	0.00695441			855.0	1.01828e-06
0.0086	0.00313188			860.0	5.98044e-07
0.00865	0.00695441			865.0	9.61947e-08
0.0087	0.00440605			870.0	9.2052e-09
0.00875	-0.00069066			875.0	5.56298e-09
0.0088	0.000583518			880.0	2.24588e-08
0.00885	0.0018577			885.0	1.7718e-08
0.0089	-0.00706155			890.0	1.61076e-08
0.00895	-0.00960991			895.0	3.4931e-09
0.009	-0.0045132			900.0	1.80937e-09
0.00905	-0.00323902			905.0	7.13324e-09
0.0091	-0.0134324			910.0	3.44318e-09
0.00915	-0.0134324			915.0	2.09745e-09
0.0092	-0.0108841			920.0	1.56668e-08
0.00925	-0.0134324			925.0	7.83333e-09
0.0093	-0.0121583			930.0	3.89721e-09
0.00935	-0.0108841			935.0	4.40445e-09
0.0094	-0.0108841			940.0	3.30206e-10
0.00945	-0.00833573			945.0	3.22493e-09
0.0095	-0.00706155			950.0	3.72893e-09
0.00955	-0.00833573			955.0	1.94601e-09
0.0096	-0.0121583			960.0	2.23556e-10
0.00965	-0.0045132			965.0	1.47196e-09
0.0097	0.000583518			970.0	6.81333e-09
0.00975	-0.0045132			975.0	1.13673e-08
0.0098	-0.0045132			980.0	2.6076e-09
0.00985	0.0018577			985.0	1.89452e-10
0.0099	0.00568023			990.0	5.84048e-09
0.00995	0.000583518			995.0	3.11134e-08
0.01	0.000583518			1000.0	2.73233e-08
0.01005	0.00695441			1005.0	3.23817e-10
0.0101	0.00695441			1010.0	4.39565e-09
0.01015	0.00313188			1015.0	2.62578e-09
0.0102	0.00440605			1020.0	4.26607e-10
0.01025	0.00695441			1025.0	3.2717e-10
0.0103	0.00568023			1030.0	5.98472e-10
0.01035	0.00313188			1035.0	1.78688e-09
0.0104	0.00440605			1040.0	1.15714e-09
0.01045	0.00695441			1045.0	1.69049e-09
0.0105	0.00440605			1050.0	2.69413e-09
0.01055	0.0107769			1055.0	2.55864e-09
0.0106	0.00950277			1060.0	2.75124e-10
0.01065	0.0018577			1065.0	2.87576e-09
0.0107	-0.00069066			1070.0	3.07616e-09
0.01075	0.000583518			1075.0	3.95939e-09
0.0108	0.0018577			1080.0	9.67928e-09
0.01085	-0.00323902			1085.0	7.33033e-09
0.0109	-0.00706155			1090.0	3.23713e-09
0.01095	-0.00706155			1095.0	3.97324e-10
0.011	-0.00706155			1100.0	5.01611e-10
0.01105	-0.00706155			1105.0	3.23779e-10
0.0111	-0.00833573			1110.0	2.81553e-09
0.01115	-0.00706155			1115.0	5.13437e-09
0.0112	-0.0134324			1120.0	3.57397e-09
0.01125	-0.017255			1125.0	1.1851e-09
0.0113	-0.0134324			1130.0	1.34452e-09
0.01135	-0.00706155			1135.0	9.50997e-10
0.0114	-0.0121583			1140.0	1.49985e-09
0.01145	-0.0159808			1145.0	5.79325e-10
0.0115	-0.0134324			1150.0	1.40685e-10
0.01155	-0.00578737			1155.0	5.27306e-09
0.0116	-0.00578737			1160.0	3.85192e-09
0.01165	-0.00706155			1165.0	4.37576e-11
0.0117	-0.00323902			1170.0	1.27182e-09
0.01175	0.00440605			1175.0	1.71296e-10
0.0118	-0.00069066			1180.0	8.9914e-10
0.01185	0.0018577			1185.0	1.4134e-10
0.0119	0.00440605			1190.0	2.77163e-09
0.01195	0.00822859			1195.0	1.00701e-09
0.012	0.00695441			1200.0	1.26579e-09
0.01205	0.0107769			1205.0	4.25265e-09
0.0121	0.018422			1210.0	2.50829e-09
0.01215	0.018422			1215.0	1.01583e-08
0.0122	0.0133253			1220.0	4.95503e-09
0.01225	0.0145995			1225.0	4.26565e-09
0.0123	0.0145995			1230.0	3.51789e-08
0.01235	0.0158737			1235.0	7.34729e-08
0.0124	0.0158737			1240.0	7.53741e-08
0.01245	0.0158737			1245.0	6.9625e-08
0.0125	0.0145995			1250.0	3.04768e-08
0.01255	0.0120511			1255.0	3.91553e-08
0.0126	0.0120511			1260.0	3.2772e-08
0.01265	0.00313188			1265.0	1.66464e-08
0.0127	0.00440605			1270.0	1.86082e-07
0.01275	0.00695441			1275.0	2.52632e-07
0.0128	0.00440605			1280.0	2.22737e-07
0.01285	0.0018577			1285.0	1.2779e-07
0.0129	0.000583518			1290.0	3.99447e-08
0.01295	0.0018577			1295.0	6.27445e-09
0.013	-0.00323902			1300.0	7.05937e-09
0.01305	-0.00578737			1305.0	8.88324e-10
0.0131	-0.00833573			1310.0	9.78861e-10
0.01315	-0.0045132			1315.0	3.47728e-10
0.0132	-0.00706155			1320.0	6.46244e-09
0.01325	-0.00833573			1325.0	7.28984e-09
0.0133	-0.00833573			1330.0	1.65841e-09
0.01335	-0.00706155			1335.0	1.5722e-09
0.0134	-0.0045132			1340.0	3.35002e-09
0.01345	-0.00960991			1345.0	9.04706e-10
0.0135	-0.00706155			1350.0	8.78529e-10
0.01355	-0.00578737			1355.0	1.04798e-09
0.0136	-0.0045132			1360.0	2.7182e-09
0.01365	-0.00196484			1365.0	3.08838e-09
0.0137	-0.00196484			1370.0	3.03786e-09
0.01375	0.000583518			1375.0	3.01676e-09
0.0138	0.000583518			1380.0	1.91579e-10
0.01385	0.0018577			1385.0	3.28395e-09
0.0139	0.00313188			1390.0	3.39938e-09
0.01395	0.00695441			1395.0	5.81452e-09
0.014	0.0133253			1400.0	1.85364e-09
0.01405	0.0158737			1405.0	5.32379e-10
0.0141	0.0158737			1410.0	6.03819e-10
0.01415	0.0209704			1415.0	1.31465e-09
0.0142	0.0222446			1420.0	1.40487e-09
0.01425	0.0222446			1425.0	7.57168e-10
0.0143	0.0235187			1430.0	2.05263e-09
0.01435	0.0273413			1435.0	2.87511e-09
0.0144	0.032438			1440.0	1.41931e-09
0.01445	0.0286154			1445.0	2.70619e-10
0.0145	0.0273413			1450.0	3.95676e-10
0.01455	0.0247929			1455.0	7.19931e-10
0.0146	0.0247929			1460.0	8.38319e-10
0.01465	0.0235187			1465.0	1.3275e-10
0.0147	0.0196962			1470.0	1.01081e-09
0.01475	0.0145995			1475.0	6.99887e-10
0.0148	0.0145995			1480.0	1.23891e-09
0.01485	0.0133253			1485.0	3.95277e-09
0.0149	0.0120511			1490.0	1.46444e-09
0.01495	0.00313188			1495.0	2.13406e-10
0.015	0.00313188			1500.0	8.48871e-10
0.01505	0.00313188			1505.0	1.97996e-09
0.0151	0.000583518			1510.0	4.06553e-10
0.01515	-0.00323902			1515.0	2.37389e-09
0.0152	-0.0045132			1520.0	3.30694e-09
0.01525	-0.00196484			1525.0	2.51933e-09
0.0153	-0.00069066			1530.0	1.98673e-10
0.01535	-0.00323902			1535.0	7.23585e-10
0.0154	-0.00578737			1540.0	2.22041e-09
0.01545	-0.00706155			1545.0	2.20146e-11
0.0155	-0.00196484			1550.0	2.04278e-10
0.01555	-0.00578737			1555.0	9.91505e-11
0.0156	-0.00960991			1560.0	6.67309e-11
0.01565	-0.0045132			1565.0	7.55992e-10
0.0157	0.000583518			1570.0	1.20578e-09
0.01575	0.00440605			1575.0	2.04008e-09
0.0158	0.0018577			1580.0	3.07282e-09
0.01585	-0.00196484			1585.0	3.16405e-09
0.0159	-0.00069066			1590.0	6.37988e-09
0.01595	0.00695441			1595.0	5.64292e-09
0.016	0.00950277			1600.0	2.47789e-09
0.01605	0.00822859			1605.0	3.97952e-09
0.0161	0.00313188			1610.0	2.00457e-09
0.01615	0.00695441			1615.0	3.14884e-09
0.0162	0.0133253			1620.0	6.10003e-09
0.01625	0.00822859			1625.0	9.29093e-09
0.0163	0.00568023			1630.0	6.29811e-09
0.01635	0.0107769			1635.0	6.44735e-09
0.0164	0.0145995			1640.0	5.64535e-09
0.01645	0.0158737			1645.0	3.97678e-09
0.0165	0.0107769			1650.0	1.53718e-09
0.01655	0.00568023			1655.0	1.74672e-09
0.0166	0.0107769			1660.0	2.55463e-09
0.01665	0.0120511			1665.0	3.58261e-09
0.0167	0.00695441			1670.0	3.86847e-09
0.01675	0.000583518			1675.0	1.77071e-09
0.0168	0.0018577			1680.0	8.58387e-09
0.01685	0.00313188			1685.0	2.43989e-09
0.0169	0.00313188			1690.0	5.41006e-10
0.01695	-0.0045132			1695.0	2.34231e-09
0.017	-0.00706155			1700.0	4.74391e-09
0.01705	-0.00323902			1705.0	1.01687e-09
0.0171	-0.0045132			1710.0	1.20571e-11
0.01715	-0.0045132			1715.0	3.1413e-09
0.0172	-0.0045132			1720.0	8.63862e-09
0.01725	-0.00706155			1725.0	7.53029e-09
0.0173	-0.0045132			1730.0	1.40864e-09
0.01735	0.000583518			1735.0	9.42867e-10
0.0174	-0.00196484			1740.0	3.43551e-10
0.01745	0.00313188			1745.0	2.08474e-09
0.0175	0.0018577			1750.0	3.40393e-09
0.01755	0.00695441			1755.0	1.6942e-09
0.0176	0.0107769			1760.0	1.61499e-09
0.01765	0.0133253			1765.0	9.10942e-10
0.0177	0.0120511			1770.0	3.91005e-10
0.01775	0.00950277			1775.0	1.59563e-09
0.0178	0.0133253			1780.0	1.35335e-09
0.01785	0.018422			1785.0	1.7998e-09
0.0179	0.0145995			1790.0	3.00584e-09
0.01795	0.0158737			1795.0	3.0168e-09
0.018	0.0171478			1800.0	2.76712e-09
0.01805	0.0222446			1805.0	4.16963e-11
0.0181	0.0209704			1810.0	4.60416e-10
0.01815	0.0133253			1815.0	1.97923e-09
0.0182	0.00568023			1820.0	7.44068e-09
0.01825	0.00822859			1825.0	3.17254e-09
0.0183	0.0107769			1830.0	3.385e-10
0.01835	0.00950277			1835.0	1.90051e-09
0.0184	-0.00069066			1840.0	2.48164e-09
0.01845	-0.00323902			1845.0	3.87287e-09
0.0185	-0.00069066			1850.0	1.32304e-09
0.01855	-0.0045132			1855.0	1.18667e-09
0.0186	-0.00578737			1860.0	2.56403e-09
0.01865	-0.00833573			1865.0	8.66542e-10
0.0187	-0.00960991			1870.0	2.55536e-09
0.01875	-0.00833573			1875.0	2.67051e-09
0.0188	-0.00578737			1880.0	4.52142e-10
0.01885	-0.00196484			1885.0	1.19401e-09
0.0189	-0.00323902			1890.0	4.17436e-09
0.01895	-0.0045132			1895.0	3.03787e-09
0.019	0.000583518			1900.0	1.97798e-09
0.01905	0.00440605			1905.0	1.27598e-09
0.0191	0.00695441			1910.0	2.07778e-09
0.01915	0.00822859			1915.0	4.29614e-09
0.0192	0.00695441			1920.0	1.71112e-09
0.01925	0.0171478			1925.0	2.43592e-09
0.0193	0.0209704			1930.0	3.3256e-10
0.01935	0.0235187			1935.0	1.37556e-09
0.0194	0.0235187			1940.0	4.28328e-10
0.01945	0.018422			1945.0	1.17056e-09
0.0195	0.0260671			1950.0	1.81312e-09
0.01955	0.0286154			1955.0	9.87816e-10
0.0196	0.0337122			1960.0	3.78829e-09
0.01965	0.0286154			1965.0	4.21633e-09
0.0197	0.0298896			1970.0	4.29089e-11
0.01975	0.0273413			1975.0	3.27427e-09
0.0198	0.0298896			1980.0	7.67084e-09
0.01985	0.0273413			1985.0	2.46865e-09
0.0199	0.0222446			1990.0	3.55209e-09
0.01995	0.018422			1995.0	1.08792e-08
0.02	0.0145995			2000.0	2.90554e-09
0.02005	0.0133253			2005.0	1.61645e-09
0.0201	0.0133253			2010.0	1.04742e-09
0.02015	0.00695441			2015.0	4.27172e-10
0.0202	0.000583518			2020.0	1.27769e-09
0.02025	-0.00323902			2025.0	1.22993e-09
0.0203	-0.00578737			2030.0	4.49437e-10
0.02035	-0.00960991			2035.0	5.33793e-10
0.0204	-0.0045132			2040.0	8.47262e-10
0.02045	-0.00833573			2045.0	1.58076e-09
0.0205	-0.017255			2050.0	6.40736e-09
0.02055	-0.017255			2055.0	1.61304e-09
0.0206	-0.0185292			2060.0	2.77527e-10
0.02065	-0.0159808			2065.0	9.94888e-10
0.0207	-0.017255			2070.0	8.42537e-09
0.02075	-0.0198033			2075.0	5.56957e-09
0.0208	-0.0159808			2080.0	1.29767e-09
0.02085	-0.00833573			2085.0	4.20121e-10
0.0209	-0.00706155			2090.0	2.37951e-09
0.02095	-0.00833573			2095.0	3.45456e-09
0.021	-0.00323902			2100.0	2.09881e-09
0.02105	-0.00069066			2105.0	4.79197e-09
0.0211	0.00313188			2110.0	4.57958e-09
0.02115	0.00950277			2115.0	1.11487e-10
0.0212	0.0171478			2120.0	1.78811e-09
0.02125	0.0145995			2125.0	2.52545e-10
0.0213	0.018422			2130.0	7.12152e-10
0.02135	0.0209704			2135.0	7.53118e-09
0.0214	0.0260671			2140.0	7.72877e-09
0.02145	0.0273413			2145.0	4.19756e-09
0.0215	0.0247929			2150.0	7.22634e-10
0.02155	0.0247929			2155.0	2.13041e-09
0.0216	0.0247929			2160.0	1.17065e-08
0.02165	0.0247929			2165.0	8.83758e-09
0.0217	0.0222446			2170.0	3.33128e-09
0.02175	0.0145995			2175.0	7.02006e-09
0.0218	0.0107769			2180.0	1.43985e-08
0.02185	0.0145995			2185.0	1.39868e-08
0.0219	0.0120511			2190.0	1.71674e-08
0.02195	0.00822859			2195.0	7.48117e-08
0.022	0.00313188			2200.0	6.66402e-08
0.02205	-0.00069066			2205.0	2.23745e-08
0.0221	-0.00323902			2210.0	4.16735e-08
0.02215	-0.00578737			2215.0	1.40465e-07
0.0222	-0.00706155			2220.0	2.70215e-07
0.02225	-0.00706155			2225.0	4.21618e-07
0.0223	-0.0134324			2230.0	3.90467e-07
0.02235	-0.0134324			2235.0	9.00772e-08
0.0224	-0.0159808			2240.0	2.87777e-09
0.02245	-0.017255			2245.0	5.04488e-08
0.0225	-0.0121583			2250.0	6.32243e-08
0.02255	-0.0134324			2255.0	2.64837e-08
0.0226	-0.0185292			2260.0	1.34436e-08
0.02265	-0.017255			2265.0	2.54598e-08
0.0227	-0.0147066			2270.0	7.01284e-08
0.02275	-0.0134324			2275.0	1.05319e-07
0.0228	-0.00960991			2280.0	9.34408e-08
0.02285	-0.0134324			2285.0	6.2649e-08
0.0229	-0.0134324			2290.0	4.50853e-08
0.02295	-0.0134324			2295.0	7.35733e-08
0.023	-0.0108841			2300.0	6.22287e-08
0.02305	-0.00960991			2305.0	6.49578e-08
0.0231	-0.0121583			2310.0	6.12994e-08
0.02315	-0.0134324			2315.0	1.88898e-08
0.0232	-0.0134324			2320.0	8.34852e-09
0.02325	-0.0159808			2325.0	3.11038e-09
0.0233	-0.0159808			2330.0	5.01754e-09
0.02335	-0.0134324			2335.0	8.98516e-09
0.0234	-0.0134324			2340.0	4.36419e-09
0.02345	-0.0121583			2345.0	4.25114e-08
0.0235	-0.0159808			2350.0	3.86143e-08
0.02355	-0.00960991			2355.0	1.3854e-08
0.0236	-0.0108841			2360.0	4.17071e-08
0.02365	-0.00960991			2365.0	4.40982e-08
0.0237	-0.0108841			2370.0	3.13383e-08
0.02375	-0.0147066			2375.0	5.12993e-09
0.0238	-0.0159808			2380.0	3.7765e-09
0.02385	-0.0134324			2385.0	2.07721e-09
0.0239	-0.00833573			2390.0	1.92715e-08
0.02395	-0.0108841			2395.0	1.28925e-08
0.024	-0.0121583			2400.0	9.70829e-09
0.02405	-0.0134324			2405.0	2.7353e-08
0.0241	-0.00960991			2410.0	2.46354e-08
0.02415	-0.0108841			2415.0	1.81915e-09
0.0242	-0.00706155			2420.0	3.49347e-09
0.02425	-0.00833573			2425.0	5.55355e-09
0.0243	-0.00578737			2430.0	4.56282e-09
0.02435	-0.00833573			2435.0	2.32989e-08
0.0244	-0.00706155			2440.0	1.51947e-08
0.02445	-0.00578737			2445.0	1.04414e-09
0.0245	-0.00323902			2450.0	2.65001e-09
0.02455	-0.0045132			2455.0	1.28855e-08
0.0246	-0.00323902			2460.0	1.61857e-09
0.02465	-0.00578737			2465.0	2.63857e-09
0.0247	-0.00706155			2470.0	2.26632e-09
0.02475	0.000583518			2475.0	7.84541e-09
0.0248	-0.00196484			2480.0	2.15137e-08
0.02485	-0.00578737			2485.0	1.20072e-09
0.0249	-0.00578737			2490.0	2.22235e-08
0.02495	-0.00578737			2495.0	1.35464e-08
0.025	-0.0045132			2500.0	4.97315e-09
0.02505	-0.00578737			2505.0	9.13198e-10
0.0251	-0.00323902			2510.0	5.09244e-09
0.02515	-0.00196484			2515.0	7.3427e-09
0.0252	-0.0045132			2520.0	3.67256e-10
0.02525	-0.00706155			2525.0	2.23639e-08
0.0253	-0.00833573			2530.0	1.30824e-08
0.02535	-0.00323902			2535.0	7.17125e-09
0.0254	0.000583518			2540.0	8.25188e-09
0.02545	-0.00578737			2545.0	5.80467e-08
0.0255	-0.0134324			2550.0	1.76742e-08
0.02555	-0.0121583			2555.0	1.6419e-09
0.0256	-0.00960991			2560.0	2.5014e-09
0.02565	-0.00706155			2565.0	8.6477e-09
0.0257	-0.00833573			2570.0	2.93217e-08
0.02575	-0.0108841			2575.0	4.15673e-09
0.0258	-0.00833573			2580.0	2.57467e-10
0.02585	-0.00960991			2585.0	4.51991e-09
0.0259	-0.00833573			2590.0	3.31179e-10
0.02595	-0.00706155			2595.0	3.05479e-09
0.026	-0.0045132			2600.0	5.30641e-10
0.02605	-0.00323902			2605.0	7.14801e-09
0.0261	-0.00578737			2610.0	5.29063e-09
0.02615	-0.00706155			2615.0	5.80683e-10
0.0262	0.00313188			2620.0	2.35823e-09
0.02625	0.00313188			2625.0	2.52987e-09
0.0263	-0.00196484			2630.0	7.2683e-10
0.02635	-0.00196484			2635.0	2.26718e-09
0.0264	0.000583518			2640.0	1.89287e-10
0.02645	0.00568023			2645.0	1.59685e-09
0.0265	0.0107769			2650.0	4.15039e-09
0.02655	0.0133253			2655.0	1.30152e-08
0.0266	0.0133253			2660.0	2.43794e-09
0.02665	0.0145995			2665.0	2.55517e-08
0.0267	0.0158737			2670.0	6.09347e-09
0.02675	0.0209704			2675.0	3.01412e-09
0.0268	0.0235187			2680.0	2.57992e-08
0.02685	0.0273413			2685.0	7.62497e-09
0.0269	0.0235187			2690.0	7.55495e-09
0.02695	0.0273413			2695.0	2.5235e-09
0.027	0.0235187			2700.0	3.02512e-09
0.02705	0.0222446			2705.0	7.7476e-10
0.0271	0.0260671			2710.0	4.35903e-09
0.02715	0.0273413			2715.0	2.66719e-09
0.0272	0.0209704			2720.0	4.20111e-10
0.02725	0.0209704			2725.0	1.87619e-09
0.0273	0.0145995			2730.0	2.34944e-09
0.02735	0.0158737			2735.0	1.97931e-08
0.0274	0.0133253			2740.0	1.11025e-08
0.02745	0.0133253			2745.0	3.97124e-09
0.0275	0.0120511			2750.0	7.3678e-09
0.02755	0.00950277			2755.0	4.02326e-09
0.0276	0.00695441			2760.0	5.65975e-09
0.02765	-0.0045132			2765.0	9.96339e-09
0.0277	-0.0045132			2770.0	2.38506e-10
0.02775	-0.00196484			2775.0	5.28699e-10
0.0278	-0.00196484			2780.0	5.82006e-09
0.02785	-0.00706155			2785.0	1.59299e-09
0.0279	-0.0121583			2790.0	6.69462e-09
0.02795	-0.0121583			2795.0	4.01877e-10
0.028	-0.00833573			2800.0	3.54856e-10
0.02805	-0.0108841			2805.0	4.86985e-09
0.0281	-0.00833573			2810.0	2.60606e-09
0.02815	-0.00706155			2815.0	6.93753e-09
0.0282	-0.00833573			2820.0	3.43857e-08
0.02825	-0.00833573			2825.0	2.8226e-09
0.0283	-0.0045132			2830.0	6.01021e-10
0.02835	0.00313188			2835.0	2.98726e-09
0.0284	0.0018577			2840.0	9.08368e-10
0.02845	0.00313188			2845.0	1.77645e-09
0.0285	-0.00069066			2850.0	5.43321e-10
0.02855	0.00313188			2855.0	3.91499e-09
0.0286	0.00950277			2860.0	2.53364e-09
0.02865	0.0120511			2865.0	9.9325e-12
0.0287	0.0120511			2870.0	1.66835e-09
0.02875	0.0120511			2875.0	1.38991e-08
0.0288	0.0120511			2880.0	1.09555e-09
0.02885	0.0107769			2885.0	1.27687e-08
0.0289	0.0120511			2890.0	1.3844e-08
0.02895	0.0133253			2895.0	4.9622e-10
0.029	0.0133253			2900.0	1.08345e-08
0.02905	0.0133253			2905.0	5.31252e-09
0.0291	0.0120511			2910.0	2.15138e-10
0.02915	0.00695441			2915.0	1.17479e-09
0.0292	0.00695441			2920.0	2.14719e-09
0.02925	0.00568023			2925.0	1.89364e-08
0.0293	0.00822859			2930.0	2.56506e-08
0.02935	0.00695441			2935.0	5.14368e-09
0.0294	-0.00069066			2940.0	1.30418e-09
0.02945	-0.00196484			2945.0	4.47855e-09
0.0295	-0.00833573			2950.0	3.6742e-09
0.02955	-0.0108841			2955.0	9.25299e-09
0.0296	-0.0121583			2960.0	1.08659e-08
0.02965	-0.0147066			2965.0	1.80426e-08
0.0297	-0.017255			2970.0	5.15273e-08
0.02975	-0.0185292			2975.0	3.85855e-08
0.0298	-0.0223517			2980.0	1.59591e-08
0.02985	-0.017255			2985.0	1.16837e-08
0.0299	-0.0159808			2990.0	9.48431e-09
0.02995	-0.0159808			2995.0	2.68729e-09
0.03	-0.017255			3000.0	6.19661e-09
0.03005	-0.017255			3005.0	3.2058e-10
0.0301	-0.017255			3010.0	1.43877e-08
0.03015	-0.017255			3015.0	5.39626e-09
0.0302	-0.0159808			3020.0	8.89705e-09
0.03025	-0.00960991			3025.0	2.54809e-09
0.0303	-0.00706155			3030.0	2.86955e-09
0.03035	-0.00706155			3035.0	4.48932e-09
0.0304	-0.00706155			3040.0	2.60551e-09
0.03045	-0.00578737			3045.0	1.79907e-09
0.0305	0.000583518			3050.0	1.76985e-09
0.03055	0.00440605			3055.0	6.24176e-11
0.0306	0.00695441			3060.0	4.56034e-09
0.03065	0.00822859			3065.0	5.5838e-10
0.0307	0.00950277			3070.0	1.9906e-09
0.03075	0.00822859			3075.0	3.05151e-10
0.0308	0.00822859			3080.0	2.70698e-09
0.03085	0.00822859			3085.0	7.99653e-10
0.0309	0.0107769			3090.0	5.27253e-10
0.03095	0.0120511			3095.0	2.30039e-10
0.031	0.0107769			3100.0	1.11475e-09
0.03105	0.00568023			3105.0	3.2619e-09
0.0311	0.000583518			3110.0	3.46262e-09
0.03115	0.00568023			3115.0	5.17388e-09
0.0312	0.000583518			3120.0	6.19005e-09
0.03125	0.000583518			3125.0	4.72367e-09
0.0313	0.0018577			3130.0	6.09486e-09
0.03135	-0.00196484			3135.0	6.81097e-09
0.0314	-0.00578737			3140.0	8.2134e-10
0.03145	-0.00706155			3145.0	6.24383e-10
0.0315	-0.0045132			3150.0	4.91956e-09
0.03155	-0.00706155			3155.0	1.84815e-09
0.0316	-0.00323902			3160.0	2.86228e-09
0.03165	-0.00706155			3165.0	5.81591e-10
0.0317	-0.00578737			3170.0	4.78027e-09
0.03175	-0.0045132			3175.0	4.49562e-09
0.0318	-0.00706155			3180.0	6.98669e-09
0.03185	-0.00706155			3185.0	5.11138e-09
0.0319	-0.00196484			3190.0	2.02464e-09
0.03195	0.000583518			3195.0	3.27406e-09
0.032	0.00313188			3200.0	1.65318e-09
0.03205	-0.00069066			3205.0	1.12641e-09
0.0321	0.0018577			3210.0	1.34083e-09
0.03215	0.00568023			3215.0	3.07302e-09
0.0322	0.00695441			3220.0	4.40725e-09
0.03225	0.0120511			3225.0	3.96011e-09
0.0323	0.0133253			3230.0	7.03017e-10
0.03235	0.0171478			3235.0	2.1472e-10
0.0324	0.0133253			3240.0	4.74899e-10
0.03245	0.0120511			3245.0	7.08256e-09
0.0325	0.0145995			3250.0	3.23884e-09
0.03255	0.0171478			3255.0	1.55582e-09
0.0326	0.0235187			3260.0	1.40431e-09
0.03265	0.0158737			3265.0	2.57588e-09
0.0327	0.0120511			3270.0	6.85201e-10
0.03275	0.0145995			3275.0	1.40543e-09
0.0328	0.0158737			3280.0	2.85114e-10
0.03285	0.0120511			3285.0	2.2195e-09
0.0329	0.0133253			3290.0	1.93819e-09
0.03295	0.018422			3295.0	3.43539e-09
0.033	0.0171478			3300.0	5.0845e-09
0.03305	0.0145995			3305.0	9.02042e-10
0.0331	0.0107769			3310.0	4.3808e-09
0.03315	0.0120511			3315.0	7.91837e-10
0.0332	0.0133253			3320.0	1.98269e-09
0.03325	0.0120511			3325.0	2.08021e-09
0.0333	0.00822859			3330.0	8.58875e-11
0.03335	0.00950277			3335.0	6.99658e-09
0.0334	0.00695441			3340.0	1.94918e-08
0.03345	0.00313188			3345.0	1.57809e-08
0.0335	0.00440605			3350.0	2.94265e-09
0.03355	0.00313188			3355.0	2.3278e-09
0.0336	0.0107769			3360.0	2.41e-09
0.03365	0.0107769			3365.0	1.52769e-09
0.0337	0.00822859			3370.0	6.26858e-09
0.03375	0.00822859			3375.0	1.03378e-08
0.0338	0.00822859			3380.0	1.97641e-09
0.03385	0.0120511			3385.0	3.7494e-09
0.0339	0.0145995			3390.0	8.27921e-09
0.03395	0.0133253			3395.0	4.85682e-10
0.034	0.0133253			3400.0	1.17326e-09
0.03405	0.0145995			3405.0	2.27634e-09
0.0341	0.0120511			3410.0	1.36087e-09
0.03415	0.0133253			3415.0	1.24156e-09
0.0342	0.0120511			3420.0	2.59497e-09
0.03425	0.0107769			3425.0	5.90887e-10
0.0343	0.0158737			3430.0	1.39337e-09
0.03435	0.0133253			3435.0	1.81192e-09
0.0344	0.00822859			3440.0	2.18621e-10
0.03445	0.00440605			3445.0	9.87934e-11
0.0345	0.00568023			3450.0	2.03894e-10
0.03455	0.00950277			3455.0	9.92882e-10
0.0346	0.00440605			3460.0	1.53334e-09
0.03465	0.00695441			3465.0	3.61067e-09
0.0347	0.00695441			3470.0	1.16338e-09
0.03475	0.000583518			3475.0	1.03902e-09
0.0348	-0.00706155			3480.0	1.84974e-10
0.03485	-0.00706155			3485.0	5.79682e-10
0.0349	-0.00578737			3490.0	5.14779e-10
0.03495	-0.00706155			3495.0	5.89244e-10
0.035	-0.00833573			3500.0	3.55222e-10
0.03505	-0.0159808			3505.0	8.68709e-10
0.0351	-0.0159808			3510.0	7.24515e-10
0.03515	-0.0134324			3515.0	5.19184e-10
0.0352	-0.0185292			3520.0	3.37849e-09
0.03525	-0.017255			3525.0	9.61883e-10
0.0353	-0.0147066			3530.0	6.79438e-10
0.03535	-0.0147066			3535.0	6.44322e-10
0.0354	-0.017255			3540.0	6.28664e-10
0.03545	-0.0185292			3545.0	4.97244e-12
0.0355	-0.0210775			3550.0	2.06302e-09
0.03555	-0.0147066			3555.0	3.11813e-09
0.0356	-0.0134324			3560.0	4.28595e-10
0.03565	-0.0147066			3565.0	7.89627e-10
0.0357	-0.0134324			3570.0	2.86443e-09
0.03575	-0.0121583			3575.0	5.11189e-09
0.0358	-0.0121583			3580.0	1.4387e-09
0.03585	-0.0134324			3585.0	3.5053e-10
0.0359	-0.0121583			3590.0	4.52648e-09
0.03595	-0.00578737			3595.0	6.80538e-09
0.036	0.000583518			3600.0	6.14136e-09
0.03605	0.0018577			3605.0	2.9411e-09
0.0361	0.0018577			3610.0	3.659e-09
0.03615	0.00568023			3615.0	6.70939e-09
0.0362	0.00822859			3620.0	4.25148e-09
0.03625	0.00822859			3625.0	2.25552e-09
0.0363	0.0133253			3630.0	7.66917e-10
0.03635	0.0196962			3635.0	2.9289e-09
0.0364	0.0209704			3640.0	6.16162e-09
0.03645	0.0196962			3645.0	4.02306e-09
0.0365	0.018422			3650.0	1.55398e-09
0.03655	0.0171478			3655.0	2.97157e-11
0.0366	0.0209704			3660.0	1.49089e-10
0.03665	0.0209704			3665.0	1.58307e-09
0.0367	0.018422			3670.0	2.67832e-09
0.03675	0.0133253			3675.0	1.92916e-09
0.0368	0.0107769			3680.0	4.93448e-10
0.03685	0.00695441			3685.0	3.97168e-09
0.0369	0.00313188			3690.0	4.37545e-09
0.03695	0.0018577			3695.0	4.79266e-09
0.037	0.000583518			3700.0	2.46794e-10
0.03705	0.000583518			3705.0	2.54643e-09
0.0371	-0.00706155			3710.0	4.92521e-09
0.03715	-0.0134324			3715.0	7.02314e-09
0.0372	-0.0147066			3720.0	8.70917e-09
0.03725	-0.0147066			3725.0	3.55401e-09
0.0373	-0.0159808			3730.0	5.10209e-09
0.03735	-0.0210775			3735.0	3.77981e-09
0.0374	-0.0198033			3740.0	8.34098e-09
0.03745	-0.0185292			3745.0	7.23148e-09
0.0375	-0.0198033			3750.0	6.09902e-09
0.03755	-0.0210775			3755.0	7.26285e-09
0.0376	-0.0223517			3760.0	5.86742e-09
0.03765	-0.0159808			3765.0	8.22214e-10
0.0377	-0.0121583			3770.0	5.41574e-09
0.03775	-0.0121583			3775.0	3.64104e-09
0.0378	-0.00578737			3780.0	2.37327e-09
0.03785	-0.00196484			3785.0	2.69151e-09
0.0379	-0.00196484			3790.0	9.83866e-10
0.03795	-0.00196484			3795.0	5.82698e-09
0.038	0.000583518			3800.0	1.74389e-09
0.03805	0.00822859			3805.0	1.96927e-10
0.0381	0.0133253			3810.0	4.2631e-09
0.03815	0.0145995			3815.0	1.07093e-08
0.0382	0.0133253			3820.0	9.16975e-09
0.03825	0.0133253			3825.0	2.19962e-09
0.0383	0.0107769			3830.0	3.60676e-09
0.03835	0.0145995			3835.0	1.69381e-09
0.0384	0.0171478			3840.0	3.37185e-09
0.03845	0.0171478			3845.0	2.24658e-09
0.0385	0.0209704			3850.0	2.5628e-09
0.03855	0.0209704			3855.0	1.07798e-08
0.0386	0.018422			3860.0	1.8419e-08
0.03865	0.0145995			3865.0	3.07895e-09
0.0387	0.00822859			3870.0	4.73245e-09
0.03875	0.00695441			3875.0	1.32695e-10
0.0388	0.00822859			3880.0	2.57187e-09
0.03885	0.00950277			3885.0	3.07863e-09
0.0389	0.00313188			3890.0	4.18195e-09
0.03895	-0.00196484			3895.0	4.9899e-10
0.039	-0.0045132			3900.0	1.56872e-10
0.03905	-0.00706155			3905.0	9.98939e-10
0.0391	-0.00833573			3910.0	4.2057e-09
0.03915	-0.0121583			3915.0	4.37485e-09
0.0392	-0.00706155			3920.0	1.2415e-09
0.03925	-0.00833573			3925.0	1.09574e-09
0.0393	-0.0147066			3930.0	3.24485e-09
0.03935	-0.017255			3935.0	2.06699e-10
0.0394	-0.0147066			3940.0	3.37029e-09
0.03945	-0.0147066			3945.0	7.38869e-09
0.0395	-0.0147066			3950.0	4.49837e-09
0.03955	-0.0159808			3955.0	5.94492e-10
0.0396	-0.00706155			3960.0	1.22519e-09
0.03965	-0.00706155			3965.0	2.61256e-09
0.0397	-0.00833573			3970.0	5.1749e-09
0.03975	-0.00960991			3975.0	4.51625e-09
0.0398	-0.0045132			3980.0	8.64618e-11
0.03985	0.000583518			3985.0	3.9433e-10
0.0399	0.00440605			3990.0	4.21719e-09
0.03995	0.00695441			3995.0	2.09186e-09
0.04	0.00950277			4000.0	1.78446e-09
0.04005	0.0120511			4005.0	5.17328e-09
0.0401	0.0133253			4010.0	5.85217e-10
0.04015	0.0145995			4015.0	5.58802e-10
0.0402	0.0158737			4020.0	1.77168e-09
0.04025	0.0196962			4025.0	2.07479e-10
0.0403	0.0196962			4030.0	1.97336e-09
0.04035	0.018422			4035.0	1.13497e-09
0.0404	0.0158737			4040.0	2.87063e-09
0.04045	0.00950277			4045.0	1.20073e-09
0.0405	0.00440605			4050.0	1.87259e-10
0.04055	0.0018577			4055.0	1.06828e-09
0.0406	-0.00196484			4060.0	1.44522e-09
0.04065	0.0018577			4065.0	4.12486e-09
0.0407	-0.0045132			4070.0	5.24133e-09
0.04075	-0.0108841			4075.0	2.78444e-09
0.0408	-0.017255			4080.0	2.09859e-09
0.04085	-0.0198033			4085.0	6.42807e-09
0.0409	-0.0223517			4090.0	6.7394e-09
0.04095	-0.0274484			4095.0	5.11355e-09
0.041	-0.0249			4100.0	5.19109e-09
0.04105	-0.0249			4105.0	4.72835e-09
0.0411	-0.0287226			4110.0	7.90469e-09
0.04115	-0.0299968			4115.0	9.30627e-09
0.0412	-0.0325451			4120.0	2.66429e-09
0.04125	-0.0312709			4125.0	4.38933e-09
0.0413	-0.0274484			4130.0	1.53968e-08
0.04135	-0.0261742			4135.0	2.05403e-08
0.0414	-0.0223517			4140.0	3.92839e-09
0.04145	-0.017255			4145.0	1.25424e-09
0.0415	-0.0159808			4150.0	7.16049e-10
0.04155	-0.0147066			4155.0	4.02942e-09
0.0416	-0.0147066			4160.0	5.77729e-09
0.04165	-0.00578737			4165.0	1.31375e-08
0.0417	0.000583518			4170.0	2.37531e-08
0.04175	0.00313188			4175.0	2.20195e-08
0.0418	0.00822859			4180.0	1.5468e-08
0.04185	0.0120511			4185.0	2.24698e-09
0.0419	0.0145995			4190.0	5.0167e-09
0.04195	0.0107769			4195.0	1.92943e-09
0.042	0.0107769			4200.0	1.69972e-08
0.04205	0.018422			4205.0	2.17291e-08
0.0421	0.0209704			4210.0	1.05606e-08
0.04215	0.0222446			4215.0	2.89329e-09
0.0422	0.018422			4220.0	2.25426e-09
0.04225	0.0133253			4225.0	1.2841e-08
0.0423	0.0145995			4230.0	1.88856e-08
0.04235	0.0120511			4235.0	1.22104e-08
0.0424	0.00568023			4240.0	2.25873e-09
0.04245	0.00822859			4245.0	2.11549e-09
0.0425	0.0107769			4250.0	8.50877e-09
0.04255	0.00313188			4255.0	2.60858e-08
0.0426	-0.00323902			4260.0	1.98459e-08
0.04265	-0.0045132			4265.0	1.59129e-08
0.0427	-0.0121583			4270.0	9.43885e-09
0.04275	-0.0159808			4275.0	1.54986e-09
0.0428	-0.017255			4280.0	1.91303e-09
0.04285	-0.0185292			4285.0	8.41787e-09
0.0429	-0.0223517			4290.0	2.27557e-08
0.04295	-0.0223517			4295.0	7.95943e-09
0.043	-0.0249			4300.0	5.45611e-10
0.04305	-0.0274484			4305.0	7.00558e-09
0.0431	-0.0287226			4310.0	1.49557e-08
0.04315	-0.0274484			4315.0	3.07311e-09
0.0432	-0.0236259			4320.0	1.8264e-09
0.04325	-0.0198033			4325.0	1.20225e-09
0.0433	-0.0134324			4330.0	9.64976e-09
0.04335	-0.0147066			4335.0	1.83383e-09
0.0434	-0.0121583			4340.0	2.86374e-09
0.04345	-0.0045132			4345.0	6.66009e-09
0.0435	-0.00196484			4350.0	2.22187e-09
0.04355	0.00313188			4355.0	3.19412e-09
0.0436	0.00568023			4360.0	1.75296e-09
0.04365	0.0107769			4365.0	7.50912e-09
0.0437	0.0145995			4370.0	5.29625e-09
0.04375	0.0133253			4375.0	3.56527e-09
0.0438	0.0133253			4380.0	8.4996e-09
0.04385	0.0145995			4385.0	2.60733e-08
0.0439	0.018422			4390.0	2.67786e-08
0.04395	0.018422			4395.0	1.40786e-08
0.044	0.0171478			4400.0	1.07885e-08
0.04405	0.0209704			4405.0	3.17061e-09
0.0441	0.0145995			4410.0	9.2628e-10
0.04415	0.0120511			4415.0	8.50109e-10
0.0442	0.0107769			4420.0	9.49182e-10
0.04425	0.00695441			4425.0	4.48414e-09
0.0443	0.00313188			4430.0	1.84648e-08
0.04435	-0.00196484			4435.0	8.89083e-09
0.0444	-0.0045132			4440.0	2.16816e-08
0.04445	-0.00069066			4445.0	2.63775e-08
0.0445	-0.00706155			4450.0	3.86877e-09
0.04455	-0.0159808			4455.0	3.9575e-09
0.0446	-0.017255			4460.0	1.28402e-08
0.04465	-0.0185292			4465.0	5.82908e-09
0.0447	-0.0185292			4470.0	2.51896e-09
0.04475	-0.0210775			4475.0	5.84188e-10
0.0448	-0.0198033			4480.0	1.09134e-08
0.04485	-0.0185292			4485.0	6.7177e-09
0.0449	-0.017255			4490.0	7.57527e-09
0.04495	-0.017255			4495.0	2.01765e-08
0.045	-0.0198033			4500.0	3.29285e-08
0.04505	-0.0198033			4505.0	3.32951e-08
0.0451	-0.0185292			4510.0	2.03337e-08
0.04515	-0.0121583			4515.0	3.28632e-09
0.0452	-0.0134324			4520.0	4.15557e-09
0.04525	-0.00960991			4525.0	7.20331e-09
0.0453	-0.00833573			4530.0	1.46309e-08
0.04535	-0.00960991			4535.0	2.49001e-08
0.0454	-0.00960991			4540.0	1.76805e-08
0.04545	-0.00833573			4545.0	2.42444e-09
0.0455	-0.0045132			4550.0	6.43876e-09
0.04555	0.000583518			4555.0	2.17388e-08
0.0456	0.00313188			4560.0	1.08615e-08
0.04565	0.00440605			4565.0	8.31149e-10
0.0457	0.00313188			4570.0	1.61468e-08
0.04575	0.00313188			4575.0	1.99926e-08
0.0458	-0.00196484			4580.0	1.04752e-08
0.04585	0.00313188			4585.0	3.09164e-08
0.0459	0.00440605			4590.0	6.00987e-08
0.04595	0.00313188			4595.0	5.01245e-08
0.046	0.00695441			4600.0	2.24446e-08
0.04605	0.00313188			4605.0	2.60914e-08
0.0461	-0.00196484			4610.0	2.784e-08
0.04615	-0.00578737			4615.0	4.07154e-08
0.0462	-0.00960991			4620.0	6.28876e-09
0.04625	-0.00706155			4625.0	1.81978e-08
0.0463	-0.00833573			4630.0	2.17438e-08
0.04635	-0.00706155			4635.0	8.04819e-08
0.0464	-0.0108841			4640.0	6.0348e-08
0.04645	-0.0134324			4645.0	2.69252e-08
0.0465	-0.017255			4650.0	4.93294e-09
0.04655	-0.0198033			4655.0	1.74924e-10
0.0466	-0.017255			4660.0	3.13744e-09
0.04665	-0.0121583			4665.0	8.38158e-09
0.0467	-0.0134324			4670.0	2.71799e-08
0.04675	-0.0185292			4675.0	4.3292e-08
0.0468	-0.0210775			4680.0	5.36988e-08
0.04685	-0.0159808			4685.0	5.13891e-08
0.0469	-0.0159808			4690.0	3.93976e-08
0.04695	-0.0134324			4695.0	4.50454e-08
0.047	-0.017255			4700.0	1.63809e-08
0.04705	-0.0134324			4705.0	1.25048e-08
0.0471	-0.00706155			4710.0	1.00714e-08
0.04715	-0.00960991			4715.0	1.85657e-08
0.0472	-0.0045132			4720.0	2.81037e-08
0.04725	-0.00196484			4725.0	3.61499e-08
0.0473	0.000583518			4730.0	6.68489e-09
0.04735	0.00568023			4735.0	1.02037e-09
0.0474	0.00313188			4740.0	2.05484e-09
0.04745	0.00313188			4745.0	7.13505e-09
0.0475	0.00695441			4750.0	1.04049e-08
0.04755	0.00695441			4755.0	4.34814e-08
0.0476	0.0107769			4760.0	1.41152e-08
0.04765	0.0107769			4765.0	1.25427e-08
0.0477	0.00568023			4770.0	2.96449e-09
0.04775	0.00950277			4775.0	1.8475e-08
0.0478	0.00695441			4780.0	1.5133e-08
0.04785	0.00568023			4785.0	3.6413e-10
0.0479	0.00695441			4790.0	4.49844e-10
0.04795	0.00695441			4795.0	3.74774e-09
0.048	0.00822859			4800.0	5.53393e-09
0.04805	0.00440605			4805.0	5.80526e-09
0.0481	0.00568023			4810.0	1.65221e-08
0.04815	0.00695441			4815.0	1.36854e-08
0.0482	0.000583518			4820.0	7.71279e-10
0.04825	-0.00196484			4825.0	5.14039e-09
0.0483	0.00313188			4830.0	5.59604e-09
0.04835	-0.00196484			4835.0	2.22814e-09
0.0484	0.00313188			4840.0	4.74062e-09
0.04845	0.000583518			4845.0	2.93599e-09
0.0485	-0.00196484			4850.0	1.19523e-09
0.04855	-0.0045132			4855.0	5.35776e-09
0.0486	-0.00706155			4860.0	1.74158e-09
0.04865	-0.00578737			4865.0	1.25976e-08
0.0487	-0.00196484			4870.0	5.3027e-09
0.04875	-0.00323902			4875.0	5.31491e-09
0.0488	-0.00196484			4880.0	1.34914e-08
0.04885	-0.00323902			4885.0	5.25555e-09
0.0489	-0.00323902			4890.0	8.5075e-09
0.04895	-0.00323902			4895.0	1.40953e-08
0.049	-0.00196484			4900.0	1.12479e-08
0.04905	-0.00196484			4905.0	7.20427e-09
0.0491	0.00313188			4910.0	1.01952e-08
0.04915	0.0018577			4915.0	1.13342e-08
0.0492	0.00313188			4920.0	2.32045e-08
0.04925	0.00440605			4925.0	2.11265e-08
0.0493	0.00568023			4930.0	1.04428e-08
0.04935	0.00822859			4935.0	1.32919e-08
0.0494	0.00313188			4940.0	1.28394e-08
0.04945	0.00313188			4945.0	4.31007e-09
0.0495	0.0120511			4950.0	1.99028e-08
0.04955	0.00822859			4955.0	2.67403e-08
0.0496	0.00950277			4960.0	6.6381e-09
0.04965	0.00950277			4965.0	1.10242e-08
0.0497	0.0120511			4970.0	2.15167e-08
0.04975	0.0120511			4975.0	3.18606e-08
0.0498	0.00440605			4980.0	1.23634e-08
0.04985	0.00440605			4985.0	1.28221e-08
0.0499	0.00695441			4990.0	5.66336e-08
0.04995	0.00313188			4995.0	6.1071e-08
0.05	0.00568023			5000.0	2.08836e-08
0.05005	0.0018577			5005.0	1.72645e-08
0.0501	-0.00196484			5010.0	4.30872e-08
0.05015	-0.00069066			5015.0	2.7149e-08
0.0502	-0.00323902			5020.0	9.56981e-10
0.05025	-0.00706155			5025.0	1.19297e-08
0.0503	-0.00196484			5030.0	7.61131e-09
0.05035	-0.00196484			5035.0	1.31964e-08
0.0504	-0.00323902			5040.0	1.05324e-09
0.05045	-0.00578737			5045.0	3.83393e-09
0.0505	-0.0045132			5050.0	5.41422e-10
0.05055	-0.00706155			5055.0	3.60224e-08
0.0506	-0.00706155			5060.0	4.07657e-08
0.05065	-0.0045132			5065.0	2.49491e-09
0.0507	-0.0045132			5070.0	5.74461e-09
0.05075	0.00313188			5075.0	3.44492e-09
0.0508	-0.00069066			5080.0	1.94652e-08
0.05085	-0.00196484			5085.0	3.47574e-08
0.0509	0.0018577			5090.0	2.78279e-08
0.05095	-0.00196484			5095.0	1.92997e-08
0.051	-0.00196484			5100.0	2.17737e-08
0.05105	0.000583518			5105.0	2.16961e-08
0.0511	0.00313188			5110.0	2.00695e-08
0.05115	0.00695441			5115.0	1.31502e-08
0.0512	0.00313188			5120.0	1.44119e-08
0.05125	0.00313188			5125.0	9.36335e-09
0.0513	0.0018577			5130.0	2.33431e-10
0.05135	-0.00323902			5135.0	3.9012e-09
0.0514	-0.00196484			5140.0	4.03629e-09
0.05145	0.000583518			5145.0	2.54198e-08
0.0515	0.00440605			5150.0	1.70385e-08
0.05155	0.00313188			5155.0	8.03498e-09
0.0516	-0.00196484			5160.0	1.55594e-08
0.05165	-0.00578737			5165.0	1.88197e-09
0.0517	-0.00578737			5170.0	8.59176e-09
0.05175	-0.0045132			5175.0	7.34805e-09
0.0518	-0.00833573			5180.0	5.31032e-09
0.05185	-0.00833573			5185.0	1.65289e-09
0.0519	-0.00833573			5190.0	4.52436e-09
0.05195	-0.0045132			5195.0	4.00317e-10
0.052	-0.00833573			5200.0	2.83159e-09
0.05205	-0.0134324			5205.0	2.89859e-09
0.0521	-0.0108841			5210.0	2.12023e-09
0.05215	-0.0147066			5215.0	1.16851e-09
0.0522	-0.0159808			5220.0	3.77869e-09
0.05225	-0.0159808			5225.0	6.44973e-09
0.0523	-0.0121583			5230.0	1.02069e-08
0.05235	-0.00833573			5235.0	8.66602e-09
0.0524	-0.00960991			5240.0	9.54412e-10
0.05245	-0.00960991			5245.0	2.19122e-10
0.0525	-0.0121583			5250.0	4.0142e-10
0.05255	-0.00833573			5255.0	2.22638e-10
0.0526	-0.00578737			5260.0	4.97599e-09
0.05265	-0.0045132			5265.0	8.49163e-09
0.0527	0.000583518			5270.0	4.86536e-09
0.05275	0.0107769			5275.0	1.24849e-09
0.0528	0.0133253			5280.0	2.39993e-10
0.05285	0.0133253			5285.0	1.19663e-09
0.0529	0.0145995			5290.0	9.54153e-10
0.05295	0.0171478			5295.0	1.64658e-09
0.053	0.018422			5300.0	7.04297e-09
0.05305	0.0247929			5305.0	7.98722e-09
0.0531	0.0273413			5310.0	2.84754e-09
0.05315	0.0286154			5315.0	1.11661e-09
0.0532	0.0311638			5320.0	2.93251e-09
0.05325	0.0286154			5325.0	3.50601e-09
0.0533	0.0260671			5330.0	3.08766e-09
0.05335	0.0247929			5335.0	2.83885e-09
0.0534	0.018422			5340.0	2.20684e-10
0.05345	0.018422			5345.0	1.79336e-09
0.0535	0.018422			5350.0	2.75209e-10
0.05355	0.0145995			5355.0	8.66745e-10
0.0536	0.0107769			5360.0	8.95454e-10
0.05365	0.00568023			5365.0	3.03588e-10
0.0537	-0.0045132			5370.0	8.44275e-10
0.05375	-0.0108841			5375.0	3.18836e-09
0.0538	-0.0134324			5380.0	8.59049e-10
0.05385	-0.0121583			5385.0	7.67472e-11
0.0539	-0.017255			5390.0	4.82474e-10
0.05395	-0.0210775			5395.0	1.72558e-09
0.054	-0.0223517			5400.0	5.14644e-09
0.05405	-0.0223517			5405.0	4.93911e-09
0.0541	-0.0249			5410.0	8.03392e-09
0.05415	-0.0287226			5415.0	7.29452e-09
0.0542	-0.0261742			5420.0	1.81243e-09
0.05425	-0.0261742			5425.0	4.26273e-12
0.0543	-0.0210775			5430.0	2.50628e-09
0.05435	-0.0210775			5435.0	2.78474e-10
0.0544	-0.0198033			5440.0	3.89778e-09
0.05445	-0.0121583			5445.0	6.43167e-09
0.0545	-0.00323902			5450.0	2.12738e-09
0.05455	-0.00706155			5455.0	1.17687e-09
0.0546	-0.00196484			5460.0	2.16416e-09
0.05465	-0.00069066			5465.0	2.54167e-09
0.0547	0.00440605			5470.0	8.63344e-10
0.05475	0.00695441			5475.0	4.27953e-09
0.0548	0.00822859			5480.0	1.19856e-08
0.05485	0.0107769			5485.0	1.5569e-09
0.0549	0.0133253			5490.0	2.27923e-09
0.05495	0.0133253			5495.0	6.18642e-09
0.055	0.0171478			5500.0	3.58566e-09
0.05505	0.0145995			5505.0	2.27571e-09
0.0551	0.0171478			5510.0	5.62189e-09
0.05515	0.018422			5515.0	1.03824e-09
0.0552	0.0209704			5520.0	7.61595e-10
0.05525	0.0196962			5525.0	1.46433e-09
0.0553	0.0171478			5530.0	2.53577e-09
0.05535	0.0158737			5535.0	2.05568e-09
0.0554	0.00950277			5540.0	6.53722e-09
0.05545	0.00822859			5545.0	1.21727e-08
0.0555	0.00440605			5550.0	9.04769e-09
0.05555	0.00695441			5555.0	9.02637e-09
0.0556	0.0018577			5560.0	3.2703e-09
0.05565	-0.00069066			5565.0	8.52444e-10
0.0557	-0.00960991			5570.0	9.74209e-10
0.05575	-0.0134324			5575.0	1.69829e-09
0.0558	-0.0134324			5580.0	7.04769e-11
0.05585	-0.0198033			5585.0	5.06735e-10
0.0559	-0.0261742			5590.0	1.94661e-10
0.05595	-0.0274484			5595.0	1.73194e-09
0.056	-0.0261742			5600.0	2.25185e-09
0.05605	-0.0287226			5605.0	4.93763e-10
0.0561	-0.0325451			5610.0	2.77687e-09
0.05615	-0.0338193			5615.0	6.32574e-10
0.0562	-0.0287226			5620.0	2.68024e-09
0.05625	-0.0274484			5625.0	1.885e-09
0.0563	-0.0299968			5630.0	1.82541e-10
0.05635	-0.0312709			5635.0	3.08777e-10
0.0564	-0.0223517			5640.0	7.34901e-10
0.05645	-0.0185292			5645.0	2.13431e-09
0.0565	-0.0159808			5650.0	4.25914e-09
0.05655	-0.0121583			5655.0	7.34401e-09
0.0566	-0.0045132			5660.0	4.02264e-09
0.05665	-0.00069066			5665.0	3.47279e-10
0.0567	-0.00196484			5670.0	2.47723e-09
0.05675	-0.00196484			5675.0	2.65808e-09
0.0568	0.0107769			5680.0	9.42218e-11
0.05685	0.0145995			5685.0	4.433e-10
0.0569	0.0158737			5690.0	1.06348e-09
0.05695	0.0171478			5695.0	4.32385e-10
0.057	0.0171478			5700.0	6.31437e-11
0.05705	0.0196962			5705.0	3.32262e-10
0.0571	0.0171478			5710.0	4.02275e-10
0.05715	0.0133253			5715.0	1.50468e-09
0.0572	0.0145995			5720.0	1.19712e-09
0.05725	0.0120511			5725.0	2.60877e-10
0.0573	0.0120511			5730.0	1.17822e-09
0.05735	0.00950277			5735.0	2.02672e-09
0.0574	0.0018577			5740.0	3.07129e-09
0.05745	0.0018577			5745.0	3.52548e-09
0.0575	-0.00706155			5750.0	7.00873e-10
0.05755	-0.00960991			5755.0	3.10176e-09
0.0576	-0.0108841			5760.0	2.0282e-10
0.05765	-0.0159808			5765.0	8.77643e-10
0.0577	-0.0147066			5770.0	3.91869e-09
0.05775	-0.0223517			5775.0	4.4642e-09
0.0578	-0.0249			5780.0	9.46814e-10
0.05785	-0.0261742			5785.0	4.77525e-10
0.0579	-0.0299968			5790.0	2.50545e-09
0.05795	-0.0299968			5795.0	2.21759e-09
0.058	-0.0299968			5800.0	5.10251e-10
0.05805	-0.0287226			5805.0	1.72154e-09
0.0581	-0.0274484			5810.0	2.53463e-09
0.05815	-0.0274484			5815.0	1.75173e-10
0.0582	-0.0236259			5820.0	1.45216e-09
0.05825	-0.0236259			5825.0	1.73109e-09
0.0583	-0.0249			5830.0	3.6031e-10
0.05835	-0.0261742			5835.0	1.61186e-09
0.0584	-0.0223517			5840.0	3.35554e-09
0.05845	-0.0147066			5845.0	7.98693e-10
0.0585	-0.0185292			5850.0	2.09629e-09
0.05855	-0.0134324			5855.0	1.5159e-09
0.0586	-0.00578737			5860.0	1.02068e-09
0.05865	-0.0045132			5865.0	2.61622e-09
0.0587	-0.00706155			5870.0	3.97953e-09
0.05875	-0.0108841			5875.0	1.3065e-09
0.0588	-0.00960991			5880.0	9.295e-10
0.05885	0.000583518			5885.0	4.76056e-09
0.0589	-0.00196484			5890.0	3.08642e-09
0.05895	-0.00069066			5895.0	4.63161e-10
0.059	0.000583518			5900.0	6.26304e-09
0.05905	0.00313188			5905.0	2.60061e-09
0.0591	0.000583518			5910.0	1.22044e-09
0.05915	-0.00196484			5915.0	1.33016e-09
0.0592	-0.0045132			5920.0	1.42736e-09
0.05925	-0.00196484			5925.0	5.93799e-11
0.0593	-0.00578737			5930.0	1.1707e-09
0.05935	-0.00706155			5935.0	1.07342e-09
0.0594	-0.00833573			5940.0	3.44576e-10
0.05945	-0.0121583			5945.0	5.0221e-10
0.0595	-0.0147066			5950.0	2.37104e-09
0.05955	-0.017255			5955.0	1.72261e-09
0.0596	-0.0223517			5960.0	3.92436e-09
0.05965	-0.0223517			5965.0	3.21714e-09
0.0597	-0.0198033			5970.0	4.74933e-09
0.05975	-0.0198033			5975.0	1.4811e-09
0.0598	-0.0198033			5980.0	4.12145e-10
0.05985	-0.0198033			5985.0	8.08201e-10
0.0599	-0.0236259			5990.0	1.25173e-09
0.05995	-0.0198033			5995.0	1.94697e-09
0.06	-0.0223517			6000.0	3.76983e-09
0.06005	-0.0198033			6005.0	3.71847e-10
0.0601	-0.0159808			6010.0	1.19558e-09
0.06015	-0.0134324			6015.0	3.13539e-09
0.0602	-0.00833573			6020.0	4.97333e-09
0.06025	-0.00706155			6025.0	1.2378e-09
0.0603	-0.0045132			6030.0	7.03914e-10
0.06035	-0.00323902			6035.0	2.46064e-09
0.0604	-0.00323902			6040.0	1.06067e-08
0.06045	0.00313188			6045.0	5.00539e-09
0.0605	0.00695441			6050.0	1.31478e-09
0.06055	0.00695441			6055.0	5.93732e-09
0.0606	0.0120511			6060.0	2.21531e-09
0.06065	0.0133253			6065.0	2.58357e-09
0.0607	0.00695441			6070.0	2.53957e-09
0.06075	0.00695441			6075.0	5.65151e-10
0.0608	0.0120511			6080.0	5.92449e-10
0.06085	0.0018577			6085.0	1.74515e-09
0.0609	-0.00323902			6090.0	3.01917e-09
0.06095	0.0018577			6095.0	2.37748e-09
0.061	0.00313188			6100.0	2.35198e-09
0.06105	0.000583518			6105.0	2.89541e-10
0.0611	-0.00706155			6110.0	7.59271e-10
0.06115	-0.00960991			6115.0	2.07603e-09
0.0612	-0.00706155			6120.0	4.81005e-09
0.06125	-0.0121583			6125.0	1.64996e-09
0.0613	-0.017255			6130.0	6.56437e-11
0.06135	-0.0159808			6135.0	2.16002e-09
0.0614	-0.0121583			6140.0	6.32885e-09
0.06145	-0.00960991			6145.0	4.62495e-09
0.0615	-0.0147066			6150.0	2.14622e-10
0.06155	-0.0134324			6155.0	3.82137e-09
0.0616	-0.0108841			6160.0	3.3772e-09
0.06165	-0.00960991			6165.0	1.1846e-10
0.0617	-0.0121583			6170.0	6.56709e-10
0.06175	-0.0134324			6175.0	3.32371e-09
0.0618	-0.00833573			6180.0	1.09335e-09
0.06185	-0.00706155			6185.0	2.9049e-10
0.0619	-0.00196484			6190.0	1.05772e-09
0.06195	-0.00196484			6195.0	1.14302e-09
0.062	-0.00323902			6200.0	9.86061e-10
0.06205	0.000583518			6205.0	8.34691e-10
0.0621	-0.00196484			6210.0	1.90311e-09
0.06215	-0.00323902			6215.0	2.1092e-09
0.0622	0.0018577			6220.0	3.67402e-09
0.06225	0.00313188			6225.0	1.22983e-09
0.0623	0.00440605			6230.0	4.09169e-10
0.06235	0.00440605			6235.0	7.13077e-09
0.0624	0.0018577			6240.0	4.04147e-09
0.06245	0.0018577			6245.0	1.36257e-09
0.0625	0.000583518			6250.0	2.88753e-09
0.06255	-0.00323902			6255.0	1.62501e-10
0.0626	-0.00069066			6260.0	6.12615e-09
0.06265	-0.00323902			6265.0	3.57319e-09
0.0627	-0.00196484			6270.0	1.80181e-09
0.06275	0.000583518			6275.0	2.57073e-09
0.0628	0.000583518			6280.0	5.15209e-09
0.06285	-0.00196484			6285.0	5.12525e-09
0.0629	-0.00578737			6290.0	2.3138e-09
0.06295	-0.0045132			6295.0	4.43783e-09
0.063	-0.00706155			6300.0	4.83017e-09
0.06305	-0.00960991			6305.0	1.00914e-08
0.0631	-0.00706155			6310.0	4.41707e-09
0.06315	-0.00196484			6315.0	1.13886e-09
0.0632	-0.00069066			6320.0	5.25883e-09
0.06325	-0.0045132			6325.0	5.97185e-09
0.0633	-0.00323902			6330.0	6.15115e-10
0.06335	0.00313188			6335.0	4.19023e-09
0.0634	-0.00069066			6340.0	2.34719e-09
0.06345	-0.00196484			6345.0	6.74699e-10
0.0635	-0.00196484			6350.0	2.4365e-10
0.06355	0.00568023			6355.0	9.1516e-10
0.0636	0.0120511			6360.0	1.03267e-09
0.06365	0.00822859			6365.0	9.13381e-10
0.0637	0.00568023			6370.0	4.78293e-09
0.06375	0.00695441			6375.0	1.41362e-08
0.0638	0.00950277			6380.0	1.69886e-08
0.06385	0.00695441			6385.0	5.20099e-09
0.0639	0.00950277			6390.0	6.35762e-10
0.06395	0.0120511			6395.0	1.39445e-10
0.064	0.0133253			6400.0	4.61764e-10
0.06405	0.00822859			6405.0	1.10662e-09
0.0641	0.00695441			6410.0	1.16011e-09
0.06415	0.00695441			6415.0	1.61443e-09
0.0642	0.0018577			6420.0	1.07354e-09
0.06425	-0.00069066			6425.0	1.50424e-09
0.0643	0.000583518			6430.0	2.03542e-09
0.06435	-0.00196484			6435.0	8.48156e-10
0.0644	0.000583518			6440.0	2.2793e-09
0.06445	-0.00323902			6445.0	9.82409e-10
0.0645	-0.00578737			6450.0	2.1482e-10
0.06455	-0.00706155			6455.0	7.68754e-11
0.0646	-0.00706155			6460.0	7.98164e-10
0.06465	-0.0121583			6465.0	4.37011e-09
0.0647	-0.0121583			6470.0	5.68584e-09
0.06475	-0.00578737			6475.0	1.78919e-09
0.0648	-0.00960991			6480.0	8.69286e-09
0.06485	-0.00833573			6485.0	3.16547e-09
0.0649	-0.00578737			6490.0	4.94527e-10
0.06495	-0.00578737			6495.0	7.18324e-10
0.065	-0.00706155			6500.0	4.56326e-09
0.06505	-0.00960991			6505.0	1.07448e-08
0.0651	-0.00578737			6510.0	2.1052e-09
0.06515	-0.00196484			6515.0	1.28506e-09
0.0652	0.000583518			6520.0	2.80336e-09
0.06525	0.0018577			6525.0	1.85226e-10
0.0653	0.00822859			6530.0	2.07115e-09
0.06535	0.00950277			6535.0	7.1533e-09
0.0654	0.00568023			6540.0	9.04937e-09
0.06545	0.00313188			6545.0	3.70227e-09
0.0655	0.00950277			6550.0	5.05475e-10
0.06555	0.0133253			6555.0	2.4725e-09
0.0656	0.00695441			6560.0	4.65198e-10
0.06565	0.00313188			6565.0	1.62651e-09
0.0657	0.0133253			6570.0	7.3603e-10
0.06575	0.018422			6575.0	8.74609e-11
0.0658	0.00695441			6580.0	6.06862e-10
0.06585	0.000583518			6585.0	8.77462e-10
0.0659	0.000583518			6590.0	5.56409e-10
0.06595	0.00440605			6595.0	8.57897e-10
0.066	0.00313188			6600.0	1.59662e-10
0.06605	-0.00578737			6605.0	2.06646e-10
0.0661	-0.00196484			6610.0	4.67534e-10
0.06615	-0.00069066			6615.0	8.96541e-10
0.0662	-0.00323902			6620.0	6.51637e-10
0.06625	-0.0121583			6625.0	5.94458e-09
0.0663	-0.0108841			6630.0	1.36621e-08
0.06635	-0.0121583			6635.0	7.41245e-09
0.0664	-0.017255			6640.0	7.2394e-09
0.06645	-0.0147066			6645.0	1.51159e-08
0.0665	-0.017255			6650.0	2.06292e-08
0.06655	-0.017255			6655.0	7.21913e-09
0.0666	-0.0134324			6660.0	2.76214e-09
0.06665	-0.0147066			6665.0	2.8563e-09
0.0667	-0.017255			6670.0	1.86211e-09
0.06675	-0.017255			6675.0	2.50042e-09
0.0668	-0.017255			6680.0	2.87243e-10
0.06685	-0.0134324			6685.0	1.39539e-09
0.0669	-0.00960991			6690.0	4.29727e-10
0.06695	-0.00833573			6695.0	2.0479e-09
0.067	-0.00196484			6700.0	2.77004e-09
0.06705	-0.00196484			6705.0	3.09398e-09
0.0671	0.000583518			6710.0	6.25272e-10
0.06715	-0.00069066			6715.0	4.7571e-09
0.0672	0.00313188			6720.0	9.71534e-09
0.06725	0.0107769			6725.0	1.3346e-08
0.0673	0.00822859			6730.0	1.41281e-09
0.06735	0.0107769			6735.0	1.19768e-09
0.0674	0.0133253			6740.0	3.9641e-09
0.06745	0.0158737			6745.0	3.22392e-09
0.0675	0.0133253			6750.0	1.98089e-09
0.06755	0.0145995			6755.0	1.89773e-10
0.0676	0.0120511			6760.0	1.34468e-09
0.06765	0.00822859			6765.0	8.26877e-10
0.0677	0.0120511			6770.0	4.1338e-09
0.06775	0.00950277			6775.0	4.16748e-09
0.0678	0.00440605			6780.0	2.17307e-10
0.06785	0.00440605			6785.0	1.87345e-09
0.0679	0.00822859			6790.0	1.9121e-09
0.06795	0.00568023			6795.0	2.97575e-09
0.068	-0.00578737			6800.0	1.76445e-10
0.06805	-0.00960991			6805.0	6.62912e-10
0.0681	-0.00706155			6810.0	9.47263e-10
0.06815	-0.00578737			6815.0	2.89899e-10
0.0682	-0.00833573			6820.0	1.55633e-09
0.06825	-0.0159808			6825.0	5.74766e-10
0.0683	-0.00960991			6830.0	3.73659e-09
0.06835	-0.00578737			6835.0	2.09809e-09
0.0684	-0.00706155			6840.0	3.2323e-10
0.06845	-0.0134324			6845.0	6.60793e-10
0.0685	-0.0121583			6850.0	2.17352e-09
0.06855	-0.0121583			6855.0	3.2292e-09
0.0686	-0.00833573			6860.0	1.66519e-09
0.06865	-0.00960991			6865.0	3.69062e-10
0.0687	-0.00833573			6870.0	5.477e-09
0.06875	-0.00323902			6875.0	6.83256e-09
0.0688	0.000583518			6880.0	1.73862e-10
0.06885	-0.00196484			6885.0	8.77821e-09
0.0689	-0.0045132			6890.0	4.83393e-09
0.06895	-0.00706155			6895.0	4.49157e-09
0.069	-0.00323902			6900.0	2.65226e-09
0.06905	0.0018577			6905.0	2.64917e-09
0.0691	0.00313188			6910.0	3.45319e-09
0.06915	0.00440605			6915.0	4.58703e-09
0.0692	0.00822859			6920.0	4.22498e-09
0.06925	0.00950277			6925.0	2.38798e-09
0.0693	0.00695441			6930.0	2.02472e-09
0.06935	0.00822859			6935.0	4.56372e-09
0.0694	0.00695441			6940.0	1.47614e-09
0.06945	0.00950277			6945.0	4.2131e-09
0.0695	0.0107769			6950.0	9.70251e-09
0.06955	0.0158737			6955.0	6.12804e-09
0.0696	0.0171478			6960.0	2.26585e-09
0.06965	0.018422			6965.0	3.10055e-09
0.0697	0.0158737			6970.0	6.57404e-09
0.06975	0.0133253			6975.0	1.75828e-09
0.0698	0.00950277			6980.0	3.33966e-11
0.06985	0.00695441			6985.0	2.12939e-10
0.0699	0.0107769			6990.0	4.9727e-10
0.06995	0.0120511			6995.0	2.32542e-09
0.07	0.0107769			7000.0	3.76329e-09
0.07005	0.00695441			7005.0	2.08666e-09
0.0701	0.0107769			7010.0	4.88591e-10
0.07015	0.00440605			7015.0	1.60881e-10
0.0702	0.000583518			7020.0	4.42528e-11
0.07025	-0.00323902			7025.0	3.58052e-11
0.0703	0.000583518			7030.0	1.59081e-10
0.07035	-0.00196484			7035.0	1.29579e-09
0.0704	-0.00578737			7040.0	1.51943e-09
0.07045	-0.00196484			7045.0	4.33824e-10
0.0705	0.000583518			7050.0	1.46001e-09
0.07055	0.000583518			7055.0	1.44626e-09
0.0706	-0.0045132			7060.0	1.83604e-09
0.07065	-0.00960991			7065.0	1.2359e-09
0.0707	-0.00706155			7070.0	1.06739e-10
0.07075	-0.00196484			7075.0	3.46303e-09
0.0708	0.000583518			7080.0	8.07206e-09
0.07085	-0.00323902			7085.0	1.81811e-09
0.0709	0.00440605			7090.0	1.91018e-09
0.07095	0.00440605			7095.0	4.0956e-09
0.071	0.000583518			7100.0	1.5139e-10
0.07105	0.0018577			7105.0	1.92739e-09
0.0711	0.0018577			7110.0	3.60913e-09
0.07115	0.000583518			7115.0	1.87745e-09
0.0712	0.000583518			7120.0	1.06486e-09
0.07125	0.00313188			7125.0	1.34533e-09
0.0713	-0.00196484			7130.0	2.45712e-09
0.07135	0.000583518			7135.0	3.22625e-10
0.0714	0.0018577			7140.0	3.26623e-09
0.07145	0.000583518			7145.0	1.92806e-09
0.0715	0.000583518			7150.0	1.39724e-09
0.07155	0.0018577			7155.0	2.29387e-10
0.0716	-0.00069066			7160.0	1.57143e-09
0.07165	-0.00069066			7165.0	3.05393e-09
0.0717	0.0018577			7170.0	4.95283e-09
0.07175	0.00440605			7175.0	7.92917e-10
0.0718	0.00822859			7180.0	3.99357e-10
0.07185	0.00822859			7185.0	1.17366e-09
0.0719	0.00695441			7190.0	6.09884e-10
0.07195	0.00822859			7195.0	6.78996e-10
0.072	0.00313188			7200.0	1.1752e-09
0.07205	0.00822859			7205.0	1.36667e-09
0.0721	0.00695441			7210.0	4.75042e-09
0.07215	0.0120511			7215.0	6.8469e-09
0.0722	0.00950277			7220.0	3.87978e-09
0.07225	0.0120511			7225.0	1.0251e-09
0.0723	0.0120511			7230.0	1.74594e-09
0.07235	0.00950277			7235.0	2.74596e-09
0.0724	0.00568023			7240.0	1.07713e-09
0.07245	-0.00196484			7245.0	1.8273e-09
0.0725	0.00313188			7250.0	4.60116e-11
0.07255	0.00313188			7255.0	2.38357e-09
0.0726	0.0018577			7260.0	2.59329e-10
0.07265	0.00313188			7265.0	1.49973e-09
0.0727	-0.00323902			7270.0	1.33491e-09
0.07275	-0.00833573			7275.0	1.0517e-09
0.0728	-0.0134324			7280.0	3.65328e-11
0.07285	-0.0134324			7285.0	3.30068e-09
0.0729	-0.0108841			7290.0	5.17719e-09
0.07295	-0.00706155			7295.0	2.3928e-09
0.073	-0.0121583			7300.0	5.34876e-10
0.07305	-0.0108841			7305.0	1.83064e-09
0.0731	-0.00833573			7310.0	2.6437e-10
0.07315	-0.00706155			7315.0	1.88618e-09
0.0732	-0.00578737			7320.0	2.09693e-09
0.07325	-0.00833573			7325.0	1.65273e-09
0.0733	-0.00578737			7330.0	8.07622e-10
0.07335	0.0018577			7335.0	1.45949e-09
0.0734	0.00313188			7340.0	6.81583e-10
0.07345	0.000583518			7345.0	8.28793e-10
0.0735	0.00440605			7350.0	1.49264e-09
0.07355	0.00822859			7355.0	5.52488e-11
0.0736	0.00568023			7360.0	6.78463e-10
0.07365	0.00568023			7365.0	1.12616e-09
0.0737	0.0018577			7370.0	2.67045e-09
0.07375	-0.00069066			7375.0	1.61113e-09
0.0738	0.00440605			7380.0	2.52909e-09
0.07385	0.0018577			7385.0	1.92844e-10
0.0739	0.00313188			7390.0	4.32124e-10
0.07395	0.00822859			7395.0	1.07755e-10
0.074	0.00695441			7400.0	7.9432e-10
0.07405	0.00568023			7405.0	3.75142e-11
0.0741	0.00440605			7410.0	7.1485e-10
0.07415	0.0018577			7415.0	1.52483e-10
0.0742	0.00313188			7420.0	4.16897e-10
0.07425	-0.00069066			7425.0	2.8698e-09
0.0743	0.00313188			7430.0	3.92928e-09
0.07435	0.00313188			7435.0	7.79899e-10
0.0744	0.00568023			7440.0	5.50634e-10
0.07445	0.000583518			7445.0	4.38707e-10
0.0745	-0.00196484			7450.0	6.20447e-10
0.07455	0.000583518			7455.0	1.27811e-11
0.0746	-0.00323902			7460.0	1.62717e-10
0.07465	-0.00196484			7465.0	4.66131e-10
0.0747	-0.00069066			7470.0	1.73842e-09
0.07475	-0.00069066			7475.0	2.69953e-09
0.0748	0.00313188			7480.0	7.41303e-11
0.07485	-0.00069066			7485.0	2.34019e-09
0.0749	0.000583518			7490.0	1.56362e-09
0.07495	0.00313188			7495.0	1.13621e-09
0.075	-0.00196484			7500.0	1.9088e-09
0.07505	-0.0045132			7505.0	1.46206e-09
0.0751	-0.00323902			7510.0	1.32585e-09
0.07515	-0.00196484			7515.0	8.42639e-10
0.0752	-0.0045132			7520.0	3.46381e-10
0.07525	-0.00196484			7525.0	2.16553e-10
0.0753	0.000583518			7530.0	6.23084e-10
0.07535	0.00568023			7535.0	1.18744e-09
0.0754	0.00313188			7540.0	4.10518e-09
0.07545	-0.0045132			7545.0	8.21806e-10
0.0755	-0.00323902			7550.0	9.69197e-11
0.07555	0.000583518			7555.0	1.66428e-09
0.0756	0.00695441			7560.0	6.70915e-11
0.07565	-0.00196484			7565.0	3.43535e-10
0.0757	0.00313188			7570.0	1.02688e-09
0.07575	0.00822859			7575.0	2.11324e-09
0.0758	0.0107769			7580.0	9.67931e-11
0.07585	0.00695441			7585.0	1.99254e-09
0.0759	0.00313188			7590.0	3.58633e-09
0.07595	0.0018577			7595.0	1.7532e-09
0.076	0.00568023			7600.0	3.26392e-09
0.07605	0.00313188			7605.0	1.34813e-09
0.0761	0.0018577			7610.0	4.32658e-10
0.07615	0.0018577			7615.0	1.16646e-09
0.0762	0.0018577			7620.0	3.82974e-10
0.07625	0.000583518			7625.0	2.55829e-09
0.0763	-0.00323902			7630.0	1.45354e-09
0.07635	-0.00196484			7635.0	1.0833e-10
0.0764	-0.00196484			7640.0	1.24338e-09
0.07645	-0.00323902			7645.0	6.27805e-11
0.0765	0.000583518			7650.0	1.82459e-09
0.07655	0.000583518			7655.0	2.10868e-09
0.0766	0.00313188			7660.0	3.49682e-11
0.07665	0.00313188			7665.0	1.93129e-09
0.0767	0.000583518			7670.0	1.13504e-09
0.07675	0.00313188			7675.0	2.93503e-10
0.0768	-0.00196484			7680.0	4.92616e-10
0.07685	0.0018577			7685.0	3.00538e-09
0.0769	0.000583518			7690.0	3.6825e-09
0.07695	0.00440605			7695.0	2.84646e-09
0.077	0.00568023			7700.0	2.3112e-09
0.07705	0.00695441			7705.0	2.05732e-10
0.0771	0.00695441			7710.0	4.23569e-09
0.07715	0.00695441			7715.0	4.19488e-09
0.0772	0.00568023			7720.0	4.10665e-09
0.07725	0.000583518			7725.0	1.51023e-09
0.0773	0.000583518			7730.0	2.34484e-09
0.07735	0.000583518			7735.0	2.84205e-09
0.0774	-0.00069066			7740.0	5.8271e-10
0.07745	-0.0045132			7745.0	8.52605e-10
0.0775	-0.00706155			7750.0	1.68339e-09
0.07755	-0.00196484			7755.0	4.45507e-09
0.0776	-0.00960991			7760.0	6.87205e-09
0.07765	-0.0134324			7765.0	4.10162e-09
0.0777	-0.0134324			7770.0	5.91475e-09
0.07775	-0.00960991			7775.0	6.07128e-09
0.0778	-0.0121583			7780.0	4.68479e-09
0.07785	-0.017255			7785.0	8.34657e-10
0.0779	-0.0159808			7790.0	3.55088e-10
0.07795	-0.00960991			7795.0	2.51573e-11
0.078	-0.00706155			7800.0	1.43669e-09
0.07805	-0.00706155			7805.0	7.04649e-09
0.0781	-0.00960991			7810.0	2.91807e-09
0.07815	-0.00578737			7815.0	1.77532e-10
0.0782	-0.00578737			7820.0	1.22748e-10
0.07825	-0.0045132			7825.0	1.1934e-09
0.0783	-0.00706155			7830.0	3.24333e-10
0.07835	-0.00323902			7835.0	6.41203e-10
0.0784	0.00313188			7840.0	6.2569e-10
0.07845	0.000583518			7845.0	8.61117e-11
0.0785	-0.00196484			7850.0	1.46016e-10
0.07855	-0.00323902			7855.0	8.53537e-10
0.0786	-0.00323902			7860.0	1.02957e-09
0.07865	-0.00578737			7865.0	3.43306e-10
0.0787	-0.00706155			7870.0	2.55046e-10
0.07875	-0.00578737			7875.0	1.64975e-09
0.0788	-0.00833573			7880.0	4.57267e-09
0.07885	-0.00578737			7885.0	4.99619e-09
0.0789	-0.00833573			7890.0	8.37213e-09
0.07895	-0.00833573			7895.0	4.16131e-09
0.079	-0.00833573			7900.0	2.6858e-09
0.07905	-0.00960991			7905.0	1.44303e-09
0.0791	-0.00960991			7910.0	2.80759e-09
0.07915	-0.00960991			7915.0	1.48644e-09
0.0792	-0.00578737			7920.0	4.1393e-10
0.07925	-0.00960991			7925.0	3.08277e-10
0.0793	-0.00833573			7930.0	3.2183e-09
0.07935	-0.00323902			7935.0	2.26855e-09
0.0794	-0.00196484			7940.0	1.3632e-09
0.07945	0.000583518			7945.0	1.06585e-08
0.0795	-0.00069066			7950.0	4.9954e-09
0.07955	0.0018577			7955.0	2.50417e-10
0.0796	0.00568023			7960.0	2.66525e-10
0.07965	0.00568023			7965.0	1.17507e-09
0.0797	0.0133253			7970.0	1.19199e-10
0.07975	0.0107769			7975.0	8.96252e-10
0.0798	0.00695441			7980.0	6.19374e-10
0.07985	0.00440605			7985.0	8.00974e-10
0.0799	0.00950277			7990.0	5.09855e-10
0.07995	0.00695441			7995.0	9.99785e-10
0.08	-0.00069066			8000.0	1.13006e-09
0.08005	-0.00196484			8005.0	1.00685e-09
0.0801	0.00568023			8010.0	1.05442e-09
0.08015	0.00950277			8015.0	9.99556e-10
0.0802	0.000583518			8020.0	1.35978e-10
0.08025	-0.00196484			8025.0	1.77525e-09
0.0803	-0.00833573			8030.0	1.40964e-09
0.08035	-0.00578737			8035.0	1.21142e-08
0.0804	-0.00706155			8040.0	5.27942e-09
0.08045	-0.0121583			8045.0	8.62374e-11
0.0805	-0.00960991			8050.0	3.09418e-10
0.08055	-0.00960991			8055.0	2.00354e-09
0.0806	-0.00960991			8060.0	5.14879e-10
0.08065	-0.0147066			8065.0	8.32594e-09
0.0807	-0.017255			8070.0	6.00014e-09
0.08075	-0.0159808			8075.0	1.09122e-09
0.0808	-0.0198033			8080.0	1.09097e-09
0.08085	-0.017255			8085.0	6.11138e-10
0.0809	-0.0185292			8090.0	1.9598e-11
0.08095	-0.0185292			8095.0	9.66432e-10
0.081	-0.00960991			8100.0	3.14302e-10
0.08105	-0.0108841			8105.0	1.3796e-09
0.0811	-0.0121583			8110.0	1.72465e-09
0.08115	-0.00833573			8115.0	1.49613e-10
0.0812	-0.0045132			8120.0	1.04546e-10
0.08125	-0.00323902			8125.0	3.04479e-10
0.0813	0.00313188			8130.0	1.34032e-10
0.08135	0.0107769			8135.0	3.96491e-10
0.0814	0.0145995			8140.0	1.31894e-09
0.08145	0.0209704			8145.0	1.34759e-09
0.0815	0.0247929			8150.0	7.17685e-11
0.08155	0.0247929			8155.0	3.53708e-10
0.0816	0.0247929			8160.0	5.34849e-10
0.08165	0.0286154			8165.0	6.67504e-11
0.0817	0.0286154			8170.0	9.20049e-10
0.08175	0.0298896			8175.0	1.43021e-09
0.0818	0.0298896			8180.0	1.31088e-09
0.08185	0.032438			8185.0	1.00597e-09
0.0819	0.0311638			8190.0	1.08213e-09
0.08195	0.0273413			8195.0	9.88773e-11
0.082	0.0273413			8200.0	1.6782e-09
0.08205	0.0235187			8205.0	2.7792e-09
0.0821	0.0158737			8210.0	1.70281e-10
0.08215	0.0158737			8215.0	9.52523e-11
0.0822	0.0107769			8220.0	4.2229e-11
0.08225	0.00313188			8225.0	1.07421e-09
0.0823	0.00313188			8230.0	1.22847e-09
0.08235	0.0018577			8235.0	5.62439e-10
0.0824	-0.00833573			8240.0	8.94369e-10
0.08245	-0.0134324			8245.0	1.49798e-09
0.0825	-0.0147066			8250.0	1.675e-10
0.08255	-0.0134324			8255.0	3.41287e-10
0.0826	-0.0147066			8260.0	1.64293e-09
0.08265	-0.0198033			8265.0	5.00075e-09
0.0827	-0.0198033			8270.0	1.27432e-09
0.08275	-0.0147066			8275.0	8.57039e-10
0.0828	-0.0134324			8280.0	7.0037e-10
0.08285	-0.0159808			8285.0	9.56727e-10
0.0829	-0.0159808			8290.0	1.24537e-09
0.08295	-0.00960991			8295.0	4.1775e-10
0.083	-0.00323902			8300.0	4.59798e-09
0.08305	-0.00196484			8305.0	4.68718e-09
0.0831	0.000583518			8310.0	1.47083e-09
0.08315	0.00568023			8315.0	1.76027e-09
0.0832	0.0120511			8320.0	1.30923e-09
0.08325	0.0120511			8325.0	5.06682e-10
0.0833	0.0133253			8330.0	2.65086e-10
0.08335	0.0145995			8335.0	8.99921e-10
0.0834	0.0158737			8340.0	1.18563e-09
0.08345	0.0209704			8345.0	6.29124e-10
0.0835	0.0222446			8350.0	9.87232e-10
0.08355	0.0260671			8355.0	1.42224e-09
0.0836	0.0286154			8360.0	5.55314e-10
0.08365	0.0247929			8365.0	3.07515e-09
0.0837	0.0273413			8370.0	7.86043e-09
0.08375	0.0222446			8375.0	1.93966e-09
0.0838	0.0235187			8380.0	2.50218e-09
0.08385	0.0222446			8385.0	4.59576e-09
0.0839	0.018422			8390.0	1.72028e-09
0.08395	0.0171478			8395.0	4.93123e-10
0.084	0.0158737			8400.0	4.64496e-10
0.08405	0.0107769			8405.0	1.9446e-09
0.0841	0.00568023			8410.0	1.41621e-10
0.08415	0.000583518			8415.0	1.2281e-09
0.0842	-0.00323902			8420.0	1.84014e-09
0.08425	-0.00960991			8425.0	3.24898e-10
0.0843	-0.0121583			8430.0	2.56866e-09
0.08435	-0.0108841			8435.0	2.85645e-09
0.0844	-0.0121583			8440.0	9.19428e-10
0.08445	-0.0108841			8445.0	2.37741e-09
0.0845	-0.0121583			8450.0	5.23821e-09
0.08455	-0.0185292			8455.0	1.2635e-09
0.0846	-0.0134324			8460.0	5.88298e-10
0.08465	-0.0134324			8465.0	6.52862e-10
0.0847	-0.017255			8470.0	4.15029e-10
0.08475	-0.0134324			8475.0	1.68113e-10
0.0848	-0.00706155			8480.0	3.79816e-10
0.08485	-0.00196484			8485.0	4.87914e-10
0.0849	0.000583518			8490.0	1.06993e-09
0.08495	0.0018577			8495.0	1.20654e-09
0.085	0.00822859			8500.0	2.13219e-09
0.08505	0.0158737			8505.0	6.39053e-09
0.0851	0.0145995			8510.0	8.93507e-09
0.08515	0.0133253			8515.0	5.04334e-09
0.0852	0.0222446			8520.0	6.51554e-10
0.08525	0.0337122			8525.0	1.58637e-09
0.0853	0.0362605			8530.0	5.32632e-09
0.08535	0.0375347			8535.0	4.07612e-09
0.0854	0.0337122			8540.0	8.46926e-11
0.08545	0.0362605			8545.0	3.50583e-09
0.0855	0.0349863			8550.0	6.33865e-09
0.08555	0.0311638			8555.0	5.28558e-10
0.0856	0.0286154			8560.0	1.42534e-09
0.08565	0.0298896			8565.0	1.39912e-09
0.0857	0.0273413			8570.0	4.84153e-09
0.08575	0.0260671			8575.0	3.98416e-09
0.0858	0.0196962			8580.0	4.12276e-09
0.08585	0.0107769			8585.0	1.02889e-09
0.0859	0.00568023			8590.0	8.68663e-11
0.08595	-0.00069066			8595.0	1.53036e-09
0.086	-0.0045132			8600.0	1.92345e-09
0.08605	-0.00960991			8605.0	6.67733e-10
0.0861	-0.00960991			8610.0	6.88555e-10
0.08615	-0.00960991			8615.0	3.20643e-10
0.0862	-0.0121583			8620.0	1.75243e-09
0.08625	-0.0147066			8625.0	2.66105e-09
0.0863	-0.0198033			8630.0	1.4891e-09
0.08635	-0.0210775			8635.0	2.33211e-09
0.0864	-0.0210775			8640.0	6.79871e-10
0.08645	-0.017255			8645.0	2.73519e-09
0.0865	-0.0159808			8650.0	1.30431e-09
0.08655	-0.00960991			8655.0	5.00495e-10
0.0866	-0.00833573			8660.0	4.51115e-10
0.08665	-0.00960991			8665.0	4.82838e-10
0.0867	-0.00706155			8670.0	4.3071e-10
0.08675	-0.00323902			8675.0	3.4078e-10
0.0868	-0.00069066			8680.0	7.11817e-10
0.08685	0.00568023			8685.0	5.82046e-10
0.0869	0.00950277			8690.0	1.57023e-09
0.08695	0.0145995			8695.0	2.59379e-09
0.087	0.0171478			8700.0	3.24232e-09
0.08705	0.0209704			8705.0	2.318e-09
0.0871	0.0247929			8710.0	6.69749e-10
0.08715	0.0222446			8715.0	4.01685e-09
0.0872	0.0222446			8720.0	7.4321e-09
0.08725	0.0222446			8725.0	4.84019e-09
0.0873	0.0273413			8730.0	7.73647e-09
0.08735	0.0247929			8735.0	3.63948e-09
0.0874	0.0196962			8740.0	2.65876e-10
0.08745	0.0286154			8745.0	5.81159e-12
0.0875	0.0286154			8750.0	1.60801e-09
0.08755	0.0222446			8755.0	3.92954e-09
0.0876	0.0145995			8760.0	3.30236e-09
0.08765	0.0120511			8765.0	7.90044e-09
0.0877	0.0133253			8770.0	7.12431e-09
0.08775	0.0120511			8775.0	6.42007e-09
0.0878	0.00313188			8780.0	6.42972e-09
0.08785	-0.00578737			8785.0	1.47082e-09
0.0879	-0.00196484			8790.0	1.24796e-10
0.08795	-0.00578737			8795.0	1.06889e-09
0.088	-0.00960991			8800.0	5.52416e-10
0.08805	-0.0185292			8805.0	2.90053e-09
0.0881	-0.0159808			8810.0	7.25129e-09
0.08815	-0.0223517			8815.0	6.81744e-09
0.0882	-0.0236259			8820.0	4.18382e-09
0.08825	-0.0223517			8825.0	2.41872e-09
0.0883	-0.0249			8830.0	1.15791e-09
0.08835	-0.0210775			8835.0	2.07086e-09
0.0884	-0.0185292			8840.0	1.28461e-09
0.08845	-0.017255			8845.0	3.79927e-09
0.0885	-0.0147066			8850.0	4.54363e-09
0.08855	-0.0108841			8855.0	5.01541e-10
0.0886	-0.00960991			8860.0	8.71092e-12
0.08865	-0.00578737			8865.0	2.22467e-10
0.0887	0.000583518			8870.0	3.48982e-10
0.08875	0.00568023			8875.0	1.53527e-09
0.0888	0.0133253			8880.0	2.98051e-09
0.08885	0.018422			8885.0	1.7054e-09
0.0889	0.018422			8890.0	9.91166e-10
0.08895	0.0222446			8895.0	1.89404e-09
0.089	0.0247929			8900.0	1.63071e-09
0.08905	0.0273413			8905.0	3.93624e-10
0.0891	0.032438			8910.0	3.77441e-10
0.08915	0.032438			8915.0	1.70045e-09
0.0892	0.0337122			8920.0	5.89768e-10
0.08925	0.032438			8925.0	9.42052e-10
0.0893	0.0337122			8930.0	1.26853e-09
0.08935	0.0298896			8935.0	1.22007e-09
0.0894	0.0273413			8940.0	3.40764e-09
0.08945	0.018422			8945.0	4.29603e-09
0.0895	0.0133253			8950.0	3.12236e-09
0.08955	0.00822859			8955.0	1.78072e-09
0.0896	0.00313188			8960.0	9.12279e-10
0.08965	-0.00196484			8965.0	9.23306e-10
0.0897	-0.00196484			8970.0	1.5283e-09
0.08975	-0.00960991			8975.0	1.66748e-09
0.0898	-0.0198033			8980.0	1.15168e-09
0.08985	-0.0274484			8985.0	9.13082e-10
0.0899	-0.0261742			8990.0	1.98516e-10
0.08995	-0.0274484			8995.0	7.7654e-10
0.09	-0.0299968			9000.0	4.09225e-10
0.09005	-0.0287226			9005.0	8.28154e-10
0.0901	-0.0261742			9010.0	1.5464e-09
0.09015	-0.0185292			9015.0	1.10019e-09
0.0902	-0.0198033			9020.0	9.44081e-11
0.09025	-0.0198033			9025.0	1.87951e-11
0.0903	-0.0121583			9030.0	1.35149e-10
0.09035	-0.00833573			9035.0	8.58968e-10
0.0904	-0.00578737			9040.0	2.59858e-09
0.09045	-0.00196484			9045.0	1.79617e-09
0.0905	0.00568023			9050.0	1.46083e-09
0.09055	0.0107769			9055.0	2.12404e-09
0.0906	0.018422			9060.0	1.18862e-09
0.09065	0.0222446			9065.0	3.39695e-10
0.0907	0.0222446			9070.0	2.93115e-09
0.09075	0.0286154			9075.0	2.97714e-09
0.0908	0.0273413			9080.0	1.8083e-09
0.09085	0.0273413			9085.0	2.37348e-10
0.0909	0.0311638			9090.0	3.6324e-10
0.09095	0.0362605			9095.0	4.07498e-09
0.091	0.0362605			9100.0	6.2446e-09
0.09105	0.0375347			9105.0	3.2103e-09
0.0911	0.0337122			9110.0	2.44715e-09
0.09115	0.0311638			9115.0	2.45982e-09
0.0912	0.0298896			9120.0	8.34112e-10
0.09125	0.0260671			9125.0	1.58945e-10
0.0913	0.0222446			9130.0	1.22097e-09
0.09135	0.0158737			9135.0	6.04944e-10
0.0914	0.0133253			9140.0	6.91913e-10
0.09145	0.00695441			9145.0	1.06083e-09
0.0915	0.00568023			9150.0	1.2063e-09
0.09155	0.00313188			9155.0	1.01737e-09
0.0916	-0.00323902			9160.0	1.9778e-09
0.09165	-0.00833573			9165.0	2.68265e-09
0.0917	-0.0159808			9170.0	6.23944e-10
0.09175	-0.0159808			9175.0	2.98945e-10
0.0918	-0.0185292			9180.0	4.56703e-10
0.09185	-0.0185292			9185.0	5.05761e-10
0.0919	-0.017255			9190.0	5.70753e-10
0.09195	-0.0185292			9195.0	1.94133e-09
0.092	-0.0236259			9200.0	2.26325e-09
0.09205	-0.0223517			9205.0	6.25537e-10
0.0921	-0.0198033			9210.0	5.43006e-10
0.09215	-0.0147066			9215.0	1.0313e-09
0.0922	-0.0159808			9220.0	1.36801e-09
0.09225	-0.0147066			9225.0	1.8321e-09
0.0923	-0.0045132			9230.0	3.91896e-10
0.09235	0.00695441			9235.0	2.06805e-09
0.0924	0.00568023			9240.0	1.55941e-09
0.09245	0.0107769			9245.0	1.5911e-09
0.0925	0.0133253			9250.0	7.85071e-10
0.09255	0.018422			9255.0	4.78382e-10
0.0926	0.0209704			9260.0	3.7526e-10
0.09265	0.0209704			9265.0	3.019e-09
0.0927	0.0273413			9270.0	2.18797e-09
0.09275	0.0298896			9275.0	1.70722e-12
0.0928	0.0337122			9280.0	1.63678e-09
0.09285	0.0311638			9285.0	1.4996e-09
0.0929	0.0286154			9290.0	3.14737e-10
0.09295	0.0247929			9295.0	1.07438e-09
0.093	0.0209704			9300.0	1.15479e-09
0.09305	0.0158737			9305.0	8.33285e-10
0.0931	0.0107769			9310.0	6.70013e-10
0.09315	0.0107769			9315.0	6.61809e-10
0.0932	0.00568023			9320.0	2.82295e-10
0.09325	0.00313188			9325.0	1.18857e-09
0.0933	-0.0045132			9330.0	5.88702e-10
0.09335	-0.00706155			9335.0	3.12221e-09
0.0934	-0.0134324			9340.0	3.83031e-09
0.09345	-0.0159808			9345.0	2.71715e-09
0.0935	-0.0185292			9350.0	2.96422e-11
0.09355	-0.0185292			9355.0	2.65701e-10
0.0936	-0.0185292			9360.0	4.05681e-10
0.09365	-0.0198033			9365.0	1.97894e-11
0.0937	-0.017255			9370.0	1.45083e-09
0.09375	-0.0159808			9375.0	1.4565e-09
0.0938	-0.0121583			9380.0	2.99167e-10
0.09385	-0.00833573			9385.0	2.06284e-10
0.0939	-0.00706155			9390.0	6.89868e-10
0.09395	-0.00196484			9395.0	2.12941e-09
0.094	-0.00069066			9400.0	4.23877e-10
0.09405	0.0107769			9405.0	1.60521e-09
0.0941	0.0158737			9410.0	3.46465e-09
0.09415	0.0235187			9415.0	8.25023e-09
0.0942	0.0286154			9420.0	5.00202e-09
0.09425	0.0311638			9425.0	1.82685e-10
0.0943	0.0337122			9430.0	1.10545e-09
0.09435	0.0362605			9435.0	9.84171e-10
0.0944	0.040083			9440.0	8.32375e-10
0.09445	0.0388089			9445.0	5.16899e-10
0.0945	0.0439056			9450.0	4.24548e-10
0.09455	0.0464539			9455.0	1.14572e-09
0.0946	0.0490023			9460.0	4.08598e-10
0.09465	0.0426314			9465.0	7.42423e-11
0.0947	0.0349863			9470.0	4.70967e-10
0.09475	0.0375347			9475.0	3.30374e-10
0.0948	0.0375347			9480.0	4.67024e-09
0.09485	0.0311638			9485.0	5.42233e-09
0.0949	0.0235187			9490.0	1.17573e-09
0.09495	0.0209704			9495.0	1.50277e-09
0.095	0.0196962			9500.0	4.9295e-09
0.09505	0.018422			9505.0	8.60832e-10
0.0951	0.0120511			9510.0	1.47562e-09
0.09515	0.00695441			9515.0	1.92082e-09
0.0952	0.00822859			9520.0	3.47599e-10
0.09525	0.00313188			9525.0	1.19697e-09
0.0953	-0.00578737			9530.0	4.43343e-10
0.09535	-0.00960991			9535.0	6.67701e-10
0.0954	-0.0147066			9540.0	8.65068e-10
0.09545	-0.00960991			9545.0	6.72399e-10
0.0955	-0.00706155			9550.0	1.65141e-09
0.09555	-0.00833573			9555.0	8.85744e-10
0.0956	-0.0134324			9560.0	1.91112e-09
0.09565	-0.0108841			9565.0	9.62245e-10
0.0957	-0.0108841			9570.0	2.35568e-11
0.09575	-0.00833573			9575.0	4.35243e-10
0.0958	-0.00578737			9580.0	2.3926e-10
0.09585	-0.00196484			9585.0	3.16162e-10
0.0959	0.00568023			9590.0	6.59947e-10
0.09595	0.0107769			9595.0	1.11755e-10
0.096	0.0145995			9600.0	2.58246e-10
0.09605	0.0158737			9605.0	2.38516e-10
0.0961	0.018422			9610.0	4.4661e-10
0.09615	0.0171478			9615.0	9.64966e-11
0.0962	0.0222446			9620.0	1.26866e-09
0.09625	0.0286154			9625.0	1.71003e-09
0.0963	0.0298896			9630.0	1.84988e-09
0.09635	0.0349863			9635.0	7.4227e-10
0.0964	0.0337122			9640.0	6.81719e-10
0.09645	0.0311638			9645.0	1.5167e-09
0.0965	0.0286154			9650.0	1.24341e-10
0.09655	0.0311638			9655.0	9.53264e-10
0.0966	0.0273413			9660.0	1.01442e-09
0.09665	0.0235187			9665.0	4.23359e-10
0.0967	0.0209704			9670.0	7.53243e-10
0.09675	0.018422			9675.0	2.42749e-10
0.0968	0.018422			9680.0	4.02913e-10
0.09685	0.0120511			9685.0	2.29445e-09
0.0969	0.00440605			9690.0	2.51919e-09
0.09695	0.00313188			9695.0	6.9438e-11
0.097	-0.0045132			9700.0	4.60743e-10
0.09705	-0.0108841			9705.0	1.10277e-09
0.0971	-0.0121583			9710.0	2.06575e-09
0.09715	-0.0121583			9715.0	2.13522e-09
0.0972	-0.0159808			9720.0	1.87444e-09
0.09725	-0.017255			9725.0	2.52556e-09
0.0973	-0.0223517			9730.0	2.39576e-09
0.09735	-0.0198033			9735.0	2.11685e-10
0.0974	-0.0147066			9740.0	3.48648e-10
0.09745	-0.0147066			9745.0	1.51553e-09
0.0975	-0.0159808			9750.0	1.65533e-09
0.09755	-0.0121583			9755.0	9.37444e-10
0.0976	-0.00960991			9760.0	4.60659e-10
0.09765	-0.00196484			9765.0	7.88073e-10
0.0977	-0.00196484			9770.0	2.347e-09
0.09775	-0.00196484			9775.0	1.03638e-09
0.0978	0.00440605			9780.0	2.57751e-11
0.09785	0.00950277			9785.0	3.44862e-09
0.0979	0.00822859			9790.0	6.69591e-09
0.09795	0.00950277			9795.0	7.49408e-09
0.098	0.0120511			9800.0	4.63829e-09
0.09805	0.018422			9805.0	1.76556e-09
0.0981	0.0196962			9810.0	9.41671e-10
0.09815	0.0235187			9815.0	5.31465e-10
0.0982	0.0247929			9820.0	1.33601e-09
0.09825	0.0260671			9825.0	7.21013e-10
0.0983	0.0273413			9830.0	3.88733e-10
0.09835	0.0247929			9835.0	2.13768e-09
0.0984	0.0235187			9840.0	1.39294e-09
0.09845	0.0222446			9845.0	1.27712e-09
0.0985	0.0260671			9850.0	6.602e-10
0.09855	0.0235187			9855.0	1.61824e-09
0.0986	0.0209704			9860.0	2.18232e-09
0.09865	0.0171478			9865.0	2.47852e-10
0.0987	0.0107769			9870.0	1.28023e-10
0.09875	0.00568023			9875.0	1.66785e-09
0.0988	0.000583518			9880.0	1.20509e-09
0.09885	-0.00960991			9885.0	1.17963e-09
0.0989	-0.00833573			9890.0	2.12879e-10
0.09895	-0.0121583			9895.0	7.48422e-10
0.099	-0.0185292			9900.0	3.38038e-10
0.09905	-0.0210775			9905.0	2.7809e-11
0.0991	-0.0223517			9910.0	2.14027e-10
0.09915	-0.0261742			9915.0	4.49076e-10
0.0992	-0.0274484			9920.0	2.20457e-09
0.09925	-0.0363677			9925.0	1.43656e-09
0.0993	-0.0325451			9930.0	6.69665e-11
0.09935	-0.0299968			9935.0	1.33883e-09
0.0994	-0.0338193			9940.0	7.78841e-09
0.09945	-0.0376418			9945.0	4.2513e-09
0.0995	-0.0274484			9950.0	8.95612e-10
0.09955	-0.017255			9955.0	3.19897e-10
0.0996	-0.0185292			9960.0	2.70076e-10
0.09965	-0.0198033			9965.0	1.06817e-10
0.0997	-0.0108841			9970.0	3.94315e-10
0.09975	-0.00833573			9975.0	8.12685e-10
0.0998	-0.00069066			9980.0	2.80136e-09
0.09985	0.00440605			9985.0	9.19681e-10
0.0999	0.0120511			9990.0	5.2027e-11
0.09995	0.018422			9995.0	1.61527e-10
0.1	0.0222446				
0.10005	0.0209704				
0.1001	0.0247929				
0.10015	0.0260671				
0.1002	0.0222446				
0.10025	0.0222446				
0.1003	0.0260671				
0.10035	0.0222446				
0.1004	0.018422				
0.10045	0.0145995				
0.1005	0.00822859				
0.10055	0.00695441				
0.1006	0.00313188				
0.10065	-0.00706155				
0.1007	-0.0121583				
0.10075	-0.0121583				
0.1008	-0.0147066				
0.10085	-0.017255				
0.1009	-0.0185292				
0.10095	-0.0198033				
0.101	-0.0249				
0.10105	-0.0261742				
0.1011	-0.0274484				
0.10115	-0.0249				
0.1012	-0.0223517				
0.10125	-0.0185292				
0.1013	-0.0121583				
0.10135	-0.00706155				
0.1014	-0.00578737				
0.10145	0.000583518				
0.1015	0.00695441				
0.10155	0.0133253				
0.1016	0.0145995				
0.10165	0.0222446				
0.1017	0.0298896				
0.10175	0.0349863				
0.1018	0.032438				
0.10185	0.0286154				
0.1019	0.0337122				
0.10195	0.0375347				
0.102	0.032438				
0.10205	0.0260671				
0.1021	0.0260671				
0.10215	0.0311638				
0.1022	0.0273413				
0.10225	0.018422				
0.1023	0.0107769				
0.10235	0.00568023				
0.1024	-0.00196484				
0.10245	-0.0108841				
0.1025	-0.0159808				
0.10255	-0.017255				
0.1026	-0.0223517				
0.10265	-0.0274484				
0.1027	-0.0338193				
0.10275	-0.0414644				
0.1028	-0.0427385				
0.10285	-0.0465611				
0.1029	-0.0440127				
0.10295	-0.0401902				
0.103	-0.0338193				
0.10305	-0.0325451				
0.1031	-0.0236259				
0.10315	-0.0210775				
0.1032	-0.0134324				
0.10325	-0.00578737				
0.1033	0.00313188				
0.10335	0.00950277				
0.1034	0.0133253				
0.10345	0.0235187				
0.1035	0.0311638				
0.10355	0.0337122				
0.1036	0.0388089				
0.10365	0.0413572				
0.1037	0.0451798				
0.10375	0.0464539				
0.1038	0.0464539				
0.10385	0.0439056				
0.1039	0.0464539				
0.10395	0.0451798				
0.104	0.0413572				
0.10405	0.0362605				
0.1041	0.032438				
0.10415	0.0311638				
0.1042	0.0158737				
0.10425	0.00822859				
0.1043	0.00313188				
0.10435	0.00568023				
0.1044	-0.00196484				
0.10445	-0.0121583				
0.1045	-0.0121583				
0.10455	-0.0147066				
0.1046	-0.0134324				
0.10465	-0.0236259				
0.1047	-0.0198033				
0.10475	-0.0185292				
0.1048	-0.0185292				
0.10485	-0.0185292				
0.1049	-0.0159808				
0.10495	-0.0159808				
0.105	-0.0134324				
0.10505	-0.0134324				
0.1051	-0.0134324				
0.10515	-0.00960991				
0.1052	-0.00706155				
0.10525	-0.00196484				
0.1053	0.00440605				
0.10535	0.0107769				
0.1054	0.0133253				
0.10545	0.0133253				
0.1055	0.0158737				
0.10555	0.0158737				
0.1056	0.0209704				
0.10565	0.0222446				
0.1057	0.0247929				
0.10575	0.0260671				
0.1058	0.0273413				
0.10585	0.0235187				
0.1059	0.018422				
0.10595	0.0145995				
0.106	0.0158737				
0.10605	0.00822859				
0.1061	0.00440605				
0.10615	0.00313188				
0.1062	-0.00196484				
0.10625	-0.00069066				
0.1063	-0.00196484				
0.10635	-0.0108841				
0.1064	-0.0147066				
0.10645	-0.0121583				
0.1065	-0.0159808				
0.10655	-0.0236259				
0.1066	-0.0249				
0.10665	-0.0159808				
0.1067	-0.0147066				
0.10675	-0.017255				
0.1068	-0.0198033				
0.10685	-0.017255				
0.1069	-0.0121583				
0.10695	-0.0108841				
0.107	-0.0108841				
0.10705	-0.00706155				
0.1071	-0.00069066				
0.10715	0.00440605				
0.1072	0.00440605				
0.10725	0.00695441				
0.1073	0.00822859				
0.10735	0.00950277				
0.1074	0.00822859				
0.10745	0.00440605				
0.1075	0.00440605				
0.10755	0.00695441				
0.1076	0.00822859				
0.10765	0.0107769				
0.1077	0.00440605				
0.10775	0.00695441				
0.1078	0.00695441				
0.10785	0.00568023				
0.1079	0.00313188				
0.10795	0.00440605				
0.108	0.0107769				
0.10805	0.0107769				
0.1081	0.0107769				
0.10815	0.00695441				
0.1082	0.00440605				
0.10825	0.00568023				
0.1083	0.0018577				
0.10835	0.00313188				
0.1084	0.00568023				
0.10845	0.00313188				
0.1085	0.00313188				
0.10855	0.00822859				
0.1086	0.00822859				
0.10865	0.00695441				
0.1087	0.000583518				
0.10875	0.00313188				
0.1088	0.00313188				
0.10885	-0.00069066				
0.1089	-0.00323902				
0.10895	-0.0045132				
0.109	0.000583518				
0.10905	0.000583518				
0.1091	-0.00578737				
0.10915	-0.00833573				
0.1092	-0.00578737				
0.10925	-0.00706155				
0.1093	-0.00706155				
0.10935	-0.00706155				
0.1094	-0.0045132				
0.10945	0.0018577				
0.1095	-0.00069066				
0.10955	-0.00196484				
0.1096	-0.00196484				
0.10965	-0.00196484				
0.1097	0.0018577				
0.10975	0.00440605				
0.1098	0.00568023				
0.10985	0.00313188				
0.1099	0.00568023				
0.10995	0.00695441				
0.11	0.00568023				
0.11005	0.00822859				
0.1101	0.0107769				
0.11015	0.0133253				
0.1102	0.0120511				
0.11025	0.0133253				
0.1103	0.018422				
0.11035	0.0222446				
0.1104	0.0235187				
0.11045	0.0235187				
0.1105	0.0247929				
0.11055	0.0235187				
0.1106	0.0209704				
0.11065	0.018422				
0.1107	0.0171478				
0.11075	0.0171478				
0.1108	0.018422				
0.11085	0.018422				
0.1109	0.00822859				
0.11095	0.00695441				
0.111	0.00695441				
0.11105	0.00313188				
0.1111	-0.00196484				
0.11115	0.0018577				
0.1112	-0.00069066				
0.11125	-0.0045132				
0.1113	-0.00578737				
0.11135	-0.0045132				
0.1114	-0.00578737				
0.11145	-0.00960991				
0.1115	-0.0134324				
0.11155	-0.0108841				
0.1116	-0.00196484				
0.11165	-0.00196484				
0.1117	0.000583518				
0.11175	0.00313188				
0.1118	0.00440605				
0.11185	0.00695441				
0.1119	0.0018577				
0.11195	0.00695441				
0.112	0.00822859				
0.11205	0.0107769				
0.1121	0.0107769				
0.11215	0.0120511				
0.1122	0.0120511				
0.11225	0.00822859				
0.1123	0.00695441				
0.11235	0.00695441				
0.1124	0.00440605				
0.11245	0.00440605				
0.1125	0.00440605				
0.11255	0.00568023				
0.1126	0.0107769				
0.11265	0.0133253				
0.1127	0.0107769				
0.11275	0.0107769				
0.1128	0.0107769				
0.11285	0.00695441				
0.1129	0.00695441				
0.11295	0.00695441				
0.113	0.00822859				
0.11305	0.0107769				
0.1131	0.00822859				
0.11315	0.00695441				
0.1132	0.00568023				
0.11325	0.000583518				
0.1133	0.00440605				
0.11335	0.00822859				
0.1134	0.00695441				
0.11345	0.00822859				
0.1135	0.0120511				
0.11355	0.0107769				
0.1136	0.00440605				
0.11365	0.00440605				
0.1137	0.00822859				
0.11375	0.0133253				
0.1138	0.00950277				
0.11385	0.00822859				
0.1139	0.0171478				
0.11395	0.0222446				
0.114	0.0222446				
0.11405	0.018422				
0.1141	0.0260671				
0.11415	0.0273413				
0.1142	0.0286154				
0.11425	0.0286154				
0.1143	0.0298896				
0.11435	0.0298896				
0.1144	0.032438				
0.11445	0.032438				
0.1145	0.0273413				
0.11455	0.0260671				
0.1146	0.0222446				
0.11465	0.0158737				
0.1147	0.0158737				
0.11475	0.018422				
0.1148	0.0196962				
0.11485	0.0209704				
0.1149	0.018422				
0.11495	0.0171478				
0.115	0.0145995				
0.11505	0.0158737				
0.1151	0.0171478				
0.11515	0.0145995				
0.1152	0.0196962				
0.11525	0.018422				
0.1153	0.018422				
0.11535	0.0209704				
0.1154	0.018422				
0.11545	0.0171478				
0.1155	0.018422				
0.11555	0.0158737				
0.1156	0.0145995				
0.11565	0.0209704				
0.1157	0.0222446				
0.11575	0.0209704				
0.1158	0.0209704				
0.11585	0.0209704				
0.1159	0.0145995				
0.11595	0.0133253				
0.116	0.018422				
0.11605	0.0196962				
0.1161	0.018422				
0.11615	0.018422				
0.1162	0.018422				
0.11625	0.018422				
0.1163	0.018422				
0.11635	0.0158737				
0.1164	0.0145995				
0.11645	0.018422				
0.1165	0.0209704				
0.11655	0.0133253				
0.1166	0.0171478				
0.11665	0.018422				
0.1167	0.0158737				
0.11675	0.00950277				
0.1168	0.00950277				
0.11685	0.00440605				
0.1169	0.000583518				
0.11695	0.000583518				
0.117	-0.00069066				
0.11705	-0.00069066				
0.1171	0.000583518				
0.11715	-0.00196484				
0.1172	0.0018577				
0.11725	0.000583518				
0.1173	0.0018577				
0.11735	-0.00069066				
0.1174	0.0018577				
0.11745	0.00695441				
0.1175	0.00695441				
0.11755	0.0133253				
0.1176	0.0133253				
0.11765	0.0158737				
0.1177	0.0145995				
0.11775	0.0158737				
0.1178	0.0133253				
0.11785	0.0158737				
0.1179	0.0196962				
0.11795	0.018422				
0.118	0.0222446				
0.11805	0.0196962				
0.1181	0.0171478				
0.11815	0.0158737				
0.1182	0.0171478				
0.11825	0.00822859				
0.1183	0.00822859				
0.11835	0.00313188				
0.1184	0.00695441				
0.11845	0.00313188				
0.1185	-0.00196484				
0.11855	-0.00578737				
0.1186	-0.00706155				
0.11865	-0.00960991				
0.1187	-0.0147066				
0.11875	-0.017255				
0.1188	-0.0121583				
0.11885	-0.0121583				
0.1189	-0.017255				
0.11895	-0.017255				
0.119	-0.0159808				
0.11905	-0.017255				
0.1191	-0.0210775				
0.11915	-0.0223517				
0.1192	-0.017255				
0.11925	-0.0185292				
0.1193	-0.0159808				
0.11935	-0.0147066				
0.1194	-0.0134324				
0.11945	-0.00960991				
0.1195	-0.0121583				
0.11955	-0.0121583				
0.1196	-0.00833573				
0.11965	-0.00323902				
0.1197	0.000583518				
0.11975	0.00568023				
0.1198	0.00950277				
0.11985	0.0107769				
0.1199	0.0107769				
0.11995	0.00822859				
0.12	0.00950277				
0.12005	0.00440605				
0.1201	0.00695441				
0.12015	0.0107769				
0.1202	0.00950277				
0.12025	0.00822859				
0.1203	0.00695441				
0.12035	0.00440605				
0.1204	0.00695441				
0.12045	0.00440605				
0.1205	-0.00196484				
0.12055	0.00313188				
0.1206	0.00695441				
0.12065	-0.00196484				
0.1207	-0.00196484				
0.12075	0.0018577				
0.1208	0.00568023				
0.12085	0.000583518				
0.1209	-0.00196484				
0.12095	-0.00196484				
0.121	-0.00069066				
0.12105	0.00568023				
0.1211	0.00568023				
0.12115	0.00950277				
0.1212	0.0107769				
0.12125	0.0145995				
0.1213	0.00822859				
0.12135	0.0107769				
0.1214	0.0133253				
0.12145	0.0107769				
0.1215	0.0120511				
0.12155	0.0107769				
0.1216	0.0133253				
0.12165	0.0107769				
0.1217	0.0133253				
0.12175	0.0107769				
0.1218	0.00950277				
0.12185	0.00822859				
0.1219	0.00568023				
0.12195	0.00695441				
0.122	0.0107769				
0.12205	0.00822859				
0.1221	0.0107769				
0.12215	0.00695441				
0.1222	0.00695441				
0.12225	0.00313188				
0.1223	-0.00578737				
0.12235	-0.0045132				
0.1224	-0.0045132				
0.12245	-0.00323902				
0.1225	-0.00323902				
0.12255	-0.00706155				
0.1226	-0.0108841				
0.12265	-0.0108841				
0.1227	-0.0134324				
0.12275	-0.017255				
0.1228	-0.0185292				
0.12285	-0.0121583				
0.1229	-0.00706155				
0.12295	-0.0121583				
0.123	-0.0121583				
0.12305	-0.00960991				
0.1231	-0.0045132				
0.12315	-0.00833573				
0.1232	-0.00706155				
0.12325	0.000583518				
0.1233	0.00695441				
0.12335	0.0107769				
0.1234	0.0133253				
0.12345	0.0171478				
0.1235	0.0247929				
0.12355	0.0273413				
0.1236	0.0235187				
0.12365	0.0235187				
0.1237	0.0273413				
0.12375	0.0260671				
0.1238	0.0273413				
0.12385	0.0247929				
0.1239	0.0235187				
0.12395	0.0145995				
0.124	0.0107769				
0.12405	0.00313188				
0.1241	-0.00196484				
0.12415	-0.00323902				
0.1242	-0.00706155				
0.12425	-0.0121583				
0.1243	-0.0108841				
0.12435	-0.017255				
0.1244	-0.0198033				
0.12445	-0.0249				
0.1245	-0.0261742				
0.12455	-0.0287226				
0.1246	-0.0299968				
0.12465	-0.0312709				
0.1247	-0.0338193				
0.12475	-0.0274484				
0.1248	-0.0274484				
0.12485	-0.0287226				
0.1249	-0.0274484				
0.12495	-0.0274484				
0.125	-0.0236259				
0.12505	-0.017255				
0.1251	-0.0147066				
0.12515	-0.0134324				
0.1252	-0.00196484				
0.12525	0.00695441				
0.1253	-0.00069066				
0.12535	0.00695441				
0.1254	0.0120511				
0.12545	0.0209704				
0.1255	0.0222446				
0.12555	0.0209704				
0.1256	0.0235187				
0.12565	0.0273413				
0.1257	0.0273413				
0.12575	0.0273413				
0.1258	0.0286154				
0.12585	0.0286154				
0.1259	0.0235187				
0.12595	0.0145995				
0.126	0.0158737				
0.12605	0.0133253				
0.1261	0.00950277				
0.12615	0.00440605				
0.1262	-0.00069066				
0.12625	-0.00706155				
0.1263	-0.0159808				
0.12635	-0.0223517				
0.1264	-0.0274484				
0.12645	-0.0261742				
0.1265	-0.0261742				
0.12655	-0.0261742				
0.1266	-0.0274484				
0.12665	-0.0261742				
0.1267	-0.0287226				
0.12675	-0.0274484				
0.1268	-0.0249				
0.12685	-0.0210775				
0.1269	-0.0134324				
0.12695	-0.0108841				
0.127	-0.0045132				
0.12705	0.0018577				
0.1271	0.00568023				
0.12715	0.00695441				
0.1272	0.0120511				
0.12725	0.0133253				
0.1273	0.018422				
0.12735	0.0209704				
0.1274	0.0311638				
0.12745	0.0349863				
0.1275	0.0375347				
0.12755	0.0375347				
0.1276	0.0439056				
0.12765	0.0451798				
0.1277	0.0337122				
0.12775	0.032438				
0.1278	0.040083				
0.12785	0.0426314				
0.1279	0.0388089				
0.12795	0.0286154				
0.128	0.0286154				
0.12805	0.0273413				
0.1281	0.0209704				
0.12815	0.0120511				
0.1282	0.00950277				
0.12825	0.00822859				
0.1283	0.00822859				
0.12835	0.000583518				
0.1284	-0.00196484				
0.12845	-0.00706155				
0.1285	-0.017255				
0.12855	-0.0210775				
0.1286	-0.0261742				
0.12865	-0.0274484				
0.1287	-0.0261742				
0.12875	-0.0261742				
0.1288	-0.0261742				
0.12885	-0.0223517				
0.1289	-0.017255				
0.12895	-0.017255				
0.129	-0.017255				
0.12905	-0.00833573				
0.1291	-0.00323902				
0.12915	0.00822859				
0.1292	0.0120511				
0.12925	0.0222446				
0.1293	0.0260671				
0.12935	0.0298896				
0.1294	0.032438				
0.12945	0.0388089				
0.1295	0.0362605				
0.12955	0.0362605				
0.1296	0.0439056				
0.12965	0.0426314				
0.1297	0.0426314				
0.12975	0.0451798				
0.1298	0.0388089				
0.12985	0.0375347				
0.1299	0.0286154				
0.12995	0.0235187				
0.13	0.0260671				
0.13005	0.0209704				
0.1301	0.00950277				
0.13015	0.00440605				
0.1302	0.00440605				
0.13025	0.000583518				
0.1303	-0.00960991				
0.13035	-0.0134324				
0.1304	-0.017255				
0.13045	-0.017255				
0.1305	-0.017255				
0.13055	-0.0198033				
0.1306	-0.017255				
0.13065	-0.0147066				
0.1307	-0.0134324				
0.13075	-0.017255				
0.1308	-0.0134324				
0.13085	-0.0147066				
0.1309	-0.0147066				
0.13095	-0.0108841				
0.131	-0.00706155				
0.13105	0.00313188				
0.1311	-0.00323902				
0.13115	0.000583518				
0.1312	0.00440605				
0.13125	0.00950277				
0.1313	0.0120511				
0.13135	0.0145995				
0.1314	0.0222446				
0.13145	0.0235187				
0.1315	0.0247929				
0.13155	0.0247929				
0.1316	0.0260671				
0.13165	0.0235187				
0.1317	0.018422				
0.13175	0.0133253				
0.1318	0.0145995				
0.13185	0.0120511				
0.1319	0.00568023				
0.13195	0.00440605				
0.132	-0.00578737				
0.13205	-0.0121583				
0.1321	-0.0108841				
0.13215	-0.017255				
0.1322	-0.0210775				
0.13225	-0.0261742				
0.1323	-0.0210775				
0.13235	-0.0236259				
0.1324	-0.0261742				
0.13245	-0.0249				
0.1325	-0.0198033				
0.13255	-0.0198033				
0.1326	-0.0236259				
0.13265	-0.0249				
0.1327	-0.0185292				
0.13275	-0.00960991				
0.1328	-0.0045132				
0.13285	0.000583518				
0.1329	0.00568023				
0.13295	0.0133253				
0.133	0.0133253				
0.13305	0.0145995				
0.1331	0.018422				
0.13315	0.0273413				
0.1332	0.0235187				
0.13325	0.0247929				
0.1333	0.0260671				
0.13335	0.0260671				
0.1334	0.0209704				
0.13345	0.0196962				
0.1335	0.0196962				
0.13355	0.0158737				
0.1336	0.0158737				
0.13365	0.0196962				
0.1337	0.0133253				
0.13375	0.0145995				
0.1338	0.0145995				
0.13385	0.0107769				
0.1339	0.00950277				
0.13395	0.00822859				
0.134	0.00313188				
0.13405	0.000583518				
0.1341	0.0018577				
0.13415	-0.00196484				
0.1342	0.000583518				
0.13425	-0.0045132				
0.1343	-0.00196484				
0.13435	-0.00323902				
0.1344	-0.0045132				
0.13445	-0.00069066				
0.1345	0.0018577				
0.13455	0.00313188				
0.1346	0.00440605				
0.13465	0.0171478				
0.1347	0.018422				
0.13475	0.0107769				
0.1348	0.0171478				
0.13485	0.0196962				
0.1349	0.0222446				
0.13495	0.0222446				
0.135	0.0222446				
0.13505	0.0273413				
0.1351	0.0337122				
0.13515	0.0349863				
0.1352	0.0311638				
0.13525	0.0337122				
0.1353	0.0349863				
0.13535	0.0337122				
0.1354	0.0298896				
0.13545	0.0337122				
0.1355	0.0362605				
0.13555	0.0311638				
0.1356	0.0247929				
0.13565	0.0222446				
0.1357	0.018422				
0.13575	0.00822859				
0.1358	0.00440605				
0.13585	0.00440605				
0.1359	0.00440605				
0.13595	0.00313188				
0.136	-0.00196484				
0.13605	-0.00578737				
0.1361	-0.00196484				
0.13615	-0.00706155				
0.1362	-0.00833573				
0.13625	-0.00323902				
0.1363	-0.00196484				
0.13635	0.00313188				
0.1364	0.0018577				
0.13645	-0.00069066				
0.1365	-0.00196484				
0.13655	0.00313188				
0.1366	0.00313188				
0.13665	0.00568023				
0.1367	0.00822859				
0.13675	0.00950277				
0.1368	0.0107769				
0.13685	0.0133253				
0.1369	0.0107769				
0.13695	0.0107769				
0.137	0.018422				
0.13705	0.00822859				
0.1371	0.00313188				
0.13715	0.00568023				
0.1372	0.00695441				
0.13725	0.00313188				
0.1373	-0.0045132				
0.13735	-0.00960991				
0.1374	-0.00833573				
0.13745	-0.00833573				
0.1375	-0.0147066				
0.13755	-0.0159808				
0.1376	-0.0121583				
0.13765	-0.0121583				
0.1377	-0.0159808				
0.13775	-0.0198033				
0.1378	-0.0185292				
0.13785	-0.017255				
0.1379	-0.0198033				
0.13795	-0.0236259				
0.138	-0.0198033				
0.13805	-0.0185292				
0.1381	-0.0185292				
0.13815	-0.017255				
0.1382	-0.0121583				
0.13825	-0.00960991				
0.1383	-0.00706155				
0.13835	-0.0045132				
0.1384	-0.0045132				
0.13845	-0.00196484				
0.1385	0.00313188				
0.13855	0.00568023				
0.1386	0.0107769				
0.13865	0.0107769				
0.1387	0.00822859				
0.13875	0.00822859				
0.1388	0.000583518				
0.13885	-0.00196484				
0.1389	-0.00578737				
0.13895	-0.00960991				
0.139	-0.0108841				
0.13905	-0.0121583				
0.1391	-0.0121583				
0.13915	-0.0236259				
0.1392	-0.0287226				
0.13925	-0.0312709				
0.1393	-0.0338193				
0.13935	-0.0350935				
0.1394	-0.0427385				
0.13945	-0.0401902				
0.1395	-0.0376418				
0.13955	-0.0376418				
0.1396	-0.0427385				
0.13965	-0.0440127				
0.1397	-0.0414644				
0.13975	-0.0338193				
0.1398	-0.0338193				
0.13985	-0.0325451				
0.1399	-0.0198033				
0.13995	-0.0134324				
0.14	-0.0121583				
0.14005	-0.0134324				
0.1401	-0.00960991				
0.14015	-0.00323902				
0.1402	-0.00323902				
0.14025	-0.00069066				
0.1403	0.00313188				
0.14035	0.00822859				
0.1404	0.00695441				
0.14045	0.00313188				
0.1405	0.00440605				
0.14055	0.00313188				
0.1406	0.00313188				
0.14065	0.0018577				
0.1407	0.00313188				
0.14075	0.00440605				
0.1408	0.0018577				
0.14085	0.000583518				
0.1409	-0.0045132				
0.14095	-0.00706155				
0.141	-0.00706155				
0.14105	-0.0134324				
0.1411	-0.0147066				
0.14115	-0.0159808				
0.1412	-0.017255				
0.14125	-0.0185292				
0.1413	-0.017255				
0.14135	-0.0185292				
0.1414	-0.0198033				
0.14145	-0.0134324				
0.1415	-0.0198033				
0.14155	-0.0185292				
0.1416	-0.0108841				
0.14165	-0.00323902				
0.1417	-0.0045132				
0.14175	-0.00323902				
0.1418	0.00313188				
0.14185	0.00822859				
0.1419	0.0107769				
0.14195	0.0133253				
0.142	0.0133253				
0.14205	0.018422				
0.1421	0.0247929				
0.14215	0.0273413				
0.1422	0.032438				
0.14225	0.0337122				
0.1423	0.0349863				
0.14235	0.0337122				
0.1424	0.0337122				
0.14245	0.0286154				
0.1425	0.0273413				
0.14255	0.0247929				
0.1426	0.0235187				
0.14265	0.0235187				
0.1427	0.0171478				
0.14275	0.0107769				
0.1428	0.00822859				
0.14285	0.00695441				
0.1429	-0.00323902				
0.14295	-0.00323902				
0.143	-0.00706155				
0.14305	-0.00706155				
0.1431	-0.00960991				
0.14315	-0.00960991				
0.1432	-0.0147066				
0.14325	-0.0134324				
0.1433	-0.0147066				
0.14335	-0.017255				
0.1434	-0.0159808				
0.14345	-0.0134324				
0.1435	-0.0159808				
0.14355	-0.0108841				
0.1436	-0.00706155				
0.14365	-0.00960991				
0.1437	-0.00833573				
0.14375	-0.0147066				
0.1438	-0.00706155				
0.14385	-0.00196484				
0.1439	-0.00578737				
0.14395	-0.00578737				
0.144	0.00440605				
0.14405	0.00568023				
0.1441	-0.00323902				
0.14415	-0.0045132				
0.1442	0.00568023				
0.14425	0.0107769				
0.1443	0.00822859				
0.14435	0.00440605				
0.1444	0.00695441				
0.14445	0.00950277				
0.1445	0.0107769				
0.14455	0.0120511				
0.1446	0.0120511				
0.14465	0.0107769				
0.1447	0.00950277				
0.14475	0.00822859				
0.1448	0.00313188				
0.14485	0.00822859				
0.1449	0.00313188				
0.14495	0.0018577				
0.145	-0.00196484				
0.14505	-0.0045132				
0.1451	-0.0147066				
0.14515	-0.017255				
0.1452	-0.017255				
0.14525	-0.0198033				
0.1453	-0.017255				
0.14535	-0.0159808				
0.1454	-0.0185292				
0.14545	-0.017255				
0.1455	-0.017255				
0.14555	-0.0159808				
0.1456	-0.0134324				
0.14565	-0.0121583				
0.1457	-0.00960991				
0.14575	-0.00833573				
0.1458	-0.00706155				
0.14585	-0.0045132				
0.1459	-0.00833573				
0.14595	-0.00706155				
0.146	-0.00578737				
0.14605	-0.00706155				
0.1461	-0.0045132				
0.14615	-0.00069066				
0.1462	0.00313188				
0.14625	0.00440605				
0.1463	0.00440605				
0.14635	0.0107769				
0.1464	0.0145995				
0.14645	0.00440605				
0.1465	-0.00323902				
0.14655	0.00568023				
0.1466	0.0133253				
0.14665	0.00950277				
0.1467	0.0120511				
0.14675	0.00822859				
0.1468	0.0120511				
0.14685	0.0120511				
0.1469	0.00950277				
0.14695	0.00950277				
0.147	0.0133253				
0.14705	0.018422				
0.1471	0.00950277				
0.14715	0.00950277				
0.1472	0.00950277				
0.14725	0.00822859				
0.1473	0.00440605				
0.14735	-0.00196484				
0.1474	-0.00323902				
0.14745	-0.00196484				
0.1475	-0.0045132				
0.14755	-0.00578737				
0.1476	-0.00323902				
0.14765	-0.00069066				
0.1477	0.000583518				
0.14775	0.00313188				
0.1478	0.000583518				
0.14785	0.0018577				
0.1479	0.00695441				
0.14795	0.00822859				
0.148	0.00950277				
0.14805	0.0133253				
0.1481	0.0120511				
0.14815	0.00950277				
0.1482	0.00822859				
0.14825	0.00822859				
0.1483	0.00568023				
0.14835	0.00568023				
0.1484	0.00568023				
0.14845	0.0120511				
0.1485	0.0120511				
0.14855	0.0107769				
0.1486	0.00822859				
0.14865	0.00822859				
0.1487	0.0107769				
0.14875	0.00695441				
0.1488	0.00440605				
0.14885	0.00695441				
0.1489	0.0145995				
0.14895	0.0120511				
0.149	0.00440605				
0.14905	0.00440605				
0.1491	0.00313188				
0.14915	0.00695441				
0.1492	0.00695441				
0.14925	0.00695441				
0.1493	0.00822859				
0.14935	0.0133253				
0.1494	0.0120511				
0.14945	0.00568023				
0.1495	0.00568023				
0.14955	0.0018577				
0.1496	0.00313188				
0.14965	0.00313188				
0.1497	-0.00196484				
0.14975	-0.00196484				
0.1498	-0.00196484				
0.14985	-0.00578737				
0.1499	-0.00706155				
0.14995	-0.00196484				
0.15	-0.00706155				
0.15005	-0.0045132				
0.1501	-0.0045132				
0.15015	-0.00196484				
0.1502	0.0018577				
0.15025	0.00568023				
0.1503	0.00695441				
0.15035	0.00822859				
0.1504	0.00568023				
0.15045	0.000583518				
0.1505	0.0018577				
0.15055	0.000583518				
0.1506	-0.00069066				
0.15065	0.000583518				
0.1507	0.000583518				
0.15075	-0.00196484				
0.1508	-0.00196484				
0.15085	-0.00323902				
0.1509	-0.00833573				
0.15095	-0.00706155				
0.151	-0.0045132				
0.15105	-0.00960991				
0.1511	-0.0147066				
0.15115	-0.00960991				
0.1512	-0.00196484				
0.15125	-0.00578737				
0.1513	-0.0134324				
0.15135	-0.0147066				
0.1514	-0.00960991				
0.15145	-0.0108841				
0.1515	-0.0147066				
0.15155	-0.0134324				
0.1516	-0.0108841				
0.15165	-0.00706155				
0.1517	-0.00960991				
0.15175	-0.0108841				
0.1518	-0.0121583				
0.15185	-0.0134324				
0.1519	-0.017255				
0.15195	-0.0198033				
0.152	-0.017255				
0.15205	-0.0198033				
0.1521	-0.0198033				
0.15215	-0.0185292				
0.1522	-0.0198033				
0.15225	-0.0198033				
0.1523	-0.017255				
0.15235	-0.0223517				
0.1524	-0.0223517				
0.15245	-0.0210775				
0.1525	-0.0134324				
0.15255	-0.00960991				
0.1526	-0.00706155				
0.15265	-0.00706155				
0.1527	-0.00578737				
0.15275	-0.00706155				
0.1528	-0.00706155				
0.15285	-0.00706155				
0.1529	-0.00323902				
0.15295	-0.00323902				
0.153	-0.0045132				
0.15305	-0.0045132				
0.1531	-0.00323902				
0.15315	-0.00069066				
0.1532	-0.0045132				
0.15325	-0.00323902				
0.1533	0.00313188				
0.15335	0.000583518				
0.1534	-0.0045132				
0.15345	-0.00706155				
0.1535	0.00313188				
0.15355	0.0120511				
0.1536	0.00822859				
0.15365	0.000583518				
0.1537	0.00440605				
0.15375	0.00440605				
0.1538	0.00440605				
0.15385	0.0018577				
0.1539	0.00313188				
0.15395	0.0107769				
0.154	0.0120511				
0.15405	0.00822859				
0.1541	0.0018577				
0.15415	0.00313188				
0.1542	-0.00196484				
0.15425	-0.00323902				
0.1543	-0.00069066				
0.15435	-0.00323902				
0.1544	-0.00196484				
0.15445	-0.00578737				
0.1545	-0.0045132				
0.15455	-0.00706155				
0.1546	-0.00578737				
0.15465	-0.00578737				
0.1547	-0.0045132				
0.15475	-0.00196484				
0.1548	0.00695441				
0.15485	0.00695441				
0.1549	0.0133253				
0.15495	0.0133253				
0.155	0.0145995				
0.15505	0.0158737				
0.1551	0.0171478				
0.15515	0.0196962				
0.1552	0.0222446				
0.15525	0.0196962				
0.1553	0.0235187				
0.15535	0.0235187				
0.1554	0.018422				
0.15545	0.0209704				
0.1555	0.0235187				
0.15555	0.0171478				
0.1556	0.0158737				
0.15565	0.0209704				
0.1557	0.0209704				
0.15575	0.0158737				
0.1558	0.0107769				
0.15585	0.0133253				
0.1559	0.018422				
0.15595	0.0133253				
0.156	0.00695441				
0.15605	0.00313188				
0.1561	0.000583518				
0.15615	0.00440605				
0.1562	0.00440605				
0.15625	0.00313188				
0.1563	0.00313188				
0.15635	0.00695441				
0.1564	0.000583518				
0.15645	-0.00323902				
0.1565	-0.00578737				
0.15655	-0.00833573				
0.1566	-0.00960991				
0.15665	-0.00833573				
0.1567	-0.00960991				
0.15675	-0.0108841				
0.1568	-0.0134324				
0.15685	-0.0147066				
0.1569	-0.0134324				
0.15695	-0.0159808				
0.157	-0.0121583				
0.15705	-0.00960991				
0.1571	-0.00578737				
0.15715	-0.00196484				
0.1572	0.00568023				
0.15725	0.0107769				
0.1573	0.0120511				
0.15735	0.0133253				
0.1574	0.0171478				
0.15745	0.0158737				
0.1575	0.0196962				
0.15755	0.0235187				
0.1576	0.0260671				
0.15765	0.0235187				
0.1577	0.0235187				
0.15775	0.0247929				
0.1578	0.0222446				
0.15785	0.018422				
0.1579	0.0120511				
0.15795	0.0171478				
0.158	0.0133253				
0.15805	0.0018577				
0.1581	-0.00196484				
0.15815	0.000583518				
0.1582	-0.0045132				
0.15825	-0.0134324				
0.1583	-0.0223517				
0.15835	-0.0274484				
0.1584	-0.0274484				
0.15845	-0.0299968				
0.1585	-0.0325451				
0.15855	-0.0350935				
0.1586	-0.0299968				
0.15865	-0.0287226				
0.1587	-0.0350935				
0.15875	-0.0299968				
0.1588	-0.0299968				
0.15885	-0.0274484				
0.1589	-0.0274484				
0.15895	-0.0198033				
0.159	-0.017255				
0.15905	-0.017255				
0.1591	-0.017255				
0.15915	-0.0121583				
0.1592	-0.00706155				
0.15925	-0.0045132				
0.1593	-0.00323902				
0.15935	0.00440605				
0.1594	0.00950277				
0.15945	0.0133253				
0.1595	0.0158737				
0.15955	0.018422				
0.1596	0.018422				
0.15965	0.0171478				
0.1597	0.0107769				
0.15975	0.0120511				
0.1598	0.00822859				
0.15985	0.00822859				
0.1599	0.00440605				
0.15995	-0.00196484				
0.16	-0.00196484				
0.16005	-0.00833573				
0.1601	-0.0121583				
0.16015	-0.0223517				
0.1602	-0.0223517				
0.16025	-0.017255				
0.1603	-0.0210775				
0.16035	-0.0299968				
0.1604	-0.0249				
0.16045	-0.0210775				
0.1605	-0.0185292				
0.16055	-0.0236259				
0.1606	-0.0274484				
0.16065	-0.0249				
0.1607	-0.0185292				
0.16075	-0.0147066				
0.1608	-0.00960991				
0.16085	-0.00196484				
0.1609	0.00695441				
0.16095	0.00822859				
0.161	0.00695441				
0.16105	0.0133253				
0.1611	0.0171478				
0.16115	0.0209704				
0.1612	0.0235187				
0.16125	0.0260671				
0.1613	0.0286154				
0.16135	0.0247929				
0.1614	0.0222446				
0.16145	0.0209704				
0.1615	0.0235187				
0.16155	0.0196962				
0.1616	0.018422				
0.16165	0.018422				
0.1617	0.018422				
0.16175	0.0133253				
0.1618	0.0120511				
0.16185	0.00822859				
0.1619	0.00568023				
0.16195	0.00568023				
0.162	-0.00196484				
0.16205	-0.00578737				
0.1621	-0.00706155				
0.16215	-0.0134324				
0.1622	-0.0147066				
0.16225	-0.0147066				
0.1623	-0.0159808				
0.16235	-0.0159808				
0.1624	-0.0159808				
0.16245	-0.00960991				
0.1625	-0.0159808				
0.16255	-0.017255				
0.1626	-0.00706155				
0.16265	0.00313188				
0.1627	-0.00196484				
0.16275	0.0018577				
0.1628	0.0107769				
0.16285	0.0145995				
0.1629	0.0158737				
0.16295	0.0133253				
0.163	0.0171478				
0.16305	0.0222446				
0.1631	0.0260671				
0.16315	0.0298896				
0.1632	0.0337122				
0.16325	0.0337122				
0.1633	0.0337122				
0.16335	0.0260671				
0.1634	0.0260671				
0.16345	0.0260671				
0.1635	0.0222446				
0.16355	0.0171478				
0.1636	0.0133253				
0.16365	0.0133253				
0.1637	0.00695441				
0.16375	-0.00196484				
0.1638	-0.00706155				
0.16385	-0.0147066				
0.1639	-0.0147066				
0.16395	-0.0147066				
0.164	-0.0147066				
0.16405	-0.017255				
0.1641	-0.017255				
0.16415	-0.0185292				
0.1642	-0.0210775				
0.16425	-0.0223517				
0.1643	-0.0185292				
0.16435	-0.0223517				
0.1644	-0.017255				
0.16445	-0.017255				
0.1645	-0.0147066				
0.16455	-0.017255				
0.1646	-0.017255				
0.16465	-0.0134324				
0.1647	-0.00833573				
0.16475	-0.0045132				
0.1648	-0.00578737				
0.16485	-0.00578737				
0.1649	0.00313188				
0.16495	0.0120511				
0.165	0.0120511				
0.16505	0.0107769				
0.1651	0.0133253				
0.16515	0.0209704				
0.1652	0.0222446				
0.16525	0.018422				
0.1653	0.0209704				
0.16535	0.0222446				
0.1654	0.0209704				
0.16545	0.0222446				
0.1655	0.018422				
0.16555	0.0196962				
0.1656	0.018422				
0.16565	0.0120511				
0.1657	0.0107769				
0.16575	0.00568023				
0.1658	0.00568023				
0.16585	0.000583518				
0.1659	-0.00323902				
0.16595	-0.00706155				
0.166	-0.0147066				
0.16605	-0.0210775				
0.1661	-0.0236259				
0.16615	-0.0261742				
0.1662	-0.0223517				
0.16625	-0.0198033				
0.1663	-0.0185292				
0.16635	-0.0185292				
0.1664	-0.0159808				
0.16645	-0.0134324				
0.1665	-0.00706155				
0.16655	-0.0045132				
0.1666	-0.0045132				
0.16665	-0.00069066				
0.1667	0.00313188				
0.16675	0.00822859				
0.1668	0.0120511				
0.16685	0.0133253				
0.1669	0.0145995				
0.16695	0.0120511				
0.167	0.0171478				
0.16705	0.0158737				
0.1671	0.018422				
0.16715	0.0171478				
0.1672	0.0247929				
0.16725	0.0273413				
0.1673	0.0222446				
0.16735	0.0171478				
0.1674	0.0133253				
0.16745	0.0158737				
0.1675	0.0158737				
0.16755	0.0120511				
0.1676	0.00822859				
0.16765	0.00568023				
0.1677	0.00695441				
0.16775	0.000583518				
0.1678	-0.00196484				
0.16785	-0.00196484				
0.1679	-0.00196484				
0.16795	-0.00706155				
0.168	-0.0108841				
0.16805	-0.00960991				
0.1681	-0.00960991				
0.16815	-0.0108841				
0.1682	-0.00706155				
0.16825	-0.00706155				
0.1683	-0.00833573				
0.16835	-0.00960991				
0.1684	-0.0108841				
0.16845	-0.00960991				
0.1685	-0.00196484				
0.16855	0.000583518				
0.1686	0.00695441				
0.16865	0.0120511				
0.1687	0.0133253				
0.16875	0.0171478				
0.1688	0.0196962				
0.16885	0.0222446				
0.1689	0.0273413				
0.16895	0.0311638				
0.169	0.032438				
0.16905	0.0311638				
0.1691	0.0362605				
0.16915	0.0311638				
0.1692	0.0260671				
0.16925	0.0235187				
0.1693	0.0209704				
0.16935	0.0209704				
0.1694	0.0222446				
0.16945	0.0120511				
0.1695	0.0120511				
0.16955	0.0158737				
0.1696	0.00822859				
0.16965	0.00313188				
0.1697	-0.00069066				
0.16975	0.000583518				
0.1698	0.00313188				
0.16985	0.000583518				
0.1699	-0.00578737				
0.16995	-0.00578737				
0.17	-0.00196484				
0.17005	-0.00706155				
0.1701	-0.00706155				
0.17015	-0.00578737				
0.1702	-0.00323902				
0.17025	-0.00323902				
0.1703	-0.00323902				
0.17035	-0.00196484				
0.1704	0.00313188				
0.17045	0.00440605				
0.1705	0.00568023				
0.17055	0.00440605				
0.1706	0.00313188				
0.17065	0.000583518				
0.1707	0.00440605				
0.17075	0.000583518				
0.1708	0.00313188				
0.17085	0.00568023				
0.1709	0.00313188				
0.17095	0.00313188				
0.171	-0.00196484				
0.17105	-0.00196484				
0.1711	-0.00323902				
0.17115	-0.00323902				
0.1712	-0.00196484				
0.17125	-0.00196484				
0.1713	-0.00196484				
0.17135	-0.0045132				
0.1714	-0.00578737				
0.17145	-0.00960991				
0.1715	-0.0121583				
0.17155	-0.017255				
0.1716	-0.0185292				
0.17165	-0.017255				
0.1717	-0.0198033				
0.17175	-0.0185292				
0.1718	-0.0198033				
0.17185	-0.0185292				
0.1719	-0.0134324				
0.17195	-0.017255				
0.172	-0.0236259				
0.17205	-0.0198033				
0.1721	-0.00960991				
0.17215	-0.00833573				
0.1722	-0.00706155				
0.17225	-0.00706155				
0.1723	-0.00196484				
0.17235	0.000583518				
0.1724	0.00313188				
0.17245	0.0018577				
0.1725	0.00313188				
0.17255	0.0145995				
0.1726	0.0107769				
0.17265	0.00695441				
0.1727	0.0120511				
0.17275	0.0120511				
0.1728	0.00822859				
0.17285	0.00950277				
0.1729	0.00440605				
0.17295	0.000583518				
0.173	-0.00069066				
0.17305	-0.00323902				
0.1731	-0.00578737				
0.17315	-0.0045132				
0.1732	-0.00196484				
0.17325	-0.00706155				
0.1733	-0.00960991				
0.17335	-0.0134324				
0.1734	-0.0134324				
0.17345	-0.0121583				
0.1735	-0.00960991				
0.17355	-0.00833573				
0.1736	-0.00706155				
0.17365	-0.00578737				
0.1737	-0.00578737				
0.17375	-0.00833573				
0.1738	-0.00578737				
0.17385	-0.00706155				
0.1739	-0.0108841				
0.17395	-0.00323902				
0.174	-0.00069066				
0.17405	0.000583518				
0.1741	0.0018577				
0.17415	0.00822859				
0.1742	0.00950277				
0.17425	0.00568023				
0.1743	0.00440605				
0.17435	0.0120511				
0.1744	0.018422				
0.17445	0.0222446				
0.1745	0.0222446				
0.17455	0.0222446				
0.1746	0.0235187				
0.17465	0.0235187				
0.1747	0.0235187				
0.17475	0.018422				
0.1748	0.0235187				
0.17485	0.0273413				
0.1749	0.018422				
0.17495	0.0196962				
0.175	0.018422				
0.17505	0.0133253				
0.1751	0.0107769				
0.17515	0.00695441				
0.1752	0.000583518				
0.17525	-0.00196484				
0.1753	-0.0045132				
0.17535	-0.00833573				
0.1754	-0.0045132				
0.17545	-0.00706155				
0.1755	-0.0108841				
0.17555	-0.0121583				
0.1756	-0.0147066				
0.17565	-0.0121583				
0.1757	-0.00706155				
0.17575	-0.0045132				
0.1758	-0.00196484				
0.17585	-0.00069066				
0.1759	0.000583518				
0.17595	0.00440605				
0.176	0.0018577				
0.17605	0.00568023				
0.1761	0.00950277				
0.17615	0.0133253				
0.1762	0.0120511				
0.17625	0.018422				
0.1763	0.0235187				
0.17635	0.0209704				
0.1764	0.0196962				
0.17645	0.0286154				
0.1765	0.0286154				
0.17655	0.0235187				
0.1766	0.0222446				
0.17665	0.0273413				
0.1767	0.0337122				
0.17675	0.0362605				
0.1768	0.0337122				
0.17685	0.0273413				
0.1769	0.0247929				
0.17695	0.0235187				
0.177	0.0171478				
0.17705	0.0133253				
0.1771	0.0145995				
0.17715	0.0120511				
0.1772	0.00695441				
0.17725	0.0018577				
0.1773	-0.00706155				
0.17735	-0.00833573				
0.1774	-0.017255				
0.17745	-0.0198033				
0.1775	-0.0249				
0.17755	-0.0287226				
0.1776	-0.0287226				
0.17765	-0.0350935				
0.1777	-0.0376418				
0.17775	-0.0363677				
0.1778	-0.0338193				
0.17785	-0.0338193				
0.1779	-0.0312709				
0.17795	-0.0287226				
0.178	-0.0198033				
0.17805	-0.0121583				
0.1781	-0.00578737				
0.17815	-0.00323902				
0.1782	0.000583518				
0.17825	0.00568023				
0.1783	0.0120511				
0.17835	0.0209704				
0.1784	0.0235187				
0.17845	0.0260671				
0.1785	0.0298896				
0.17855	0.032438				
0.1786	0.032438				
0.17865	0.0311638				
0.1787	0.0273413				
0.17875	0.0209704				
0.1788	0.0247929				
0.17885	0.0209704				
0.1789	0.00950277				
0.17895	0.00568023				
0.179	0.00568023				
0.17905	0.00440605				
0.1791	-0.00960991				
0.17915	-0.017255				
0.1792	-0.0198033				
0.17925	-0.0223517				
0.1793	-0.0274484				
0.17935	-0.0350935				
0.1794	-0.0338193				
0.17945	-0.0325451				
0.1795	-0.0338193				
0.17955	-0.038916				
0.1796	-0.0363677				
0.17965	-0.0363677				
0.1797	-0.0338193				
0.17975	-0.0325451				
0.1798	-0.0274484				
0.17985	-0.0198033				
0.1799	-0.0134324				
0.17995	-0.00706155				
0.18	-0.00578737				
0.18005	0.00313188				
0.1801	0.00822859				
0.18015	0.0158737				
0.1802	0.018422				
0.18025	0.0260671				
0.1803	0.0349863				
0.18035	0.0413572				
0.1804	0.0413572				
0.18045	0.0413572				
0.1805	0.0388089				
0.18055	0.040083				
0.1806	0.0349863				
0.18065	0.0362605				
0.1807	0.0337122				
0.18075	0.0311638				
0.1808	0.0222446				
0.18085	0.0171478				
0.1809	0.00950277				
0.18095	0.00313188				
0.181	-0.0045132				
0.18105	-0.00833573				
0.1811	-0.0147066				
0.18115	-0.00960991				
0.1812	-0.0108841				
0.18125	-0.0210775				
0.1813	-0.0261742				
0.18135	-0.0249				
0.1814	-0.0210775				
0.18145	-0.0210775				
0.1815	-0.0185292				
0.18155	-0.017255				
0.1816	-0.0108841				
0.18165	-0.00196484				
0.1817	-0.00196484				
0.18175	0.00440605				
0.1818	0.0120511				
0.18185	0.0145995				
0.1819	0.0145995				
0.18195	0.0209704				
0.182	0.0260671				
0.18205	0.0298896				
0.1821	0.0311638				
0.18215	0.032438				
0.1822	0.0286154				
0.18225	0.0235187				
0.1823	0.0222446				
0.18235	0.018422				
0.1824	0.0209704				
0.18245	0.0235187				
0.1825	0.0222446				
0.18255	0.0171478				
0.1826	0.00950277				
0.18265	0.00695441				
0.1827	0.00440605				
0.18275	-0.00069066				
0.1828	-0.00323902				
0.18285	-0.00706155				
0.1829	-0.00706155				
0.18295	-0.0134324				
0.183	-0.0121583				
0.18305	-0.0134324				
0.1831	-0.0159808				
0.18315	-0.0147066				
0.1832	-0.017255				
0.18325	-0.0134324				
0.1833	-0.00706155				
0.18335	-0.00833573				
0.1834	-0.00196484				
0.18345	0.00822859				
0.1835	0.00695441				
0.18355	0.00695441				
0.1836	0.0158737				
0.18365	0.0222446				
0.1837	0.0209704				
0.18375	0.0247929				
0.1838	0.0298896				
0.18385	0.0298896				
0.1839	0.0349863				
0.18395	0.0362605				
0.184	0.0362605				
0.18405	0.0337122				
0.1841	0.032438				
0.18415	0.0286154				
0.1842	0.0235187				
0.18425	0.0196962				
0.1843	0.0171478				
0.18435	0.0145995				
0.1844	0.00822859				
0.18445	0.000583518				
0.1845	-0.00578737				
0.18455	-0.0134324				
0.1846	-0.0185292				
0.18465	-0.0223517				
0.1847	-0.0261742				
0.18475	-0.0287226				
0.1848	-0.0249				
0.18485	-0.0274484				
0.1849	-0.0299968				
0.18495	-0.0287226				
0.185	-0.0299968				
0.18505	-0.0299968				
0.1851	-0.0287226				
0.18515	-0.0249				
0.1852	-0.0185292				
0.18525	-0.0134324				
0.1853	-0.00833573				
0.18535	-0.00960991				
0.1854	-0.00706155				
0.18545	-0.00578737				
0.1855	-0.00196484				
0.18555	0.0107769				
0.1856	0.0120511				
0.18565	0.0171478				
0.1857	0.0260671				
0.18575	0.0247929				
0.1858	0.0209704				
0.18585	0.0235187				
0.1859	0.0286154				
0.18595	0.032438				
0.186	0.0311638				
0.18605	0.0286154				
0.1861	0.0235187				
0.18615	0.0247929				
0.1862	0.0235187				
0.18625	0.0145995				
0.1863	0.0120511				
0.18635	0.00950277				
0.1864	0.00695441				
0.18645	0.000583518				
0.1865	-0.00578737				
0.18655	-0.0121583				
0.1866	-0.0121583				
0.18665	-0.017255				
0.1867	-0.0236259				
0.18675	-0.0223517				
0.1868	-0.0287226				
0.18685	-0.0299968				
0.1869	-0.0287226				
0.18695	-0.0325451				
0.187	-0.0287226				
0.18705	-0.0236259				
0.1871	-0.0236259				
0.18715	-0.0210775				
0.1872	-0.017255				
0.18725	-0.0121583				
0.1873	-0.00960991				
0.18735	-0.00196484				
0.1874	0.000583518				
0.18745	0.00695441				
0.1875	0.0120511				
0.18755	0.0145995				
0.1876	0.0133253				
0.18765	0.0158737				
0.1877	0.0171478				
0.18775	0.0145995				
0.1878	0.0158737				
0.18785	0.0209704				
0.1879	0.0196962				
0.18795	0.018422				
0.188	0.018422				
0.18805	0.0222446				
0.1881	0.0133253				
0.18815	0.00568023				
0.1882	0.00440605				
0.18825	0.0107769				
0.1883	0.0107769				
0.18835	0.00440605				
0.1884	0.00695441				
0.18845	0.0018577				
0.1885	0.00695441				
0.18855	0.0018577				
0.1886	-0.00196484				
0.18865	0.000583518				
0.1887	0.000583518				
0.18875	0.00568023				
0.1888	0.000583518				
0.18885	0.000583518				
0.1889	0.00822859				
0.18895	0.0120511				
0.189	0.00568023				
0.18905	0.00695441				
0.1891	0.00568023				
0.18915	0.00695441				
0.1892	0.00822859				
0.18925	0.00950277				
0.1893	0.0133253				
0.18935	0.0158737				
0.1894	0.0171478				
0.18945	0.0171478				
0.1895	0.0133253				
0.18955	0.0120511				
0.1896	0.0133253				
0.18965	0.0145995				
0.1897	0.0133253				
0.18975	0.0107769				
0.1898	0.0107769				
0.18985	0.00822859				
0.1899	0.000583518				
0.18995	-0.00323902				
0.19	-0.00960991				
0.19005	-0.0108841				
0.1901	-0.0121583				
0.19015	-0.0159808				
0.1902	-0.017255				
0.19025	-0.0210775				
0.1903	-0.0198033				
0.19035	-0.0223517				
0.1904	-0.0287226				
0.19045	-0.0287226				
0.1905	-0.0223517				
0.19055	-0.017255				
0.1906	-0.017255				
0.19065	-0.017255				
0.1907	-0.0159808				
0.19075	-0.0134324				
0.1908	-0.00833573				
0.19085	-0.0121583				
0.1909	-0.00960991				
0.19095	-0.00323902				
0.191	0.000583518				
0.19105	-0.00196484				
0.1911	0.00313188				
0.19115	0.00440605				
0.1912	0.00313188				
0.19125	0.00440605				
0.1913	0.00313188				
0.19135	-0.00196484				
0.1914	-0.00196484				
0.19145	-0.00196484				
0.1915	-0.0045132				
0.19155	-0.00069066				
0.1916	0.000583518				
0.19165	-0.0045132				
0.1917	-0.00706155				
0.19175	-0.0121583				
0.1918	-0.0121583				
0.19185	-0.00960991				
0.1919	-0.0121583				
0.19195	-0.0134324				
0.192	-0.00833573				
0.19205	-0.0121583				
0.1921	-0.0121583				
0.19215	-0.0159808				
0.1922	-0.0185292				
0.19225	-0.0198033				
0.1923	-0.017255				
0.19235	-0.0147066				
0.1924	-0.0134324				
0.19245	-0.0121583				
0.1925	-0.0121583				
0.19255	-0.00706155				
0.1926	-0.00706155				
0.19265	-0.0134324				
0.1927	-0.00706155				
0.19275	0.00313188				
0.1928	0.00568023				
0.19285	0.00950277				
0.1929	0.00822859				
0.19295	0.0120511				
0.193	0.0158737				
0.19305	0.0133253				
0.1931	0.0133253				
0.19315	0.0158737				
0.1932	0.018422				
0.19325	0.0222446				
0.1933	0.0158737				
0.19335	0.0158737				
0.1934	0.0133253				
0.19345	0.0133253				
0.1935	0.00822859				
0.19355	0.00695441				
0.1936	0.00313188				
0.19365	0.00313188				
0.1937	0.00313188				
0.19375	-0.00196484				
0.1938	-0.0045132				
0.19385	-0.00706155				
0.1939	-0.00578737				
0.19395	-0.0121583				
0.194	-0.0134324				
0.19405	-0.00960991				
0.1941	-0.00960991				
0.19415	-0.00578737				
0.1942	-0.0045132				
0.19425	-0.00833573				
0.1943	-0.00833573				
0.19435	-0.00833573				
0.1944	-0.00323902				
0.19445	-0.00323902				
0.1945	-0.00196484				
0.19455	-0.0045132				
0.1946	0.00313188				
0.19465	0.00313188				
0.1947	0.000583518				
0.19475	0.000583518				
0.1948	0.000583518				
0.19485	0.0018577				
0.1949	0.000583518				
0.19495	0.00568023				
0.195	0.0120511				
0.19505	0.0107769				
0.1951	0.00695441				
0.19515	0.00568023				
0.1952	0.00822859				
0.19525	0.0120511				
0.1953	0.0158737				
0.19535	0.018422				
0.1954	0.0209704				
0.19545	0.0247929				
0.1955	0.0235187				
0.19555	0.0222446				
0.1956	0.0235187				
0.19565	0.0235187				
0.1957	0.0222446				
0.19575	0.0222446				
0.1958	0.0209704				
0.19585	0.0209704				
0.1959	0.018422				
0.19595	0.0107769				
0.196	0.00695441				
0.19605	0.000583518				
0.1961	-0.00196484				
0.19615	-0.0121583				
0.1962	-0.0198033				
0.19625	-0.0198033				
0.1963	-0.0249				
0.19635	-0.0236259				
0.1964	-0.0261742				
0.19645	-0.0274484				
0.1965	-0.0274484				
0.19655	-0.0312709				
0.1966	-0.0325451				
0.19665	-0.0338193				
0.1967	-0.0287226				
0.19675	-0.0274484				
0.1968	-0.0223517				
0.19685	-0.0198033				
0.1969	-0.017255				
0.19695	-0.0159808				
0.197	-0.017255				
0.19705	-0.00960991				
0.1971	-0.00196484				
0.19715	0.00313188				
0.1972	0.00313188				
0.19725	0.00822859				
0.1973	0.0107769				
0.19735	0.0145995				
0.1974	0.0145995				
0.19745	0.0120511				
0.1975	0.0158737				
0.19755	0.0145995				
0.1976	0.018422				
0.19765	0.0145995				
0.1977	0.0145995				
0.19775	0.0158737				
0.1978	0.0107769				
0.19785	-0.00069066				
0.1979	-0.00323902				
0.19795	-0.00578737				
0.198	-0.00833573				
0.19805	-0.0108841				
0.1981	-0.0134324				
0.19815	-0.0210775				
0.1982	-0.0249				
0.19825	-0.0274484				
0.1983	-0.0338193				
0.19835	-0.0325451				
0.1984	-0.0274484				
0.19845	-0.0274484				
0.1985	-0.0287226				
0.19855	-0.0210775				
0.1986	-0.0185292				
0.19865	-0.0185292				
0.1987	-0.0147066				
0.19875	-0.0108841				
0.1988	-0.00960991				
0.19885	-0.00069066				
0.1989	0.00313188				
0.19895	0.0120511				
0.199	0.0145995				
0.19905	0.018422				
0.1991	0.0222446				
0.19915	0.0311638				
0.1992	0.0286154				
0.19925	0.0311638				
0.1993	0.0388089				
0.19935	0.0413572				
0.1994	0.0413572				
0.19945	0.0413572				
0.1995	0.0426314				
0.19955	0.0375347				
0.1996	0.0311638				
0.19965	0.0273413				
0.1997	0.0235187				
0.19975	0.0222446				
0.1998	0.018422				
0.19985	0.0120511				
0.1999	0.00440605				
0.19995	-0.00196484				
