Time - soundlvl	Amplitude - soundlvl	Unnamed: 2	Unnamed: 3	Frequency (Hz) - soundlvl (Power Spectrum)	Amplitude - soundlvl (Power Spectrum)
0.0	1.29291			0.0	1.94521
5e-05	1.37964			5.0	0.972616
0.0001	1.52503			10.0	3.0418e-09
0.00015	1.46381			15.0	7.80413e-10
0.0002	1.35158			20.0	6.06455e-08
0.00025	1.4332			25.0	3.41115e-08
0.0003	1.50207			30.0	5.29097e-09
0.00035	1.40004			35.0	4.71951e-08
0.0004	1.4077			40.0	1.77272e-07
0.00045	1.47912			45.0	1.5173e-07
0.0005	1.48422			50.0	9.67163e-09
0.00055	1.38984			55.0	6.00106e-07
0.0006	1.33117			60.0	5.80484e-07
0.00065	1.39239			65.0	9.19246e-08
0.0007	1.50718			70.0	9.369e-08
0.00075	1.43065			75.0	5.4129e-07
0.0008	1.29801			80.0	6.68558e-07
0.00085	1.30311			85.0	2.35115e-07
0.0009	1.39239			90.0	9.5883e-08
0.00095	1.423			95.0	8.48521e-07
0.001	1.35413			100.0	1.50855e-06
0.00105	1.38984			105.0	4.47372e-07
0.0011	1.42555			110.0	5.96295e-07
0.00115	1.49187			115.0	2.32162e-06
0.0012	1.46381			120.0	2.77588e-06
0.00125	1.44596			125.0	9.15681e-07
0.0013	1.50463			130.0	3.66191e-07
0.00135	1.52758			135.0	5.8971e-07
0.0014	1.49187			140.0	2.49571e-06
0.00145	1.45871			145.0	6.09521e-06
0.0015	1.53013			150.0	7.17196e-06
0.00155	1.5786			155.0	3.29332e-06
0.0016	1.46381			160.0	1.14076e-08
0.00165	1.40514			165.0	1.189e-06
0.0017	1.46636			170.0	1.84046e-06
0.00175	1.43575			175.0	2.062e-06
0.0018	1.32352			180.0	3.033e-06
0.00185	1.22404			185.0	2.71381e-06
0.0019	1.26995			190.0	1.07308e-06
0.00195	1.34648			195.0	1.76126e-06
0.002	1.21639			200.0	9.94963e-07
0.00205	1.08885			205.0	1.50722e-07
0.0021	1.22149			210.0	1.62008e-06
0.00215	1.43065			215.0	8.91686e-06
0.0022	1.36178			220.0	2.68104e-06
0.00225	1.21894			225.0	3.01875e-07
0.0023	1.35923			230.0	5.153e-07
0.00235	1.56329			235.0	2.27482e-06
0.0024	1.49442			240.0	2.48264e-06
0.00245	1.38474			245.0	1.73631e-06
0.0025	1.45616			250.0	9.33884e-06
0.00255	1.50973			255.0	1.48398e-05
0.0026	1.41025			260.0	7.95858e-07
0.00265	1.43065			265.0	7.36912e-06
0.0027	1.44596			270.0	1.44784e-06
0.00275	1.44596			275.0	2.16608e-05
0.0028	1.43065			280.0	7.02703e-05
0.00285	1.41535			285.0	1.88066e-05
0.0029	1.4332			290.0	1.8048e-06
0.00295	1.47146			295.0	1.10599e-05
0.003	1.50718			300.0	1.87851e-06
0.00305	1.36688			305.0	9.24673e-06
0.0031	1.30056			310.0	4.66692e-05
0.00315	1.34903			315.0	3.46911e-05
0.0032	1.36433			320.0	3.02333e-07
0.00325	1.36433			325.0	3.93349e-06
0.0033	1.34137			330.0	4.11639e-06
0.00335	1.24444			335.0	6.47785e-07
0.0034	1.29036			340.0	1.014e-06
0.00345	1.36178			345.0	3.51058e-06
0.0035	1.30056			350.0	7.33412e-06
0.00355	1.2521			355.0	1.56213e-05
0.0036	1.28271			360.0	7.94149e-06
0.00365	1.33882			365.0	9.6347e-06
0.0037	1.32352			370.0	6.61754e-06
0.00375	1.40514			375.0	5.10115e-06
0.0038	1.44086			380.0	1.11485e-05
0.00385	1.48422			385.0	3.22529e-05
0.0039	1.43575			390.0	8.71253e-06
0.00395	1.53523			395.0	6.97459e-05
0.004	1.58115			400.0	6.57845e-05
0.00405	1.55054			405.0	4.11855e-05
0.0041	1.4077			410.0	0.00017687
0.00415	1.36433			415.0	0.000644072
0.0042	1.45616			420.0	0.000820735
0.00425	1.42555			425.0	0.000224206
0.0043	1.39239			430.0	2.69031e-05
0.00435	1.4383			435.0	6.33672e-05
0.0044	1.47402			440.0	2.02864e-06
0.00445	1.4179			445.0	2.67594e-05
0.0045	1.4128			450.0	1.00033e-05
0.00455	1.37198			455.0	2.84179e-05
0.0046	1.36433			460.0	1.28537e-05
0.00465	1.35668			465.0	4.3877e-05
0.0047	1.41025			470.0	0.000108539
0.00475	1.42045			475.0	3.52959e-05
0.0048	1.37198			480.0	1.07833e-05
0.00485	1.31332			485.0	2.4665e-05
0.0049	1.24444			490.0	1.26342e-05
0.00495	1.33117			495.0	3.53247e-05
0.005	1.45616			500.0	0.000103455
0.00505	1.39494			505.0	0.000113383
0.0051	1.37198			510.0	2.26306e-05
0.00515	1.41025			515.0	2.20876e-05
0.0052	1.47402			520.0	2.34713e-05
0.00525	1.50718			525.0	1.65901e-05
0.0053	1.48422			530.0	2.95265e-06
0.00535	1.50463			535.0	3.23265e-06
0.0054	1.45871			540.0	6.95713e-06
0.00545	1.49442			545.0	7.41233e-06
0.0055	1.47402			550.0	2.47009e-05
0.00555	1.45106			555.0	1.27242e-05
0.0056	1.4128			560.0	2.76879e-07
0.00565	1.38729			565.0	1.02863e-05
0.0057	1.37964			570.0	1.00395e-05
0.00575	1.37709			575.0	6.16324e-07
0.0058	1.39239			580.0	7.30836e-06
0.00585	1.30566			585.0	9.86571e-06
0.0059	1.25975			590.0	9.33533e-06
0.00595	1.33372			595.0	1.22456e-05
0.006	1.33627			600.0	2.41646e-05
0.00605	1.25465			605.0	2.4737e-05
0.0061	1.26485			610.0	8.721e-06
0.00615	1.21128			615.0	5.15493e-06
0.0062	1.21128			620.0	2.19801e-05
0.00625	1.31587			625.0	3.57294e-05
0.0063	1.35923			630.0	4.43978e-05
0.00635	1.2521			635.0	3.89774e-05
0.0064	1.31842			640.0	3.94903e-05
0.00645	1.34393			645.0	1.16203e-05
0.0065	1.24699			650.0	1.93995e-05
0.00655	1.22149			655.0	9.01468e-05
0.0066	1.33372			660.0	8.04117e-05
0.00665	1.39749			665.0	5.28071e-06
0.0067	1.36433			670.0	3.22928e-06
0.00675	1.38474			675.0	1.24282e-05
0.0068	1.53013			680.0	4.43025e-05
0.00685	1.5735			685.0	1.39987e-05
0.0069	1.44596			690.0	6.42326e-06
0.00695	1.51738			695.0	2.02126e-05
0.007	1.63217			700.0	2.64102e-06
0.00705	1.67298			705.0	1.65447e-05
0.0071	1.45616			710.0	7.88436e-06
0.00715	1.46636			715.0	2.4234e-05
0.0072	1.60411			720.0	3.84654e-05
0.00725	1.51228			725.0	1.7444299999999998e-05
0.0073	1.43065			730.0	3.20439e-05
0.00735	1.46891			735.0	1.88397e-05
0.0074	1.51993			740.0	5.05543e-06
0.00745	1.44851			745.0	8.32199e-05
0.0075	1.39494			750.0	0.000130684
0.00755	1.43575			755.0	8.42316e-05
0.0076	1.49442			760.0	4.20925e-05
0.00765	1.46636			765.0	6.66028e-05
0.0077	1.39239			770.0	0.000113922
0.00775	1.36433			775.0	0.000105572
0.0078	1.4128			780.0	0.000176893
0.00785	1.38729			785.0	0.000247795
0.0079	1.38474			790.0	7.44242e-05
0.00795	1.40004			795.0	5.42681e-05
0.008	1.46126			800.0	8.12361e-05
0.00805	1.39494			805.0	2.42485e-05
0.0081	1.31332			810.0	0.000123982
0.00815	1.37453			815.0	0.000313472
0.0082	1.38219			820.0	0.000225289
0.00825	1.34137			825.0	0.000383495
0.0083	1.32862			830.0	0.000603167
0.00835	1.38474			835.0	0.000516085
0.0084	1.38219			840.0	0.000201273
0.00845	1.33117			845.0	1.34155e-06
0.0085	1.31332			850.0	0.000145393
0.00855	1.28526			855.0	0.000223555
0.0086	1.27505			860.0	0.000124652
0.00865	1.29036			865.0	2.30601e-05
0.0087	1.28526			870.0	3.56959e-06
0.00875	1.22404			875.0	2.6802e-06
0.0088	1.18833			880.0	2.2197e-06
0.00885	1.23169			885.0	1.3535e-06
0.0089	1.2776			890.0	6.27769e-07
0.00895	1.30056			895.0	3.97158e-07
0.009	1.33882			900.0	1.14336e-07
0.00905	1.40514			905.0	1.42489e-06
0.0091	1.48422			910.0	3.2686e-07
0.00915	1.48677			915.0	1.66196e-07
0.0092	1.4077			920.0	3.12247e-07
0.00925	1.38729			925.0	1.09891e-06
0.0093	1.47657			930.0	4.04044e-07
0.00935	1.60411			935.0	1.35549e-06
0.0094	1.56584			940.0	8.20647e-08
0.00945	1.46891			945.0	1.50476e-06
0.0095	1.41535			950.0	9.42919e-07
0.00955	1.423			955.0	9.02671e-07
0.0096	1.44851			960.0	3.48828e-06
0.00965	1.45106			965.0	1.38203e-06
0.0097	1.41535			970.0	2.79253e-06
0.00975	1.39494			975.0	2.02549e-07
0.0098	1.39494			980.0	8.93337e-08
0.00985	1.36943			985.0	4.28039e-07
0.0099	1.33882			990.0	1.10051e-07
0.00995	1.38984			995.0	4.44381e-07
0.01	1.4077			1000.0	6.55927e-07
0.01005	1.37198			1005.0	7.2893e-07
0.0101	1.38474			1010.0	5.97966e-07
0.01015	1.42555			1015.0	2.25453e-07
0.0102	1.35923			1020.0	1.13606e-06
0.01025	1.30056			1025.0	1.65812e-07
0.0103	1.36433			1030.0	8.13416e-07
0.01035	1.42045			1035.0	5.29595e-07
0.0104	1.42045			1040.0	7.02875e-07
0.01045	1.4128			1045.0	1.01676e-06
0.0105	1.45106			1050.0	4.02487e-06
0.01055	1.35923			1055.0	4.66627e-07
0.0106	1.29801			1060.0	1.50085e-07
0.01065	1.33627			1065.0	9.58084e-08
0.0107	1.36178			1070.0	5.56329e-07
0.01075	1.34648			1075.0	3.03925e-08
0.0108	1.38474			1080.0	3.45963e-07
0.01085	1.4128			1085.0	8.8878e-08
0.0109	1.35923			1090.0	1.1128e-06
0.01095	1.32097			1095.0	3.52481e-06
0.011	1.35923			1100.0	1.28826e-06
0.01105	1.35413			1105.0	2.40058e-07
0.0111	1.28526			1110.0	1.02609e-06
0.01115	1.2776			1115.0	1.53673e-06
0.0112	1.38219			1120.0	3.24331e-08
0.01125	1.43575			1125.0	2.04419e-06
0.0113	1.32097			1130.0	1.05921e-06
0.01135	1.34903			1135.0	3.99299e-07
0.0114	1.52758			1140.0	8.95573e-07
0.01145	1.5786			1145.0	1.92218e-07
0.0115	1.51228			1150.0	5.25083e-07
0.01155	1.50207			1155.0	1.73248e-06
0.0116	1.53523			1160.0	2.3043e-06
0.01165	1.51228			1165.0	1.72581e-06
0.0117	1.45106			1170.0	5.88082e-08
0.01175	1.47657			1175.0	2.20763e-07
0.0118	1.49697			1180.0	1.00168e-06
0.01185	1.48422			1185.0	5.44535e-07
0.0119	1.42555			1190.0	5.61308e-06
0.01195	1.41025			1195.0	4.04561e-06
0.012	1.47912			1200.0	2.53145e-06
0.01205	1.44341			1205.0	3.10904e-07
0.0121	1.38474			1210.0	4.86997e-06
0.01215	1.43065			1215.0	7.12535e-06
0.0122	1.53779			1220.0	7.34402e-06
0.01225	1.50718			1225.0	1.34149e-05
0.0123	1.33627			1230.0	2.34585e-05
0.01235	1.2521			1235.0	3.23808e-05
0.0124	1.30566			1240.0	2.93662e-05
0.01245	1.30311			1245.0	7.65953e-05
0.0125	1.28271			1250.0	0.000112205
0.01255	1.31076			1255.0	8.61931e-05
0.0126	1.36433			1260.0	2.5534e-05
0.01265	1.33117			1265.0	4.73318e-05
0.0127	1.2521			1270.0	0.000110246
0.01275	1.30821			1275.0	0.000103795
0.0128	1.38474			1280.0	0.000152686
0.01285	1.4179			1285.0	6.09489e-05
0.0129	1.4281			1290.0	2.859e-05
0.01295	1.38984			1295.0	3.01428e-06
0.013	1.44341			1300.0	7.29501e-07
0.01305	1.44596			1305.0	2.72677e-06
0.0131	1.38729			1310.0	5.5461e-06
0.01315	1.38219			1315.0	4.29276e-07
0.0132	1.44086			1320.0	5.84297e-06
0.01325	1.47146			1325.0	1.50372e-05
0.0133	1.41535			1330.0	1.12706e-05
0.01335	1.38729			1335.0	5.33458e-06
0.0134	1.36688			1340.0	1.13852e-06
0.01345	1.37198			1345.0	9.76609e-08
0.0135	1.33372			1350.0	6.77963e-08
0.01355	1.31842			1355.0	1.82875e-06
0.0136	1.34137			1360.0	3.79701e-06
0.01365	1.37709			1365.0	5.86394e-06
0.0137	1.44086			1370.0	6.85546e-07
0.01375	1.45106			1375.0	4.39084e-06
0.0138	1.40514			1380.0	3.7413e-06
0.01385	1.34648			1385.0	4.71163e-06
0.0139	1.36433			1390.0	1.52511e-05
0.01395	1.48422			1395.0	2.21219e-05
0.014	1.44341			1400.0	3.01509e-06
0.01405	1.35668			1405.0	2.67129e-06
0.0141	1.35413			1410.0	2.02884e-06
0.01415	1.37453			1415.0	7.94853e-07
0.0142	1.37198			1420.0	8.97166e-07
0.01425	1.40004			1425.0	4.17586e-07
0.0143	1.40514			1430.0	2.01611e-07
0.01435	1.35158			1435.0	5.68281e-07
0.0144	1.35413			1440.0	1.21297e-06
0.01445	1.37709			1445.0	2.46735e-07
0.0145	1.42555			1450.0	6.82052e-07
0.01455	1.37709			1455.0	7.55583e-07
0.0146	1.41535			1460.0	5.26547e-08
0.01465	1.35668			1465.0	7.63445e-08
0.0147	1.40514			1470.0	1.4621e-07
0.01475	1.48167			1475.0	8.12504e-09
0.0148	1.46636			1480.0	4.91649e-07
0.01485	1.34648			1485.0	1.02817e-07
0.0149	1.39749			1490.0	3.36329e-07
0.01495	1.45616			1495.0	5.66392e-07
0.015	1.43575			1500.0	6.96275e-07
0.01505	1.4332			1505.0	8.30224e-08
0.0151	1.4281			1510.0	8.47316e-07
0.01515	1.4077			1515.0	5.76726e-08
0.0152	1.4332			1520.0	3.84113e-08
0.01525	1.34393			1525.0	5.24504e-10
0.0153	1.35413			1530.0	1.99214e-07
0.01535	1.40514			1535.0	6.19338e-08
0.0154	1.40514			1540.0	9.58953e-08
0.01545	1.35158			1545.0	5.40906e-07
0.0155	1.30821			1550.0	4.59235e-08
0.01555	1.30311			1555.0	6.57053e-08
0.0156	1.26995			1560.0	1.80135e-07
0.01565	1.30056			1565.0	3.17769e-07
0.0157	1.21894			1570.0	6.46058e-07
0.01575	1.21128			1575.0	1.93212e-06
0.0158	1.26485			1580.0	3.63545e-06
0.01585	1.30566			1585.0	2.36061e-06
0.0159	1.30311			1590.0	8.69223e-07
0.01595	1.30821			1595.0	2.52646e-07
0.016	1.38729			1600.0	1.42129e-06
0.01605	1.49187			1605.0	6.84819e-07
0.0161	1.51228			1610.0	5.17354e-07
0.01615	1.50207			1615.0	6.6312e-07
0.0162	1.49697			1620.0	5.68266e-07
0.01625	1.48167			1625.0	2.52312e-07
0.0163	1.5786			1630.0	1.69324e-06
0.01635	1.5786			1635.0	1.20236e-06
0.0164	1.50207			1640.0	5.8079e-06
0.01645	1.50463			1645.0	1.3024e-05
0.0165	1.48932			1650.0	1.2292e-05
0.01655	1.45871			1655.0	1.4466e-05
0.0166	1.4332			1660.0	1.73433e-05
0.01665	1.4128			1665.0	1.28418e-05
0.0167	1.38474			1670.0	6.61078e-06
0.01675	1.34393			1675.0	7.02426e-06
0.0168	1.32097			1680.0	1.2037e-05
0.01685	1.32862			1685.0	1.46174e-05
0.0169	1.36688			1690.0	9.43284e-06
0.01695	1.2725			1695.0	6.07926e-06
0.017	1.16027			1700.0	2.47349e-06
0.01705	1.22914			1705.0	4.05779e-06
0.0171	1.31587			1710.0	1.72291e-06
0.01715	1.32607			1715.0	1.45404e-06
0.0172	1.30056			1720.0	6.06073e-08
0.01725	1.31587			1725.0	1.42339e-06
0.0173	1.37453			1730.0	1.41687e-06
0.01735	1.35923			1735.0	1.50026e-07
0.0174	1.36433			1740.0	9.85862e-07
0.01745	1.44596			1745.0	2.2727e-07
0.0175	1.57095			1750.0	1.17305e-07
0.01755	1.57095			1755.0	2.49357e-07
0.0176	1.49952			1760.0	2.17224e-07
0.01765	1.47912			1765.0	3.92929e-07
0.0177	1.52758			1770.0	1.09699e-06
0.01775	1.53268			1775.0	1.61463e-06
0.0178	1.52503			1780.0	7.85243e-07
0.01785	1.47146			1785.0	4.80591e-07
0.0179	1.46891			1790.0	6.38318e-07
0.01795	1.47657			1795.0	3.5881e-07
0.018	1.4128			1800.0	6.68468e-07
0.01805	1.28526			1805.0	2.68637e-07
0.0181	1.2725			1810.0	2.13929e-07
0.01815	1.31076			1815.0	1.33733e-07
0.0182	1.28781			1820.0	2.11088e-07
0.01825	1.31076			1825.0	6.32123e-07
0.0183	1.29801			1830.0	1.72851e-07
0.01835	1.33372			1835.0	3.50383e-07
0.0184	1.34648			1840.0	6.99573e-09
0.01845	1.30821			1845.0	3.04059e-07
0.0185	1.2521			1850.0	3.37744e-07
0.01855	1.32097			1855.0	3.01758e-08
0.0186	1.44086			1860.0	2.91251e-07
0.01865	1.44851			1865.0	4.68298e-08
0.0187	1.39749			1870.0	9.49513e-07
0.01875	1.32352			1875.0	1.45214e-08
0.0188	1.36433			1880.0	2.90214e-08
0.01885	1.4332			1885.0	2.75726e-07
0.0189	1.48932			1890.0	6.41925e-08
0.01895	1.44086			1895.0	1.22104e-07
0.019	1.38984			1900.0	2.7844e-07
0.01905	1.38729			1905.0	4.91213e-07
0.0191	1.40259			1910.0	8.20652e-07
0.01915	1.46126			1915.0	4.32999e-07
0.0192	1.49697			1920.0	3.01431e-08
0.01925	1.45616			1925.0	5.51923e-07
0.0193	1.37964			1930.0	1.04314e-06
0.01935	1.42045			1935.0	5.50211e-07
0.0194	1.54034			1940.0	2.10368e-07
0.01945	1.47657			1945.0	1.58546e-07
0.0195	1.38474			1950.0	7.28509e-07
0.01955	1.45871			1955.0	1.30436e-06
0.0196	1.51993			1960.0	3.64437e-07
0.01965	1.50973			1965.0	2.11472e-07
0.0197	1.44341			1970.0	1.31842e-06
0.01975	1.46636			1975.0	3.26999e-07
0.0198	1.54034			1980.0	1.75145e-07
0.01985	1.47146			1985.0	5.20714e-07
0.0199	1.33627			1990.0	3.74593e-08
0.01995	1.35158			1995.0	2.1266e-08
0.02	1.38474			2000.0	1.42124e-07
0.02005	1.41025			2005.0	7.47926e-07
0.0201	1.37709			2010.0	2.10917e-07
0.02015	1.32097			2015.0	6.1826e-08
0.0202	1.23934			2020.0	3.05954e-07
0.02025	1.31842			2025.0	9.00953e-07
0.0203	1.31332			2030.0	1.43847e-06
0.02035	1.2674			2035.0	6.35507e-07
0.0204	1.23169			2040.0	4.81209e-10
0.02045	1.30311			2045.0	4.05925e-07
0.0205	1.30311			2050.0	4.43089e-07
0.02055	1.22659			2055.0	3.38075e-07
0.0206	1.2725			2060.0	1.8016e-06
0.02065	1.37198			2065.0	4.23664e-06
0.0207	1.41025			2070.0	2.58652e-06
0.02075	1.4332			2075.0	1.02041e-06
0.0208	1.37709			2080.0	1.96538e-06
0.02085	1.4077			2085.0	7.33181e-07
0.0209	1.423			2090.0	1.0856e-06
0.02095	1.45616			2095.0	6.95459e-07
0.021	1.51228			2100.0	1.79004e-06
0.02105	1.54799			2105.0	2.36302e-06
0.0211	1.54544			2110.0	1.2549e-06
0.02115	1.50463			2115.0	1.29642e-06
0.0212	1.52248			2120.0	9.0772e-07
0.02125	1.53013			2125.0	1.0924e-06
0.0213	1.51993			2130.0	2.9986e-07
0.02135	1.39494			2135.0	4.21557e-07
0.0214	1.423			2140.0	7.45258e-08
0.02145	1.50207			2145.0	3.45528e-07
0.0215	1.53523			2150.0	2.58683e-07
0.02155	1.45616			2155.0	2.26e-07
0.0216	1.33882			2160.0	2.26183e-07
0.02165	1.25975			2165.0	3.65133e-07
0.0217	1.32352			2170.0	6.16133e-07
0.02175	1.423			2175.0	5.65232e-07
0.0218	1.37964			2180.0	1.15323e-06
0.02185	1.31842			2185.0	1.00135e-06
0.0219	1.37453			2190.0	2.21791e-07
0.02195	1.47657			2195.0	3.6965e-07
0.022	1.36178			2200.0	7.14707e-07
0.02205	1.31332			2205.0	6.89184e-07
0.0221	1.45616			2210.0	2.42102e-06
0.02215	1.51738			2215.0	3.93811e-06
0.0222	1.44086			2220.0	2.79201e-06
0.02225	1.33117			2225.0	3.0759e-06
0.0223	1.35668			2230.0	1.32417e-06
0.02235	1.39749			2235.0	2.57878e-09
0.0224	1.34137			2240.0	6.90682e-07
0.02245	1.32607			2245.0	7.64115e-08
0.0225	1.38219			2250.0	4.29643e-07
0.02255	1.40004			2255.0	3.63708e-08
0.0226	1.39239			2260.0	1.85334e-07
0.02265	1.36688			2265.0	6.93845e-08
0.0227	1.30821			2270.0	6.04872e-07
0.02275	1.23424			2275.0	2.20941e-06
0.0228	1.28016			2280.0	5.44784e-06
0.02285	1.34903			2285.0	3.50709e-06
0.0229	1.31076			2290.0	1.04721e-06
0.02295	1.29546			2295.0	1.87803e-06
0.023	1.2725			2300.0	2.20254e-06
0.02305	1.29036			2305.0	2.2805e-07
0.0231	1.40259			2310.0	7.29995e-07
0.02315	1.43575			2315.0	7.32893e-07
0.0232	1.38219			2320.0	1.12634e-06
0.02325	1.35668			2325.0	6.95032e-07
0.0233	1.45361			2330.0	6.44801e-09
0.02335	1.53523			2335.0	4.5198e-07
0.0234	1.48167			2340.0	6.80736e-07
0.02345	1.40259			2345.0	2.48358e-07
0.0235	1.4077			2350.0	6.55773e-07
0.02355	1.49187			2355.0	2.88515e-06
0.0236	1.51483			2360.0	1.37852e-06
0.02365	1.45616			2365.0	4.59085e-08
0.0237	1.36688			2370.0	2.76659e-07
0.02375	1.41535			2375.0	3.15955e-07
0.0238	1.46126			2380.0	2.60439e-06
0.02385	1.4281			2385.0	2.72853e-06
0.0239	1.46891			2390.0	2.8861e-07
0.02395	1.45361			2395.0	2.19003e-06
0.024	1.34903			2400.0	5.53666e-07
0.02405	1.33372			2405.0	1.13744e-06
0.0241	1.44086			2410.0	1.36029e-06
0.02415	1.44596			2415.0	1.10803e-06
0.0242	1.38984			2420.0	4.0928e-07
0.02425	1.42045			2425.0	2.83898e-07
0.0243	1.48422			2430.0	1.31034e-07
0.02435	1.4179			2435.0	2.70665e-07
0.0244	1.32352			2440.0	5.65997e-07
0.02445	1.37198			2445.0	2.95345e-06
0.0245	1.45361			2450.0	2.95489e-06
0.02455	1.49442			2455.0	1.95687e-06
0.0246	1.42555			2460.0	2.75032e-07
0.02465	1.33372			2465.0	4.27764e-07
0.0247	1.29291			2470.0	6.83756e-06
0.02475	1.29036			2475.0	1.3564e-05
0.0248	1.24189			2480.0	1.49147e-05
0.02485	1.22659			2485.0	5.0315e-06
0.0249	1.2623			2490.0	6.01625e-08
0.02495	1.33372			2495.0	7.13805e-08
0.025	1.32607			2500.0	8.61561e-08
0.02505	1.29036			2505.0	4.94562e-07
0.0251	1.2521			2510.0	7.92649e-06
0.02515	1.22149			2515.0	1.12428e-05
0.0252	1.24444			2520.0	2.61658e-06
0.02525	1.32352			2525.0	1.46838e-06
0.0253	1.38474			2530.0	3.7184e-07
0.02535	1.33117			2535.0	2.99734e-06
0.0254	1.32352			2540.0	5.58547e-06
0.02545	1.38219			2545.0	8.64451e-06
0.0255	1.4383			2550.0	4.53418e-06
0.02555	1.45616			2555.0	1.16173e-06
0.0256	1.50973			2560.0	2.49197e-06
0.02565	1.42555			2565.0	1.59515e-06
0.0257	1.40514			2570.0	4.64261e-07
0.02575	1.59135			2575.0	6.45682e-07
0.0258	1.60666			2580.0	1.59258e-06
0.02585	1.47657			2585.0	2.44898e-06
0.0259	1.36178			2590.0	1.66462e-06
0.02595	1.45361			2595.0	2.96579e-06
0.026	1.50463			2600.0	4.04792e-07
0.02605	1.56329			2605.0	6.97582e-07
0.0261	1.47912			2610.0	1.48549e-06
0.02615	1.43065			2615.0	6.25224e-07
0.0262	1.41025			2620.0	2.52566e-07
0.02625	1.44341			2625.0	2.97765e-08
0.0263	1.48677			2630.0	1.28624e-06
0.02635	1.46636			2635.0	8.59588e-07
0.0264	1.33627			2640.0	2.77499e-07
0.02645	1.30821			2645.0	5.754e-07
0.0265	1.43065			2650.0	1.11411e-06
0.02655	1.49442			2655.0	2.96099e-06
0.0266	1.41535			2660.0	3.38366e-06
0.02665	1.44086			2665.0	2.82992e-06
0.0267	1.51738			2670.0	3.2191e-07
0.02675	1.44086			2675.0	9.82789e-07
0.0268	1.32352			2680.0	3.80127e-06
0.02685	1.37709			2685.0	4.51328e-06
0.0269	1.54799			2690.0	2.07206e-06
0.02695	1.50718			2695.0	4.95698e-06
0.027	1.37453			2700.0	3.74749e-06
0.02705	1.37709			2705.0	6.24073e-06
0.0271	1.37198			2710.0	2.0598e-06
0.02715	1.35923			2715.0	1.10175e-06
0.0272	1.40004			2720.0	1.43329e-06
0.02725	1.34903			2725.0	4.86577e-07
0.0273	1.35158			2730.0	9.61235e-08
0.02735	1.35158			2735.0	6.29514e-06
0.0274	1.38474			2740.0	1.18116e-05
0.02745	1.34137			2745.0	7.02842e-06
0.0275	1.30311			2750.0	8.47479e-06
0.02755	1.29801			2755.0	4.03315e-06
0.0276	1.32352			2760.0	2.67045e-07
0.02765	1.36433			2765.0	1.29318e-06
0.0277	1.31076			2770.0	3.82004e-06
0.02775	1.34648			2775.0	1.3396e-05
0.0278	1.37709			2780.0	2.56977e-05
0.02785	1.37198			2785.0	1.02455e-05
0.0279	1.4179			2790.0	3.09382e-06
0.02795	1.47402			2795.0	7.78713e-06
0.028	1.39494			2800.0	5.9516e-06
0.02805	1.38984			2805.0	2.70728e-06
0.0281	1.49187			2810.0	1.23385e-07
0.02815	1.54034			2815.0	9.43935e-07
0.0282	1.46636			2820.0	8.75146e-07
0.02825	1.47657			2825.0	8.29729e-07
0.0283	1.49952			2830.0	2.2452e-06
0.02835	1.49187			2835.0	1.51291e-07
0.0284	1.43575			2840.0	9.57074e-07
0.02845	1.43575			2845.0	4.37783e-06
0.0285	1.43575			2850.0	5.73388e-06
0.02855	1.45616			2855.0	5.78076e-06
0.0286	1.47657			2860.0	7.06432e-06
0.02865	1.46126			2865.0	2.72211e-06
0.0287	1.40514			2870.0	6.27357e-07
0.02875	1.34137			2875.0	3.95753e-06
0.0288	1.34648			2880.0	5.16864e-06
0.02885	1.423			2885.0	2.45861e-06
0.0289	1.45871			2890.0	1.6765e-06
0.02895	1.39494			2895.0	2.53467e-06
0.029	1.31332			2900.0	3.92479e-06
0.02905	1.33372			2905.0	1.88818e-06
0.0291	1.36943			2910.0	3.83177e-07
0.02915	1.31076			2915.0	1.09507e-07
0.0292	1.30821			2920.0	6.00047e-07
0.02925	1.30056			2925.0	9.19493e-07
0.0293	1.29036			2930.0	1.27148e-05
0.02935	1.21383			2935.0	1.28423e-05
0.0294	1.17812			2940.0	1.24921e-06
0.02945	1.22149			2945.0	3.17196e-08
0.0295	1.26995			2950.0	2.7793e-07
0.02955	1.25465			2955.0	1.01145e-06
0.0296	1.22659			2960.0	1.84711e-07
0.02965	1.24444			2965.0	2.4199e-06
0.0297	1.30311			2970.0	4.14532e-06
0.02975	1.36433			2975.0	4.27024e-06
0.0298	1.34137			2980.0	2.98383e-06
0.02985	1.29801			2985.0	3.72063e-06
0.0299	1.34903			2990.0	3.14956e-06
0.02995	1.37964			2995.0	6.0111e-08
0.03	1.42045			3000.0	7.19417e-07
0.03005	1.4179			3005.0	6.86714e-07
0.0301	1.47402			3010.0	2.7131e-06
0.03015	1.49442			3015.0	1.2386e-06
0.0302	1.51993			3020.0	1.37422e-06
0.03025	1.48167			3025.0	1.86759e-07
0.0303	1.50463			3030.0	5.81762e-06
0.03035	1.50463			3035.0	3.51755e-06
0.0304	1.55819			3040.0	2.51734e-07
0.03045	1.60156			3045.0	7.24133e-07
0.0305	1.52503			3050.0	1.00655e-07
0.03055	1.44341			3055.0	5.5302e-07
0.0306	1.41535			3060.0	1.26267e-07
0.03065	1.4383			3065.0	3.49016e-07
0.0307	1.44851			3070.0	1.62186e-06
0.03075	1.39239			3075.0	2.67054e-06
0.0308	1.28526			3080.0	1.45945e-06
0.03085	1.2725			3085.0	9.31535e-07
0.0309	1.30566			3090.0	4.23126e-07
0.03095	1.36943			3095.0	1.60247e-06
0.031	1.31842			3100.0	4.31386e-06
0.03105	1.21894			3105.0	3.33816e-06
0.0311	1.28271			3110.0	3.19337e-07
0.03115	1.33882			3115.0	3.03895e-07
0.0312	1.37964			3120.0	3.60895e-06
0.03125	1.35668			3125.0	3.62853e-06
0.0313	1.38729			3130.0	8.45945e-07
0.03135	1.42045			3135.0	4.73765e-07
0.0314	1.53523			3140.0	1.54078e-07
0.03145	1.48677			3145.0	2.6249e-07
0.0315	1.39749			3150.0	2.04103e-07
0.03155	1.38984			3155.0	2.08678e-06
0.0316	1.47912			3160.0	4.21865e-07
0.03165	1.48677			3165.0	9.03732e-08
0.0317	1.45616			3170.0	9.47673e-08
0.03175	1.37709			3175.0	6.41618e-07
0.0318	1.34903			3180.0	7.18936e-07
0.03185	1.39239			3185.0	1.38896e-06
0.0319	1.423			3190.0	1.11359e-06
0.03195	1.37198			3195.0	3.40599e-07
0.032	1.37964			3200.0	8.40535e-07
0.03205	1.4077			3205.0	3.18945e-06
0.0321	1.423			3210.0	3.45961e-06
0.03215	1.4383			3215.0	1.92449e-06
0.0322	1.38984			3220.0	1.44704e-06
0.03225	1.32352			3225.0	4.59921e-06
0.0323	1.28526			3230.0	4.56707e-06
0.03235	1.25975			3235.0	1.91362e-06
0.0324	1.35413			3240.0	5.21193e-07
0.03245	1.39494			3245.0	1.24452e-06
0.0325	1.35923			3250.0	1.61321e-06
0.03255	1.29036			3255.0	7.55003e-07
0.0326	1.38729			3260.0	2.54767e-06
0.03265	1.51738			3265.0	5.47086e-06
0.0327	1.52503			3270.0	3.48224e-06
0.03275	1.47657			3275.0	1.26937e-06
0.0328	1.45361			3280.0	9.43323e-07
0.03285	1.50718			3285.0	4.77405e-07
0.0329	1.50207			3290.0	4.63662e-07
0.03295	1.51738			3295.0	5.96409e-07
0.033	1.49697			3300.0	3.87542e-07
0.03305	1.46891			3305.0	4.33785e-07
0.0331	1.4383			3310.0	1.113e-06
0.03315	1.44851			3315.0	1.569e-06
0.0332	1.45106			3320.0	3.57378e-07
0.03325	1.40514			3325.0	2.55569e-07
0.0333	1.32607			3330.0	7.34287e-07
0.03335	1.29291			3335.0	1.54591e-06
0.0334	1.39749			3340.0	2.14822e-06
0.03345	1.49442			3345.0	5.57358e-07
0.0335	1.43575			3350.0	2.17658e-06
0.03355	1.34903			3355.0	2.28614e-07
0.0336	1.33882			3360.0	1.6978e-06
0.03365	1.36433			3365.0	2.53149e-07
0.0337	1.46891			3370.0	4.97523e-06
0.03375	1.4179			3375.0	9.68349e-06
0.0338	1.32352			3380.0	1.00338e-05
0.03385	1.35923			3385.0	3.95627e-06
0.0339	1.39239			3390.0	6.76026e-07
0.03395	1.30821			3395.0	4.36294e-06
0.034	1.30566			3400.0	6.94205e-06
0.03405	1.38984			3405.0	9.71165e-07
0.0341	1.37198			3410.0	2.27693e-06
0.03415	1.30566			3415.0	1.13677e-07
0.0342	1.28271			3420.0	1.00522e-05
0.03425	1.28271			3425.0	8.52069e-06
0.0343	1.36943			3430.0	2.0056e-07
0.03435	1.38474			3435.0	7.43282e-06
0.0344	1.36433			3440.0	3.30252e-06
0.03445	1.4179			3445.0	4.03571e-06
0.0345	1.4281			3450.0	5.29602e-07
0.03455	1.43575			3455.0	3.99421e-06
0.0346	1.41025			3460.0	6.41828e-06
0.03465	1.34137			3465.0	1.49567e-06
0.0347	1.32352			3470.0	4.83488e-08
0.03475	1.38474			3475.0	2.15805e-06
0.0348	1.34648			3480.0	9.62761e-07
0.03485	1.33627			3485.0	1.64534e-07
0.0349	1.38984			3490.0	3.9039e-06
0.03495	1.39494			3495.0	3.37952e-06
0.035	1.4383			3500.0	1.98048e-06
0.03505	1.46126			3505.0	4.59544e-07
0.0351	1.4383			3510.0	2.89057e-06
0.03515	1.45106			3515.0	5.47366e-07
0.0352	1.50463			3520.0	3.45331e-07
0.03525	1.49187			3525.0	9.65655e-07
0.0353	1.46636			3530.0	4.42148e-06
0.03535	1.38729			3535.0	2.57787e-06
0.0354	1.31332			3540.0	2.77313e-06
0.03545	1.26995			3545.0	2.60291e-06
0.0355	1.34137			3550.0	1.43734e-06
0.03555	1.35923			3555.0	2.19172e-06
0.0356	1.32862			3560.0	3.59071e-06
0.03565	1.29801			3565.0	2.14336e-06
0.0357	1.2572			3570.0	4.85638e-06
0.03575	1.32352			3575.0	1.23313e-06
0.0358	1.46126			3580.0	7.1119e-07
0.03585	1.48422			3585.0	1.1014e-06
0.0359	1.37453			3590.0	8.94363e-07
0.03595	1.36943			3595.0	2.04431e-06
0.036	1.47912			3600.0	2.5879e-06
0.03605	1.53523			3605.0	1.16193e-06
0.0361	1.48932			3610.0	7.25089e-06
0.03615	1.46891			3615.0	3.94649e-06
0.0362	1.50463			3620.0	1.45783e-06
0.03625	1.50207			3625.0	1.09317e-06
0.0363	1.42555			3630.0	1.43455e-06
0.03635	1.44086			3635.0	6.34827e-07
0.0364	1.47657			3640.0	8.39581e-07
0.03645	1.48422			3645.0	2.16555e-06
0.0365	1.38729			3650.0	3.83453e-06
0.03655	1.33882			3655.0	5.32114e-08
0.0366	1.40259			3660.0	2.00503e-06
0.03665	1.44851			3665.0	1.65064e-06
0.0367	1.41025			3670.0	1.06373e-06
0.03675	1.36433			3675.0	9.31145e-07
0.0368	1.37709			3680.0	2.2738e-06
0.03685	1.4128			3685.0	5.48621e-07
0.0369	1.41025			3690.0	7.4624e-07
0.03695	1.33117			3695.0	2.03113e-06
0.037	1.24699			3700.0	3.18597e-06
0.03705	1.21639			3705.0	3.26684e-06
0.0371	1.2725			3710.0	4.25576e-06
0.03715	1.2521			3715.0	7.25109e-06
0.0372	1.22149			3720.0	1.45318e-05
0.03725	1.2572			3725.0	1.45889e-05
0.0373	1.35668			3730.0	6.78649e-07
0.03735	1.40514			3735.0	3.68762e-06
0.0374	1.38984			3740.0	3.423e-07
0.03745	1.37198			3745.0	2.74261e-06
0.0375	1.4281			3750.0	2.73387e-06
0.03755	1.44851			3755.0	2.79121e-06
0.0376	1.4281			3760.0	1.45941e-05
0.03765	1.45361			3765.0	1.10309e-05
0.0377	1.48422			3770.0	5.0723e-06
0.03775	1.423			3775.0	2.27655e-06
0.0378	1.41025			3780.0	1.98257e-06
0.03785	1.49187			3785.0	1.00508e-05
0.0379	1.43575			3790.0	1.55334e-05
0.03795	1.35923			3795.0	9.53218e-06
0.038	1.36433			3800.0	2.65065e-06
0.03805	1.40004			3805.0	2.04977e-08
0.0381	1.46381			3810.0	9.45745e-07
0.03815	1.48422			3815.0	1.78514e-06
0.0382	1.423			3820.0	1.13814e-06
0.03825	1.37198			3825.0	1.19961e-06
0.0383	1.38474			3830.0	3.2844e-06
0.03835	1.39239			3835.0	4.04777e-06
0.0384	1.4383			3840.0	1.89173e-06
0.03845	1.37709			3845.0	1.40685e-06
0.0385	1.39749			3850.0	5.99561e-07
0.03855	1.40259			3855.0	3.32338e-07
0.0386	1.33372			3860.0	1.31754e-06
0.03865	1.30311			3865.0	2.9648e-06
0.0387	1.34137			3870.0	2.68276e-06
0.03875	1.43065			3875.0	5.94202e-06
0.0388	1.34903			3880.0	5.79952e-06
0.03885	1.33372			3885.0	2.92533e-06
0.0389	1.37453			3890.0	1.42789e-06
0.03895	1.38474			3895.0	1.60972e-07
0.039	1.40004			3900.0	1.12033e-06
0.03905	1.36688			3905.0	8.46051e-07
0.0391	1.42045			3910.0	1.96415e-06
0.03915	1.46381			3915.0	5.69423e-06
0.0392	1.47912			3920.0	2.81698e-07
0.03925	1.44596			3925.0	5.09269e-06
0.0393	1.37198			3930.0	4.4628e-06
0.03935	1.33882			3935.0	3.86998e-06
0.0394	1.34903			3940.0	5.14643e-07
0.03945	1.38729			3945.0	4.64422e-07
0.0395	1.40259			3950.0	3.03468e-07
0.03955	1.37453			3955.0	1.40245e-06
0.0396	1.30566			3960.0	6.56542e-07
0.03965	1.37964			3965.0	2.11539e-07
0.0397	1.49187			3970.0	3.43435e-06
0.03975	1.47657			3975.0	3.82549e-06
0.0398	1.35413			3980.0	2.27186e-06
0.03985	1.38219			3985.0	3.52732e-06
0.0399	1.45361			3990.0	1.01072e-06
0.03995	1.53523			3995.0	3.46404e-07
0.04	1.51483			4000.0	6.17442e-07
0.04005	1.4332			4005.0	1.5389e-06
0.0401	1.37453			4010.0	4.04799e-06
0.04015	1.32352			4015.0	4.67567e-07
0.0402	1.34903			4020.0	3.50995e-06
0.04025	1.41535			4025.0	3.41166e-06
0.0403	1.34393			4030.0	1.04326e-06
0.04035	1.37198			4035.0	5.22481e-06
0.0404	1.36688			4040.0	3.56353e-06
0.04045	1.35668			4045.0	6.94264e-07
0.0405	1.4128			4050.0	3.41244e-06
0.04055	1.49697			4055.0	9.40672e-07
0.0406	1.43065			4060.0	2.3972e-06
0.04065	1.40514			4065.0	6.41225e-06
0.0407	1.50718			4070.0	3.58567e-06
0.04075	1.48677			4075.0	1.6135e-06
0.0408	1.44596			4080.0	9.49496e-07
0.04085	1.46891			4085.0	2.87319e-06
0.0409	1.47402			4090.0	1.11495e-06
0.04095	1.45616			4095.0	6.6435e-07
0.041	1.40514			4100.0	3.85871e-06
0.04105	1.36178			4105.0	9.80998e-07
0.0411	1.38729			4110.0	2.04729e-06
0.04115	1.38474			4115.0	5.39465e-07
0.0412	1.36688			4120.0	8.08101e-07
0.04125	1.31587			4125.0	3.62004e-07
0.0413	1.36688			4130.0	1.39055e-06
0.04135	1.32862			4135.0	1.1182e-06
0.0414	1.26995			4140.0	2.03139e-07
0.04145	1.28016			4145.0	1.16665e-06
0.0415	1.33117			4150.0	3.98988e-07
0.04155	1.30311			4155.0	2.49477e-06
0.0416	1.30566			4160.0	6.23487e-06
0.04165	1.31332			4165.0	1.90631e-06
0.0417	1.34137			4170.0	1.58589e-06
0.04175	1.31842			4175.0	3.16747e-06
0.0418	1.31076			4180.0	4.80625e-07
0.04185	1.23934			4185.0	1.67027e-06
0.0419	1.26995			4190.0	3.7427e-06
0.04195	1.35668			4195.0	3.70816e-06
0.042	1.31332			4200.0	1.95957e-06
0.04205	1.30311			4205.0	5.81283e-06
0.0421	1.46891			4210.0	6.94648e-06
0.04215	1.56329			4215.0	1.27998e-05
0.0422	1.50207			4220.0	1.68346e-06
0.04225	1.40259			4225.0	2.85105e-06
0.0423	1.48422			4230.0	1.81369e-06
0.04235	1.62961			4235.0	1.38542e-06
0.0424	1.53779			4240.0	7.5789e-08
0.04245	1.44596			4245.0	6.89094e-07
0.0425	1.52758			4250.0	4.29667e-07
0.04255	1.53013			4255.0	1.86864e-07
0.0426	1.4179			4260.0	6.52608e-07
0.04265	1.35413			4265.0	2.59539e-06
0.0427	1.34903			4270.0	3.37822e-06
0.04275	1.35413			4275.0	3.82153e-06
0.0428	1.34648			4280.0	5.49452e-06
0.04285	1.29036			4285.0	2.28805e-06
0.0429	1.35923			4290.0	9.47872e-06
0.04295	1.44086			4295.0	3.04815e-06
0.043	1.39494			4300.0	2.51861e-07
0.04305	1.28016			4305.0	2.90476e-06
0.0431	1.35923			4310.0	1.49041e-06
0.04315	1.4281			4315.0	3.46057e-07
0.0432	1.47912			4320.0	1.81728e-06
0.04325	1.44341			4325.0	2.90629e-06
0.0433	1.48167			4330.0	2.04149e-06
0.04335	1.50207			4335.0	5.48786e-06
0.0434	1.46636			4340.0	2.40813e-06
0.04345	1.38474			4345.0	2.54926e-06
0.0435	1.45106			4350.0	5.94355e-08
0.04355	1.48677			4355.0	1.16072e-06
0.0436	1.42555			4360.0	2.02791e-06
0.04365	1.39494			4365.0	4.55268e-07
0.0437	1.44851			4370.0	4.41845e-07
0.04375	1.45616			4375.0	2.7187e-07
0.0438	1.46891			4380.0	8.48734e-07
0.04385	1.41535			4385.0	2.45228e-06
0.0439	1.36943			4390.0	1.26091e-06
0.04395	1.4128			4395.0	7.61272e-07
0.044	1.49697			4400.0	6.66176e-07
0.04405	1.44341			4405.0	1.04691e-07
0.0441	1.34393			4410.0	1.09658e-06
0.04415	1.33372			4415.0	1.2549e-06
0.0442	1.32862			4420.0	1.15638e-06
0.04425	1.30311			4425.0	1.99096e-07
0.0443	1.24955			4430.0	7.3792e-07
0.04435	1.2521			4435.0	1.95067e-08
0.0444	1.2725			4440.0	2.259e-06
0.04445	1.24444			4445.0	2.7812e-06
0.0445	1.2623			4450.0	3.77686e-07
0.04455	1.36943			4455.0	5.17954e-07
0.0446	1.4077			4460.0	1.60291e-06
0.04465	1.36688			4465.0	1.50758e-06
0.0447	1.44596			4470.0	7.55835e-07
0.04475	1.46126			4475.0	3.68892e-07
0.0448	1.4128			4480.0	6.99015e-06
0.04485	1.35158			4485.0	5.73087e-06
0.0449	1.37964			4490.0	4.00836e-06
0.04495	1.41025			4495.0	5.44715e-06
0.045	1.2572			4500.0	8.10072e-06
0.04505	1.28526			4505.0	8.01315e-06
0.0451	1.35923			4510.0	5.58001e-06
0.04515	1.35158			4515.0	1.37349e-06
0.0452	1.29801			4520.0	1.26275e-07
0.04525	1.34648			4525.0	2.42592e-06
0.0453	1.40004			4530.0	1.07816e-05
0.04535	1.45616			4535.0	1.06032e-05
0.0454	1.4077			4540.0	6.23505e-06
0.04545	1.4179			4545.0	1.62417e-06
0.0455	1.4332			4550.0	4.34889e-06
0.04555	1.48422			4555.0	2.1852e-05
0.0456	1.40259			4560.0	1.28597e-05
0.04565	1.4077			4565.0	3.62445e-06
0.0457	1.46636			4570.0	1.52848e-05
0.04575	1.48932			4575.0	2.20001e-05
0.0458	1.37709			4580.0	3.74538e-06
0.04585	1.40004			4585.0	5.14617e-06
0.0459	1.4179			4590.0	2.98785e-05
0.04595	1.43575			4595.0	3.53357e-05
0.046	1.34137			4600.0	1.22014e-05
0.04605	1.30311			4605.0	8.06932e-06
0.0461	1.38474			4610.0	4.34393e-07
0.04615	1.52758			4615.0	8.07801e-06
0.0462	1.40259			4620.0	9.77818e-07
0.04625	1.37964			4625.0	6.79913e-06
0.0463	1.36433			4630.0	2.05974e-05
0.04635	1.48422			4635.0	3.91295e-05
0.0464	1.53779			4640.0	2.82302e-05
0.04645	1.46126			4645.0	1.3067e-05
0.0465	1.41025			4650.0	5.66569e-07
0.04655	1.52758			4655.0	4.44978e-06
0.0466	1.46126			4660.0	3.49572e-06
0.04665	1.36943			4665.0	2.1819e-05
0.0467	1.36943			4670.0	9.53593e-06
0.04675	1.40514			4675.0	5.39132e-06
0.0468	1.44086			4680.0	1.5196e-05
0.04685	1.423			4685.0	2.73133e-05
0.0469	1.52758			4690.0	3.00511e-05
0.04695	1.55564			4695.0	2.70963e-05
0.047	1.55054			4700.0	2.44004e-05
0.04705	1.46636			4705.0	3.71654e-05
0.0471	1.423			4710.0	8.17625e-06
0.04715	1.37453			4715.0	9.08936e-08
0.0472	1.33882			4720.0	4.60153e-06
0.04725	1.35668			4725.0	1.1228e-05
0.0473	1.42555			4730.0	2.40321e-06
0.04735	1.30311			4735.0	1.20422e-06
0.0474	1.14241			4740.0	5.01999e-06
0.04745	1.15006			4745.0	2.50677e-05
0.0475	1.23679			4750.0	1.23505e-05
0.04755	1.23169			4755.0	3.75501e-05
0.0476	1.20873			4760.0	5.04713e-06
0.04765	1.2674			4765.0	6.21246e-07
0.0477	1.32607			4770.0	6.75865e-07
0.04775	1.40259			4775.0	7.762e-06
0.0478	1.41535			4780.0	1.0116e-05
0.04785	1.32862			4785.0	3.63103e-06
0.0479	1.29801			4790.0	1.05204e-06
0.04795	1.45106			4795.0	5.91239e-06
0.048	1.5786			4800.0	9.27381e-06
0.04805	1.53523			4805.0	1.45957e-06
0.0481	1.48422			4810.0	1.79851e-06
0.04815	1.49187			4815.0	5.50541e-06
0.0482	1.53779			4820.0	3.33897e-06
0.04825	1.49187			4825.0	2.27336e-06
0.0483	1.44341			4830.0	1.79827e-06
0.04835	1.50718			4835.0	2.39346e-06
0.0484	1.50973			4840.0	3.86777e-06
0.04845	1.39239			4845.0	5.55089e-06
0.0485	1.37453			4850.0	4.19023e-06
0.04855	1.37198			4855.0	3.43266e-06
0.0486	1.33627			4860.0	1.03519e-06
0.04865	1.23424			4865.0	4.12291e-06
0.0487	1.2623			4870.0	5.26119e-06
0.04875	1.30821			4875.0	1.22428e-06
0.0488	1.29801			4880.0	5.09434e-08
0.04885	1.21128			4885.0	1.40218e-06
0.0489	1.17812			4890.0	7.24003e-06
0.04895	1.24955			4895.0	1.92046e-06
0.049	1.24444			4900.0	6.22676e-06
0.04905	1.16537			4905.0	5.78795e-06
0.0491	1.15262			4910.0	5.74597e-08
0.04915	1.25975			4915.0	5.333e-09
0.0492	1.33117			4920.0	4.00376e-07
0.04925	1.32352			4925.0	4.41131e-06
0.0493	1.36433			4930.0	3.32341e-06
0.04935	1.47402			4935.0	3.50531e-06
0.0494	1.57095			4940.0	2.50269e-06
0.04945	1.57605			4945.0	4.22019e-06
0.0495	1.63982			4950.0	1.0744e-05
0.04955	1.60921			4955.0	7.12761e-06
0.0496	1.54034			4960.0	1.02871e-06
0.04965	1.50973			4965.0	2.3048e-06
0.0497	1.59645			4970.0	1.79654e-06
0.04975	1.60921			4975.0	5.26982e-06
0.0498	1.48167			4980.0	4.53419e-06
0.04985	1.31587			4985.0	4.82515e-07
0.0499	1.36178			4990.0	2.35917e-06
0.04995	1.42555			4995.0	3.88799e-06
0.05	1.36688			5000.0	1.90814e-06
0.05005	1.34393			5005.0	2.81196e-07
0.0501	1.37964			5010.0	3.86977e-06
0.05015	1.45106			5015.0	1.1216e-05
0.0502	1.49952			5020.0	9.89852e-06
0.05025	1.49697			5025.0	1.27945e-06
0.0503	1.423			5030.0	3.65961e-07
0.05035	1.43065			5035.0	1.76585e-06
0.0504	1.48677			5040.0	2.80534e-06
0.05045	1.55054			5045.0	1.70588e-07
0.0505	1.55564			5050.0	2.67334e-06
0.05055	1.52758			5055.0	1.69866e-06
0.0506	1.48932			5060.0	3.51268e-07
0.05065	1.46891			5065.0	1.07486e-06
0.0507	1.39749			5070.0	8.33536e-06
0.05075	1.4128			5075.0	8.06274e-06
0.0508	1.45616			5080.0	1.76795e-06
0.05085	1.44086			5085.0	1.66566e-06
0.0509	1.36688			5090.0	2.37276e-06
0.05095	1.33882			5095.0	3.99996e-06
0.051	1.39494			5100.0	8.96556e-06
0.05105	1.36433			5105.0	2.50477e-06
0.0511	1.2674			5110.0	8.15303e-07
0.05115	1.21894			5115.0	9.74072e-07
0.0512	1.24955			5120.0	5.49166e-07
0.05125	1.24699			5125.0	1.45013e-07
0.0513	1.21128			5130.0	9.18992e-07
0.05135	1.21128			5135.0	6.0506e-07
0.0514	1.18833			5140.0	1.28664e-07
0.05145	1.12711			5145.0	1.3267e-06
0.0515	1.1016			5150.0	5.63271e-06
0.05155	1.19088			5155.0	2.12068e-06
0.0516	1.33627			5160.0	4.14818e-06
0.05165	1.30056			5165.0	7.05145e-06
0.0517	1.30311			5170.0	8.94576e-07
0.05175	1.45106			5175.0	7.99121e-08
0.0518	1.55819			5180.0	3.20577e-07
0.05185	1.52248			5185.0	2.86022e-06
0.0519	1.52758			5190.0	2.04666e-06
0.05195	1.51738			5195.0	3.15246e-07
0.052	1.50718			5200.0	1.3708e-06
0.05205	1.51483			5205.0	3.1989e-06
0.0521	1.48677			5210.0	2.02917e-06
0.05215	1.51738			5215.0	3.32465e-07
0.0522	1.4281			5220.0	7.55317e-07
0.05225	1.29036			5225.0	2.591e-06
0.0523	1.32352			5230.0	8.99907e-07
0.05235	1.46636			5235.0	1.49702e-06
0.0524	1.42555			5240.0	3.87031e-07
0.05245	1.34137			5245.0	2.3661e-07
0.0525	1.33882			5250.0	1.83358e-06
0.05255	1.48677			5255.0	3.90799e-06
0.0526	1.53779			5260.0	1.50965e-06
0.05265	1.45361			5265.0	3.97941e-06
0.0527	1.40259			5270.0	2.39601e-06
0.05275	1.4383			5275.0	4.26098e-07
0.0528	1.46381			5280.0	4.59432e-06
0.05285	1.47657			5285.0	4.71586e-06
0.0529	1.45361			5290.0	1.29806e-06
0.05295	1.44086			5295.0	7.63891e-07
0.053	1.49442			5300.0	1.31898e-07
0.05305	1.46636			5305.0	1.05967e-06
0.0531	1.4128			5310.0	2.05884e-06
0.05315	1.38729			5315.0	5.67315e-07
0.0532	1.48422			5320.0	7.14054e-08
0.05325	1.49187			5325.0	2.75685e-08
0.0533	1.4281			5330.0	2.10662e-06
0.05335	1.39239			5335.0	3.34668e-06
0.0534	1.4332			5340.0	4.34803e-06
0.05345	1.36178			5345.0	2.56933e-06
0.0535	1.32862			5350.0	6.62169e-07
0.05355	1.29291			5355.0	4.64716e-07
0.0536	1.33117			5360.0	2.87152e-07
0.05365	1.2674			5365.0	3.61614e-07
0.0537	1.20873			5370.0	1.28667e-08
0.05375	1.20363			5375.0	5.92424e-07
0.0538	1.21383			5380.0	1.70149e-06
0.05385	1.13986			5385.0	3.35954e-06
0.0539	1.16537			5390.0	4.84803e-07
0.05395	1.20363			5395.0	1.85436e-07
0.054	1.19343			5400.0	9.59143e-07
0.05405	1.29036			5405.0	1.76632e-06
0.0541	1.40514			5410.0	5.04847e-06
0.05415	1.48677			5415.0	6.21546e-06
0.0542	1.50207			5420.0	2.31984e-06
0.05425	1.50973			5425.0	3.18727e-07
0.0543	1.50207			5430.0	1.07139e-07
0.05435	1.48422			5435.0	1.94679e-06
0.0544	1.49952			5440.0	3.20213e-06
0.05445	1.54544			5445.0	5.517e-06
0.0545	1.51993			5450.0	3.03726e-06
0.05455	1.50973			5455.0	3.95161e-06
0.0546	1.48932			5460.0	2.03112e-06
0.05465	1.43575			5465.0	2.41635e-06
0.0547	1.44596			5470.0	2.68385e-06
0.05475	1.44086			5475.0	2.69545e-06
0.0548	1.34903			5480.0	2.69738e-06
0.05485	1.39239			5485.0	1.62618e-07
0.0549	1.48677			5490.0	5.65976e-06
0.05495	1.49697			5495.0	3.95504e-06
0.055	1.39494			5500.0	4.2662e-06
0.05505	1.30821			5505.0	8.96011e-06
0.0551	1.33627			5510.0	3.36673e-06
0.05515	1.41025			5515.0	2.65928e-06
0.0552	1.4077			5520.0	5.63526e-06
0.05525	1.36943			5525.0	2.27417e-06
0.0553	1.4128			5530.0	4.2368e-10
0.05535	1.47402			5535.0	1.74881e-07
0.0554	1.42555			5540.0	8.77662e-07
0.05545	1.39749			5545.0	2.24579e-06
0.0555	1.38729			5550.0	2.23556e-07
0.05555	1.4077			5555.0	4.56448e-09
0.0556	1.43575			5560.0	2.50752e-07
0.05565	1.43065			5565.0	3.5308e-07
0.0557	1.36688			5570.0	9.35261e-07
0.05575	1.40004			5575.0	1.16138e-06
0.0558	1.41535			5580.0	1.26751e-06
0.05585	1.33117			5585.0	6.53563e-08
0.0559	1.34648			5590.0	1.82878e-06
0.05595	1.37709			5595.0	1.01797e-07
0.056	1.31842			5600.0	7.7444e-08
0.05605	1.32097			5605.0	5.7525e-08
0.0561	1.30311			5610.0	1.22684e-07
0.05615	1.21894			5615.0	4.54907e-07
0.0562	1.22404			5620.0	6.2138e-07
0.05625	1.23424			5625.0	1.20549e-07
0.0563	1.21894			5630.0	9.33775e-07
0.05635	1.22914			5635.0	1.65462e-06
0.0564	1.29546			5640.0	3.00835e-07
0.05645	1.37964			5645.0	6.55437e-08
0.0565	1.40514			5650.0	9.7767e-07
0.05655	1.4077			5655.0	1.26632e-06
0.0566	1.45361			5660.0	1.32425e-06
0.05665	1.52503			5665.0	1.49942e-06
0.0567	1.51993			5670.0	8.64055e-07
0.05675	1.47402			5675.0	8.87181e-08
0.0568	1.48677			5680.0	1.76339e-06
0.05685	1.54034			5685.0	2.31033e-06
0.0569	1.54544			5690.0	1.04888e-06
0.05695	1.44341			5695.0	1.4968e-07
0.057	1.40514			5700.0	2.89581e-07
0.05705	1.44596			5705.0	1.01095e-06
0.0571	1.45106			5710.0	1.3521e-07
0.05715	1.37453			5715.0	2.33398e-07
0.0572	1.37453			5720.0	7.07842e-07
0.05725	1.44086			5725.0	2.74719e-07
0.0573	1.48677			5730.0	1.69253e-06
0.05735	1.42555			5735.0	1.66042e-06
0.0574	1.36433			5740.0	8.26082e-08
0.05745	1.38984			5745.0	1.22401e-06
0.0575	1.43575			5750.0	6.80395e-07
0.05755	1.43065			5755.0	4.74077e-07
0.0576	1.41535			5760.0	1.83132e-06
0.05765	1.423			5765.0	1.12153e-06
0.0577	1.47402			5770.0	1.32984e-06
0.05775	1.46381			5775.0	6.08419e-07
0.0578	1.40004			5780.0	5.14186e-07
0.05785	1.35923			5785.0	7.64797e-07
0.0579	1.35668			5790.0	5.07633e-07
0.05795	1.43575			5795.0	6.10315e-07
0.058	1.42555			5800.0	9.04834e-09
0.05805	1.32862			5805.0	1.49127e-06
0.0581	1.34137			5810.0	1.8473e-07
0.05815	1.40514			5815.0	2.2992e-07
0.0582	1.36433			5820.0	1.6078e-06
0.05825	1.35923			5825.0	2.97342e-06
0.0583	1.38474			5830.0	2.97376e-06
0.05835	1.36178			5835.0	5.21389e-07
0.0584	1.34393			5840.0	2.25368e-07
0.05845	1.35668			5845.0	1.05224e-07
0.0585	1.2776			5850.0	2.05267e-06
0.05855	1.22404			5855.0	3.81879e-06
0.0586	1.19853			5860.0	4.10844e-06
0.05865	1.20108			5865.0	8.39031e-07
0.0587	1.27505			5870.0	1.65824e-06
0.05875	1.29546			5875.0	4.20838e-06
0.0588	1.2725			5880.0	1.36588e-06
0.05885	1.35923			5885.0	8.61596e-07
0.0589	1.42555			5890.0	4.92045e-06
0.05895	1.423			5895.0	3.87047e-06
0.059	1.49952			5900.0	3.13856e-06
0.05905	1.55309			5905.0	3.22111e-06
0.0591	1.47402			5910.0	1.87456e-06
0.05915	1.423			5915.0	2.33939e-06
0.0592	1.50718			5920.0	2.17939e-06
0.05925	1.55054			5925.0	3.84039e-06
0.0593	1.51483			5930.0	3.63726e-06
0.05935	1.40004			5935.0	4.47392e-06
0.0594	1.36433			5940.0	8.98021e-06
0.05945	1.46126			5945.0	3.28947e-06
0.0595	1.53523			5950.0	1.71961e-08
0.05955	1.48422			5955.0	8.9105e-07
0.0596	1.47912			5960.0	1.46765e-06
0.05965	1.49187			5965.0	1.04403e-06
0.0597	1.50973			5970.0	8.77444e-07
0.05975	1.50463			5975.0	2.01356e-07
0.0598	1.50463			5980.0	2.20001e-06
0.05985	1.43065			5985.0	2.10843e-06
0.0599	1.37198			5990.0	3.31182e-07
0.05995	1.42045			5995.0	4.34422e-08
0.06	1.45361			6000.0	1.11322e-07
0.06005	1.4077			6005.0	3.27594e-07
0.0601	1.33372			6010.0	3.17621e-07
0.06015	1.38474			6015.0	1.96367e-07
0.0602	1.34648			6020.0	1.41743e-06
0.06025	1.30311			6025.0	1.18711e-06
0.0603	1.37198			6030.0	1.59695e-06
0.06035	1.44086			6035.0	4.6268e-06
0.0604	1.4179			6040.0	2.76e-06
0.06045	1.36178			6045.0	1.01671e-06
0.0605	1.28781			6050.0	1.36687e-06
0.06055	1.30311			6055.0	1.80447e-06
0.0606	1.37709			6060.0	7.99589e-07
0.06065	1.36178			6065.0	6.52836e-07
0.0607	1.37964			6070.0	8.74888e-07
0.06075	1.40004			6075.0	5.49299e-07
0.0608	1.32607			6080.0	4.59724e-07
0.06085	1.29546			6085.0	8.05615e-07
0.0609	1.2776			6090.0	1.82842e-06
0.06095	1.22914			6095.0	1.25387e-06
0.061	1.21894			6100.0	5.49844e-07
0.06105	1.30566			6105.0	6.43163e-07
0.0611	1.28016			6110.0	4.63547e-08
0.06115	1.30311			6115.0	1.02232e-06
0.0612	1.38729			6120.0	7.53451e-07
0.06125	1.423			6125.0	1.25329e-06
0.0613	1.37709			6130.0	2.12625e-06
0.06135	1.4332			6135.0	1.23909e-06
0.0614	1.49697			6140.0	1.63804e-06
0.06145	1.45871			6145.0	1.08323e-06
0.0615	1.44851			6150.0	1.01587e-06
0.06155	1.50463			6155.0	1.15094e-06
0.0616	1.52248			6160.0	1.00409e-06
0.06165	1.49697			6165.0	7.53642e-07
0.0617	1.38219			6170.0	5.76877e-07
0.06175	1.30056			6175.0	7.72604e-07
0.0618	1.41535			6180.0	1.07057e-06
0.06185	1.53523			6185.0	9.31021e-07
0.0619	1.48422			6190.0	1.16342e-06
0.06195	1.40514			6195.0	4.32779e-07
0.062	1.48677			6200.0	1.07612e-06
0.06205	1.50973			6205.0	2.43438e-06
0.0621	1.49187			6210.0	1.79929e-06
0.06215	1.43065			6215.0	2.01788e-06
0.0622	1.40514			6220.0	1.80648e-06
0.06225	1.41535			6225.0	1.05874e-06
0.0623	1.46636			6230.0	1.51122e-06
0.06235	1.43575			6235.0	6.53862e-07
0.0624	1.4179			6240.0	6.25854e-07
0.06245	1.38729			6245.0	7.89239e-07
0.0625	1.4179			6250.0	2.62854e-07
0.06255	1.48422			6255.0	1.51167e-06
0.0626	1.45871			6260.0	1.28708e-06
0.06265	1.36178			6265.0	9.31541e-09
0.0627	1.38729			6270.0	1.72337e-07
0.06275	1.43065			6275.0	3.41109e-08
0.0628	1.31332			6280.0	1.57314e-08
0.06285	1.29036			6285.0	5.37077e-08
0.0629	1.37964			6290.0	1.86755e-07
0.06295	1.36688			6295.0	5.47207e-07
0.063	1.35923			6300.0	2.87048e-08
0.06305	1.34393			6305.0	8.36692e-07
0.0631	1.35413			6310.0	1.741e-06
0.06315	1.31076			6315.0	2.29553e-06
0.0632	1.37709			6320.0	2.56572e-06
0.06325	1.34393			6325.0	2.11528e-06
0.0633	1.24699			6330.0	1.74221e-06
0.06335	1.22149			6335.0	7.99825e-07
0.0634	1.30821			6340.0	1.15456e-07
0.06345	1.32097			6345.0	3.50242e-08
0.0635	1.33117			6350.0	4.26712e-07
0.06355	1.39239			6355.0	1.52943e-06
0.0636	1.44341			6360.0	1.01406e-06
0.06365	1.35668			6365.0	1.7288e-06
0.0637	1.40004			6370.0	9.55811e-07
0.06375	1.54799			6375.0	3.0613e-07
0.0638	1.55054			6380.0	2.33599e-07
0.06385	1.40514			6385.0	1.22005e-07
0.0639	1.36433			6390.0	7.13672e-07
0.06395	1.45361			6395.0	2.08837e-06
0.064	1.50718			6400.0	1.58315e-06
0.06405	1.4077			6405.0	3.41691e-07
0.0641	1.33372			6410.0	8.19733e-07
0.06415	1.35923			6415.0	1.89757e-06
0.0642	1.37453			6420.0	3.60977e-06
0.06425	1.39239			6425.0	2.65765e-06
0.0643	1.38474			6430.0	1.18581e-06
0.06435	1.42555			6435.0	4.31353e-07
0.0644	1.47657			6440.0	2.86092e-07
0.06445	1.41025			6445.0	1.69195e-06
0.0645	1.35668			6450.0	2.76989e-06
0.06455	1.45616			6455.0	1.37714e-06
0.0646	1.47146			6460.0	6.91622e-07
0.06465	1.45361			6465.0	9.73346e-07
0.0647	1.44596			6470.0	3.04509e-06
0.06475	1.42045			6475.0	4.96383e-06
0.0648	1.44596			6480.0	6.07373e-07
0.06485	1.47402			6485.0	1.01752e-07
0.0649	1.46636			6490.0	1.3925e-06
0.06495	1.38474			6495.0	3.31449e-06
0.065	1.39494			6500.0	4.01173e-06
0.06505	1.46636			6505.0	1.41189e-06
0.0651	1.54799			6510.0	6.39048e-07
0.06515	1.47146			6515.0	9.51549e-07
0.0652	1.35413			6520.0	1.26984e-06
0.06525	1.4077			6525.0	2.70931e-07
0.0653	1.4128			6530.0	7.71587e-07
0.06535	1.37709			6535.0	1.78728e-06
0.0654	1.35413			6540.0	1.06542e-06
0.06545	1.44596			6545.0	5.95933e-07
0.0655	1.44596			6550.0	8.29023e-07
0.06555	1.38219			6555.0	2.03769e-07
0.0656	1.34137			6560.0	1.1618e-07
0.06565	1.22404			6565.0	2.97585e-07
0.0657	1.16537			6570.0	1.11808e-07
0.06575	1.22404			6575.0	3.28517e-07
0.0658	1.29291			6580.0	2.91152e-07
0.06585	1.25975			6585.0	2.25717e-07
0.0659	1.2521			6590.0	3.5709e-07
0.06595	1.38474			6595.0	4.73593e-07
0.066	1.32097			6600.0	1.49975e-07
0.06605	1.2725			6605.0	6.16379e-08
0.0661	1.36943			6610.0	8.80517e-07
0.06615	1.40259			6615.0	3.50101e-07
0.0662	1.36688			6620.0	3.04624e-07
0.06625	1.4281			6625.0	1.55376e-07
0.0663	1.50973			6630.0	3.48721e-07
0.06635	1.49697			6635.0	6.4511e-07
0.0664	1.44086			6640.0	1.27801e-06
0.06645	1.33117			6645.0	2.6757e-06
0.0665	1.30056			6650.0	1.83118e-06
0.06655	1.39494			6655.0	7.45488e-07
0.0666	1.423			6660.0	3.85298e-07
0.06665	1.41535			6665.0	1.32075e-06
0.0667	1.47146			6670.0	1.03057e-06
0.06675	1.46636			6675.0	3.18068e-07
0.0668	1.38219			6680.0	5.92814e-07
0.06685	1.40514			6685.0	6.48094e-07
0.0669	1.49442			6690.0	5.34394e-08
0.06695	1.51738			6695.0	1.44141e-07
0.067	1.48677			6700.0	8.58519e-07
0.06705	1.46381			6705.0	1.72628e-07
0.0671	1.40004			6710.0	7.10503e-09
0.06715	1.4128			6715.0	2.07858e-07
0.0672	1.45616			6720.0	6.59813e-07
0.06725	1.45106			6725.0	5.24479e-07
0.0673	1.4128			6730.0	2.39275e-07
0.06735	1.32352			6735.0	2.5798e-07
0.0674	1.29801			6740.0	8.88126e-07
0.06745	1.36688			6745.0	6.29279e-07
0.0675	1.4179			6750.0	4.59347e-07
0.06755	1.32352			6755.0	3.71514e-06
0.0676	1.28016			6760.0	4.13827e-06
0.06765	1.38984			6765.0	1.24946e-06
0.0677	1.37709			6770.0	5.63263e-07
0.06775	1.35923			6775.0	6.02915e-07
0.0678	1.32097			6780.0	9.39355e-07
0.06785	1.37198			6785.0	1.00291e-06
0.0679	1.42045			6790.0	4.76278e-07
0.06795	1.40004			6795.0	9.61006e-07
0.068	1.33627			6800.0	1.94793e-06
0.06805	1.32097			6805.0	1.36545e-06
0.0681	1.33372			6810.0	2.80106e-07
0.06815	1.4128			6815.0	6.11671e-08
0.0682	1.38729			6820.0	1.03096e-07
0.06825	1.32352			6825.0	3.43822e-08
0.0683	1.35668			6830.0	6.51599e-08
0.06835	1.42555			6835.0	9.07426e-08
0.0684	1.48422			6840.0	2.61573e-07
0.06845	1.50973			6845.0	1.65207e-07
0.0685	1.51228			6850.0	9.58008e-07
0.06855	1.46126			6855.0	8.2339e-07
0.0686	1.33627			6860.0	8.29807e-08
0.06865	1.35413			6865.0	1.16588e-07
0.0687	1.48167			6870.0	7.65772e-07
0.06875	1.50973			6875.0	4.49943e-07
0.0688	1.32097			6880.0	2.66051e-07
0.06885	1.23934			6885.0	1.80264e-07
0.0689	1.32352			6890.0	8.45832e-07
0.06895	1.39749			6895.0	4.99956e-07
0.069	1.36433			6900.0	3.47296e-08
0.06905	1.32352			6905.0	1.54506e-07
0.0691	1.33117			6910.0	3.87911e-07
0.06915	1.38984			6915.0	1.28749e-07
0.0692	1.42045			6920.0	5.33795e-07
0.06925	1.52503			6925.0	4.53783e-07
0.0693	1.53013			6930.0	7.11538e-07
0.06935	1.48167			6935.0	3.1448e-08
0.0694	1.46636			6940.0	1.90756e-07
0.06945	1.53013			6945.0	3.60131e-09
0.0695	1.61941			6950.0	1.5932e-09
0.06955	1.5735			6955.0	5.47974e-07
0.0696	1.54289			6960.0	8.40054e-07
0.06965	1.56329			6965.0	6.16784e-07
0.0697	1.52248			6970.0	1.16096e-07
0.06975	1.43575			6975.0	6.08715e-07
0.0698	1.48422			6980.0	6.53933e-07
0.06985	1.50207			6985.0	1.88343e-07
0.0699	1.46636			6990.0	2.28575e-07
0.06995	1.36943			6995.0	1.04142e-07
0.07	1.24189			7000.0	1.62213e-07
0.07005	1.24699			7005.0	4.11036e-07
0.0701	1.26995			7010.0	3.0644e-07
0.07015	1.23424			7015.0	2.81779e-07
0.0702	1.24955			7020.0	5.25951e-07
0.07025	1.24955			7025.0	2.5482e-07
0.0703	1.24444			7030.0	5.07195e-09
0.07035	1.21383			7035.0	1.27286e-06
0.0704	1.14751			7040.0	7.57449e-07
0.07045	1.09905			7045.0	4.23035e-08
0.0705	1.14496			7050.0	3.66643e-07
0.07055	1.24189			7055.0	8.83963e-07
0.0706	1.26995			7060.0	2.38978e-06
0.07065	1.23169			7065.0	2.07152e-06
0.0707	1.26485			7070.0	1.21934e-06
0.07075	1.33372			7075.0	2.76921e-07
0.0708	1.38474			7080.0	2.975e-07
0.07085	1.44596			7085.0	4.9121e-08
0.0709	1.58625			7090.0	1.91498e-07
0.07095	1.55564			7095.0	2.40269e-07
0.071	1.50207			7100.0	2.36936e-09
0.07105	1.55819			7105.0	1.18493e-07
0.0711	1.56074			7110.0	1.11096e-06
0.07115	1.53779			7115.0	1.46163e-06
0.0712	1.4077			7120.0	6.08215e-07
0.07125	1.40514			7125.0	2.35219e-07
0.0713	1.4077			7130.0	6.09856e-07
0.07135	1.43065			7135.0	5.78978e-07
0.0714	1.40259			7140.0	7.95774e-08
0.07145	1.42045			7145.0	4.96545e-08
0.0715	1.32862			7150.0	3.87677e-07
0.07155	1.32607			7155.0	3.34591e-08
0.0716	1.39494			7160.0	6.25742e-09
0.07165	1.45106			7165.0	2.27446e-08
0.0717	1.42555			7170.0	2.23131e-07
0.07175	1.36943			7175.0	4.6661e-07
0.0718	1.39749			7180.0	1.01753e-07
0.07185	1.49697			7185.0	1.70115e-07
0.0719	1.57095			7190.0	1.10294e-07
0.07195	1.48677			7195.0	2.41315e-07
0.072	1.48932			7200.0	2.93644e-07
0.07205	1.48677			7205.0	1.52412e-07
0.0721	1.46636			7210.0	7.21315e-07
0.07215	1.48167			7215.0	3.03151e-07
0.0722	1.53523			7220.0	1.60916e-07
0.07225	1.46126			7225.0	9.52256e-08
0.0723	1.38474			7230.0	1.8311e-08
0.07235	1.35668			7235.0	2.77592e-07
0.0724	1.35413			7240.0	9.20584e-07
0.07245	1.37964			7245.0	5.88643e-07
0.0725	1.34648			7250.0	1.2059e-07
0.07255	1.29036			7255.0	1.31859e-07
0.0726	1.24189			7260.0	1.84015e-07
0.07265	1.25975			7265.0	5.58735e-07
0.0727	1.2572			7270.0	4.3324e-07
0.07275	1.28781			7275.0	3.23953e-08
0.0728	1.24189			7280.0	1.21043e-07
0.07285	1.12966			7285.0	5.4841e-08
0.0729	1.19598			7290.0	1.70138e-07
0.07295	1.26995			7295.0	2.8939e-07
0.073	1.2725			7300.0	1.3783e-07
0.07305	1.23169			7305.0	5.97628e-07
0.0731	1.31332			7310.0	9.36667e-07
0.07315	1.50463			7315.0	3.82545e-07
0.0732	1.56584			7320.0	4.25145e-08
0.07325	1.53779			7325.0	3.8666e-08
0.0733	1.52758			7330.0	1.14546e-08
0.07335	1.51993			7335.0	5.23376e-08
0.0734	1.54799			7340.0	5.53188e-08
0.07345	1.60921			7345.0	1.28074e-08
0.0735	1.59645			7350.0	7.47565e-09
0.07355	1.51228			7355.0	1.54738e-07
0.0736	1.38474			7360.0	5.85939e-07
0.07365	1.34393			7365.0	7.36738e-07
0.0737	1.40004			7370.0	4.85201e-07
0.07375	1.39494			7375.0	1.4119e-07
0.0738	1.30056			7380.0	5.23232e-08
0.07385	1.28526			7385.0	3.0242e-08
0.0739	1.29291			7390.0	2.22974e-08
0.07395	1.31332			7395.0	1.87749e-08
0.074	1.35158			7400.0	1.98343e-07
0.07405	1.34903			7405.0	7.11403e-08
0.0741	1.28271			7410.0	1.69359e-08
0.07415	1.29036			7415.0	6.28845e-08
0.0742	1.36178			7420.0	1.06147e-07
0.07425	1.47657			7425.0	3.32311e-07
0.0743	1.48422			7430.0	1.56793e-07
0.07435	1.41025			7435.0	1.47449e-07
0.0744	1.44596			7440.0	1.19373e-07
0.07445	1.50463			7445.0	5.27545e-07
0.0745	1.46636			7450.0	7.66948e-07
0.07455	1.45361			7455.0	3.11707e-07
0.0746	1.50718			7460.0	2.5357e-07
0.07465	1.59135			7465.0	4.7907e-07
0.0747	1.47402			7470.0	1.63471e-07
0.07475	1.35668			7475.0	1.31585e-07
0.0748	1.33627			7480.0	7.20303e-08
0.07485	1.39239			7485.0	1.90739e-07
0.0749	1.423			7490.0	1.14985e-07
0.07495	1.38984			7495.0	8.18297e-08
0.075	1.34393			7500.0	5.97215e-07
0.07505	1.32097			7505.0	1.25245e-06
0.0751	1.34648			7510.0	1.06594e-06
0.07515	1.31332			7515.0	3.50954e-07
0.0752	1.24444			7520.0	1.08796e-07
0.07525	1.15262			7525.0	9.53537e-08
0.0753	1.21639			7530.0	2.08903e-07
0.07535	1.31332			7535.0	6.08992e-08
0.0754	1.33372			7540.0	1.21633e-07
0.07545	1.24699			7545.0	4.55891e-08
0.0755	1.24189			7550.0	8.42401e-09
0.07555	1.42555			7555.0	7.19081e-08
0.0756	1.51738			7560.0	1.91722e-07
0.07565	1.51228			7565.0	3.42253e-08
0.0757	1.52758			7570.0	2.20527e-08
0.07575	1.53779			7575.0	1.57106e-08
0.0758	1.599			7580.0	1.51285e-07
0.07585	1.57095			7585.0	1.32285e-07
0.0759	1.55819			7590.0	4.78866e-09
0.07595	1.48167			7595.0	2.91575e-08
0.076	1.53523			7600.0	1.15909e-07
0.07605	1.51483			7605.0	4.5809e-08
0.0761	1.42555			7610.0	1.761e-07
0.07615	1.35413			7615.0	3.78827e-07
0.0762	1.35413			7620.0	6.0809e-08
0.07625	1.33882			7625.0	7.05255e-09
0.0763	1.29291			7630.0	5.53387e-08
0.07635	1.35413			7635.0	2.04028e-07
0.0764	1.38474			7640.0	7.72515e-09
0.07645	1.35413			7645.0	3.47125e-08
0.0765	1.33627			7650.0	1.91378e-07
0.07655	1.24699			7655.0	1.78925e-07
0.0766	1.20873			7660.0	4.36205e-08
0.07665	1.40514			7665.0	2.14328e-08
0.0767	1.45106			7670.0	7.87789e-08
0.07675	1.37198			7675.0	6.7823e-08
0.0768	1.40514			7680.0	5.20388e-08
0.07685	1.48167			7685.0	2.81133e-08
0.0769	1.35158			7690.0	7.50841e-08
0.07695	1.34393			7695.0	1.27982e-07
0.077	1.48422			7700.0	4.02561e-08
0.07705	1.55309			7705.0	3.74354e-08
0.0771	1.48677			7710.0	5.24818e-08
0.07715	1.4128			7715.0	4.43885e-08
0.0772	1.41025			7720.0	1.24418e-07
0.07725	1.48932			7725.0	7.4038e-08
0.0773	1.54034			7730.0	2.23887e-07
0.07735	1.4383			7735.0	3.63377e-08
0.0774	1.35668			7740.0	1.18877e-08
0.07745	1.423			7745.0	3.65574e-08
0.0775	1.48167			7750.0	1.33295e-08
0.07755	1.44086			7755.0	9.27562e-08
0.0776	1.2572			7760.0	4.49273e-08
0.07765	1.23679			7765.0	5.98728e-08
0.0777	1.29546			7770.0	7.14725e-08
0.07775	1.25975			7775.0	1.46266e-07
0.0778	1.19853			7780.0	2.15401e-07
0.07785	1.31842			7785.0	1.25551e-07
0.0779	1.28271			7790.0	6.53144e-08
0.07795	1.2776			7795.0	3.88422e-08
0.078	1.41535			7800.0	2.46438e-08
0.07805	1.49442			7805.0	4.57896e-09
0.0781	1.51483			7810.0	2.12156e-07
0.07815	1.49187			7815.0	3.74831e-07
0.0782	1.49442			7820.0	9.17802e-08
0.07825	1.45616			7825.0	3.63017e-08
0.0783	1.4077			7830.0	1.48764e-07
0.07835	1.48167			7835.0	8.22718e-08
0.0784	1.49697			7840.0	6.18853e-08
0.07845	1.38984			7845.0	3.45319e-08
0.0785	1.32097			7850.0	5.3398e-09
0.07855	1.32862			7855.0	8.6487e-08
0.0786	1.37964			7860.0	3.73987e-08
0.07865	1.38219			7865.0	2.3445e-08
0.0787	1.36943			7870.0	6.58261e-08
0.07875	1.34903			7875.0	8.52883e-08
0.0788	1.36688			7880.0	1.32435e-07
0.07885	1.51738			7885.0	1.77384e-07
0.0789	1.45871			7890.0	8.39186e-08
0.07895	1.39494			7895.0	8.57682e-08
0.079	1.36178			7900.0	2.53398e-07
0.07905	1.4179			7905.0	3.89747e-07
0.0791	1.45361			7910.0	4.38206e-07
0.07915	1.39749			7915.0	1.48732e-07
0.0792	1.40004			7920.0	1.23943e-08
0.07925	1.43065			7925.0	7.25176e-08
0.0793	1.44341			7930.0	7.76115e-08
0.07935	1.38984			7935.0	4.04559e-08
0.0794	1.40259			7940.0	2.43013e-09
0.07945	1.46636			7945.0	6.49597e-08
0.0795	1.41535			7950.0	2.74589e-07
0.07955	1.47912			7955.0	1.29553e-07
0.0796	1.50207			7960.0	1.39064e-07
0.07965	1.4332			7965.0	4.99135e-08
0.0797	1.423			7970.0	3.22596e-08
0.07975	1.45106			7975.0	6.66176e-08
0.0798	1.37964			7980.0	1.05038e-07
0.07985	1.34903			7985.0	1.90974e-08
0.0799	1.39494			7990.0	2.32816e-07
0.07995	1.33117			7995.0	2.17125e-07
0.08	1.24189			8000.0	1.53614e-07
0.08005	1.21383			8005.0	6.38055e-08
0.0801	1.22149			8010.0	4.63014e-08
0.08015	1.20363			8015.0	3.19847e-08
0.0802	1.21894			8020.0	1.55804e-07
0.08025	1.24955			8025.0	1.07647e-07
0.0803	1.28016			8030.0	6.83439e-08
0.08035	1.43065			8035.0	1.34541e-07
0.0804	1.48422			8040.0	1.42279e-07
0.08045	1.4332			8045.0	1.12179e-07
0.0805	1.44086			8050.0	5.91917e-09
0.08055	1.48932			8055.0	4.35747e-07
0.0806	1.46891			8060.0	3.47456e-07
0.08065	1.38729			8065.0	4.45836e-08
0.0807	1.40004			8070.0	2.12773e-07
0.08075	1.42555			8075.0	5.08855e-07
0.0808	1.43575			8080.0	3.74949e-07
0.08085	1.33882			8085.0	3.35573e-07
0.0809	1.33627			8090.0	7.97384e-08
0.08095	1.30311			8095.0	2.3034e-10
0.081	1.2776			8100.0	1.34694e-07
0.08105	1.29291			8105.0	1.90022e-07
0.0811	1.38219			8110.0	6.96321e-09
0.08115	1.4179			8115.0	5.0379e-08
0.0812	1.44086			8120.0	1.91941e-07
0.08125	1.38219			8125.0	9.43882e-08
0.0813	1.37964			8130.0	1.31334e-07
0.08135	1.37964			8135.0	1.39731e-08
0.0814	1.39494			8140.0	1.25856e-07
0.08145	1.46891			8145.0	9.90909e-08
0.0815	1.54289			8150.0	5.66259e-09
0.08155	1.48422			8155.0	9.16899e-08
0.0816	1.45361			8160.0	7.43514e-09
0.08165	1.53268			8165.0	5.57303e-08
0.0817	1.46891			8170.0	1.75821e-07
0.08175	1.44341			8175.0	5.95296e-08
0.0818	1.48167			8180.0	5.00439e-08
0.08185	1.54799			8185.0	3.64702e-09
0.0819	1.46636			8190.0	5.08926e-08
0.08195	1.46636			8195.0	2.41238e-08
0.082	1.40004			8200.0	3.45612e-08
0.08205	1.37709			8205.0	5.28881e-08
0.0821	1.45106			8210.0	7.94821e-09
0.08215	1.33372			8215.0	1.4457e-08
0.0822	1.2674			8220.0	3.49781e-08
0.08225	1.34393			8225.0	1.36983e-07
0.0823	1.39494			8230.0	3.37489e-07
0.08235	1.2725			8235.0	2.83797e-07
0.0824	1.23934			8240.0	1.71654e-07
0.08245	1.20618			8245.0	2.41804e-07
0.0825	1.16792			8250.0	2.2119e-08
0.08255	1.26485			8255.0	5.04363e-08
0.0826	1.2674			8260.0	5.37582e-07
0.08265	1.23424			8265.0	6.97367e-07
0.0827	1.29036			8270.0	1.91757e-08
0.08275	1.35413			8275.0	9.32647e-08
0.0828	1.47657			8280.0	4.14034e-08
0.08285	1.46126			8285.0	2.32391e-07
0.0829	1.43575			8290.0	9.92499e-08
0.08295	1.50207			8295.0	2.70551e-09
0.083	1.57095			8300.0	4.00434e-08
0.08305	1.52503			8305.0	1.28696e-07
0.0831	1.49697			8310.0	1.03343e-08
0.08315	1.51483			8315.0	4.3734e-08
0.0832	1.56074			8320.0	1.00328e-07
0.08325	1.49697			8325.0	1.78077e-07
0.0833	1.49442			8330.0	4.04876e-08
0.08335	1.49442			8335.0	1.63627e-07
0.0834	1.46126			8340.0	1.76387e-07
0.08345	1.44341			8345.0	5.00593e-08
0.0835	1.38729			8350.0	9.74334e-08
0.08355	1.35923			8355.0	3.56246e-07
0.0836	1.43065			8360.0	1.62958e-07
0.08365	1.49697			8365.0	1.82614e-09
0.0837	1.36433			8370.0	1.04545e-07
0.08375	1.31587			8375.0	9.62825e-08
0.0838	1.38474			8380.0	6.43056e-09
0.08385	1.36433			8385.0	1.03096e-08
0.0839	1.34393			8390.0	1.23537e-08
0.08395	1.34393			8395.0	4.39487e-08
0.084	1.38474			8400.0	5.49761e-08
0.08405	1.35413			8405.0	2.86855e-08
0.0841	1.36433			8410.0	3.48424e-08
0.08415	1.28526			8415.0	1.91967e-07
0.0842	1.31842			8420.0	3.46998e-07
0.08425	1.33882			8425.0	2.78002e-07
0.0843	1.4077			8430.0	1.17389e-07
0.08435	1.40004			8435.0	1.04298e-07
0.0844	1.43065			8440.0	2.26794e-08
0.08445	1.40259			8445.0	3.78777e-08
0.0845	1.43575			8450.0	8.21976e-08
0.08455	1.37964			8455.0	1.03851e-07
0.0846	1.35668			8460.0	1.62348e-07
0.08465	1.38219			8465.0	4.92006e-09
0.0847	1.39494			8470.0	2.98959e-07
0.08475	1.43065			8475.0	6.0783e-07
0.0848	1.39239			8480.0	5.06995e-07
0.08485	1.29801			8485.0	7.58691e-08
0.0849	1.31842			8490.0	1.35199e-08
0.08495	1.29291			8495.0	3.67227e-09
0.085	1.28271			8500.0	4.32147e-09
0.08505	1.38219			8505.0	1.24697e-10
0.0851	1.4128			8510.0	1.01708e-08
0.08515	1.36433			8515.0	4.39448e-08
0.0852	1.33117			8520.0	6.70347e-09
0.08525	1.42045			8525.0	1.13902e-07
0.0853	1.51483			8530.0	2.67995e-07
0.08535	1.50973			8535.0	5.24813e-08
0.0854	1.41535			8540.0	1.81748e-07
0.08545	1.45616			8545.0	3.40292e-07
0.0855	1.56074			8550.0	1.25443e-07
0.08555	1.49187			8555.0	8.81691e-08
0.0856	1.40514			8560.0	1.52941e-07
0.08565	1.49697			8565.0	6.36728e-08
0.0857	1.45616			8570.0	1.11045e-07
0.08575	1.32097			8575.0	5.62562e-08
0.0858	1.38219			8580.0	3.13685e-10
0.08585	1.42555			8585.0	8.23199e-08
0.0859	1.4128			8590.0	4.21394e-07
0.08595	1.38984			8595.0	5.36515e-07
0.086	1.44596			8600.0	2.47699e-07
0.08605	1.38729			8605.0	1.00741e-07
0.0861	1.41025			8610.0	4.56268e-08
0.08615	1.50463			8615.0	1.43488e-07
0.0862	1.40004			8620.0	1.92811e-08
0.08625	1.35668			8625.0	6.18385e-08
0.0863	1.42045			8630.0	1.22736e-07
0.08635	1.46381			8635.0	4.31698e-08
0.0864	1.36943			8640.0	1.72838e-08
0.08645	1.39239			8645.0	4.46061e-08
0.0865	1.42555			8650.0	7.39292e-08
0.08655	1.37964			8655.0	4.25067e-07
0.0866	1.34137			8660.0	3.63341e-07
0.08665	1.33627			8665.0	1.94346e-07
0.0867	1.35413			8670.0	7.01019e-08
0.08675	1.34903			8675.0	5.47447e-08
0.0868	1.39494			8680.0	9.5903e-08
0.08685	1.35413			8685.0	7.13015e-08
0.0869	1.29291			8690.0	9.74744e-08
0.08695	1.28526			8695.0	5.49458e-08
0.087	1.32097			8700.0	3.43928e-08
0.08705	1.30311			8705.0	8.45327e-09
0.0871	1.28016			8710.0	1.15184e-07
0.08715	1.32862			8715.0	8.86553e-08
0.0872	1.31332			8720.0	2.74992e-08
0.08725	1.24955			8725.0	2.45985e-07
0.0873	1.28271			8730.0	3.13817e-07
0.08735	1.23679			8735.0	5.95826e-08
0.0874	1.19598			8740.0	2.71457e-07
0.08745	1.22659			8745.0	8.18684e-07
0.0875	1.32097			8750.0	1.7038e-07
0.08755	1.31842			8755.0	8.42421e-08
0.0876	1.33117			8760.0	2.48223e-07
0.08765	1.37964			8765.0	1.06331e-08
0.0877	1.4281			8770.0	1.08773e-07
0.08775	1.50463			8775.0	1.70874e-07
0.0878	1.57605			8780.0	1.00003e-07
0.08785	1.54034			8785.0	1.39071e-08
0.0879	1.49952			8790.0	1.34822e-07
0.08795	1.58115			8795.0	3.79624e-07
0.088	1.54544			8800.0	3.31522e-07
0.08805	1.42045			8805.0	1.07135e-07
0.0881	1.46126			8810.0	1.12565e-07
0.08815	1.57095			8815.0	3.39504e-07
0.0882	1.44596			8820.0	1.37596e-07
0.08825	1.40004			8825.0	5.70544e-08
0.0883	1.50973			8830.0	4.12037e-08
0.08835	1.4383			8835.0	2.70573e-08
0.0884	1.37709			8840.0	1.14532e-07
0.08845	1.40514			8845.0	5.43373e-09
0.0885	1.4332			8850.0	3.20823e-07
0.08855	1.48677			8855.0	2.43491e-07
0.0886	1.55054			8860.0	2.49553e-08
0.08865	1.42045			8865.0	2.27411e-07
0.0887	1.31332			8870.0	2.59568e-07
0.08875	1.40004			8875.0	1.29342e-07
0.0888	1.42555			8880.0	1.20493e-07
0.08885	1.4179			8885.0	1.02497e-07
0.0889	1.33372			8890.0	4.63829e-08
0.08895	1.38474			8895.0	6.77037e-08
0.089	1.4077			8900.0	2.08203e-07
0.08905	1.40259			8905.0	1.57744e-07
0.0891	1.2623			8910.0	5.22191e-08
0.08915	1.27505			8915.0	5.93263e-09
0.0892	1.36433			8920.0	7.39538e-08
0.08925	1.36433			8925.0	3.92725e-07
0.0893	1.32352			8930.0	5.42571e-07
0.08935	1.34137			8935.0	4.483e-07
0.0894	1.33117			8940.0	3.3584e-07
0.08945	1.35668			8945.0	7.1793e-08
0.0895	1.35158			8950.0	3.22737e-08
0.08955	1.24444			8955.0	1.74832e-07
0.0896	1.35923			8960.0	6.92794e-08
0.08965	1.48677			8965.0	2.16073e-08
0.0897	1.37453			8970.0	1.47268e-07
0.08975	1.29801			8975.0	1.40611e-07
0.0898	1.32352			8980.0	1.71988e-08
0.08985	1.38984			8985.0	2.45089e-08
0.0899	1.32862			8990.0	2.85268e-08
0.08995	1.32352			8995.0	6.53057e-08
0.09	1.39239			9000.0	1.66807e-07
0.09005	1.44086			9005.0	3.72658e-07
0.0901	1.41025			9010.0	5.22657e-07
0.09015	1.47146			9015.0	9.95491e-09
0.0902	1.52758			9020.0	5.41947e-07
0.09025	1.53523			9025.0	4.14701e-07
0.0903	1.40514			9030.0	4.40991e-08
0.09035	1.49952			9035.0	1.17443e-07
0.0904	1.55564			9040.0	1.95875e-07
0.09045	1.41535			9045.0	1.67379e-07
0.0905	1.30821			9050.0	3.47451e-07
0.09055	1.49697			9055.0	1.03501e-07
0.0906	1.46891			9060.0	4.33356e-09
0.09065	1.29546			9065.0	1.00524e-07
0.0907	1.35413			9070.0	1.08907e-07
0.09075	1.44596			9075.0	7.48707e-08
0.0908	1.36943			9080.0	9.84615e-08
0.09085	1.38729			9085.0	2.3809e-07
0.0909	1.37453			9090.0	4.17752e-07
0.09095	1.44596			9095.0	2.71501e-07
0.091	1.49952			9100.0	9.35102e-08
0.09105	1.47912			9105.0	2.89145e-08
0.0911	1.44086			9110.0	1.91297e-07
0.09115	1.42045			9115.0	5.62144e-07
0.0912	1.4383			9120.0	1.00615e-07
0.09125	1.48677			9125.0	5.65991e-08
0.0913	1.38984			9130.0	5.05707e-08
0.09135	1.39749			9135.0	5.52825e-08
0.0914	1.46891			9140.0	1.5357e-08
0.09145	1.40514			9145.0	2.3117e-08
0.0915	1.32097			9150.0	8.10861e-08
0.09155	1.38984			9155.0	5.9345e-08
0.0916	1.33882			9160.0	2.78e-08
0.09165	1.32097			9165.0	4.05367e-08
0.0917	1.35923			9170.0	7.57528e-08
0.09175	1.32352			9175.0	2.09469e-08
0.0918	1.2725			9180.0	3.79577e-08
0.09185	1.32607			9185.0	2.51557e-08
0.0919	1.30056			9190.0	2.24977e-07
0.09195	1.28781			9195.0	4.66995e-07
0.092	1.34903			9200.0	4.71001e-07
0.09205	1.4128			9205.0	4.59715e-07
0.0921	1.38219			9210.0	2.53192e-07
0.09215	1.38729			9215.0	1.56025e-08
0.0922	1.33882			9220.0	8.55175e-09
0.09225	1.31076			9225.0	1.11941e-07
0.0923	1.35668			9230.0	9.19612e-08
0.09235	1.41535			9235.0	1.48316e-08
0.0924	1.45106			9240.0	1.45062e-07
0.09245	1.38474			9245.0	1.29871e-07
0.0925	1.44341			9250.0	3.73206e-08
0.09255	1.54799			9255.0	3.00504e-08
0.0926	1.5786			9260.0	3.23018e-08
0.09265	1.47657			9265.0	4.55038e-09
0.0927	1.44851			9270.0	5.97539e-08
0.09275	1.52503			9275.0	2.1328e-07
0.0928	1.52503			9280.0	4.65796e-07
0.09285	1.40514			9285.0	3.79963e-07
0.0929	1.37198			9290.0	7.80898e-08
0.09295	1.44596			9295.0	7.42554e-08
0.093	1.46636			9300.0	7.59658e-08
0.09305	1.31076			9305.0	4.01152e-08
0.0931	1.29546			9310.0	3.80228e-08
0.09315	1.32352			9315.0	1.11797e-07
0.0932	1.35923			9320.0	2.56886e-07
0.09325	1.34393			9325.0	2.08401e-07
0.0933	1.34137			9330.0	5.76038e-08
0.09335	1.40259			9335.0	1.19029e-07
0.0934	1.48167			9340.0	1.58956e-07
0.09345	1.47402			9345.0	2.05456e-07
0.0935	1.40004			9350.0	1.12464e-07
0.09355	1.44341			9355.0	7.8725e-09
0.0936	1.51738			9360.0	6.30866e-08
0.09365	1.49952			9365.0	2.39666e-07
0.0937	1.42045			9370.0	8.10419e-08
0.09375	1.45106			9375.0	3.41035e-08
0.0938	1.52503			9380.0	3.6979e-08
0.09385	1.53779			9385.0	2.03981e-07
0.0939	1.44086			9390.0	4.98272e-08
0.09395	1.45106			9395.0	1.77454e-07
0.094	1.45106			9400.0	2.01769e-07
0.09405	1.42555			9405.0	2.15231e-07
0.0941	1.42555			9410.0	4.69354e-07
0.09415	1.33627			9415.0	3.66941e-07
0.0942	1.31587			9420.0	4.84992e-07
0.09425	1.32607			9425.0	2.95661e-07
0.0943	1.28016			9430.0	1.26945e-07
0.09435	1.18833			9435.0	1.75139e-07
0.0944	1.19853			9440.0	2.89118e-07
0.09445	1.16027			9445.0	1.69456e-07
0.0945	1.18067			9450.0	8.88683e-09
0.09455	1.2623			9455.0	3.37666e-08
0.0946	1.2725			9460.0	1.75078e-07
0.09465	1.21383			9465.0	5.57927e-08
0.0947	1.20108			9470.0	7.10196e-08
0.09475	1.2725			9475.0	2.24801e-07
0.0948	1.33117			9480.0	1.70938e-07
0.09485	1.33627			9485.0	3.37919e-07
0.0949	1.36433			9490.0	1.89281e-07
0.09495	1.33627			9495.0	1.86143e-08
0.095	1.45616			9500.0	8.48889e-08
0.09505	1.5786			9505.0	2.71927e-09
0.0951	1.53779			9510.0	3.42392e-07
0.09515	1.47146			9515.0	1.9993e-07
0.0952	1.47402			9520.0	4.12261e-08
0.09525	1.49442			9525.0	1.90696e-07
0.0953	1.47912			9530.0	1.52039e-07
0.09535	1.50973			9535.0	7.21654e-08
0.0954	1.46126			9540.0	3.92783e-08
0.09545	1.44596			9545.0	1.25956e-09
0.0955	1.39494			9550.0	1.89001e-08
0.09555	1.34903			9555.0	7.66885e-08
0.0956	1.38729			9560.0	2.3011e-07
0.09565	1.45616			9565.0	3.18888e-08
0.0957	1.38474			9570.0	2.66494e-08
0.09575	1.27505			9575.0	1.3491e-07
0.0958	1.32352			9580.0	3.89188e-07
0.09585	1.4077			9585.0	3.69018e-07
0.0959	1.40004			9590.0	3.63165e-08
0.09595	1.38219			9595.0	1.11767e-07
0.096	1.34393			9600.0	4.11968e-08
0.09605	1.40514			9605.0	1.44947e-07
0.0961	1.50207			9610.0	1.27465e-07
0.09615	1.50718			9615.0	1.44312e-08
0.0962	1.45106			9620.0	2.64298e-07
0.09625	1.46381			9625.0	1.57396e-08
0.0963	1.48677			9630.0	1.84535e-07
0.09635	1.43575			9635.0	7.97257e-08
0.0964	1.48422			9640.0	1.15301e-07
0.09645	1.48167			9645.0	3.79469e-07
0.0965	1.423			9650.0	3.63682e-07
0.09655	1.40004			9655.0	6.00605e-08
0.0966	1.35668			9660.0	3.80359e-09
0.09665	1.2725			9665.0	5.35096e-08
0.0967	1.27505			9670.0	2.8872e-07
0.09675	1.26995			9675.0	2.54411e-07
0.0968	1.24189			9680.0	1.19246e-08
0.09685	1.2776			9685.0	2.90083e-07
0.0969	1.34137			9690.0	1.4102e-07
0.09695	1.34903			9695.0	5.80138e-09
0.097	1.30056			9700.0	1.25225e-07
0.09705	1.30056			9705.0	1.45735e-07
0.0971	1.26995			9710.0	8.86923e-08
0.09715	1.28271			9715.0	1.13316e-07
0.0972	1.36433			9720.0	9.97949e-08
0.09725	1.36433			9725.0	1.8551e-08
0.0973	1.36943			9730.0	5.55853e-08
0.09735	1.4281			9735.0	3.37268e-08
0.0974	1.50207			9740.0	1.27279e-07
0.09745	1.52758			9745.0	1.92358e-07
0.0975	1.49697			9750.0	2.09429e-07
0.09755	1.54799			9755.0	1.88046e-07
0.0976	1.5684			9760.0	2.71231e-07
0.09765	1.55054			9765.0	1.59346e-07
0.0977	1.52503			9770.0	2.33487e-09
0.09775	1.52248			9775.0	1.98185e-07
0.0978	1.51738			9780.0	1.59639e-07
0.09785	1.50207			9785.0	1.25045e-07
0.0979	1.4077			9790.0	4.23578e-09
0.09795	1.36688			9795.0	1.02251e-08
0.098	1.39239			9800.0	3.49839e-07
0.09805	1.33372			9805.0	4.96256e-07
0.0981	1.27505			9810.0	1.34498e-08
0.09815	1.2674			9815.0	6.60852e-08
0.0982	1.32607			9820.0	4.6739e-07
0.09825	1.38474			9825.0	2.90147e-07
0.0983	1.38729			9830.0	2.81232e-08
0.09835	1.31842			9835.0	1.18106e-08
0.0984	1.30821			9840.0	1.69282e-07
0.09845	1.35668			9845.0	3.95257e-07
0.0985	1.42555			9850.0	3.19071e-07
0.09855	1.42555			9855.0	2.16256e-07
0.0986	1.45361			9860.0	8.13753e-07
0.09865	1.51228			9865.0	3.93141e-07
0.0987	1.52248			9870.0	1.76275e-08
0.09875	1.48677			9875.0	1.06115e-09
0.0988	1.44596			9880.0	4.77031e-08
0.09885	1.423			9885.0	2.34356e-08
0.0989	1.4281			9890.0	8.28275e-08
0.09895	1.39239			9895.0	1.29103e-07
0.099	1.32352			9900.0	2.85629e-07
0.09905	1.36433			9905.0	3.00775e-07
0.0991	1.36433			9910.0	3.19048e-07
0.09915	1.2776			9915.0	7.80477e-07
0.0992	1.2623			9920.0	6.06683e-07
0.09925	1.24444			9925.0	4.4336e-07
0.0993	1.23934			9930.0	1.91412e-07
0.09935	1.29291			9935.0	4.75358e-09
0.0994	1.28271			9940.0	1.41724e-07
0.09945	1.19598			9945.0	3.85503e-07
0.0995	1.20108			9950.0	5.35612e-07
0.09955	1.23679			9955.0	3.87194e-07
0.0996	1.21128			9960.0	2.01913e-07
0.09965	1.22149			9965.0	1.50861e-07
0.0997	1.33882			9970.0	7.86569e-08
0.09975	1.4077			9975.0	2.10666e-08
0.0998	1.50207			9980.0	3.49859e-08
0.09985	1.52248			9985.0	9.62948e-08
0.0999	1.52758			9990.0	2.88028e-08
0.09995	1.59645			9995.0	6.13929e-08
0.1	1.599				
0.10005	1.52248				
0.1001	1.57605				
0.10015	1.64492				
0.1002	1.63982				
0.10025	1.54544				
0.1003	1.4281				
0.10035	1.4077				
0.1004	1.42045				
0.10045	1.39239				
0.1005	1.39239				
0.10055	1.37709				
0.1006	1.35413				
0.10065	1.36943				
0.1007	1.33117				
0.10075	1.2674				
0.1008	1.31587				
0.10085	1.39239				
0.1009	1.41535				
0.10095	1.40004				
0.101	1.43575				
0.10105	1.46126				
0.1011	1.43575				
0.10115	1.44086				
0.1012	1.54544				
0.10125	1.53268				
0.1013	1.48677				
0.10135	1.423				
0.1014	1.38729				
0.10145	1.4332				
0.1015	1.42555				
0.10155	1.36178				
0.1016	1.39494				
0.10165	1.41535				
0.1017	1.33882				
0.10175	1.28016				
0.1018	1.24699				
0.10185	1.19853				
0.1019	1.20108				
0.10195	1.24444				
0.102	1.20108				
0.10205	1.15517				
0.1021	1.20618				
0.10215	1.29801				
0.1022	1.35413				
0.10225	1.34137				
0.1023	1.37964				
0.10235	1.50463				
0.1024	1.51738				
0.10245	1.46636				
0.1025	1.52503				
0.10255	1.5939				
0.1026	1.52758				
0.10265	1.4332				
0.1027	1.38474				
0.10275	1.46891				
0.1028	1.49187				
0.10285	1.43065				
0.1029	1.39494				
0.10295	1.39494				
0.103	1.39494				
0.10305	1.43065				
0.1031	1.38984				
0.10315	1.34137				
0.1032	1.37709				
0.10325	1.41535				
0.1033	1.38729				
0.10335	1.4128				
0.1034	1.45361				
0.10345	1.47402				
0.1035	1.45616				
0.10355	1.36688				
0.1036	1.4332				
0.10365	1.48677				
0.1037	1.49442				
0.10375	1.4179				
0.1038	1.40514				
0.10385	1.41025				
0.1039	1.41025				
0.10395	1.36943				
0.104	1.35923				
0.10405	1.36433				
0.1041	1.38474				
0.10415	1.35413				
0.1042	1.28016				
0.10425	1.18833				
0.1043	1.21128				
0.10435	1.28271				
0.1044	1.2674				
0.10445	1.17047				
0.1045	1.21383				
0.10455	1.30056				
0.1046	1.32097				
0.10465	1.37453				
0.1047	1.47657				
0.10475	1.54799				
0.1048	1.48422				
0.10485	1.46126				
0.1049	1.52503				
0.10495	1.62451				
0.105	1.5786				
0.10505	1.45871				
0.1051	1.42045				
0.10515	1.49697				
0.1052	1.56584				
0.10525	1.48422				
0.1053	1.46126				
0.10535	1.48677				
0.1054	1.47912				
0.10545	1.52248				
0.1055	1.47402				
0.10555	1.38984				
0.1056	1.40004				
0.10565	1.4128				
0.1057	1.35668				
0.10575	1.33627				
0.1058	1.34137				
0.10585	1.34137				
0.1059	1.26995				
0.10595	1.24955				
0.106	1.31587				
0.10605	1.34393				
0.1061	1.31076				
0.10615	1.28271				
0.1062	1.2776				
0.10625	1.30311				
0.1063	1.33372				
0.10635	1.31842				
0.1064	1.36178				
0.10645	1.37964				
0.1065	1.33882				
0.10655	1.31842				
0.1066	1.31842				
0.10665	1.32352				
0.1067	1.34137				
0.10675	1.33117				
0.1068	1.28526				
0.10685	1.28016				
0.1069	1.32352				
0.10695	1.38984				
0.107	1.4332				
0.10705	1.44341				
0.1071	1.47912				
0.10715	1.47912				
0.1072	1.45106				
0.10725	1.44086				
0.1073	1.46891				
0.10735	1.50463				
0.1074	1.48422				
0.10745	1.4383				
0.1075	1.47912				
0.10755	1.46891				
0.1076	1.37709				
0.10765	1.36433				
0.1077	1.48677				
0.10775	1.53779				
0.1078	1.56329				
0.10785	1.50463				
0.1079	1.41535				
0.10795	1.44851				
0.108	1.54544				
0.10805	1.45616				
0.1081	1.47912				
0.10815	1.51738				
0.1082	1.48677				
0.10825	1.37198				
0.1083	1.45106				
0.10835	1.47912				
0.1084	1.45106				
0.10845	1.31842				
0.1085	1.22149				
0.10855	1.22914				
0.1086	1.29036				
0.10865	1.29036				
0.1087	1.21128				
0.10875	1.20108				
0.1088	1.16537				
0.10885	1.15006				
0.1089	1.17047				
0.10895	1.14751				
0.109	1.17557				
0.10905	1.2725				
0.1091	1.2725				
0.10915	1.22149				
0.1092	1.29801				
0.10925	1.35668				
0.1093	1.45361				
0.10935	1.4332				
0.1094	1.423				
0.10945	1.48677				
0.1095	1.56584				
0.10955	1.5888				
0.1096	1.55564				
0.10965	1.55309				
0.1097	1.55054				
0.10975	1.54799				
0.1098	1.52758				
0.10985	1.53013				
0.1099	1.50973				
0.10995	1.46381				
0.11	1.38984				
0.11005	1.37453				
0.1101	1.39239				
0.11015	1.38729				
0.1102	1.35158				
0.11025	1.35923				
0.1103	1.37709				
0.11035	1.40259				
0.1104	1.38219				
0.11045	1.40259				
0.1105	1.46891				
0.11055	1.52758				
0.1106	1.45361				
0.11065	1.42555				
0.1107	1.43575				
0.11075	1.46381				
0.1108	1.48932				
0.11085	1.44596				
0.1109	1.42555				
0.11095	1.4383				
0.111	1.40259				
0.11105	1.38729				
0.1111	1.35413				
0.11115	1.34393				
0.1112	1.39494				
0.11125	1.36943				
0.1113	1.2674				
0.11135	1.30056				
0.1114	1.4077				
0.11145	1.36178				
0.1115	1.24955				
0.11155	1.24955				
0.1116	1.33627				
0.11165	1.38984				
0.1117	1.39494				
0.11175	1.43575				
0.1118	1.47657				
0.11185	1.51738				
0.1119	1.52758				
0.11195	1.55564				
0.112	1.55819				
0.11205	1.53779				
0.1121	1.49442				
0.11215	1.45616				
0.1122	1.44086				
0.11225	1.40259				
0.1123	1.32097				
0.11235	1.32352				
0.1124	1.29801				
0.11245	1.32607				
0.1125	1.29546				
0.11255	1.2674				
0.1126	1.23169				
0.11265	1.25975				
0.1127	1.34903				
0.11275	1.40259				
0.1128	1.38474				
0.11285	1.40004				
0.1129	1.40259				
0.11295	1.33627				
0.113	1.33117				
0.11305	1.42555				
0.1131	1.49187				
0.11315	1.48422				
0.1132	1.41535				
0.11325	1.39494				
0.1133	1.45361				
0.11335	1.50207				
0.1134	1.51483				
0.11345	1.47912				
0.1135	1.44596				
0.11355	1.47402				
0.1136	1.41025				
0.11365	1.28016				
0.1137	1.29801				
0.11375	1.34393				
0.1138	1.26995				
0.11385	1.21383				
0.1139	1.2521				
0.11395	1.31332				
0.114	1.2725				
0.11405	1.24955				
0.1141	1.30056				
0.11415	1.4383				
0.1142	1.53013				
0.11425	1.51228				
0.1143	1.48932				
0.11435	1.52503				
0.1144	1.54034				
0.11445	1.52503				
0.1145	1.49187				
0.11455	1.48677				
0.1146	1.46126				
0.11465	1.4281				
0.1147	1.33627				
0.11475	1.29546				
0.1148	1.4128				
0.11485	1.40004				
0.1149	1.35923				
0.11495	1.33117				
0.115	1.37964				
0.11505	1.37709				
0.1151	1.31842				
0.11515	1.29036				
0.1152	1.32352				
0.11525	1.38984				
0.1153	1.31076				
0.11535	1.28271				
0.1154	1.34137				
0.11545	1.423				
0.1155	1.37709				
0.11555	1.33117				
0.1156	1.39494				
0.11565	1.48167				
0.1157	1.53523				
0.11575	1.50207				
0.1158	1.48677				
0.11585	1.48677				
0.1159	1.46381				
0.11595	1.44596				
0.116	1.44596				
0.11605	1.40514				
0.1161	1.32352				
0.11615	1.2623				
0.1162	1.23679				
0.11625	1.30056				
0.1163	1.30821				
0.11635	1.31332				
0.1164	1.31332				
0.11645	1.34393				
0.1165	1.35158				
0.11655	1.33882				
0.1166	1.26485				
0.11665	1.35413				
0.1167	1.4332				
0.11675	1.4332				
0.1168	1.38984				
0.11685	1.42045				
0.1169	1.41535				
0.11695	1.38984				
0.117	1.43575				
0.11705	1.49442				
0.1171	1.47912				
0.11715	1.47912				
0.1172	1.44596				
0.11725	1.44596				
0.1173	1.51993				
0.11735	1.53779				
0.1174	1.44086				
0.11745	1.44851				
0.1175	1.49442				
0.11755	1.49697				
0.1176	1.42555				
0.11765	1.43575				
0.1177	1.42555				
0.11775	1.44086				
0.1178	1.4077				
0.11785	1.33627				
0.1179	1.38984				
0.11795	1.46381				
0.118	1.42555				
0.11805	1.37198				
0.1181	1.39749				
0.11815	1.45361				
0.1182	1.44341				
0.11825	1.38474				
0.1183	1.34648				
0.11835	1.34393				
0.1184	1.32097				
0.11845	1.30311				
0.1185	1.2521				
0.11855	1.26485				
0.1186	1.28271				
0.11865	1.31332				
0.1187	1.31587				
0.11875	1.34648				
0.1188	1.38474				
0.11885	1.36433				
0.1189	1.33117				
0.11895	1.35668				
0.119	1.47402				
0.11905	1.53779				
0.1191	1.39494				
0.11915	1.34648				
0.1192	1.4179				
0.11925	1.44596				
0.1193	1.42555				
0.11935	1.37453				
0.1194	1.4179				
0.11945	1.46126				
0.1195	1.42555				
0.11955	1.43575				
0.1196	1.42555				
0.11965	1.44851				
0.1197	1.48167				
0.11975	1.4332				
0.1198	1.35413				
0.11985	1.42555				
0.1199	1.47912				
0.11995	1.46891				
0.12	1.35923				
0.12005	1.33117				
0.1201	1.39749				
0.12015	1.36178				
0.1202	1.32097				
0.12025	1.28781				
0.1203	1.33627				
0.12035	1.31842				
0.1204	1.31332				
0.12045	1.30566				
0.1205	1.38729				
0.12055	1.45106				
0.1206	1.45361				
0.12065	1.34903				
0.1207	1.32097				
0.12075	1.39494				
0.1208	1.45361				
0.12085	1.34393				
0.1209	1.2623				
0.12095	1.32607				
0.121	1.38729				
0.12105	1.34137				
0.1211	1.35923				
0.12115	1.40004				
0.1212	1.46381				
0.12125	1.44851				
0.1213	1.42555				
0.12135	1.40514				
0.1214	1.52248				
0.12145	1.51738				
0.1215	1.42555				
0.12155	1.35158				
0.1216	1.40514				
0.12165	1.38729				
0.1217	1.32607				
0.12175	1.36433				
0.1218	1.39494				
0.12185	1.36943				
0.1219	1.34903				
0.12195	1.40004				
0.122	1.37709				
0.12205	1.42045				
0.1221	1.45871				
0.12215	1.423				
0.1222	1.45361				
0.12225	1.44851				
0.1223	1.38474				
0.12235	1.36433				
0.1224	1.4077				
0.12245	1.41025				
0.1225	1.38984				
0.12255	1.33882				
0.1226	1.31332				
0.12265	1.32607				
0.1227	1.40514				
0.12275	1.44596				
0.1228	1.38984				
0.12285	1.423				
0.1229	1.44341				
0.12295	1.38729				
0.123	1.34137				
0.12305	1.34648				
0.1231	1.37453				
0.12315	1.37709				
0.1232	1.33627				
0.12325	1.29036				
0.1233	1.39239				
0.12335	1.34393				
0.1234	1.29801				
0.12345	1.29291				
0.1235	1.43065				
0.12355	1.48422				
0.1236	1.44341				
0.12365	1.43065				
0.1237	1.46636				
0.12375	1.44596				
0.1238	1.34393				
0.12385	1.36433				
0.1239	1.4332				
0.12395	1.4179				
0.124	1.36943				
0.12405	1.31842				
0.1241	1.39494				
0.12415	1.40004				
0.1242	1.34393				
0.12425	1.40514				
0.1243	1.44851				
0.12435	1.53779				
0.1244	1.48422				
0.12445	1.44851				
0.1245	1.48677				
0.12455	1.57095				
0.1246	1.52503				
0.12465	1.44596				
0.1247	1.45361				
0.12475	1.46636				
0.1248	1.4077				
0.12485	1.38219				
0.1249	1.38219				
0.12495	1.35413				
0.125	1.37198				
0.12505	1.37453				
0.1251	1.29291				
0.12515	1.30311				
0.1252	1.40259				
0.12525	1.34648				
0.1253	1.30056				
0.12535	1.32352				
0.1254	1.34393				
0.12545	1.32352				
0.1255	1.30311				
0.12555	1.30311				
0.1256	1.29546				
0.12565	1.4077				
0.1257	1.46636				
0.12575	1.46636				
0.1258	1.44596				
0.12585	1.51228				
0.1259	1.52248				
0.12595	1.423				
0.126	1.36433				
0.12605	1.46891				
0.1261	1.51738				
0.12615	1.38984				
0.1262	1.30311				
0.12625	1.32352				
0.1263	1.29291				
0.12635	1.28781				
0.1264	1.28271				
0.12645	1.30566				
0.1265	1.33882				
0.12655	1.30311				
0.1266	1.21383				
0.12665	1.2776				
0.1267	1.38984				
0.12675	1.4383				
0.1268	1.38219				
0.12685	1.38729				
0.1269	1.48932				
0.12695	1.49952				
0.127	1.4281				
0.12705	1.4179				
0.1271	1.53013				
0.12715	1.5837				
0.1272	1.57095				
0.12725	1.51738				
0.1273	1.43065				
0.12735	1.47657				
0.1274	1.44596				
0.12745	1.36178				
0.1275	1.38984				
0.12755	1.46891				
0.1276	1.4281				
0.12765	1.29036				
0.1277	1.22149				
0.12775	1.29291				
0.1278	1.33882				
0.12785	1.30311				
0.1279	1.21128				
0.12795	1.21639				
0.128	1.23169				
0.12805	1.30566				
0.1281	1.34137				
0.12815	1.31332				
0.1282	1.38984				
0.12825	1.55054				
0.1283	1.49442				
0.12835	1.35158				
0.1284	1.40259				
0.12845	1.52758				
0.1285	1.56329				
0.12855	1.48677				
0.1286	1.4179				
0.12865	1.43065				
0.1287	1.42555				
0.12875	1.37453				
0.1288	1.33372				
0.12885	1.39494				
0.1289	1.46891				
0.12895	1.50207				
0.129	1.40259				
0.12905	1.41535				
0.1291	1.47657				
0.12915	1.47402				
0.1292	1.48677				
0.12925	1.49952				
0.1293	1.53779				
0.12935	1.51738				
0.1294	1.44341				
0.12945	1.43065				
0.1295	1.45871				
0.12955	1.46126				
0.1296	1.36178				
0.12965	1.34137				
0.1297	1.36688				
0.12975	1.36433				
0.1298	1.36688				
0.12985	1.28271				
0.1299	1.29036				
0.12995	1.4077				
0.13	1.40259				
0.13005	1.29801				
0.1301	1.2623				
0.13015	1.2572				
0.1302	1.31076				
0.13025	1.31587				
0.1303	1.23424				
0.13035	1.25465				
0.1304	1.28526				
0.13045	1.37453				
0.1305	1.41025				
0.13055	1.34648				
0.1306	1.44086				
0.13065	1.58625				
0.1307	1.50973				
0.13075	1.423				
0.1308	1.56584				
0.13085	1.62706				
0.1309	1.4332				
0.13095	1.35158				
0.131	1.38474				
0.13105	1.4383				
0.1311	1.37198				
0.13115	1.22659				
0.1312	1.24955				
0.13125	1.37709				
0.1313	1.39494				
0.13135	1.30056				
0.1314	1.30311				
0.13145	1.4077				
0.1315	1.45361				
0.13155	1.44596				
0.1316	1.42555				
0.13165	1.4332				
0.1317	1.45616				
0.13175	1.4077				
0.1318	1.38984				
0.13185	1.47657				
0.1319	1.45616				
0.13195	1.44341				
0.132	1.33117				
0.13205	1.37453				
0.1321	1.4332				
0.13215	1.41535				
0.1322	1.35413				
0.13225	1.40259				
0.1323	1.41535				
0.13235	1.37198				
0.1324	1.33372				
0.13245	1.32862				
0.1325	1.29036				
0.13255	1.31076				
0.1326	1.30056				
0.13265	1.25465				
0.1327	1.29801				
0.13275	1.30821				
0.1328	1.33627				
0.13285	1.37453				
0.1329	1.45106				
0.13295	1.55309				
0.133	1.5888				
0.13305	1.47657				
0.1331	1.54544				
0.13315	1.62961				
0.1332	1.5786				
0.13325	1.47146				
0.1333	1.51228				
0.13335	1.50973				
0.1334	1.44596				
0.13345	1.33372				
0.1335	1.34393				
0.13355	1.43575				
0.1336	1.4179				
0.13365	1.31842				
0.1337	1.30566				
0.13375	1.38984				
0.1338	1.4128				
0.13385	1.36943				
0.1339	1.35413				
0.13395	1.4077				
0.134	1.43575				
0.13405	1.36943				
0.1341	1.29801				
0.13415	1.33117				
0.1342	1.37198				
0.13425	1.33882				
0.1343	1.30311				
0.13435	1.35158				
0.1344	1.35923				
0.13445	1.34903				
0.1345	1.32862				
0.13455	1.33627				
0.1346	1.45106				
0.13465	1.45106				
0.1347	1.37453				
0.13475	1.35413				
0.1348	1.34648				
0.13485	1.32352				
0.1349	1.31842				
0.13495	1.2776				
0.135	1.33372				
0.13505	1.38474				
0.1351	1.36688				
0.13515	1.31842				
0.1352	1.37198				
0.13525	1.49442				
0.1353	1.54034				
0.13535	1.48932				
0.1354	1.46891				
0.13545	1.50718				
0.1355	1.50207				
0.13555	1.42045				
0.1356	1.4383				
0.13565	1.46891				
0.1357	1.49442				
0.13575	1.34137				
0.1358	1.29291				
0.13585	1.35413				
0.1359	1.38219				
0.13595	1.41025				
0.136	1.31842				
0.13605	1.35158				
0.1361	1.45106				
0.13615	1.4383				
0.1362	1.33882				
0.13625	1.34393				
0.1363	1.48422				
0.13635	1.47146				
0.1364	1.40514				
0.13645	1.40514				
0.1365	1.4383				
0.13655	1.34648				
0.1366	1.29291				
0.13665	1.35158				
0.1367	1.37709				
0.13675	1.39239				
0.1368	1.37453				
0.13685	1.35668				
0.1369	1.36433				
0.13695	1.46381				
0.137	1.40514				
0.13705	1.36433				
0.1371	1.41535				
0.13715	1.44596				
0.1372	1.38474				
0.13725	1.30566				
0.1373	1.30056				
0.13735	1.32607				
0.1374	1.37964				
0.13745	1.33627				
0.1375	1.30566				
0.13755	1.37453				
0.1376	1.49697				
0.13765	1.51738				
0.1377	1.423				
0.13775	1.41535				
0.1378	1.50718				
0.13785	1.50718				
0.1379	1.39239				
0.13795	1.34393				
0.138	1.40514				
0.13805	1.38219				
0.1381	1.30566				
0.13815	1.31332				
0.1382	1.41535				
0.13825	1.38219				
0.1383	1.32352				
0.13835	1.28526				
0.1384	1.30311				
0.13845	1.41535				
0.1385	1.46126				
0.13855	1.4281				
0.1386	1.46126				
0.13865	1.47146				
0.1387	1.37964				
0.13875	1.30821				
0.1388	1.34648				
0.13885	1.4383				
0.1389	1.423				
0.13895	1.36943				
0.139	1.38984				
0.13905	1.38219				
0.1391	1.36433				
0.13915	1.40259				
0.1392	1.41535				
0.13925	1.45106				
0.1393	1.47657				
0.13935	1.44851				
0.1394	1.423				
0.13945	1.43575				
0.1395	1.40259				
0.13955	1.34393				
0.1396	1.31587				
0.13965	1.37453				
0.1397	1.46636				
0.13975	1.35668				
0.1398	1.37964				
0.13985	1.46891				
0.1399	1.46636				
0.13995	1.47402				
0.14	1.46891				
0.14005	1.50973				
0.1401	1.58115				
0.14015	1.54799				
0.1402	1.30311				
0.14025	1.2776				
0.1403	1.46381				
0.14035	1.45616				
0.1404	1.28526				
0.14045	1.23934				
0.1405	1.34903				
0.14055	1.36433				
0.1406	1.28781				
0.14065	1.28271				
0.1407	1.37453				
0.14075	1.45616				
0.1408	1.47146				
0.14085	1.43575				
0.1409	1.34648				
0.14095	1.39494				
0.141	1.42555				
0.14105	1.39494				
0.1411	1.38219				
0.14115	1.40259				
0.1412	1.40514				
0.14125	1.36688				
0.1413	1.32607				
0.14135	1.37453				
0.1414	1.40514				
0.14145	1.36943				
0.1415	1.41025				
0.14155	1.45616				
0.1416	1.4332				
0.14165	1.35413				
0.1417	1.35923				
0.14175	1.40259				
0.1418	1.34393				
0.14185	1.29036				
0.1419	1.24955				
0.14195	1.29036				
0.142	1.35158				
0.14205	1.34393				
0.1421	1.2572				
0.14215	1.26995				
0.1422	1.34648				
0.14225	1.39494				
0.1423	1.41025				
0.14235	1.38474				
0.1424	1.40514				
0.14245	1.43575				
0.1425	1.39494				
0.14255	1.35923				
0.1426	1.4281				
0.14265	1.4383				
0.1427	1.38219				
0.14275	1.34393				
0.1428	1.38474				
0.14285	1.46636				
0.1429	1.46636				
0.14295	1.46891				
0.143	1.52248				
0.14305	1.46891				
0.1431	1.48167				
0.14315	1.54544				
0.1432	1.55819				
0.14325	1.49697				
0.1433	1.49952				
0.14335	1.48677				
0.1434	1.45106				
0.14345	1.44851				
0.1435	1.4332				
0.14355	1.40004				
0.1436	1.38219				
0.14365	1.33117				
0.1437	1.34137				
0.14375	1.34648				
0.1438	1.32862				
0.14385	1.33117				
0.1439	1.31332				
0.14395	1.37453				
0.144	1.38984				
0.14405	1.30056				
0.1441	1.32352				
0.14415	1.34393				
0.1442	1.31587				
0.14425	1.34648				
0.1443	1.38474				
0.14435	1.31842				
0.1444	1.423				
0.14445	1.40259				
0.1445	1.31842				
0.14455	1.34393				
0.1446	1.44086				
0.14465	1.45616				
0.1447	1.44851				
0.14475	1.48167				
0.1448	1.53013				
0.14485	1.49187				
0.1449	1.37709				
0.14495	1.32352				
0.145	1.43065				
0.14505	1.51483				
0.1451	1.37198				
0.14515	1.29036				
0.1452	1.34648				
0.14525	1.46636				
0.1453	1.43575				
0.14535	1.44086				
0.1454	1.45106				
0.14545	1.4128				
0.1455	1.44341				
0.14555	1.53779				
0.1456	1.50718				
0.14565	1.47912				
0.1457	1.50718				
0.14575	1.52503				
0.1458	1.44596				
0.14585	1.38474				
0.1459	1.38219				
0.14595	1.39239				
0.146	1.38219				
0.14605	1.32607				
0.1461	1.29546				
0.14615	1.30311				
0.1462	1.26995				
0.14625	1.2725				
0.1463	1.28271				
0.14635	1.34903				
0.1464	1.32097				
0.14645	1.29546				
0.1465	1.33372				
0.14655	1.23169				
0.1466	1.23934				
0.14665	1.21639				
0.1467	1.24955				
0.14675	1.31076				
0.1468	1.31076				
0.14685	1.30056				
0.1469	1.35158				
0.14695	1.48422				
0.147	1.50207				
0.14705	1.45361				
0.1471	1.40514				
0.14715	1.47402				
0.1472	1.55819				
0.14725	1.5888				
0.1473	1.45106				
0.14735	1.40514				
0.1474	1.42555				
0.14745	1.4077				
0.1475	1.32862				
0.14755	1.35668				
0.1476	1.38984				
0.14765	1.40514				
0.1477	1.47402				
0.14775	1.45616				
0.1478	1.38474				
0.14785	1.4332				
0.1479	1.55819				
0.14795	1.599				
0.148	1.49952				
0.14805	1.45616				
0.1481	1.47657				
0.14815	1.48422				
0.1482	1.44341				
0.14825	1.44596				
0.1483	1.44596				
0.14835	1.36688				
0.1484	1.26995				
0.14845	1.36688				
0.1485	1.33882				
0.14855	1.23424				
0.1486	1.30821				
0.14865	1.36943				
0.1487	1.48167				
0.14875	1.423				
0.1488	1.21128				
0.14885	1.19598				
0.1489	1.25975				
0.14895	1.24189				
0.149	1.2572				
0.14905	1.34137				
0.1491	1.33627				
0.14915	1.25975				
0.1492	1.29801				
0.14925	1.4128				
0.1493	1.4281				
0.14935	1.4128				
0.1494	1.46891				
0.14945	1.52503				
0.1495	1.4383				
0.14955	1.33372				
0.1496	1.39494				
0.14965	1.47657				
0.1497	1.48932				
0.14975	1.40259				
0.1498	1.31332				
0.14985	1.32862				
0.1499	1.43575				
0.14995	1.42045				
0.15	1.423				
0.15005	1.43575				
0.1501	1.37198				
0.15015	1.41535				
0.1502	1.53779				
0.15025	1.53523				
0.1503	1.45361				
0.15035	1.45616				
0.1504	1.49442				
0.15045	1.50973				
0.1505	1.45361				
0.15055	1.40004				
0.1506	1.45106				
0.15065	1.45361				
0.1507	1.35668				
0.15075	1.28271				
0.1508	1.34903				
0.15085	1.37709				
0.1509	1.40514				
0.15095	1.34648				
0.151	1.2725				
0.15105	1.30311				
0.1511	1.35413				
0.15115	1.38219				
0.1512	1.37198				
0.15125	1.29291				
0.1513	1.23679				
0.15135	1.2674				
0.1514	1.41535				
0.15145	1.44596				
0.1515	1.36433				
0.15155	1.41025				
0.1516	1.46636				
0.15165	1.48422				
0.1517	1.50973				
0.15175	1.51483				
0.1518	1.51993				
0.15185	1.44086				
0.1519	1.4281				
0.15195	1.45106				
0.152	1.45871				
0.15205	1.4281				
0.1521	1.37198				
0.15215	1.30056				
0.1522	1.30056				
0.15225	1.36178				
0.1523	1.42555				
0.15235	1.4383				
0.1524	1.28016				
0.15245	1.32607				
0.1525	1.44596				
0.15255	1.48677				
0.1526	1.44086				
0.15265	1.4383				
0.1527	1.47912				
0.15275	1.48677				
0.1528	1.39494				
0.15285	1.4179				
0.1529	1.51483				
0.15295	1.49187				
0.153	1.36688				
0.15305	1.33627				
0.1531	1.36688				
0.15315	1.41535				
0.1532	1.36943				
0.15325	1.39494				
0.1533	1.36943				
0.15335	1.37453				
0.1534	1.32862				
0.15345	1.29546				
0.1535	1.34393				
0.15355	1.46636				
0.1536	1.38219				
0.15365	1.2572				
0.1537	1.27505				
0.15375	1.38474				
0.1538	1.4281				
0.15385	1.33117				
0.1539	1.34393				
0.15395	1.45361				
0.154	1.52248				
0.15405	1.48422				
0.1541	1.46636				
0.15415	1.47402				
0.1542	1.45361				
0.15425	1.38219				
0.1543	1.37453				
0.15435	1.45616				
0.1544	1.43065				
0.15445	1.27505				
0.1545	1.22914				
0.15455	1.28271				
0.1546	1.34903				
0.15465	1.34648				
0.1547	1.24699				
0.15475	1.20108				
0.1548	1.33117				
0.15485	1.45361				
0.1549	1.38729				
0.15495	1.34648				
0.155	1.47912				
0.15505	1.53523				
0.1551	1.4332				
0.15515	1.37453				
0.1552	1.44851				
0.15525	1.49952				
0.1553	1.48167				
0.15535	1.37709				
0.1554	1.34137				
0.15545	1.42555				
0.1555	1.47146				
0.15555	1.36433				
0.1556	1.31842				
0.15565	1.42045				
0.1557	1.50207				
0.15575	1.4179				
0.1558	1.33372				
0.15585	1.30311				
0.1559	1.37198				
0.15595	1.44341				
0.156	1.33372				
0.15605	1.28526				
0.1561	1.36688				
0.15615	1.37964				
0.1562	1.32607				
0.15625	1.35413				
0.1563	1.4383				
0.15635	1.49697				
0.1564	1.47402				
0.15645	1.44851				
0.1565	1.51738				
0.15655	1.52248				
0.1566	1.46381				
0.15665	1.46636				
0.1567	1.44596				
0.15675	1.42555				
0.1568	1.41535				
0.15685	1.33882				
0.1569	1.31332				
0.15695	1.37964				
0.157	1.40259				
0.15705	1.32862				
0.1571	1.2674				
0.15715	1.31842				
0.1572	1.41535				
0.15725	1.44086				
0.1573	1.40259				
0.15735	1.40004				
0.1574	1.37453				
0.15745	1.35413				
0.1575	1.34137				
0.15755	1.37198				
0.1576	1.47402				
0.15765	1.38474				
0.1577	1.27505				
0.15775	1.2674				
0.1578	1.32352				
0.15785	1.41535				
0.1579	1.46636				
0.15795	1.38729				
0.158	1.32862				
0.15805	1.34648				
0.1581	1.33117				
0.15815	1.32097				
0.1582	1.4077				
0.15825	1.34903				
0.1583	1.29036				
0.15835	1.39749				
0.1584	1.46126				
0.15845	1.40514				
0.1585	1.31332				
0.15855	1.38474				
0.1586	1.53523				
0.15865	1.59135				
0.1587	1.59645				
0.15875	1.50718				
0.1588	1.46126				
0.15885	1.45361				
0.1589	1.51993				
0.15895	1.53523				
0.159	1.51483				
0.15905	1.423				
0.1591	1.32352				
0.15915	1.2776				
0.1592	1.35158				
0.15925	1.42555				
0.1593	1.39494				
0.15935	1.2623				
0.1594	1.23169				
0.15945	1.35413				
0.1595	1.44341				
0.15955	1.38474				
0.1596	1.36433				
0.15965	1.34393				
0.1597	1.33627				
0.15975	1.29291				
0.1598	1.33882				
0.15985	1.38729				
0.1599	1.37964				
0.15995	1.2674				
0.16	1.20363				
0.16005	1.23934				
0.1601	1.36433				
0.16015	1.44086				
0.1602	1.41535				
0.16025	1.35158				
0.1603	1.36433				
0.16035	1.38984				
0.1604	1.37198				
0.16045	1.42555				
0.1605	1.48677				
0.16055	1.40514				
0.1606	1.30566				
0.16065	1.45106				
0.1607	1.60411				
0.16075	1.50207				
0.1608	1.32862				
0.16085	1.43575				
0.1609	1.60666				
0.16095	1.62706				
0.161	1.56584				
0.16105	1.48422				
0.1611	1.52248				
0.16115	1.53268				
0.1612	1.48932				
0.16125	1.48422				
0.1613	1.48422				
0.16135	1.48677				
0.1614	1.34903				
0.16145	1.24189				
0.1615	1.34648				
0.16155	1.44596				
0.1616	1.35413				
0.16165	1.26995				
0.1617	1.29801				
0.16175	1.34393				
0.1618	1.30311				
0.16185	1.28526				
0.1619	1.35413				
0.16195	1.36943				
0.162	1.30311				
0.16205	1.27505				
0.1621	1.29801				
0.16215	1.34393				
0.1622	1.34648				
0.16225	1.2776				
0.1623	1.23679				
0.16235	1.34137				
0.1624	1.4332				
0.16245	1.37198				
0.1625	1.33882				
0.16255	1.4077				
0.1626	1.49442				
0.16265	1.48677				
0.1627	1.44086				
0.16275	1.38474				
0.1628	1.39494				
0.16285	1.47657				
0.1629	1.46636				
0.16295	1.36433				
0.163	1.36688				
0.16305	1.45616				
0.1631	1.45871				
0.16315	1.35413				
0.1632	1.37198				
0.16325	1.44596				
0.1633	1.38984				
0.16335	1.31332				
0.1634	1.41535				
0.16345	1.49697				
0.1635	1.4128				
0.16355	1.32607				
0.1636	1.4128				
0.16365	1.49442				
0.1637	1.4281				
0.16375	1.34648				
0.1638	1.37964				
0.16385	1.42045				
0.1639	1.40259				
0.16395	1.44851				
0.164	1.45361				
0.16405	1.37453				
0.1641	1.41025				
0.16415	1.45361				
0.1642	1.48422				
0.16425	1.48422				
0.1643	1.48677				
0.16435	1.44341				
0.1644	1.4281				
0.16445	1.42555				
0.1645	1.40514				
0.16455	1.42045				
0.1646	1.40259				
0.16465	1.27505				
0.1647	1.31332				
0.16475	1.32097				
0.1648	1.32097				
0.16485	1.28016				
0.1649	1.35668				
0.16495	1.4332				
0.165	1.51483				
0.16505	1.4128				
0.1651	1.36688				
0.16515	1.48677				
0.1652	1.60411				
0.16525	1.38984				
0.1653	1.30566				
0.16535	1.47912				
0.1654	1.5735				
0.16545	1.40004				
0.1655	1.26485				
0.16555	1.36688				
0.1656	1.50718				
0.16565	1.46126				
0.1657	1.4077				
0.16575	1.423				
0.1658	1.44596				
0.16585	1.34648				
0.1659	1.31076				
0.16595	1.29801				
0.166	1.2776				
0.16605	1.2572				
0.1661	1.30056				
0.16615	1.29291				
0.1662	1.29036				
0.16625	1.36943				
0.1663	1.34137				
0.16635	1.2623				
0.1664	1.2674				
0.16645	1.38729				
0.1665	1.44086				
0.16655	1.4281				
0.1666	1.40004				
0.16665	1.47402				
0.1667	1.47146				
0.16675	1.4128				
0.1668	1.36433				
0.16685	1.37964				
0.1669	1.40514				
0.16695	1.30821				
0.167	1.22404				
0.16705	1.33372				
0.1671	1.44851				
0.16715	1.40004				
0.1672	1.28526				
0.16725	1.2674				
0.1673	1.40514				
0.16735	1.39239				
0.1674	1.36688				
0.16745	1.4383				
0.1675	1.48932				
0.16755	1.38984				
0.1676	1.36943				
0.16765	1.37709				
0.1677	1.47402				
0.16775	1.55564				
0.1678	1.47146				
0.16785	1.46381				
0.1679	1.55054				
0.16795	1.55054				
0.168	1.48422				
0.16805	1.44851				
0.1681	1.45361				
0.16815	1.47146				
0.1682	1.50718				
0.16825	1.50718				
0.1683	1.45106				
0.16835	1.36433				
0.1684	1.37453				
0.16845	1.34137				
0.1685	1.28781				
0.16855	1.22659				
0.1686	1.2572				
0.16865	1.32097				
0.1687	1.32862				
0.16875	1.32352				
0.1688	1.34137				
0.16885	1.38729				
0.1689	1.46636				
0.16895	1.4332				
0.169	1.34393				
0.16905	1.35158				
0.1691	1.44086				
0.16915	1.42555				
0.1692	1.40514				
0.16925	1.35668				
0.1693	1.40514				
0.16935	1.48677				
0.1694	1.4128				
0.16945	1.31842				
0.1695	1.39749				
0.16955	1.39239				
0.1696	1.38984				
0.16965	1.29036				
0.1697	1.2776				
0.16975	1.34903				
0.1698	1.4281				
0.16985	1.36433				
0.1699	1.29291				
0.16995	1.32607				
0.17	1.39239				
0.17005	1.35923				
0.1701	1.33627				
0.17015	1.39494				
0.1702	1.50718				
0.17025	1.55054				
0.1703	1.55054				
0.17035	1.47402				
0.1704	1.40514				
0.17045	1.4383				
0.1705	1.52758				
0.17055	1.44341				
0.1706	1.36433				
0.17065	1.32352				
0.1707	1.29036				
0.17075	1.21639				
0.1708	1.13731				
0.17085	1.15772				
0.1709	1.19598				
0.17095	1.1118				
0.171	1.24955				
0.17105	1.45361				
0.1711	1.50718				
0.17115	1.62451				
0.1712	1.72144				
0.17125	1.59645				
0.1713	1.57605				
0.17135	1.599				
0.1714	1.599				
0.17145	1.63217				
0.1715	1.56584				
0.17155	1.4179				
0.1716	1.37198				
0.17165	1.46891				
0.1717	1.44851				
0.17175	1.36688				
0.1718	1.33372				
0.17185	1.38219				
0.1719	1.4128				
0.17195	1.38729				
0.172	1.35413				
0.17205	1.34137				
0.1721	1.4128				
0.17215	1.46891				
0.1722	1.34137				
0.17225	1.19598				
0.1723	1.32097				
0.17235	1.4281				
0.1724	1.37964				
0.17245	1.25975				
0.1725	1.30566				
0.17255	1.46381				
0.1726	1.51738				
0.17265	1.37964				
0.1727	1.30821				
0.17275	1.4332				
0.1728	1.42045				
0.17285	1.36433				
0.1729	1.36688				
0.17295	1.36943				
0.173	1.33627				
0.17305	1.2725				
0.1731	1.21894				
0.17315	1.34648				
0.1732	1.31332				
0.17325	1.23934				
0.1733	1.22659				
0.17335	1.2725				
0.1734	1.33117				
0.17345	1.34648				
0.1735	1.37709				
0.17355	1.45616				
0.1736	1.51738				
0.17365	1.49697				
0.1737	1.50718				
0.17375	1.56584				
0.1738	1.68063				
0.17385	1.61176				
0.1739	1.46891				
0.17395	1.423				
0.174	1.44596				
0.17405	1.39749				
0.1741	1.32352				
0.17415	1.33882				
0.1742	1.37709				
0.17425	1.45616				
0.1743	1.34393				
0.17435	1.25975				
0.1744	1.37964				
0.17445	1.39749				
0.1745	1.21894				
0.17455	1.18067				
0.1746	1.37964				
0.17465	1.49187				
0.1747	1.32352				
0.17475	1.24189				
0.1748	1.33627				
0.17485	1.46381				
0.1749	1.42045				
0.17495	1.41535				
0.175	1.4128				
0.17505	1.43065				
0.1751	1.40514				
0.17515	1.4332				
0.1752	1.51738				
0.17525	1.53779				
0.1753	1.40514				
0.17535	1.31076				
0.1754	1.39749				
0.17545	1.47146				
0.1755	1.37709				
0.17555	1.25465				
0.1756	1.2776				
0.17565	1.42045				
0.1757	1.46126				
0.17575	1.38729				
0.1758	1.39239				
0.17585	1.47402				
0.1759	1.55819				
0.17595	1.44596				
0.176	1.48422				
0.17605	1.46636				
0.1761	1.48422				
0.17615	1.38984				
0.1762	1.38729				
0.17625	1.40514				
0.1763	1.44086				
0.17635	1.44851				
0.1764	1.38984				
0.17645	1.34393				
0.1765	1.35668				
0.17655	1.35413				
0.1766	1.29291				
0.17665	1.30821				
0.1767	1.36178				
0.17675	1.34137				
0.1768	1.32097				
0.17685	1.31587				
0.1769	1.36943				
0.17695	1.34137				
0.177	1.29291				
0.17705	1.32097				
0.1771	1.33882				
0.17715	1.36688				
0.1772	1.40514				
0.17725	1.38474				
0.1773	1.35413				
0.17735	1.41535				
0.1774	1.4077				
0.17745	1.45361				
0.1775	1.50463				
0.17755	1.46636				
0.1776	1.41535				
0.17765	1.37198				
0.1777	1.43575				
0.17775	1.47146				
0.1778	1.50207				
0.17785	1.37964				
0.1779	1.34393				
0.17795	1.31842				
0.178	1.39749				
0.17805	1.36178				
0.1781	1.32097				
0.17815	1.39494				
0.1782	1.40514				
0.17825	1.38729				
0.1783	1.44851				
0.17835	1.4077				
0.1784	1.4128				
0.17845	1.44596				
0.1785	1.33117				
0.17855	1.34648				
0.1786	1.43065				
0.17865	1.4128				
0.1787	1.35158				
0.17875	1.35668				
0.1788	1.34137				
0.17885	1.36178				
0.1789	1.35923				
0.17895	1.2725				
0.179	1.31332				
0.17905	1.38474				
0.1791	1.34648				
0.17915	1.2776				
0.1792	1.31332				
0.17925	1.40259				
0.1793	1.37453				
0.17935	1.35413				
0.1794	1.38729				
0.17945	1.45616				
0.1795	1.53013				
0.17955	1.53013				
0.1796	1.44851				
0.17965	1.48932				
0.1797	1.47912				
0.17975	1.49697				
0.1798	1.49697				
0.17985	1.54289				
0.1799	1.44086				
0.17995	1.30311				
0.18	1.33882				
0.18005	1.44086				
0.1801	1.51483				
0.18015	1.38729				
0.1802	1.26485				
0.18025	1.2623				
0.1803	1.44596				
0.18035	1.43065				
0.1804	1.33627				
0.18045	1.34648				
0.1805	1.46636				
0.18055	1.44596				
0.1806	1.38474				
0.18065	1.36433				
0.1807	1.38474				
0.18075	1.34137				
0.1808	1.31332				
0.18085	1.33117				
0.1809	1.36178				
0.18095	1.37453				
0.181	1.32607				
0.18105	1.28781				
0.1811	1.34137				
0.18115	1.37453				
0.1812	1.38984				
0.18125	1.30821				
0.1813	1.30566				
0.18135	1.32862				
0.1814	1.42045				
0.18145	1.44341				
0.1815	1.37453				
0.18155	1.34648				
0.1816	1.35413				
0.18165	1.4128				
0.1817	1.46126				
0.18175	1.56584				
0.1818	1.60666				
0.18185	1.55054				
0.1819	1.5684				
0.18195	1.61686				
0.182	1.5684				
0.18205	1.50207				
0.1821	1.49442				
0.18215	1.51738				
0.1822	1.49697				
0.18225	1.40514				
0.1823	1.30566				
0.18235	1.29546				
0.1824	1.28271				
0.18245	1.31587				
0.1825	1.36688				
0.18255	1.28016				
0.1826	1.21383				
0.18265	1.23679				
0.1827	1.28781				
0.18275	1.2776				
0.1828	1.30821				
0.18285	1.29036				
0.1829	1.32607				
0.18295	1.33882				
0.183	1.32607				
0.18305	1.33372				
0.1831	1.36943				
0.18315	1.33882				
0.1832	1.35668				
0.18325	1.39239				
0.1833	1.46891				
0.18335	1.51228				
0.1834	1.44851				
0.18345	1.37453				
0.1835	1.4383				
0.18355	1.49187				
0.1836	1.47146				
0.18365	1.48167				
0.1837	1.47657				
0.18375	1.42555				
0.1838	1.38984				
0.18385	1.4281				
0.1839	1.4332				
0.18395	1.45106				
0.184	1.4128				
0.18405	1.40004				
0.1841	1.38729				
0.18415	1.4281				
0.1842	1.52248				
0.18425	1.47146				
0.1843	1.34903				
0.18435	1.31332				
0.1844	1.39239				
0.18445	1.41535				
0.1845	1.32352				
0.18455	1.33882				
0.1846	1.34648				
0.18465	1.29291				
0.1847	1.28271				
0.18475	1.37964				
0.1848	1.423				
0.18485	1.29036				
0.1849	1.30056				
0.18495	1.42555				
0.185	1.50463				
0.18505	1.43065				
0.1851	1.31587				
0.18515	1.34137				
0.1852	1.42045				
0.18525	1.40514				
0.1853	1.32097				
0.18535	1.41535				
0.1854	1.44851				
0.18545	1.34903				
0.1855	1.34903				
0.18555	1.43575				
0.1856	1.40514				
0.18565	1.37453				
0.1857	1.34393				
0.18575	1.36943				
0.1858	1.39494				
0.18585	1.36688				
0.1859	1.37709				
0.18595	1.44086				
0.186	1.37453				
0.18605	1.37198				
0.1861	1.39494				
0.18615	1.37198				
0.1862	1.43065				
0.18625	1.48167				
0.1863	1.48677				
0.18635	1.44086				
0.1864	1.49952				
0.18645	1.60666				
0.1865	1.60156				
0.18655	1.43575				
0.1866	1.31842				
0.18665	1.36688				
0.1867	1.45106				
0.18675	1.47146				
0.1868	1.45616				
0.18685	1.44596				
0.1869	1.34393				
0.18695	1.28271				
0.187	1.38474				
0.18705	1.45106				
0.1871	1.33372				
0.18715	1.22914				
0.1872	1.38729				
0.18725	1.52758				
0.1873	1.45361				
0.18735	1.33627				
0.1874	1.36943				
0.18745	1.41535				
0.1875	1.38729				
0.18755	1.38984				
0.1876	1.47146				
0.18765	1.47912				
0.1877	1.40514				
0.18775	1.30821				
0.1878	1.34903				
0.18785	1.42045				
0.1879	1.35413				
0.18795	1.36688				
0.188	1.38474				
0.18805	1.35923				
0.1881	1.34648				
0.18815	1.36433				
0.1882	1.30056				
0.18825	1.33882				
0.1883	1.37453				
0.18835	1.31076				
0.1884	1.31076				
0.18845	1.32862				
0.1885	1.37964				
0.18855	1.38729				
0.1886	1.39494				
0.18865	1.35923				
0.1887	1.37198				
0.18875	1.40514				
0.1888	1.47912				
0.18885	1.43575				
0.1889	1.38219				
0.18895	1.36433				
0.189	1.39239				
0.18905	1.42555				
0.1891	1.44596				
0.18915	1.38474				
0.1892	1.30056				
0.18925	1.31332				
0.1893	1.41535				
0.18935	1.48677				
0.1894	1.44596				
0.18945	1.32352				
0.1895	1.35413				
0.18955	1.50973				
0.1896	1.52503				
0.18965	1.42045				
0.1897	1.38474				
0.18975	1.47657				
0.1898	1.47657				
0.18985	1.41535				
0.1899	1.46126				
0.18995	1.46126				
0.19	1.38729				
0.19005	1.31842				
0.1901	1.32352				
0.19015	1.40514				
0.1902	1.41025				
0.19025	1.31076				
0.1903	1.25975				
0.19035	1.32862				
0.1904	1.37198				
0.19045	1.30311				
0.1905	1.29036				
0.19055	1.31332				
0.1906	1.30311				
0.19065	1.29291				
0.1907	1.35923				
0.19075	1.4332				
0.1908	1.42555				
0.19085	1.4077				
0.1909	1.37453				
0.19095	1.40259				
0.191	1.55819				
0.19105	1.66788				
0.1911	1.56074				
0.19115	1.37198				
0.1912	1.38984				
0.19125	1.52248				
0.1913	1.55564				
0.19135	1.48167				
0.1914	1.45616				
0.19145	1.4128				
0.1915	1.32607				
0.19155	1.32862				
0.1916	1.43575				
0.19165	1.4077				
0.1917	1.26485				
0.19175	1.26995				
0.1918	1.40514				
0.19185	1.47402				
0.1919	1.38984				
0.19195	1.37453				
0.192	1.4332				
0.19205	1.45616				
0.1921	1.46381				
0.19215	1.45106				
0.1922	1.44341				
0.19225	1.43575				
0.1923	1.36433				
0.19235	1.33627				
0.1924	1.37198				
0.19245	1.43575				
0.1925	1.37709				
0.19255	1.35158				
0.1926	1.35668				
0.19265	1.34648				
0.1927	1.30821				
0.19275	1.36178				
0.1928	1.35923				
0.19285	1.29291				
0.1929	1.33882				
0.19295	1.42555				
0.193	1.4332				
0.19305	1.44341				
0.1931	1.43065				
0.19315	1.34137				
0.1932	1.33372				
0.19325	1.49697				
0.1933	1.62451				
0.19335	1.55309				
0.1934	1.37198				
0.19345	1.34648				
0.1935	1.49952				
0.19355	1.55054				
0.1936	1.48422				
0.19365	1.39749				
0.1937	1.34648				
0.19375	1.2776				
0.1938	1.33117				
0.19385	1.38984				
0.1939	1.36688				
0.19395	1.2521				
0.194	1.24955				
0.19405	1.29036				
0.1941	1.33882				
0.19415	1.31842				
0.1942	1.31332				
0.19425	1.34903				
0.1943	1.37453				
0.19435	1.30311				
0.1944	1.34393				
0.19445	1.44596				
0.1945	1.48677				
0.19455	1.38219				
0.1946	1.33882				
0.19465	1.37964				
0.1947	1.49442				
0.19475	1.52503				
0.1948	1.4383				
0.19485	1.40259				
0.1949	1.4128				
0.19495	1.38474				
0.195	1.44086				
0.19505	1.46381				
0.1951	1.32862				
0.19515	1.28271				
0.1952	1.36433				
0.19525	1.4332				
0.1953	1.40514				
0.19535	1.38984				
0.1954	1.26485				
0.19545	1.28271				
0.1955	1.4128				
0.19555	1.51738				
0.1956	1.46381				
0.19565	1.36943				
0.1957	1.35413				
0.19575	1.43575				
0.1958	1.48677				
0.19585	1.44596				
0.1959	1.40259				
0.19595	1.34903				
0.196	1.29036				
0.19605	1.33882				
0.1961	1.38474				
0.19615	1.39749				
0.1962	1.31842				
0.19625	1.2623				
0.1963	1.30311				
0.19635	1.36943				
0.1964	1.35923				
0.19645	1.40514				
0.1965	1.42045				
0.19655	1.39749				
0.1966	1.4077				
0.19665	1.40259				
0.1967	1.44341				
0.19675	1.51228				
0.1968	1.42555				
0.19685	1.34137				
0.1969	1.4332				
0.19695	1.50973				
0.197	1.44596				
0.19705	1.45106				
0.1971	1.44086				
0.19715	1.47402				
0.1972	1.40514				
0.19725	1.36688				
0.1973	1.38984				
0.19735	1.45361				
0.1974	1.423				
0.19745	1.29801				
0.1975	1.33117				
0.19755	1.40514				
0.1976	1.42045				
0.19765	1.35413				
0.1977	1.33372				
0.19775	1.35923				
0.1978	1.36943				
0.19785	1.4128				
0.1979	1.4077				
0.19795	1.36433				
0.198	1.30566				
0.19805	1.34393				
0.1981	1.38474				
0.19815	1.36943				
0.1982	1.31587				
0.19825	1.29546				
0.1983	1.30311				
0.19835	1.34393				
0.1984	1.46381				
0.19845	1.45361				
0.1985	1.28781				
0.19855	1.31587				
0.1986	1.45871				
0.19865	1.45361				
0.1987	1.39749				
0.19875	1.44596				
0.1988	1.51738				
0.19885	1.46126				
0.1989	1.4332				
0.19895	1.52758				
0.199	1.60156				
0.19905	1.58625				
0.1991	1.44596				
0.19915	1.4332				
0.1992	1.54799				
0.19925	1.61941				
0.1993	1.53268				
0.19935	1.4179				
0.1994	1.37198				
0.19945	1.38984				
0.1995	1.38984				
0.19955	1.34903				
0.1996	1.25975				
0.19965	1.21894				
0.1997	1.35413				
0.19975	1.37453				
0.1998	1.33117				
0.19985	1.27505				
0.1999	1.29291				
0.19995	1.32352				
