Time - piezo	Amplitude - piezo	Unnamed: 2	Unnamed: 3	Frequency [Hz] - piezo (Power Spectrum)	Amplitude - piezo (Power Spectrum)
0.0	-0.0134324			0.0	5.42576e-07
5e-05	-0.00706155			5.0	1.864e-06
0.0001	-0.00960991			10.0	2.81643e-07
0.00015	-0.00196484			15.0	2.18342e-07
0.0002	-0.00960991			20.0	3.88125e-07
0.00025	-0.00196484			25.0	2.91693e-07
0.0003	-0.00960991			30.0	2.90534e-08
0.00035	-0.00196484			35.0	1.12304e-08
0.0004	-0.00578737			40.0	3.28339e-08
0.00045	0.00440605			45.0	2.25274e-08
0.0005	-0.00323902			50.0	2.28205e-09
0.00055	0.00313188			55.0	9.57495e-07
0.0006	-0.00323902			60.0	3.73456e-06
0.00065	0.000583518			65.0	1.20947e-06
0.0007	-0.00323902			70.0	2.60908e-07
0.00075	0.00440605			75.0	1.90752e-05
0.0008	-0.00578737			80.0	4.66158e-05
0.00085	0.0018577			85.0	1.01638e-05
0.0009	-0.00323902			90.0	1.76565e-07
0.00095	0.0018577			95.0	6.85757e-07
0.001	-0.00706155			100.0	5.54119e-07
0.00105	-0.00196484			105.0	1.75036e-08
0.0011	-0.0045132			110.0	1.04985e-08
0.00115	-0.00323902			115.0	9.64333e-08
0.0012	-0.00706155			120.0	5.96486e-08
0.00125	-0.0045132			125.0	4.31576e-09
0.0013	-0.00323902			130.0	7.31185e-09
0.00135	-0.00196484			135.0	2.80764e-07
0.0014	-0.0045132			140.0	3.62637e-07
0.00145	-0.00960991			145.0	2.5958e-08
0.0015	-0.00833573			150.0	8.56256e-07
0.00155	-0.0045132			155.0	2.16225e-06
0.0016	-0.00196484			160.0	3.93507e-06
0.00165	-0.0121583			165.0	1.00313e-06
0.0017	-0.00323902			170.0	4.30417e-07
0.00175	-0.00960991			175.0	5.17673e-07
0.0018	0.000583518			180.0	3.67177e-07
0.00185	0.000583518			185.0	6.96613e-08
0.0019	0.000583518			190.0	2.48405e-07
0.00195	-0.00069066			195.0	2.20297e-07
0.002	-0.00069066			200.0	9.59537e-09
0.00205	0.00568023			205.0	1.45962e-07
0.0021	0.0018577			210.0	8.30844e-08
0.00215	0.00695441			215.0	3.6266e-08
0.0022	0.00695441			220.0	5.68309e-11
0.00225	0.00695441			225.0	1.67184e-08
0.0023	0.0120511			230.0	1.70627e-08
0.00235	0.00695441			235.0	4.45986e-08
0.0024	0.0120511			240.0	8.82445e-09
0.00245	0.00822859			245.0	5.27073e-09
0.0025	0.0120511			250.0	5.51498e-09
0.00255	0.0107769			255.0	2.22406e-09
0.0026	0.00822859			260.0	2.25803e-08
0.00265	0.0107769			265.0	1.27035e-08
0.0027	0.00568023			270.0	1.52411e-09
0.00275	0.0107769			275.0	3.70752e-09
0.0028	0.00695441			280.0	7.89314e-09
0.00285	0.00568023			285.0	2.07425e-08
0.0029	0.00313188			290.0	5.02005e-09
0.00295	0.000583518			295.0	6.43242e-08
0.003	0.00822859			300.0	9.13761e-08
0.00305	0.00313188			305.0	2.30699e-08
0.0031	0.000583518			310.0	1.84517e-08
0.00315	-0.00323902			315.0	6.08214e-09
0.0032	-0.00578737			320.0	1.17776e-08
0.00325	0.000583518			325.0	1.10819e-08
0.0033	-0.00196484			330.0	4.78018e-10
0.00335	-0.00196484			335.0	4.12112e-09
0.0034	0.000583518			340.0	7.47535e-09
0.00345	-0.0045132			345.0	2.53927e-08
0.0035	0.0018577			350.0	2.25053e-08
0.00355	-0.00196484			355.0	1.82813e-08
0.0036	-0.00069066			360.0	4.869e-08
0.00365	0.00568023			365.0	8.56172e-08
0.0037	-0.00069066			370.0	6.89333e-09
0.00375	0.00695441			375.0	8.36996e-09
0.0038	0.00440605			380.0	8.83012e-09
0.00385	0.00695441			385.0	6.374e-09
0.0039	0.00950277			390.0	1.41452e-09
0.00395	0.00313188			395.0	7.79914e-09
0.004	0.00695441			400.0	2.14307e-09
0.00405	0.00695441			405.0	3.48178e-10
0.0041	0.0107769			410.0	1.64007e-09
0.00415	0.0133253			415.0	6.79423e-09
0.0042	0.00568023			420.0	2.48239e-08
0.00425	0.0133253			425.0	2.18764e-08
0.0043	0.0120511			430.0	3.89325e-09
0.00435	0.00313188			435.0	4.8154e-08
0.0044	0.0107769			440.0	1.85666e-07
0.00445	0.0107769			445.0	8.95964e-08
0.0045	0.0107769			450.0	6.84288e-08
0.00455	0.0158737			455.0	4.56165e-08
0.0046	0.00950277			460.0	4.856e-08
0.00465	0.00822859			465.0	1.33196e-09
0.0047	0.00950277			470.0	1.69558e-08
0.00475	0.00695441			475.0	2.78206e-08
0.0048	0.0120511			480.0	5.4772e-09
0.00485	0.0120511			485.0	9.83132e-08
0.0049	0.00950277			490.0	2.34334e-07
0.00495	0.00695441			495.0	3.31599e-07
0.005	0.00313188			500.0	3.87905e-08
0.00505	0.00313188			505.0	3.42339e-08
0.0051	0.00695441			510.0	9.81905e-08
0.00515	0.00440605			515.0	2.41508e-08
0.0052	0.000583518			520.0	1.35207e-07
0.00525	0.00695441			525.0	1.08476e-07
0.0053	0.00695441			530.0	3.44516e-08
0.00535	0.00568023			535.0	2.22037e-07
0.0054	0.0107769			540.0	3.44552e-06
0.00545	0.00568023			545.0	1.55636e-06
0.0055	0.00313188			550.0	2.23894e-06
0.00555	0.00822859			555.0	6.17585e-06
0.0056	0.00313188			560.0	1.61914e-06
0.00565	0.00695441			565.0	8.15247e-07
0.0057	0.0120511			570.0	1.08389e-06
0.00575	0.00822859			575.0	1.57819e-06
0.0058	0.0120511			580.0	1.30409e-06
0.00585	0.00568023			585.0	2.25527e-06
0.0059	0.00440605			590.0	6.29235e-07
0.00595	0.0120511			595.0	1.8604e-07
0.006	0.0107769			600.0	3.78336e-07
0.00605	0.00950277			605.0	7.23253e-07
0.0061	0.0120511			610.0	2.80715e-07
0.00615	0.0107769			615.0	1.41925e-07
0.0062	0.0107769			620.0	9.73311e-08
0.00625	0.0145995			625.0	1.47298e-08
0.0063	0.0145995			630.0	1.42196e-07
0.00635	0.0158737			635.0	1.64308e-07
0.0064	0.0171478			640.0	9.06383e-07
0.00645	0.0133253			645.0	1.27748e-06
0.0065	0.0171478			650.0	2.05212e-07
0.00655	0.018422			655.0	3.68695e-07
0.0066	0.0145995			660.0	2.70183e-06
0.00665	0.0133253			665.0	2.81787e-06
0.0067	0.0171478			670.0	3.38095e-07
0.00675	0.0133253			675.0	1.23464e-07
0.0068	0.0107769			680.0	3.28476e-07
0.00685	0.0133253			685.0	1.92396e-07
0.0069	0.0107769			690.0	1.8107e-09
0.00695	0.00568023			695.0	1.16958e-07
0.007	0.0107769			700.0	8.12301e-08
0.00705	0.0107769			705.0	8.08793e-09
0.0071	0.00950277			710.0	4.26483e-08
0.00715	0.00568023			715.0	1.17652e-07
0.0072	0.00568023			720.0	2.22653e-07
0.00725	0.00313188			725.0	1.89542e-07
0.0073	0.00313188			730.0	6.06471e-08
0.00735	0.0018577			735.0	3.24187e-08
0.0074	0.000583518			740.0	1.07341e-07
0.00745	0.00313188			745.0	6.39386e-08
0.0075	0.00440605			750.0	1.33574e-08
0.00755	0.00313188			755.0	1.02218e-08
0.0076	0.00313188			760.0	2.91922e-08
0.00765	0.00313188			765.0	4.05582e-08
0.0077	0.00695441			770.0	1.44815e-09
0.00775	0.00440605			775.0	9.13727e-09
0.0078	0.00822859			780.0	1.10282e-08
0.00785	0.0133253			785.0	1.50937e-08
0.0079	0.0158737			790.0	4.40693e-08
0.00795	0.0120511			795.0	3.76835e-08
0.008	0.0171478			800.0	2.33437e-08
0.00805	0.0133253			805.0	1.62136e-08
0.0081	0.0133253			810.0	8.92912e-09
0.00815	0.0222446			815.0	4.36264e-09
0.0082	0.0158737			820.0	4.05875e-09
0.00825	0.0171478			825.0	4.57927e-09
0.0083	0.0209704			830.0	1.18793e-08
0.00835	0.018422			835.0	1.43906e-08
0.0084	0.0158737			840.0	5.15776e-09
0.00845	0.0196962			845.0	9.06394e-09
0.0085	0.0158737			850.0	1.5055e-09
0.00855	0.0133253			855.0	1.61402e-08
0.0086	0.0120511			860.0	1.26878e-08
0.00865	0.0158737			865.0	6.33628e-09
0.0087	0.0120511			870.0	1.30271e-09
0.00875	0.00568023			875.0	4.46389e-09
0.0088	0.00440605			880.0	1.05586e-08
0.00885	0.0018577			885.0	1.21154e-08
0.0089	-0.00196484			890.0	3.63036e-09
0.00895	0.000583518			895.0	9.62157e-10
0.009	0.00313188			900.0	6.40007e-10
0.00905	-0.00069066			905.0	9.74745e-10
0.0091	-0.00323902			910.0	2.66224e-09
0.00915	-0.00196484			915.0	4.72205e-09
0.0092	-0.00578737			920.0	2.26332e-09
0.00925	-0.00323902			925.0	1.75679e-10
0.0093	-0.00069066			930.0	1.75478e-09
0.00935	0.000583518			935.0	3.189e-10
0.0094	0.0018577			940.0	8.76278e-10
0.00945	-0.00069066			945.0	1.02602e-09
0.0095	0.00313188			950.0	8.69433e-10
0.00955	0.00313188			955.0	1.60454e-09
0.0096	0.000583518			960.0	1.51745e-09
0.00965	0.00440605			965.0	1.6155e-09
0.0097	0.00822859			970.0	3.72782e-10
0.00975	0.00695441			975.0	8.4828e-10
0.0098	0.00822859			980.0	1.796e-09
0.00985	0.0133253			985.0	2.40941e-09
0.0099	0.0107769			990.0	2.60867e-10
0.00995	0.00822859			995.0	1.11432e-09
0.01	0.00950277			1000.0	1.89775e-09
0.01005	0.0120511			1005.0	1.21164e-10
0.0101	0.00695441			1010.0	2.89059e-09
0.01015	0.00313188			1015.0	7.35452e-10
0.0102	0.00568023			1020.0	9.77024e-10
0.01025	0.00568023			1025.0	1.43823e-09
0.0103	-0.00196484			1030.0	1.32876e-09
0.01035	-0.00196484			1035.0	1.56498e-09
0.0104	-0.00196484			1040.0	8.90016e-10
0.01045	-0.0045132			1045.0	8.15891e-10
0.0105	-0.00833573			1050.0	8.2522e-10
0.01055	-0.00706155			1055.0	3.7536e-10
0.0106	-0.0108841			1060.0	1.84896e-09
0.01065	-0.0159808			1065.0	5.60337e-09
0.0107	-0.0147066			1070.0	2.54324e-09
0.01075	-0.0159808			1075.0	1.43393e-09
0.0108	-0.0134324			1080.0	2.14445e-09
0.01085	-0.0159808			1085.0	1.06626e-09
0.0109	-0.0134324			1090.0	1.24411e-09
0.01095	-0.0108841			1095.0	1.30736e-09
0.011	-0.0134324			1100.0	2.51397e-09
0.01105	-0.0159808			1105.0	4.23278e-09
0.0111	-0.0121583			1110.0	2.49264e-09
0.01115	-0.00706155			1115.0	1.25956e-09
0.0112	-0.00833573			1120.0	8.93377e-09
0.01125	-0.00833573			1125.0	8.75546e-09
0.0113	-0.00960991			1130.0	1.43958e-09
0.01135	-0.0045132			1135.0	6.73145e-10
0.0114	-0.0045132			1140.0	4.81486e-09
0.01145	-0.00833573			1145.0	3.0931e-09
0.0115	-0.0045132			1150.0	5.29043e-10
0.01155	0.000583518			1155.0	2.6171e-09
0.0116	-0.00323902			1160.0	1.59343e-09
0.01165	-0.00706155			1165.0	5.1431e-09
0.0117	-0.00578737			1170.0	4.65962e-09
0.01175	-0.00323902			1175.0	4.21785e-09
0.0118	-0.00960991			1180.0	3.3157e-10
0.01185	-0.00833573			1185.0	8.80842e-09
0.0119	-0.00706155			1190.0	1.36856e-08
0.01195	-0.00833573			1195.0	2.24742e-10
0.012	-0.0134324			1200.0	1.25228e-08
0.01205	-0.0121583			1205.0	1.18009e-08
0.0121	-0.0121583			1210.0	6.54286e-09
0.01215	-0.0147066			1215.0	8.52512e-09
0.0122	-0.0185292			1220.0	9.12916e-09
0.01225	-0.017255			1225.0	1.02309e-08
0.0123	-0.0134324			1230.0	7.45819e-09
0.01235	-0.017255			1235.0	1.82052e-09
0.0124	-0.017255			1240.0	1.29092e-08
0.01245	-0.017255			1245.0	8.9432e-09
0.0125	-0.017255			1250.0	6.20333e-09
0.01255	-0.017255			1255.0	2.13233e-10
0.0126	-0.0223517			1260.0	6.68705e-09
0.01265	-0.017255			1265.0	2.54607e-09
0.0127	-0.0134324			1270.0	3.15888e-10
0.01275	-0.0147066			1275.0	6.84541e-09
0.0128	-0.017255			1280.0	6.8734e-09
0.01285	-0.0147066			1285.0	8.09385e-10
0.0129	-0.0121583			1290.0	5.33508e-10
0.01295	-0.0147066			1295.0	1.61527e-09
0.013	-0.017255			1300.0	1.50609e-09
0.01305	-0.0121583			1305.0	2.82275e-10
0.0131	-0.00960991			1310.0	3.23305e-09
0.01315	-0.0121583			1315.0	5.28947e-09
0.0132	-0.0121583			1320.0	1.58711e-09
0.01325	-0.0147066			1325.0	2.69655e-09
0.0133	-0.0121583			1330.0	1.44026e-09
0.01335	-0.00706155			1335.0	7.90111e-11
0.0134	-0.00706155			1340.0	8.18359e-10
0.01345	-0.00706155			1345.0	4.4617e-10
0.0135	-0.00833573			1350.0	1.45196e-09
0.01355	-0.0045132			1355.0	4.78784e-09
0.0136	-0.00960991			1360.0	5.04197e-09
0.01365	-0.0147066			1365.0	1.65606e-10
0.0137	-0.00960991			1370.0	1.10328e-10
0.01375	-0.00706155			1375.0	2.48159e-10
0.0138	-0.00833573			1380.0	6.07631e-10
0.01385	-0.0108841			1385.0	3.76571e-10
0.0139	-0.0121583			1390.0	2.14642e-10
0.01395	-0.00833573			1395.0	2.69161e-10
0.014	-0.00833573			1400.0	6.05994e-10
0.01405	-0.0159808			1405.0	1.69951e-09
0.0141	-0.0121583			1410.0	1.40414e-08
0.01415	-0.00833573			1415.0	1.62097e-08
0.0142	-0.0108841			1420.0	1.28233e-10
0.01425	-0.0121583			1425.0	3.57026e-09
0.0143	-0.0121583			1430.0	6.59055e-10
0.01435	-0.0134324			1435.0	7.3729e-10
0.0144	-0.00960991			1440.0	7.2364e-10
0.01445	-0.0121583			1445.0	3.64291e-09
0.0145	-0.0121583			1450.0	1.57295e-09
0.01455	-0.00960991			1455.0	1.31827e-09
0.0146	-0.00706155			1460.0	1.59049e-09
0.01465	-0.00578737			1465.0	2.09476e-09
0.0147	-0.00578737			1470.0	8.61433e-10
0.01475	-0.00960991			1475.0	4.86696e-09
0.0148	-0.00578737			1480.0	3.07658e-09
0.01485	-0.00196484			1485.0	2.35472e-11
0.0149	0.000583518			1490.0	1.64837e-10
0.01495	-0.00069066			1495.0	4.55209e-10
0.015	-0.00069066			1500.0	9.45959e-10
0.01505	-0.00323902			1505.0	6.04601e-10
0.0151	-0.00196484			1510.0	2.04475e-09
0.01515	0.00313188			1515.0	1.22484e-09
0.0152	0.0018577			1520.0	7.87776e-10
0.01525	0.00822859			1525.0	2.30577e-09
0.0153	0.00440605			1530.0	4.70718e-09
0.01535	0.00440605			1535.0	2.30943e-09
0.0154	0.000583518			1540.0	7.88816e-10
0.01545	0.00695441			1545.0	4.87591e-10
0.0155	0.00695441			1550.0	1.45353e-09
0.01555	0.00440605			1555.0	1.75701e-09
0.0156	0.0018577			1560.0	3.53398e-09
0.01565	0.00313188			1565.0	1.39288e-10
0.0157	0.00440605			1570.0	1.89466e-09
0.01575	0.00313188			1575.0	1.57539e-09
0.0158	-0.00196484			1580.0	4.92702e-10
0.01585	-0.00196484			1585.0	4.54021e-10
0.0159	0.000583518			1590.0	1.93048e-09
0.01595	0.000583518			1595.0	1.04403e-09
0.016	-0.00323902			1600.0	3.32314e-10
0.01605	-0.00323902			1605.0	1.25879e-09
0.0161	-0.00196484			1610.0	3.21634e-09
0.01615	-0.00196484			1615.0	1.01502e-09
0.0162	-0.00069066			1620.0	1.65556e-09
0.01625	0.000583518			1625.0	5.40175e-10
0.0163	-0.00706155			1630.0	2.65937e-09
0.01635	-0.0045132			1635.0	3.18691e-09
0.0164	-0.00069066			1640.0	1.19778e-09
0.01645	0.00313188			1645.0	7.77522e-10
0.0165	0.0018577			1650.0	3.91484e-10
0.01655	-0.00196484			1655.0	2.65437e-10
0.0166	0.00440605			1660.0	1.33171e-10
0.01665	0.00822859			1665.0	1.27901e-09
0.0167	0.0107769			1670.0	3.52348e-09
0.01675	0.00695441			1675.0	2.21914e-09
0.0168	0.0107769			1680.0	4.35425e-09
0.01685	0.0133253			1685.0	7.36909e-10
0.0169	0.0107769			1690.0	2.9661e-09
0.01695	0.0107769			1695.0	3.34947e-09
0.017	0.0120511			1700.0	5.64491e-10
0.01705	0.0120511			1705.0	2.16318e-09
0.0171	0.018422			1710.0	2.85429e-09
0.01715	0.0120511			1715.0	6.15326e-10
0.0172	0.00822859			1720.0	1.10206e-09
0.01725	0.00950277			1725.0	1.82806e-09
0.0173	0.0158737			1730.0	3.35444e-09
0.01735	0.0107769			1735.0	3.35883e-09
0.0174	0.00822859			1740.0	1.06143e-09
0.01745	0.00313188			1745.0	9.84093e-09
0.0175	0.00822859			1750.0	1.25906e-08
0.01755	0.00568023			1755.0	1.01909e-09
0.0176	0.00440605			1760.0	4.76854e-09
0.01765	0.00313188			1765.0	4.89993e-09
0.0177	-0.00196484			1770.0	2.38366e-09
0.01775	0.000583518			1775.0	3.06562e-09
0.0178	0.000583518			1780.0	4.86669e-09
0.01785	-0.00069066			1785.0	2.77294e-09
0.0179	0.000583518			1790.0	2.99107e-09
0.01795	-0.00069066			1795.0	3.10972e-09
0.018	0.00313188			1800.0	4.6345e-09
0.01805	0.0018577			1805.0	2.75826e-09
0.0181	0.00313188			1810.0	1.38688e-10
0.01815	0.00950277			1815.0	9.20198e-10
0.0182	0.00695441			1820.0	2.38583e-09
0.01825	0.00822859			1825.0	6.88754e-10
0.0183	0.0145995			1830.0	7.47339e-09
0.01835	0.0133253			1835.0	6.1373e-09
0.0184	0.0107769			1840.0	2.44469e-10
0.01845	0.0171478			1845.0	5.64773e-10
0.0185	0.018422			1850.0	4.31711e-10
0.01855	0.0209704			1855.0	3.01785e-10
0.0186	0.0209704			1860.0	2.82204e-10
0.01865	0.018422			1865.0	7.42733e-11
0.0187	0.018422			1870.0	7.88851e-10
0.01875	0.018422			1875.0	1.59826e-09
0.0188	0.0209704			1880.0	1.49385e-09
0.01885	0.0209704			1885.0	3.41859e-09
0.0189	0.0120511			1890.0	1.01341e-10
0.01895	0.0133253			1895.0	3.58682e-09
0.019	0.0158737			1900.0	7.37306e-10
0.01905	0.018422			1905.0	1.3713e-10
0.0191	0.0120511			1910.0	1.70224e-10
0.01915	0.00822859			1915.0	8.42156e-10
0.0192	0.0107769			1920.0	4.01534e-09
0.01925	0.00950277			1925.0	3.35282e-09
0.0193	0.00313188			1930.0	1.44762e-09
0.01935	0.0018577			1935.0	6.26441e-09
0.0194	-0.00196484			1940.0	6.75109e-09
0.01945	0.00313188			1945.0	2.62656e-09
0.0195	0.00440605			1950.0	1.25631e-09
0.01955	0.00313188			1955.0	2.76634e-09
0.0196	-0.00196484			1960.0	8.19056e-09
0.01965	-0.00069066			1965.0	6.68509e-09
0.0197	0.00568023			1970.0	2.89549e-09
0.01975	0.00440605			1975.0	2.61592e-09
0.0198	0.0107769			1980.0	4.85955e-09
0.01985	0.0107769			1985.0	7.53525e-09
0.0199	0.0133253			1990.0	2.12867e-09
0.01995	0.0107769			1995.0	9.02572e-10
0.02	0.0158737			2000.0	3.7486e-09
0.02005	0.0196962			2005.0	4.05063e-09
0.0201	0.0196962			2010.0	1.11186e-08
0.02015	0.018422			2015.0	6.50008e-09
0.0202	0.0196962			2020.0	7.4994e-09
0.02025	0.0222446			2025.0	1.54561e-09
0.0203	0.0247929			2030.0	3.56065e-09
0.02035	0.0298896			2035.0	1.91591e-09
0.0204	0.0260671			2040.0	4.48609e-09
0.02045	0.0209704			2045.0	3.70177e-09
0.0205	0.0171478			2050.0	3.63274e-11
0.02055	0.0209704			2055.0	7.69674e-10
0.0206	0.0235187			2060.0	5.28078e-10
0.02065	0.0171478			2065.0	5.83735e-10
0.0207	0.0171478			2070.0	1.08991e-09
0.02075	0.0120511			2075.0	2.62375e-09
0.0208	0.0120511			2080.0	1.34408e-09
0.02085	0.0120511			2085.0	1.32818e-10
0.0209	0.00822859			2090.0	7.43728e-10
0.02095	0.00695441			2095.0	3.89677e-09
0.021	0.0018577			2100.0	6.30311e-09
0.02105	0.00695441			2105.0	1.37938e-09
0.0211	0.00313188			2110.0	6.88367e-10
0.02115	0.00440605			2115.0	9.96286e-10
0.0212	-0.00069066			2120.0	1.33578e-09
0.02125	0.000583518			2125.0	5.1421e-09
0.0213	0.00313188			2130.0	1.96099e-09
0.02135	0.00822859			2135.0	4.69027e-09
0.0214	0.00695441			2140.0	7.76896e-09
0.02145	0.00822859			2145.0	8.89669e-10
0.0215	0.00568023			2150.0	5.8227e-09
0.02155	0.0107769			2155.0	3.66384e-09
0.0216	0.0133253			2160.0	2.62956e-09
0.02165	0.0158737			2165.0	1.58957e-09
0.0217	0.0133253			2170.0	2.09172e-09
0.02175	0.0133253			2175.0	1.43438e-09
0.0218	0.0158737			2180.0	9.82335e-10
0.02185	0.0235187			2185.0	1.5481e-09
0.0219	0.0222446			2190.0	6.94273e-10
0.02195	0.0171478			2195.0	1.34181e-09
0.022	0.0171478			2200.0	9.78677e-09
0.02205	0.0158737			2205.0	7.31524e-09
0.0221	0.0171478			2210.0	2.36187e-09
0.02215	0.0209704			2215.0	3.32653e-09
0.0222	0.0145995			2220.0	6.48836e-09
0.02225	0.0145995			2225.0	1.97674e-08
0.0223	0.0120511			2230.0	4.97925e-08
0.02235	0.0120511			2235.0	6.97612e-08
0.0224	0.00822859			2240.0	3.41515e-08
0.02245	0.00695441			2245.0	4.31089e-09
0.0225	0.00313188			2250.0	6.81105e-08
0.02255	0.00313188			2255.0	2.38563e-07
0.0226	-0.00196484			2260.0	8.45656e-08
0.02265	0.000583518			2265.0	6.66569e-08
0.0227	-0.00069066			2270.0	1.85789e-07
0.02275	-0.00323902			2275.0	3.88119e-07
0.0228	-0.00578737			2280.0	5.38464e-07
0.02285	-0.0121583			2285.0	2.39835e-07
0.0229	-0.00833573			2290.0	4.7561e-08
0.02295	-0.00578737			2295.0	7.47156e-08
0.023	-0.00706155			2300.0	9.82292e-08
0.02305	-0.00833573			2305.0	2.91394e-08
0.0231	-0.00833573			2310.0	1.59439e-08
0.02315	-0.00960991			2315.0	3.41956e-09
0.0232	-0.00706155			2320.0	2.04982e-09
0.02325	-0.00960991			2325.0	2.11644e-08
0.0233	-0.0045132			2330.0	2.00556e-08
0.02335	-0.00706155			2335.0	1.99084e-10
0.0234	-0.00706155			2340.0	1.38254e-08
0.02345	-0.00578737			2345.0	4.59234e-08
0.0235	-0.00706155			2350.0	2.38268e-08
0.02355	-0.00196484			2355.0	1.44543e-08
0.0236	-0.00323902			2360.0	8.08504e-09
0.02365	-0.00706155			2365.0	1.59956e-08
0.0237	-0.00833573			2370.0	4.49203e-09
0.02375	-0.00578737			2375.0	1.28757e-09
0.0238	-0.0045132			2380.0	3.84424e-09
0.02385	-0.00323902			2385.0	2.20593e-09
0.0239	-0.00578737			2390.0	7.42689e-10
0.02395	-0.00833573			2395.0	2.84958e-09
0.024	-0.00960991			2400.0	5.97104e-09
0.02405	-0.0108841			2405.0	6.8915e-10
0.0241	-0.00833573			2410.0	2.2913e-08
0.02415	-0.00833573			2415.0	3.58406e-08
0.0242	-0.0121583			2420.0	1.98519e-08
0.02425	-0.0121583			2425.0	1.5571e-08
0.0243	-0.0147066			2430.0	3.17845e-09
0.02435	-0.0159808			2435.0	1.81082e-09
0.0244	-0.0134324			2440.0	2.02226e-09
0.02445	-0.0147066			2445.0	1.62271e-08
0.0245	-0.0159808			2450.0	2.58114e-08
0.02455	-0.017255			2455.0	6.59116e-09
0.0246	-0.0185292			2460.0	1.0043e-08
0.02465	-0.0159808			2465.0	2.77648e-08
0.0247	-0.0134324			2470.0	2.64602e-08
0.02475	-0.0159808			2475.0	1.79211e-08
0.0248	-0.0159808			2480.0	9.62186e-09
0.02485	-0.017255			2485.0	5.08706e-09
0.0249	-0.017255			2490.0	1.04086e-08
0.02495	-0.0159808			2495.0	7.08244e-09
0.025	-0.0159808			2500.0	3.38288e-09
0.02505	-0.0185292			2505.0	1.06563e-08
0.0251	-0.0198033			2510.0	1.22841e-10
0.02515	-0.0159808			2515.0	6.81882e-09
0.0252	-0.0159808			2520.0	5.38798e-09
0.02525	-0.0147066			2525.0	5.50421e-09
0.0253	-0.0134324			2530.0	2.5045e-08
0.02535	-0.017255			2535.0	1.20148e-08
0.0254	-0.0210775			2540.0	3.75151e-09
0.02545	-0.0210775			2545.0	5.80624e-09
0.0255	-0.017255			2550.0	2.04501e-09
0.02555	-0.017255			2555.0	1.1611e-08
0.0256	-0.017255			2560.0	1.4055e-08
0.02565	-0.017255			2565.0	3.00283e-09
0.0257	-0.0210775			2570.0	2.91048e-09
0.02575	-0.0198033			2575.0	4.92e-09
0.0258	-0.017255			2580.0	6.97446e-09
0.02585	-0.017255			2585.0	5.21628e-09
0.0259	-0.0159808			2590.0	2.33993e-08
0.02595	-0.017255			2595.0	1.5777e-08
0.026	-0.017255			2600.0	8.27989e-10
0.02605	-0.0147066			2605.0	4.39517e-09
0.0261	-0.017255			2610.0	1.41446e-08
0.02615	-0.0134324			2615.0	6.72144e-09
0.0262	-0.0121583			2620.0	9.57632e-10
0.02625	-0.0134324			2625.0	5.18443e-09
0.0263	-0.0147066			2630.0	1.03518e-09
0.02635	-0.0147066			2635.0	1.53423e-08
0.0264	-0.0121583			2640.0	1.46406e-08
0.02645	-0.0108841			2645.0	1.73186e-08
0.0265	-0.00960991			2650.0	5.51783e-09
0.02655	-0.00833573			2655.0	1.56377e-09
0.0266	-0.0108841			2660.0	6.26694e-11
0.02665	-0.0134324			2665.0	7.11989e-10
0.0267	-0.00960991			2670.0	8.16027e-10
0.02675	-0.00578737			2675.0	6.59935e-09
0.0268	-0.00578737			2680.0	8.27715e-09
0.02685	-0.00960991			2685.0	3.72406e-09
0.0269	-0.00960991			2690.0	1.25201e-08
0.02695	-0.0134324			2695.0	8.84432e-09
0.027	-0.0134324			2700.0	1.45375e-08
0.02705	-0.00833573			2705.0	2.28242e-09
0.0271	-0.00706155			2710.0	1.46056e-09
0.02715	-0.00960991			2715.0	3.38147e-09
0.0272	-0.0121583			2720.0	1.51436e-08
0.02725	-0.0147066			2725.0	7.26304e-09
0.0273	-0.00960991			2730.0	5.10903e-09
0.02735	-0.00706155			2735.0	1.2311e-08
0.0274	-0.00578737			2740.0	2.23212e-09
0.02745	-0.0108841			2745.0	5.24877e-09
0.0275	-0.00833573			2750.0	1.45531e-08
0.02755	-0.00706155			2755.0	2.23994e-08
0.0276	-0.00578737			2760.0	1.41224e-08
0.02765	-0.0045132			2765.0	7.46348e-09
0.0277	-0.00196484			2770.0	1.42263e-10
0.02775	-0.00323902			2775.0	2.09083e-09
0.0278	-0.00069066			2780.0	6.82264e-10
0.02785	-0.00323902			2785.0	1.16692e-09
0.0279	0.000583518			2790.0	7.70326e-09
0.02795	0.00440605			2795.0	3.32219e-09
0.028	0.00695441			2800.0	1.51952e-09
0.02805	0.00568023			2805.0	4.32641e-09
0.0281	0.0018577			2810.0	2.09525e-09
0.02815	0.00313188			2815.0	9.45967e-10
0.0282	0.00440605			2820.0	4.97956e-10
0.02825	0.00695441			2825.0	6.72694e-10
0.0283	0.00695441			2830.0	6.1784e-09
0.02835	0.00695441			2835.0	5.00828e-09
0.0284	0.00822859			2840.0	5.81757e-10
0.02845	-0.00069066			2845.0	3.68822e-09
0.0285	-0.00196484			2850.0	6.54442e-09
0.02855	0.000583518			2855.0	3.01983e-09
0.0286	0.0018577			2860.0	2.13215e-09
0.02865	0.00313188			2865.0	1.45444e-09
0.0287	-0.0045132			2870.0	2.86355e-09
0.02875	-0.00833573			2875.0	3.08101e-09
0.0288	-0.00196484			2880.0	1.95306e-09
0.02885	0.000583518			2885.0	1.14027e-09
0.0289	0.00440605			2890.0	1.32252e-09
0.02895	0.00313188			2895.0	1.43625e-09
0.029	0.0018577			2900.0	2.46996e-09
0.02905	-0.00323902			2905.0	4.75526e-09
0.0291	0.0018577			2910.0	3.41915e-10
0.02915	0.00822859			2915.0	5.01825e-10
0.0292	0.00568023			2920.0	6.25803e-10
0.02925	0.00313188			2925.0	6.15716e-09
0.0293	0.00695441			2930.0	4.65399e-09
0.02935	0.0018577			2935.0	6.5977e-09
0.0294	0.0018577			2940.0	2.6413e-09
0.02945	0.00568023			2945.0	3.46353e-09
0.0295	0.00822859			2950.0	1.02785e-08
0.02955	0.0133253			2955.0	1.43409e-08
0.0296	0.00822859			2960.0	3.59462e-09
0.02965	0.00440605			2965.0	2.56663e-09
0.0297	0.00440605			2970.0	6.63086e-09
0.02975	0.00568023			2975.0	2.99161e-09
0.0298	0.00822859			2980.0	2.70331e-09
0.02985	0.00695441			2985.0	5.91916e-09
0.0299	0.00568023			2990.0	3.36914e-09
0.02995	0.000583518			2995.0	2.06784e-09
0.03	-0.00196484			3000.0	5.4544e-09
0.03005	-0.00196484			3005.0	7.70125e-10
0.0301	-0.00323902			3010.0	8.13913e-10
0.03015	-0.00196484			3015.0	2.28595e-09
0.0302	-0.00069066			3020.0	3.33199e-09
0.03025	-0.00196484			3025.0	2.09475e-09
0.0303	-0.00578737			3030.0	2.41392e-09
0.03035	-0.00578737			3035.0	4.6597e-09
0.0304	-0.00069066			3040.0	6.40143e-09
0.03045	0.00313188			3045.0	4.03517e-09
0.0305	0.00313188			3050.0	1.4291e-11
0.03055	0.000583518			3055.0	1.73891e-09
0.0306	0.000583518			3060.0	4.59828e-09
0.03065	-0.00069066			3065.0	2.77333e-09
0.0307	0.00568023			3070.0	1.75732e-09
0.03075	0.00695441			3075.0	9.66728e-09
0.0308	0.0120511			3080.0	1.09666e-08
0.03085	0.0120511			3085.0	2.01564e-09
0.0309	0.00950277			3090.0	1.11352e-08
0.03095	0.0107769			3095.0	3.26113e-09
0.031	0.0107769			3100.0	3.29145e-09
0.03105	0.0145995			3105.0	3.88217e-10
0.0311	0.0171478			3110.0	3.53618e-10
0.03115	0.018422			3115.0	6.88526e-09
0.0312	0.0145995			3120.0	1.18489e-08
0.03125	0.0107769			3125.0	6.90634e-09
0.0313	0.00950277			3130.0	7.43663e-09
0.03135	0.00950277			3135.0	3.74177e-09
0.0314	0.0133253			3140.0	1.63528e-09
0.03145	0.0145995			3145.0	1.0713e-10
0.0315	0.0158737			3150.0	2.05921e-09
0.03155	0.00822859			3155.0	1.39856e-09
0.0316	0.00313188			3160.0	3.37692e-09
0.03165	-0.00069066			3165.0	6.67229e-09
0.0317	0.000583518			3170.0	1.9078e-09
0.03175	0.0018577			3175.0	3.5264e-09
0.0318	0.00440605			3180.0	3.92614e-09
0.03185	-0.00323902			3185.0	2.45314e-09
0.0319	-0.0045132			3190.0	6.42248e-12
0.03195	-0.0045132			3195.0	3.96237e-10
0.032	-0.0045132			3200.0	1.88794e-09
0.03205	0.000583518			3205.0	2.10818e-09
0.0321	0.00313188			3210.0	1.38747e-09
0.03215	0.00440605			3215.0	5.03027e-09
0.0322	0.00313188			3220.0	1.33716e-08
0.03225	0.00568023			3225.0	7.21076e-09
0.0323	0.00568023			3230.0	5.4166e-09
0.03235	0.00695441			3235.0	8.48547e-10
0.0324	0.00822859			3240.0	2.42002e-09
0.03245	0.0120511			3245.0	5.30251e-09
0.0325	0.0145995			3250.0	9.33034e-09
0.03255	0.0133253			3255.0	2.01749e-09
0.0326	0.0133253			3260.0	3.84914e-10
0.03265	0.0120511			3265.0	3.70025e-09
0.0327	0.0133253			3270.0	9.16302e-09
0.03275	0.0133253			3275.0	4.72707e-09
0.0328	0.0145995			3280.0	6.10105e-09
0.03285	0.0120511			3285.0	1.06231e-09
0.0329	0.0145995			3290.0	1.28854e-09
0.03295	0.0120511			3295.0	2.71803e-09
0.033	0.00822859			3300.0	8.90549e-10
0.03305	0.0120511			3305.0	1.06477e-10
0.0331	0.0120511			3310.0	8.3121e-10
0.03315	0.00695441			3315.0	2.82289e-09
0.0332	0.000583518			3320.0	4.72794e-09
0.03325	0.000583518			3325.0	1.84149e-10
0.0333	0.000583518			3330.0	1.35412e-09
0.03335	0.00313188			3335.0	1.71232e-09
0.0334	0.00568023			3340.0	6.07314e-10
0.03345	0.00440605			3345.0	3.08164e-09
0.0335	0.00313188			3350.0	1.19851e-09
0.03355	0.00440605			3355.0	1.59318e-09
0.0336	0.00568023			3360.0	1.9098e-09
0.03365	0.00695441			3365.0	8.05408e-09
0.0337	0.0120511			3370.0	7.25323e-09
0.03375	0.0158737			3375.0	1.25007e-09
0.0338	0.0145995			3380.0	6.06894e-09
0.03385	0.0158737			3385.0	1.86095e-09
0.0339	0.0158737			3390.0	2.53096e-12
0.03395	0.0133253			3395.0	4.91889e-09
0.034	0.0145995			3400.0	2.53064e-09
0.03405	0.018422			3405.0	3.30091e-10
0.0341	0.0209704			3410.0	1.26365e-09
0.03415	0.0209704			3415.0	3.04937e-09
0.0342	0.0209704			3420.0	3.81677e-09
0.03425	0.0145995			3425.0	2.33099e-09
0.0343	0.0107769			3430.0	5.78332e-10
0.03435	0.0107769			3435.0	9.69499e-10
0.0344	0.0120511			3440.0	3.48579e-10
0.03445	0.0120511			3445.0	9.42063e-10
0.0345	0.0107769			3450.0	4.03814e-13
0.03455	0.00440605			3455.0	1.99984e-10
0.0346	0.00313188			3460.0	1.2248e-09
0.03465	0.000583518			3465.0	1.44113e-09
0.0347	-0.00196484			3470.0	3.16737e-10
0.03475	-0.0045132			3475.0	2.8893e-09
0.0348	-0.00323902			3480.0	1.00744e-09
0.03485	-0.00196484			3485.0	1.38483e-09
0.0349	-0.00323902			3490.0	1.0839e-09
0.03495	-0.00578737			3495.0	1.33137e-09
0.035	-0.00706155			3500.0	1.37017e-09
0.03505	-0.00578737			3505.0	5.36791e-09
0.0351	-0.00578737			3510.0	2.77028e-09
0.03515	-0.00323902			3515.0	1.16031e-09
0.0352	-0.00196484			3520.0	3.03301e-09
0.03525	-0.00323902			3525.0	1.68593e-09
0.0353	-0.00323902			3530.0	1.89509e-09
0.03535	-0.00578737			3535.0	3.65623e-09
0.0354	-0.0045132			3540.0	1.41542e-09
0.03545	-0.00323902			3545.0	3.15143e-10
0.0355	0.000583518			3550.0	5.27778e-10
0.03555	-0.00196484			3555.0	1.15375e-09
0.0356	-0.00578737			3560.0	2.38771e-09
0.03565	-0.00833573			3565.0	7.12696e-10
0.0357	-0.00706155			3570.0	8.14062e-10
0.03575	-0.00706155			3575.0	8.0773e-10
0.0358	-0.00706155			3580.0	7.14963e-10
0.03585	-0.00578737			3585.0	9.62932e-11
0.0359	-0.00833573			3590.0	1.51736e-09
0.03595	-0.00960991			3595.0	1.74294e-09
0.036	-0.0134324			3600.0	1.53266e-09
0.03605	-0.0147066			3605.0	8.04328e-10
0.0361	-0.0121583			3610.0	1.09854e-09
0.03615	-0.0108841			3615.0	2.04176e-09
0.0362	-0.0108841			3620.0	2.225e-10
0.03625	-0.00960991			3625.0	1.26986e-09
0.0363	-0.0147066			3630.0	2.31762e-10
0.03635	-0.0159808			3635.0	1.91997e-10
0.0364	-0.0198033			3640.0	2.16991e-10
0.03645	-0.017255			3645.0	4.07076e-09
0.0365	-0.017255			3650.0	3.27713e-09
0.03655	-0.0159808			3655.0	2.65959e-09
0.0366	-0.0147066			3660.0	3.0171e-09
0.03665	-0.0185292			3665.0	5.98801e-09
0.0367	-0.017255			3670.0	4.9819e-09
0.03675	-0.0210775			3675.0	2.94577e-09
0.0368	-0.0223517			3680.0	3.97107e-09
0.03685	-0.0198033			3685.0	1.97874e-11
0.0369	-0.0185292			3690.0	1.41792e-09
0.03695	-0.017255			3695.0	1.5312e-09
0.037	-0.0198033			3700.0	8.14403e-13
0.03705	-0.0210775			3705.0	4.45439e-09
0.0371	-0.0223517			3710.0	8.1344e-09
0.03715	-0.0223517			3715.0	7.40783e-09
0.0372	-0.017255			3720.0	1.41423e-09
0.03725	-0.017255			3725.0	2.77266e-09
0.0373	-0.0159808			3730.0	3.74046e-10
0.03735	-0.0159808			3735.0	1.7026e-09
0.0374	-0.0185292			3740.0	3.61522e-09
0.03745	-0.017255			3745.0	9.72922e-09
0.0375	-0.017255			3750.0	3.00312e-09
0.03755	-0.0159808			3755.0	1.98809e-09
0.0376	-0.0121583			3760.0	4.68639e-09
0.03765	-0.00833573			3765.0	5.5119e-09
0.0377	-0.00960991			3770.0	2.00007e-09
0.03775	-0.00706155			3775.0	3.36521e-10
0.0378	-0.0108841			3780.0	1.38724e-10
0.03785	-0.00960991			3785.0	5.51256e-09
0.0379	-0.00706155			3790.0	5.14724e-09
0.03795	-0.00833573			3795.0	9.36357e-10
0.038	-0.0045132			3800.0	5.292e-09
0.03805	-0.00578737			3805.0	9.9834e-10
0.0381	-0.00706155			3810.0	1.1759e-09
0.03815	-0.0121583			3815.0	5.43499e-09
0.0382	-0.0108841			3820.0	9.18056e-09
0.03825	-0.0108841			3825.0	2.62043e-09
0.0383	-0.00960991			3830.0	1.04492e-10
0.03835	-0.00706155			3835.0	2.97135e-09
0.0384	-0.00706155			3840.0	1.9783e-09
0.03845	-0.0108841			3845.0	1.10093e-09
0.0385	-0.0134324			3850.0	1.11748e-09
0.03855	-0.0147066			3855.0	2.36734e-09
0.0386	-0.0134324			3860.0	4.7755e-09
0.03865	-0.0121583			3865.0	3.47873e-09
0.0387	-0.0121583			3870.0	3.426e-09
0.03875	-0.00960991			3875.0	6.02046e-09
0.0388	-0.00833573			3880.0	6.90481e-11
0.03885	-0.00960991			3885.0	3.82878e-09
0.0389	-0.00960991			3890.0	3.10145e-09
0.03895	-0.00960991			3895.0	1.16636e-09
0.039	-0.00706155			3900.0	6.37673e-09
0.03905	-0.00706155			3905.0	3.60266e-09
0.0391	-0.0045132			3910.0	2.67254e-09
0.03915	-0.00578737			3915.0	1.35266e-09
0.0392	-0.00706155			3920.0	6.63479e-09
0.03925	-0.00323902			3925.0	1.03869e-08
0.0393	-0.00196484			3930.0	7.16288e-09
0.03935	-0.00196484			3935.0	3.23867e-09
0.0394	0.000583518			3940.0	7.42967e-10
0.03945	0.0018577			3945.0	6.5402e-10
0.0395	-0.00196484			3950.0	3.07524e-09
0.03955	0.00313188			3955.0	2.95846e-09
0.0396	0.0018577			3960.0	2.11717e-09
0.03965	0.000583518			3965.0	7.47237e-09
0.0397	0.000583518			3970.0	6.53767e-09
0.03975	0.0018577			3975.0	2.63199e-09
0.0398	0.000583518			3980.0	2.96381e-09
0.03985	0.000583518			3985.0	6.43381e-10
0.0399	-0.00069066			3990.0	2.31018e-09
0.03995	0.000583518			3995.0	5.63998e-10
0.04	-0.00323902			4000.0	3.7576e-09
0.04005	-0.0045132			4005.0	2.44441e-09
0.0401	-0.00196484			4010.0	2.25753e-09
0.04015	-0.0045132			4015.0	3.21632e-09
0.0402	0.000583518			4020.0	6.59429e-09
0.04025	0.0018577			4025.0	1.88633e-08
0.0403	-0.00196484			4030.0	1.39082e-08
0.04035	-0.00069066			4035.0	1.68426e-09
0.0404	-0.00323902			4040.0	5.74663e-09
0.04045	-0.00069066			4045.0	1.06577e-08
0.0405	-0.00196484			4050.0	1.04768e-08
0.04055	0.0018577			4055.0	5.50157e-09
0.0406	-0.00196484			4060.0	5.04452e-09
0.04065	0.000583518			4065.0	7.48826e-09
0.0407	0.000583518			4070.0	6.42574e-09
0.04075	-0.00069066			4075.0	5.35391e-09
0.0408	0.00313188			4080.0	4.44965e-09
0.04085	0.00313188			4085.0	1.51208e-09
0.0409	0.00440605			4090.0	6.0112e-09
0.04095	0.00695441			4095.0	6.6846e-09
0.041	0.00313188			4100.0	1.41355e-09
0.04105	0.00822859			4105.0	8.51538e-09
0.0411	0.000583518			4110.0	5.1755e-09
0.04115	0.00695441			4115.0	4.77122e-09
0.0412	0.00568023			4120.0	3.62921e-09
0.04125	0.00695441			4125.0	4.58581e-10
0.0413	0.00822859			4130.0	3.7036e-09
0.04135	0.0107769			4135.0	2.10076e-09
0.0414	0.00950277			4140.0	1.81555e-10
0.04145	0.00695441			4145.0	2.58211e-09
0.0415	0.00440605			4150.0	2.26289e-09
0.04155	0.00313188			4155.0	1.74869e-09
0.0416	0.00313188			4160.0	6.32623e-09
0.04165	0.00822859			4165.0	9.20872e-09
0.0417	0.00695441			4170.0	6.1549e-09
0.04175	0.000583518			4175.0	3.23429e-09
0.0418	0.000583518			4180.0	3.96586e-10
0.04185	-0.00196484			4185.0	4.14314e-10
0.0419	-0.00196484			4190.0	4.15336e-09
0.04195	-0.00196484			4195.0	3.92689e-09
0.042	0.000583518			4200.0	7.06551e-10
0.04205	0.00313188			4205.0	9.45843e-10
0.0421	0.00313188			4210.0	8.95985e-10
0.04215	0.000583518			4215.0	1.11601e-09
0.0422	0.0018577			4220.0	6.7685e-10
0.04225	-0.00196484			4225.0	4.15677e-09
0.0423	0.0018577			4230.0	3.20448e-09
0.04235	0.000583518			4235.0	5.61798e-10
0.0424	0.00313188			4240.0	4.75601e-09
0.04245	0.000583518			4245.0	1.47134e-09
0.0425	0.00440605			4250.0	6.57559e-11
0.04255	0.0018577			4255.0	2.49491e-09
0.0426	0.00313188			4260.0	1.12028e-09
0.04265	0.00695441			4265.0	4.0575e-09
0.0427	0.00822859			4270.0	6.394e-09
0.04275	0.0107769			4275.0	1.15329e-09
0.0428	0.0107769			4280.0	3.00572e-09
0.04285	0.00950277			4285.0	2.72044e-09
0.0429	0.0107769			4290.0	7.75118e-09
0.04295	0.00822859			4295.0	2.28122e-10
0.043	0.00568023			4300.0	6.04091e-09
0.04305	0.0133253			4305.0	3.81674e-09
0.0431	0.00822859			4310.0	2.48308e-09
0.04315	0.0120511			4315.0	5.67692e-09
0.0432	0.0120511			4320.0	2.28056e-09
0.04325	0.0107769			4325.0	3.55292e-09
0.0433	0.0107769			4330.0	9.70736e-10
0.04335	0.00568023			4335.0	3.71213e-10
0.0434	0.00440605			4340.0	4.22683e-10
0.04345	0.00695441			4345.0	4.83569e-10
0.0435	0.00568023			4350.0	3.37947e-10
0.04355	0.00440605			4355.0	1.14954e-09
0.0436	0.00313188			4360.0	1.15295e-09
0.04365	0.00695441			4365.0	1.05274e-10
0.0437	0.00313188			4370.0	2.4225e-10
0.04375	0.0018577			4375.0	4.65252e-10
0.0438	0.000583518			4380.0	4.64002e-11
0.04385	0.0018577			4385.0	9.72089e-10
0.0439	0.00440605			4390.0	4.6046e-10
0.04395	0.00822859			4395.0	3.62482e-09
0.044	0.00313188			4400.0	2.2568e-09
0.04405	0.0018577			4405.0	1.90977e-09
0.0441	-0.00069066			4410.0	7.65801e-09
0.04415	0.00313188			4415.0	7.72684e-09
0.0442	0.00695441			4420.0	7.04173e-10
0.04425	0.00440605			4425.0	1.17108e-10
0.0443	0.0107769			4430.0	6.1939e-10
0.04435	0.0107769			4435.0	3.20952e-09
0.0444	0.00950277			4440.0	2.313e-09
0.04445	0.0107769			4445.0	3.58115e-09
0.0445	0.00822859			4450.0	1.94913e-09
0.04455	0.00950277			4455.0	1.1858e-09
0.0446	0.0120511			4460.0	2.65944e-09
0.04465	0.0145995			4465.0	3.60013e-09
0.0447	0.0133253			4470.0	9.62171e-10
0.04475	0.0133253			4475.0	1.54556e-10
0.0448	0.0133253			4480.0	1.30702e-09
0.04485	0.0133253			4485.0	8.04724e-09
0.0449	0.0107769			4490.0	3.97498e-09
0.04495	0.00950277			4495.0	3.5027e-10
0.045	0.00950277			4500.0	3.35822e-09
0.04505	0.0133253			4505.0	3.63198e-09
0.0451	0.0120511			4510.0	6.63433e-10
0.04515	0.0133253			4515.0	2.06465e-09
0.0452	0.00822859			4520.0	1.89818e-09
0.04525	0.00440605			4525.0	4.16702e-09
0.0453	0.00440605			4530.0	8.19454e-09
0.04535	0.00440605			4535.0	2.01798e-09
0.0454	0.00822859			4540.0	2.0055e-09
0.04545	0.00822859			4545.0	4.12235e-09
0.0455	0.00440605			4550.0	6.34279e-09
0.04555	0.00313188			4555.0	1.00531e-09
0.0456	0.000583518			4560.0	1.34968e-09
0.04565	-0.00069066			4565.0	4.4349e-09
0.0457	0.000583518			4570.0	1.13478e-09
0.04575	0.00313188			4575.0	2.4346e-10
0.0458	0.00695441			4580.0	4.1801e-09
0.04585	0.00440605			4585.0	1.11145e-09
0.0459	0.00313188			4590.0	3.4217e-10
0.04595	0.00313188			4595.0	5.66939e-09
0.046	0.0018577			4600.0	2.4679e-09
0.04605	0.00313188			4605.0	2.60768e-09
0.0461	0.00313188			4610.0	3.35667e-09
0.04615	0.00568023			4615.0	2.6931e-09
0.0462	0.00822859			4620.0	1.05273e-09
0.04625	0.00440605			4625.0	1.99363e-09
0.0463	0.00695441			4630.0	4.15786e-09
0.04635	0.00440605			4635.0	3.41425e-09
0.0464	0.00313188			4640.0	5.24443e-09
0.04645	0.00440605			4645.0	3.3738e-09
0.0465	0.00440605			4650.0	4.74915e-10
0.04655	0.00695441			4655.0	7.31703e-11
0.0466	0.0120511			4660.0	5.35942e-10
0.04665	0.00950277			4665.0	5.15184e-11
0.0467	0.00695441			4670.0	4.95073e-10
0.04675	0.00440605			4675.0	1.59166e-09
0.0468	0.0018577			4680.0	4.27716e-09
0.04685	0.00568023			4685.0	4.16593e-09
0.0469	0.00568023			4690.0	3.39616e-10
0.04695	0.00440605			4695.0	3.15299e-10
0.047	0.00313188			4700.0	8.08832e-10
0.04705	0.00568023			4705.0	1.0512e-09
0.0471	0.000583518			4710.0	1.09369e-09
0.04715	-0.00323902			4715.0	3.16365e-10
0.0472	-0.00196484			4720.0	6.99653e-11
0.04725	-0.0045132			4725.0	9.18099e-10
0.0473	-0.00196484			4730.0	5.78199e-09
0.04735	-0.00323902			4735.0	9.7732e-09
0.0474	-0.00578737			4740.0	3.09629e-09
0.04745	-0.00578737			4745.0	8.03963e-10
0.0475	-0.00833573			4750.0	2.12646e-09
0.04755	-0.00833573			4755.0	2.00519e-09
0.0476	-0.00960991			4760.0	3.53221e-09
0.04765	-0.00706155			4765.0	4.26654e-09
0.0477	-0.00578737			4770.0	1.17143e-09
0.04775	-0.00706155			4775.0	6.61033e-11
0.0478	-0.00578737			4780.0	1.75215e-09
0.04785	-0.00706155			4785.0	7.34083e-10
0.0479	-0.0108841			4790.0	2.02897e-09
0.04795	-0.0134324			4795.0	8.49075e-10
0.048	-0.00960991			4800.0	1.04008e-10
0.04805	-0.00960991			4805.0	2.85953e-10
0.0481	-0.00833573			4810.0	1.24491e-09
0.04815	-0.00578737			4815.0	5.6543e-10
0.0482	-0.0108841			4820.0	2.969e-09
0.04825	-0.0108841			4825.0	7.53342e-10
0.0483	-0.0121583			4830.0	8.23152e-10
0.04835	-0.0134324			4835.0	1.84847e-09
0.0484	-0.0121583			4840.0	8.39795e-11
0.04845	-0.0108841			4845.0	1.01618e-09
0.0485	-0.00833573			4850.0	2.34863e-10
0.04855	-0.00833573			4855.0	2.31337e-10
0.0486	-0.0108841			4860.0	3.7849e-11
0.04865	-0.0134324			4865.0	2.22551e-09
0.0487	-0.017255			4870.0	7.83926e-09
0.04875	-0.0134324			4875.0	1.21724e-08
0.0488	-0.0147066			4880.0	5.46726e-09
0.04885	-0.0121583			4885.0	4.90887e-10
0.0489	-0.0134324			4890.0	3.04563e-09
0.04895	-0.0134324			4895.0	4.51017e-09
0.049	-0.0185292			4900.0	1.1661e-09
0.04905	-0.017255			4905.0	1.64737e-09
0.0491	-0.017255			4910.0	2.02825e-09
0.04915	-0.017255			4915.0	7.23405e-10
0.0492	-0.017255			4920.0	3.99867e-09
0.04925	-0.017255			4925.0	1.51371e-09
0.0493	-0.0134324			4930.0	5.07398e-10
0.04935	-0.017255			4935.0	1.40603e-09
0.0494	-0.0159808			4940.0	1.72985e-09
0.04945	-0.017255			4945.0	6.68925e-10
0.0495	-0.0185292			4950.0	2.57809e-11
0.04955	-0.0159808			4955.0	9.57739e-10
0.0496	-0.017255			4960.0	3.18472e-09
0.04965	-0.0159808			4965.0	7.90179e-10
0.0497	-0.0121583			4970.0	4.13328e-10
0.04975	-0.0147066			4975.0	1.55928e-10
0.0498	-0.0159808			4980.0	7.33455e-10
0.04985	-0.0198033			4985.0	1.18394e-09
0.0499	-0.017255			4990.0	1.08569e-09
0.04995	-0.0147066			4995.0	9.09136e-11
0.05	-0.0121583			5000.0	1.60165e-09
0.05005	-0.0121583			5005.0	2.58874e-09
0.0501	-0.0121583			5010.0	2.76656e-09
0.05015	-0.0134324			5015.0	1.91158e-10
0.0502	-0.00960991			5020.0	2.25205e-10
0.05025	-0.0147066			5025.0	2.11749e-10
0.0503	-0.0159808			5030.0	5.74921e-10
0.05035	-0.0159808			5035.0	7.39873e-10
0.0504	-0.0147066			5040.0	6.86767e-10
0.05045	-0.0108841			5045.0	1.43287e-09
0.0505	-0.00960991			5050.0	1.55356e-09
0.05055	-0.0121583			5055.0	9.27899e-10
0.0506	-0.0134324			5060.0	9.499e-10
0.05065	-0.0147066			5065.0	1.39294e-09
0.0507	-0.0134324			5070.0	1.0444e-09
0.05075	-0.00960991			5075.0	1.40992e-10
0.0508	-0.0121583			5080.0	6.42268e-10
0.05085	-0.0108841			5085.0	1.5573e-09
0.0509	-0.00960991			5090.0	2.51603e-09
0.05095	-0.0108841			5095.0	5.95653e-11
0.051	-0.0121583			5100.0	9.51315e-10
0.05105	-0.0134324			5105.0	6.04551e-10
0.0511	-0.0147066			5110.0	1.09235e-09
0.05115	-0.00706155			5115.0	1.30908e-09
0.0512	-0.00706155			5120.0	2.26389e-09
0.05125	-0.00833573			5125.0	3.70294e-09
0.0513	-0.00706155			5130.0	1.31424e-09
0.05135	-0.0108841			5135.0	2.31633e-09
0.0514	-0.00706155			5140.0	3.78246e-09
0.05145	-0.00960991			5145.0	1.46343e-09
0.0515	-0.00706155			5150.0	2.31472e-10
0.05155	-0.0045132			5155.0	2.99068e-10
0.0516	-0.00196484			5160.0	7.40477e-10
0.05165	-0.00196484			5165.0	2.51485e-10
0.0517	-0.00323902			5170.0	6.71842e-11
0.05175	-0.0045132			5175.0	2.55394e-10
0.0518	-0.00196484			5180.0	1.07897e-09
0.05185	-0.00578737			5185.0	1.35274e-09
0.0519	-0.00323902			5190.0	4.37441e-10
0.05195	-0.00323902			5195.0	2.91948e-10
0.052	-0.00196484			5200.0	2.68276e-10
0.05205	0.0018577			5205.0	9.3864e-11
0.0521	0.00440605			5210.0	4.43628e-10
0.05215	0.00568023			5215.0	1.88485e-09
0.0522	0.00313188			5220.0	1.28887e-09
0.05225	0.0018577			5225.0	7.65075e-10
0.0523	0.000583518			5230.0	1.80379e-10
0.05235	-0.00069066			5235.0	5.56984e-11
0.0524	-0.00196484			5240.0	5.81918e-11
0.05245	-0.00069066			5245.0	2.45368e-10
0.0525	-0.00196484			5250.0	6.54423e-10
0.05255	0.00440605			5255.0	3.67703e-10
0.0526	0.0018577			5260.0	2.48751e-10
0.05265	0.0018577			5265.0	2.2377e-09
0.0527	-0.00323902			5270.0	1.31377e-09
0.05275	-0.0045132			5275.0	1.20837e-09
0.0528	-0.00196484			5280.0	1.00954e-09
0.05285	0.000583518			5285.0	6.23781e-11
0.0529	0.0018577			5290.0	8.05631e-10
0.05295	0.00313188			5295.0	2.78933e-10
0.053	-0.00069066			5300.0	5.76928e-10
0.05305	0.0018577			5305.0	2.44423e-10
0.0531	0.00440605			5310.0	2.29028e-09
0.05315	0.000583518			5315.0	1.52665e-09
0.0532	0.00568023			5320.0	1.18783e-09
0.05325	0.00568023			5325.0	2.00596e-09
0.0533	0.00313188			5330.0	7.31428e-10
0.05335	0.00695441			5335.0	2.60847e-10
0.0534	0.00313188			5340.0	3.81565e-11
0.05345	0.00440605			5345.0	9.4411e-10
0.0535	0.00313188			5350.0	1.47811e-09
0.05355	0.00822859			5355.0	1.84466e-09
0.0536	0.00950277			5360.0	1.64725e-09
0.05365	0.00822859			5365.0	4.34299e-10
0.0537	0.00822859			5370.0	1.3227e-09
0.05375	0.00695441			5375.0	8.22371e-10
0.0538	0.00568023			5380.0	1.2628e-09
0.05385	0.00695441			5385.0	2.03038e-09
0.0539	0.00822859			5390.0	1.06269e-09
0.05395	0.00822859			5395.0	3.04747e-11
0.054	0.0107769			5400.0	1.526e-10
0.05405	0.00950277			5405.0	1.32087e-09
0.0541	0.0107769			5410.0	1.21821e-10
0.05415	0.0107769			5415.0	1.42827e-09
0.0542	0.00950277			5420.0	1.69581e-09
0.05425	0.00695441			5425.0	8.41358e-11
0.0543	0.00568023			5430.0	9.82098e-10
0.05435	0.00950277			5435.0	2.59585e-09
0.0544	0.00950277			5440.0	3.16956e-09
0.05445	0.0107769			5445.0	2.89401e-09
0.0545	0.0145995			5450.0	2.6241e-10
0.05455	0.00695441			5455.0	3.36105e-09
0.0546	0.00822859			5460.0	2.19604e-09
0.05465	0.00822859			5465.0	1.86306e-09
0.0547	0.00568023			5470.0	1.54706e-09
0.05475	0.00695441			5475.0	5.14146e-11
0.0548	0.00695441			5480.0	1.78655e-10
0.05485	0.0107769			5485.0	9.16705e-10
0.0549	0.00822859			5490.0	9.57453e-10
0.05495	0.0107769			5495.0	1.18986e-09
0.055	0.00695441			5500.0	1.22236e-09
0.05505	0.00568023			5505.0	5.89087e-11
0.0551	0.00440605			5510.0	4.71014e-10
0.05515	0.00822859			5515.0	8.16076e-10
0.0552	0.0107769			5520.0	2.16722e-09
0.05525	0.00822859			5525.0	3.1327e-10
0.0553	0.00822859			5530.0	2.44915e-10
0.05535	0.00950277			5535.0	2.29922e-11
0.0554	0.0107769			5540.0	3.97258e-10
0.05545	0.00822859			5545.0	8.5238e-11
0.0555	0.00695441			5550.0	8.76251e-10
0.05555	0.0120511			5555.0	3.83175e-11
0.0556	0.0120511			5560.0	2.21348e-10
0.05565	0.0120511			5565.0	2.1984e-10
0.0557	0.0120511			5570.0	1.71839e-09
0.05575	0.0145995			5575.0	2.72919e-09
0.0558	0.0120511			5580.0	5.58864e-10
0.05585	0.0133253			5585.0	3.89761e-10
0.0559	0.0133253			5590.0	7.70544e-11
0.05595	0.00568023			5595.0	7.72343e-10
0.056	0.0120511			5600.0	3.87387e-10
0.05605	0.0133253			5605.0	9.10101e-10
0.0561	0.0145995			5610.0	1.53683e-09
0.05615	0.0145995			5615.0	4.86193e-10
0.0562	0.0120511			5620.0	1.89421e-09
0.05625	0.0120511			5625.0	1.71413e-09
0.0563	0.00950277			5630.0	3.70718e-09
0.05635	0.0120511			5635.0	4.46734e-09
0.0564	0.0120511			5640.0	1.24984e-09
0.05645	0.0120511			5645.0	5.25866e-10
0.0565	0.0158737			5650.0	9.53657e-10
0.05655	0.0120511			5655.0	1.37795e-10
0.0566	0.0120511			5660.0	1.15614e-09
0.05665	0.0107769			5665.0	6.09746e-11
0.0567	0.00695441			5670.0	6.74069e-11
0.05675	0.00695441			5675.0	3.83862e-10
0.0568	0.00568023			5680.0	1.70401e-09
0.05685	0.00695441			5685.0	2.25615e-09
0.0569	0.0107769			5690.0	6.57072e-10
0.05695	0.00695441			5695.0	9.54683e-10
0.057	0.00695441			5700.0	2.8931e-10
0.05705	0.00950277			5705.0	4.00183e-10
0.0571	0.00313188			5710.0	1.13419e-09
0.05715	0.00313188			5715.0	6.4295e-10
0.0572	0.00440605			5720.0	2.18298e-10
0.05725	0.00695441			5725.0	4.20891e-09
0.0573	0.0107769			5730.0	2.86402e-09
0.05735	0.0107769			5735.0	8.52219e-12
0.0574	0.00950277			5740.0	4.72265e-10
0.05745	0.0107769			5745.0	1.62074e-09
0.0575	0.0107769			5750.0	1.34887e-09
0.05755	0.00313188			5755.0	2.37596e-09
0.0576	0.00695441			5760.0	3.62166e-09
0.05765	0.0107769			5765.0	1.76445e-09
0.0577	0.0107769			5770.0	4.91086e-10
0.05775	0.0133253			5775.0	6.52477e-10
0.0578	0.0120511			5780.0	9.70649e-10
0.05785	0.0107769			5785.0	3.67878e-10
0.0579	0.0120511			5790.0	1.29763e-10
0.05795	0.0120511			5795.0	1.09168e-09
0.058	0.0158737			5800.0	2.78264e-09
0.05805	0.0158737			5805.0	1.36155e-09
0.0581	0.0133253			5810.0	3.43472e-10
0.05815	0.0133253			5815.0	1.48865e-09
0.0582	0.0107769			5820.0	1.94896e-09
0.05825	0.00822859			5825.0	1.80692e-09
0.0583	0.00695441			5830.0	2.27512e-10
0.05835	0.00568023			5835.0	1.35925e-09
0.0584	0.00822859			5840.0	4.91172e-10
0.05845	0.00568023			5845.0	3.38657e-10
0.0585	0.00695441			5850.0	6.56976e-10
0.05855	0.00313188			5855.0	1.36155e-10
0.0586	-0.00069066			5860.0	6.31139e-10
0.05865	0.00313188			5865.0	2.5113e-10
0.0587	0.00313188			5870.0	2.46657e-09
0.05875	-0.00323902			5875.0	2.10814e-09
0.0588	-0.00069066			5880.0	4.51327e-09
0.05885	-0.00323902			5885.0	3.76725e-09
0.0589	-0.00323902			5890.0	1.33135e-10
0.05895	-0.00196484			5895.0	5.15462e-10
0.059	-0.00323902			5900.0	8.74164e-10
0.05905	-0.00323902			5905.0	6.12291e-11
0.0591	-0.00578737			5910.0	3.26638e-09
0.05915	-0.00578737			5915.0	5.82132e-09
0.0592	-0.0045132			5920.0	6.97487e-09
0.05925	-0.00323902			5925.0	4.74269e-09
0.0593	-0.00196484			5930.0	2.66141e-10
0.05935	0.000583518			5935.0	1.32036e-09
0.0594	-0.00196484			5940.0	2.58959e-09
0.05945	0.000583518			5945.0	1.44035e-09
0.0595	-0.00196484			5950.0	3.9571e-10
0.05955	-0.00196484			5955.0	2.10031e-10
0.0596	0.000583518			5960.0	5.79849e-10
0.05965	0.000583518			5965.0	1.95267e-09
0.0597	0.000583518			5970.0	1.74516e-09
0.05975	0.000583518			5975.0	1.11805e-10
0.0598	-0.0045132			5980.0	2.5562e-10
0.05985	-0.00196484			5985.0	1.20741e-09
0.0599	-0.00323902			5990.0	1.1834e-09
0.05995	-0.00706155			5995.0	1.06353e-10
0.06	-0.00323902			6000.0	6.75219e-10
0.06005	-0.00196484			6005.0	1.64453e-09
0.0601	-0.00706155			6010.0	2.92581e-09
0.06015	-0.00706155			6015.0	2.6811e-09
0.0602	-0.0147066			6020.0	6.0347e-09
0.06025	-0.0147066			6025.0	7.49439e-10
0.0603	-0.0121583			6030.0	4.35301e-09
0.06035	-0.0108841			6035.0	6.48786e-09
0.0604	-0.0134324			6040.0	2.41495e-09
0.06045	-0.017255			6045.0	2.19641e-10
0.0605	-0.0159808			6050.0	3.70376e-10
0.06055	-0.0134324			6055.0	1.64683e-09
0.0606	-0.00960991			6060.0	3.05445e-09
0.06065	-0.00960991			6065.0	2.5837e-09
0.0607	-0.00960991			6070.0	2.70302e-09
0.06075	-0.0134324			6075.0	1.28321e-09
0.0608	-0.00960991			6080.0	2.50058e-09
0.06085	-0.00833573			6085.0	1.92812e-09
0.0609	-0.00706155			6090.0	1.51695e-09
0.06095	-0.00323902			6095.0	1.11683e-09
0.061	-0.00069066			6100.0	5.20594e-10
0.06105	-0.00196484			6105.0	7.93689e-10
0.0611	-0.00323902			6110.0	1.64208e-09
0.06115	-0.00706155			6115.0	9.07969e-10
0.0612	-0.00578737			6120.0	3.1464e-10
0.06125	-0.00196484			6125.0	3.01192e-09
0.0613	-0.0045132			6130.0	3.89889e-09
0.06135	-0.00323902			6135.0	1.22429e-09
0.0614	-0.00196484			6140.0	2.71677e-10
0.06145	-0.00706155			6145.0	3.5258e-10
0.0615	-0.00578737			6150.0	3.02571e-09
0.06155	-0.00960991			6155.0	2.07914e-09
0.0616	-0.017255			6160.0	6.4394e-10
0.06165	-0.0185292			6165.0	8.67532e-11
0.0617	-0.017255			6170.0	3.30537e-10
0.06175	-0.017255			6175.0	3.57368e-10
0.0618	-0.0185292			6180.0	1.48713e-09
0.06185	-0.0185292			6185.0	5.10138e-09
0.0619	-0.0223517			6190.0	4.28952e-09
0.06195	-0.0249			6195.0	3.07087e-09
0.062	-0.0249			6200.0	7.39657e-10
0.06205	-0.0287226			6205.0	2.79505e-09
0.0621	-0.0274484			6210.0	6.76987e-09
0.06215	-0.0249			6215.0	3.51322e-09
0.0622	-0.0198033			6220.0	8.32536e-10
0.06225	-0.0223517			6225.0	8.55877e-10
0.0623	-0.0210775			6230.0	2.50808e-09
0.06235	-0.0198033			6235.0	1.53424e-09
0.0624	-0.0198033			6240.0	2.92976e-11
0.06245	-0.017255			6245.0	1.15837e-09
0.0625	-0.0134324			6250.0	1.95544e-09
0.06255	-0.00960991			6255.0	4.56989e-10
0.0626	-0.00833573			6260.0	2.73626e-09
0.06265	-0.00706155			6265.0	4.55919e-09
0.0627	-0.00833573			6270.0	1.04864e-09
0.06275	-0.00833573			6275.0	9.87138e-10
0.0628	-0.00706155			6280.0	2.82588e-10
0.06285	-0.00706155			6285.0	4.23139e-10
0.0629	-0.00706155			6290.0	3.86779e-09
0.06295	-0.0045132			6295.0	6.26582e-09
0.063	-0.00323902			6300.0	7.63991e-10
0.06305	-0.00578737			6305.0	9.47914e-10
0.0631	-0.00578737			6310.0	1.95754e-10
0.06315	-0.00833573			6315.0	1.02826e-09
0.0632	-0.0108841			6320.0	6.81944e-09
0.06325	-0.017255			6325.0	1.08321e-09
0.0633	-0.0185292			6330.0	6.18105e-10
0.06335	-0.0147066			6335.0	4.35467e-09
0.0634	-0.0147066			6340.0	4.70714e-09
0.06345	-0.0121583			6345.0	1.28863e-10
0.0635	-0.0159808			6350.0	3.9399e-09
0.06355	-0.017255			6355.0	5.0058e-09
0.0636	-0.0185292			6360.0	4.89489e-10
0.06365	-0.0223517			6365.0	2.4768e-09
0.0637	-0.0223517			6370.0	1.08341e-09
0.06375	-0.0198033			6375.0	9.87769e-10
0.0638	-0.017255			6380.0	1.04108e-09
0.06385	-0.0134324			6385.0	2.90484e-10
0.0639	-0.0121583			6390.0	9.14606e-11
0.06395	-0.0121583			6395.0	1.66011e-09
0.064	-0.0134324			6400.0	1.67723e-09
0.06405	-0.0108841			6405.0	5.65627e-10
0.0641	-0.0108841			6410.0	1.42632e-09
0.06415	-0.00833573			6415.0	4.5657e-09
0.0642	-0.00833573			6420.0	4.96683e-09
0.06425	-0.00196484			6425.0	3.7348e-10
0.0643	-0.00706155			6430.0	1.30299e-09
0.06435	-0.0045132			6435.0	6.28506e-10
0.0644	-0.0045132			6440.0	1.77768e-11
0.06445	-0.00196484			6445.0	9.77008e-10
0.0645	-0.00578737			6450.0	4.48705e-09
0.06455	-0.00578737			6455.0	4.13819e-09
0.0646	-0.00578737			6460.0	1.11505e-10
0.06465	-0.00706155			6465.0	4.87595e-09
0.0647	-0.00196484			6470.0	3.31967e-09
0.06475	-0.00196484			6475.0	3.59663e-10
0.0648	-0.00196484			6480.0	2.52846e-10
0.06485	-0.00323902			6485.0	5.42444e-10
0.0649	-0.00706155			6490.0	1.33651e-11
0.06495	-0.00706155			6495.0	7.59329e-11
0.065	-0.00706155			6500.0	2.4573e-09
0.06505	-0.0045132			6505.0	3.80692e-09
0.0651	-0.00706155			6510.0	1.24077e-09
0.06515	-0.0045132			6515.0	6.68956e-11
0.0652	-0.0045132			6520.0	9.55221e-11
0.06525	-0.00706155			6525.0	1.08698e-09
0.0653	-0.00833573			6530.0	1.32564e-09
0.06535	-0.0121583			6535.0	3.76259e-10
0.0654	-0.00960991			6540.0	4.10388e-09
0.06545	-0.00578737			6545.0	9.07886e-10
0.0655	-0.00706155			6550.0	3.58266e-09
0.06555	-0.00323902			6555.0	2.69331e-09
0.0656	-0.00833573			6560.0	1.7186e-09
0.06565	-0.00706155			6565.0	1.48407e-09
0.0657	-0.00833573			6570.0	3.97775e-10
0.06575	-0.0121583			6575.0	4.51098e-10
0.0658	-0.0108841			6580.0	2.31712e-10
0.06585	-0.00833573			6585.0	5.35685e-10
0.0659	-0.00960991			6590.0	4.47283e-10
0.06595	-0.00833573			6595.0	8.59355e-10
0.066	-0.00578737			6600.0	1.71367e-09
0.06605	-0.0108841			6605.0	8.27988e-11
0.0661	-0.0121583			6610.0	3.86099e-09
0.06615	-0.0108841			6615.0	1.26797e-09
0.0662	-0.0134324			6620.0	9.14568e-10
0.06625	-0.00833573			6625.0	3.4967e-09
0.0663	-0.00706155			6630.0	1.12216e-09
0.06635	-0.00706155			6635.0	4.12572e-09
0.0664	-0.00578737			6640.0	3.53178e-09
0.06645	-0.00196484			6645.0	1.33447e-09
0.0665	-0.00323902			6650.0	4.59836e-09
0.06655	-0.0045132			6655.0	3.73092e-09
0.0666	-0.00069066			6660.0	1.25929e-10
0.06665	0.000583518			6665.0	6.37905e-10
0.0667	-0.00578737			6670.0	2.4114e-10
0.06675	-0.00069066			6675.0	2.89357e-09
0.0668	0.0018577			6680.0	4.09344e-09
0.06685	0.00568023			6685.0	1.42849e-09
0.0669	0.00440605			6690.0	5.94085e-09
0.06695	0.00695441			6695.0	3.42513e-09
0.067	0.00695441			6700.0	1.42972e-09
0.06705	0.00695441			6705.0	3.94262e-09
0.0671	0.00695441			6710.0	3.95142e-09
0.06715	0.00568023			6715.0	6.31057e-09
0.0672	0.00695441			6720.0	5.47273e-09
0.06725	0.00695441			6725.0	1.7522e-09
0.0673	0.0120511			6730.0	7.10204e-10
0.06735	0.00822859			6735.0	6.15382e-10
0.0674	0.00440605			6740.0	3.31024e-10
0.06745	0.00695441			6745.0	3.06486e-09
0.0675	0.00568023			6750.0	2.76207e-09
0.06755	0.000583518			6755.0	3.56456e-09
0.0676	0.000583518			6760.0	6.05948e-10
0.06765	-0.00323902			6765.0	4.15888e-09
0.0677	-0.00196484			6770.0	5.43705e-09
0.06775	0.000583518			6775.0	1.11777e-09
0.0678	-0.00069066			6780.0	2.78263e-10
0.06785	-0.00323902			6785.0	3.93826e-09
0.0679	-0.00578737			6790.0	7.67157e-09
0.06795	-0.00706155			6795.0	7.20103e-09
0.068	-0.00833573			6800.0	6.72123e-09
0.06805	-0.00323902			6805.0	1.19723e-08
0.0681	-0.00196484			6810.0	1.49221e-08
0.06815	0.000583518			6815.0	1.42925e-08
0.0682	0.00313188			6820.0	1.41779e-08
0.06825	0.00568023			6825.0	4.28743e-09
0.0683	0.00440605			6830.0	1.67422e-09
0.06835	0.00822859			6835.0	1.20114e-09
0.0684	0.00950277			6840.0	4.20251e-09
0.06845	0.0120511			6845.0	3.60321e-09
0.0685	0.0171478			6850.0	2.29356e-10
0.06855	0.018422			6855.0	1.96306e-10
0.0686	0.0222446			6860.0	7.14517e-10
0.06865	0.0222446			6865.0	1.75009e-09
0.0687	0.018422			6870.0	5.29595e-09
0.06875	0.018422			6875.0	3.87705e-09
0.0688	0.0196962			6880.0	5.00347e-09
0.06885	0.0209704			6885.0	9.67116e-09
0.0689	0.0209704			6890.0	8.39016e-09
0.06895	0.0209704			6895.0	3.63216e-09
0.069	0.0209704			6900.0	2.26921e-09
0.06905	0.0158737			6905.0	1.46016e-09
0.0691	0.0120511			6910.0	8.73612e-10
0.06915	0.00950277			6915.0	1.03472e-10
0.0692	0.00822859			6920.0	1.33631e-09
0.06925	0.00695441			6925.0	1.69012e-09
0.0693	0.00440605			6930.0	4.99266e-10
0.06935	0.000583518			6935.0	1.11156e-09
0.0694	-0.00196484			6940.0	4.67163e-09
0.06945	0.00313188			6945.0	1.74961e-09
0.0695	0.00313188			6950.0	1.22854e-11
0.06955	0.0018577			6955.0	2.85211e-10
0.0696	-0.00196484			6960.0	2.71564e-09
0.06965	0.00440605			6965.0	8.21489e-09
0.0697	0.00313188			6970.0	7.22005e-09
0.06975	0.00313188			6975.0	5.3576e-09
0.0698	0.0107769			6980.0	5.84877e-09
0.06985	0.0107769			6985.0	2.29872e-09
0.0699	0.0171478			6990.0	1.42614e-09
0.06995	0.018422			6995.0	2.23477e-09
0.07	0.0196962			7000.0	1.40778e-09
0.07005	0.0171478			7005.0	7.55874e-11
0.0701	0.0196962			7010.0	2.03076e-10
0.07015	0.0171478			7015.0	2.49221e-09
0.0702	0.0171478			7020.0	8.64087e-10
0.07025	0.0145995			7025.0	3.07746e-10
0.0703	0.018422			7030.0	1.21611e-09
0.07035	0.018422			7035.0	2.52564e-09
0.0704	0.018422			7040.0	3.55234e-09
0.07045	0.0145995			7045.0	2.84421e-09
0.0705	0.0158737			7050.0	3.98795e-09
0.07055	0.0133253			7055.0	3.46727e-09
0.0706	0.00695441			7060.0	7.42541e-10
0.07065	0.00568023			7065.0	3.10275e-09
0.0707	0.00313188			7070.0	2.65132e-09
0.07075	0.00695441			7075.0	1.54249e-10
0.0708	0.00822859			7080.0	1.31357e-09
0.07085	0.00695441			7085.0	2.96736e-09
0.0709	0.000583518			7090.0	8.65087e-10
0.07095	-0.00196484			7095.0	1.06597e-10
0.071	-0.00196484			7100.0	3.17695e-10
0.07105	-0.00069066			7105.0	1.78484e-09
0.0711	-0.00069066			7110.0	3.886e-09
0.07115	-0.00069066			7115.0	4.63999e-09
0.0712	0.00440605			7120.0	5.59121e-09
0.07125	0.000583518			7125.0	6.19907e-09
0.0713	0.000583518			7130.0	1.44469e-09
0.07135	0.0018577			7135.0	7.86884e-10
0.0714	0.000583518			7140.0	3.07059e-09
0.07145	0.0018577			7145.0	2.60707e-09
0.0715	0.00313188			7150.0	1.66427e-09
0.07155	0.00695441			7155.0	4.08167e-09
0.0716	0.00568023			7160.0	2.13974e-09
0.07165	0.0107769			7165.0	3.67512e-10
0.0717	0.00950277			7170.0	9.03498e-10
0.07175	0.00822859			7175.0	1.21137e-09
0.0718	0.00695441			7180.0	8.7386e-10
0.07185	0.00950277			7185.0	1.79946e-10
0.0719	0.00568023			7190.0	2.87694e-10
0.07195	0.00695441			7195.0	6.37926e-09
0.072	0.00822859			7200.0	5.10608e-09
0.07205	0.00568023			7205.0	7.14755e-10
0.0721	0.00440605			7210.0	4.156e-10
0.07215	0.00695441			7215.0	1.42966e-09
0.0722	0.00568023			7220.0	1.44672e-09
0.07225	0.00313188			7225.0	1.53071e-09
0.0723	0.00313188			7230.0	8.71266e-10
0.07235	-0.00069066			7235.0	2.31692e-09
0.0724	-0.00069066			7240.0	5.58216e-09
0.07245	-0.00196484			7245.0	1.47849e-09
0.0725	-0.0045132			7250.0	2.005e-09
0.07255	-0.00323902			7255.0	7.55069e-10
0.0726	-0.00196484			7260.0	5.45041e-10
0.07265	-0.00196484			7265.0	6.3984e-10
0.0727	-0.00833573			7270.0	7.68934e-10
0.07275	-0.00706155			7275.0	1.28136e-09
0.0728	-0.0121583			7280.0	2.35721e-09
0.07285	-0.00833573			7285.0	3.96185e-09
0.0729	-0.00833573			7290.0	5.93907e-09
0.07295	-0.00833573			7295.0	1.73189e-09
0.073	-0.00706155			7300.0	1.66722e-09
0.07305	-0.00960991			7305.0	6.55194e-10
0.0731	-0.0121583			7310.0	1.50624e-10
0.07315	-0.0159808			7315.0	1.3909e-09
0.0732	-0.0121583			7320.0	1.1608e-09
0.07325	-0.0147066			7325.0	1.8892e-09
0.0733	-0.0159808			7330.0	2.85388e-09
0.07335	-0.0121583			7335.0	1.70501e-09
0.0734	-0.0108841			7340.0	3.77619e-09
0.07345	-0.00960991			7345.0	2.15541e-09
0.0735	-0.00706155			7350.0	5.4051e-10
0.07355	-0.0121583			7355.0	9.38548e-10
0.0736	-0.0134324			7360.0	3.23001e-10
0.07365	-0.0134324			7365.0	4.25703e-09
0.0737	-0.0121583			7370.0	5.80667e-09
0.07375	-0.0121583			7375.0	1.82854e-09
0.0738	-0.0121583			7380.0	3.04498e-11
0.07385	-0.0108841			7385.0	3.63234e-10
0.0739	-0.00833573			7390.0	2.77794e-10
0.07395	-0.00833573			7395.0	2.08228e-10
0.074	-0.00578737			7400.0	1.43379e-09
0.07405	-0.00960991			7405.0	2.98477e-09
0.0741	-0.0108841			7410.0	1.29215e-09
0.07415	-0.00833573			7415.0	2.02258e-09
0.0742	-0.00960991			7420.0	3.56755e-09
0.07425	-0.00706155			7425.0	2.37236e-09
0.0743	-0.00706155			7430.0	1.00725e-09
0.07435	-0.00706155			7435.0	1.69637e-09
0.0744	-0.00578737			7440.0	3.79297e-11
0.07445	-0.00706155			7445.0	2.50356e-09
0.0745	-0.00833573			7450.0	2.03823e-09
0.07455	-0.0108841			7455.0	1.90951e-09
0.0746	-0.0121583			7460.0	3.951e-10
0.07465	-0.0121583			7465.0	8.11999e-10
0.0747	-0.0134324			7470.0	1.14148e-09
0.07475	-0.0134324			7475.0	1.33289e-10
0.0748	-0.0147066			7480.0	3.79333e-09
0.07485	-0.0159808			7485.0	6.34173e-09
0.0749	-0.0210775			7490.0	8.44783e-10
0.07495	-0.0198033			7495.0	4.33058e-09
0.075	-0.0236259			7500.0	4.25947e-09
0.07505	-0.0223517			7505.0	2.8313e-09
0.0751	-0.0223517			7510.0	1.06413e-09
0.07515	-0.0223517			7515.0	1.09286e-09
0.0752	-0.0223517			7520.0	1.962e-09
0.07525	-0.0249			7525.0	8.95526e-10
0.0753	-0.0261742			7530.0	2.90825e-09
0.07535	-0.0236259			7535.0	1.47731e-09
0.0754	-0.0261742			7540.0	1.32112e-11
0.07545	-0.0223517			7545.0	8.29287e-10
0.0755	-0.0223517			7550.0	4.40204e-09
0.07555	-0.017255			7555.0	2.18718e-09
0.0756	-0.0159808			7560.0	4.08044e-09
0.07565	-0.0147066			7565.0	2.86839e-09
0.0757	-0.0147066			7570.0	5.40099e-10
0.07575	-0.0134324			7575.0	1.08936e-09
0.0758	-0.0159808			7580.0	1.2401e-09
0.07585	-0.0134324			7585.0	1.84971e-09
0.0759	-0.0121583			7590.0	1.43255e-09
0.07595	-0.00833573			7595.0	7.37999e-10
0.076	-0.00578737			7600.0	2.01889e-09
0.07605	-0.00706155			7605.0	5.24212e-09
0.0761	-0.00578737			7610.0	3.78182e-09
0.07615	-0.00706155			7615.0	4.47127e-10
0.0762	-0.00960991			7620.0	3.90483e-11
0.07625	-0.00960991			7625.0	4.56845e-10
0.0763	-0.00833573			7630.0	3.00884e-10
0.07635	-0.0134324			7635.0	1.4252e-09
0.0764	-0.0147066			7640.0	1.25308e-09
0.07645	-0.0121583			7645.0	7.6101e-10
0.0765	-0.0134324			7650.0	2.92389e-09
0.07655	-0.0134324			7655.0	7.30992e-11
0.0766	-0.0134324			7660.0	3.096e-09
0.07665	-0.0159808			7665.0	8.68316e-10
0.0767	-0.0236259			7670.0	4.32358e-10
0.07675	-0.0249			7675.0	4.87664e-10
0.0768	-0.0223517			7680.0	1.2536e-09
0.07685	-0.0185292			7685.0	4.49838e-09
0.0769	-0.017255			7690.0	2.24012e-09
0.07695	-0.017255			7695.0	1.09488e-09
0.077	-0.0185292			7700.0	1.28493e-09
0.07705	-0.0210775			7705.0	1.69575e-09
0.0771	-0.017255			7710.0	1.35888e-09
0.07715	-0.017255			7715.0	3.96291e-09
0.0772	-0.017255			7720.0	5.00306e-09
0.07725	-0.0159808			7725.0	5.90144e-09
0.0773	-0.0108841			7730.0	3.34619e-09
0.07735	-0.00833573			7735.0	1.31566e-09
0.0774	-0.0045132			7740.0	1.44736e-09
0.07745	-0.00706155			7745.0	1.85041e-09
0.0775	-0.00196484			7750.0	3.77241e-09
0.07755	0.000583518			7755.0	3.28397e-09
0.0776	0.000583518			7760.0	9.98483e-10
0.07765	0.0018577			7765.0	7.09227e-10
0.0777	-0.00196484			7770.0	1.46524e-09
0.07775	0.0018577			7775.0	4.79272e-09
0.0778	0.00313188			7780.0	3.4412e-09
0.07785	0.000583518			7785.0	2.50607e-09
0.0779	0.00568023			7790.0	2.39745e-09
0.07795	0.00313188			7795.0	1.50458e-09
0.078	-0.00069066			7800.0	8.0795e-10
0.07805	-0.00196484			7805.0	4.45994e-10
0.0781	-0.00196484			7810.0	1.18726e-10
0.07815	-0.0045132			7815.0	1.47039e-09
0.0782	-0.00706155			7820.0	2.7527e-09
0.07825	-0.00833573			7825.0	1.01224e-09
0.0783	-0.00960991			7830.0	3.23892e-09
0.07835	-0.00833573			7835.0	2.15658e-09
0.0784	-0.00706155			7840.0	5.36158e-11
0.07845	-0.0121583			7845.0	1.29439e-10
0.0785	-0.0134324			7850.0	1.4955e-09
0.07855	-0.0159808			7855.0	4.37432e-09
0.0786	-0.0159808			7860.0	9.20633e-10
0.07865	-0.0121583			7865.0	4.61081e-10
0.0787	-0.0134324			7870.0	9.7211e-10
0.07875	-0.0121583			7875.0	4.40428e-10
0.0788	-0.00960991			7880.0	1.26054e-10
0.07885	-0.0121583			7885.0	1.78859e-09
0.0789	-0.00960991			7890.0	6.73985e-10
0.07895	-0.00833573			7895.0	2.64706e-10
0.079	-0.00960991			7900.0	2.77527e-09
0.07905	-0.00706155			7905.0	2.78008e-09
0.0791	-0.00196484			7910.0	4.62306e-10
0.07915	-0.00196484			7915.0	1.90603e-09
0.0792	0.00440605			7920.0	2.09732e-09
0.07925	0.00568023			7925.0	2.75741e-09
0.0793	0.00313188			7930.0	8.10198e-10
0.07935	-0.00196484			7935.0	4.92774e-09
0.0794	-0.00196484			7940.0	1.46875e-08
0.07945	0.000583518			7945.0	1.99448e-08
0.0795	0.000583518			7950.0	8.9773e-09
0.07955	0.00313188			7955.0	5.50975e-09
0.0796	0.00313188			7960.0	2.79812e-09
0.07965	0.00568023			7965.0	1.65317e-09
0.0797	0.00440605			7970.0	1.48224e-09
0.07975	-0.00196484			7975.0	1.4563e-09
0.0798	-0.00323902			7980.0	6.40452e-09
0.07985	-0.0045132			7985.0	9.99468e-10
0.0799	-0.0045132			7990.0	2.0986e-09
0.07995	-0.00706155			7995.0	3.35247e-09
0.08	-0.00578737			8000.0	4.4318e-09
0.08005	-0.00706155			8005.0	5.25581e-09
0.0801	-0.00578737			8010.0	2.71059e-09
0.08015	-0.00706155			8015.0	2.38339e-09
0.0802	-0.00960991			8020.0	9.10973e-10
0.08025	-0.0108841			8025.0	9.0485e-10
0.0803	-0.0121583			8030.0	1.88211e-09
0.08035	-0.0121583			8035.0	3.72189e-09
0.0804	-0.00706155			8040.0	9.08315e-10
0.08045	-0.00578737			8045.0	4.48914e-09
0.0805	-0.00196484			8050.0	2.44337e-09
0.08055	0.000583518			8055.0	2.52715e-10
0.0806	0.000583518			8060.0	4.38717e-10
0.08065	0.0018577			8065.0	4.63136e-10
0.0807	0.0018577			8070.0	1.02846e-09
0.08075	0.0018577			8075.0	8.53727e-10
0.0808	0.00950277			8080.0	1.04679e-09
0.08085	0.0107769			8085.0	1.16369e-10
0.0809	0.0133253			8090.0	3.15334e-09
0.08095	0.0133253			8095.0	2.71005e-09
0.081	0.0120511			8100.0	1.83667e-09
0.08105	0.0133253			8105.0	1.66985e-09
0.0811	0.0107769			8110.0	1.68353e-09
0.08115	0.0120511			8115.0	5.24652e-09
0.0812	0.0107769			8120.0	4.38913e-09
0.08125	0.00950277			8125.0	2.82892e-09
0.0813	0.00950277			8130.0	3.02159e-09
0.08135	0.00950277			8135.0	2.68196e-09
0.0814	0.0120511			8140.0	4.04267e-10
0.08145	0.0107769			8145.0	1.28892e-09
0.0815	0.00440605			8150.0	5.40704e-10
0.08155	0.000583518			8155.0	2.27615e-10
0.0816	-0.00323902			8160.0	4.43546e-10
0.08165	0.000583518			8165.0	1.45674e-09
0.0817	0.00313188			8170.0	1.9442e-09
0.08175	0.0018577			8175.0	2.86219e-09
0.0818	0.00568023			8180.0	1.26501e-09
0.08185	-0.00196484			8185.0	4.60083e-10
0.0819	0.000583518			8190.0	1.95645e-09
0.08195	-0.00323902			8195.0	2.44545e-09
0.082	0.0018577			8200.0	9.89588e-10
0.08205	-0.00069066			8205.0	7.25456e-10
0.0821	0.00440605			8210.0	3.71235e-09
0.08215	0.00950277			8215.0	2.07372e-09
0.0822	0.00822859			8220.0	1.46567e-09
0.08225	0.0120511			8225.0	1.3939e-09
0.0823	0.0145995			8230.0	2.51606e-09
0.08235	0.0133253			8235.0	1.40075e-09
0.0824	0.0145995			8240.0	2.00321e-11
0.08245	0.0171478			8245.0	1.38008e-09
0.0825	0.0158737			8250.0	3.40493e-09
0.08255	0.018422			8255.0	1.07625e-09
0.0826	0.018422			8260.0	1.82763e-09
0.08265	0.018422			8265.0	2.10264e-09
0.0827	0.018422			8270.0	3.18781e-10
0.08275	0.0171478			8275.0	1.90275e-11
0.0828	0.0133253			8280.0	3.27725e-11
0.08285	0.0107769			8285.0	1.5271e-09
0.0829	0.00695441			8290.0	1.01653e-09
0.08295	0.00950277			8295.0	3.20372e-10
0.083	0.00822859			8300.0	4.09958e-10
0.08305	0.0120511			8305.0	3.9082e-10
0.0831	0.0107769			8310.0	1.17821e-09
0.08315	0.0107769			8315.0	1.41742e-09
0.0832	0.00695441			8320.0	3.26632e-09
0.08325	0.00568023			8325.0	1.2256e-09
0.0833	0.0107769			8330.0	9.08065e-10
0.08335	0.00695441			8335.0	4.07769e-09
0.0834	0.00822859			8340.0	1.29332e-09
0.08345	0.0107769			8345.0	9.5079e-10
0.0835	0.00822859			8350.0	1.40417e-09
0.08355	0.00822859			8355.0	1.72102e-09
0.0836	0.0145995			8360.0	8.9366e-10
0.08365	0.0158737			8365.0	1.10718e-10
0.0837	0.0145995			8370.0	5.30871e-10
0.08375	0.0158737			8375.0	1.94621e-09
0.0838	0.0133253			8380.0	3.35694e-09
0.08385	0.0133253			8385.0	2.63534e-09
0.0839	0.0158737			8390.0	6.01964e-10
0.08395	0.0145995			8395.0	5.10226e-11
0.084	0.0158737			8400.0	1.48223e-10
0.08405	0.0158737			8405.0	2.51583e-09
0.0841	0.0133253			8410.0	1.92525e-09
0.08415	0.00950277			8415.0	3.09183e-10
0.0842	0.0107769			8420.0	4.57961e-10
0.08425	0.00440605			8425.0	1.24966e-09
0.0843	0.00440605			8430.0	2.21228e-10
0.08435	0.00568023			8435.0	6.73365e-10
0.0844	0.0018577			8440.0	1.75892e-09
0.08445	0.000583518			8445.0	3.74581e-09
0.0845	-0.00069066			8450.0	1.52037e-09
0.08455	-0.00196484			8455.0	8.32106e-10
0.0846	-0.00323902			8460.0	8.77261e-10
0.08465	-0.00323902			8465.0	1.87557e-09
0.0847	-0.00323902			8470.0	1.68367e-09
0.08475	-0.00196484			8475.0	2.61162e-10
0.0848	-0.00196484			8480.0	8.99389e-10
0.08485	-0.00196484			8485.0	4.55764e-09
0.0849	0.00313188			8490.0	4.77156e-09
0.08495	0.00313188			8495.0	1.30602e-09
0.085	-0.00069066			8500.0	7.49149e-09
0.08505	-0.00069066			8505.0	1.46221e-09
0.0851	-0.00323902			8510.0	2.2483e-10
0.08515	-0.00323902			8515.0	4.35261e-10
0.0852	0.00313188			8520.0	4.83168e-11
0.08525	0.000583518			8525.0	6.50084e-10
0.0853	0.00313188			8530.0	1.05653e-09
0.08535	0.00313188			8535.0	2.03201e-09
0.0854	0.00313188			8540.0	2.33943e-09
0.08545	-0.00069066			8545.0	1.39361e-09
0.0855	-0.00323902			8550.0	1.84285e-09
0.08555	-0.0045132			8555.0	9.86024e-10
0.0856	-0.0108841			8560.0	3.1097e-10
0.08565	-0.00833573			8565.0	7.99104e-10
0.0857	-0.00706155			8570.0	2.99801e-09
0.08575	-0.00706155			8575.0	3.77854e-09
0.0858	-0.00833573			8580.0	3.42361e-09
0.08585	-0.00960991			8585.0	2.02427e-09
0.0859	-0.017255			8590.0	9.98492e-10
0.08595	-0.0159808			8595.0	1.88084e-11
0.086	-0.0198033			8600.0	1.13297e-09
0.08605	-0.017255			8605.0	2.98883e-09
0.0861	-0.017255			8610.0	2.92078e-09
0.08615	-0.0185292			8615.0	3.3809e-09
0.0862	-0.0159808			8620.0	7.9155e-10
0.08625	-0.0147066			8625.0	2.78174e-09
0.0863	-0.0185292			8630.0	1.50644e-09
0.08635	-0.017255			8635.0	1.83849e-09
0.0864	-0.0134324			8640.0	2.93819e-09
0.08645	-0.0185292			8645.0	9.90985e-10
0.0865	-0.0159808			8650.0	4.87048e-10
0.08655	-0.0147066			8655.0	1.28114e-10
0.0866	-0.0147066			8660.0	1.86987e-09
0.08665	-0.00833573			8665.0	2.33561e-09
0.0867	-0.00833573			8670.0	2.69604e-09
0.08675	-0.00960991			8675.0	9.61989e-10
0.0868	-0.00833573			8680.0	1.04618e-09
0.08685	-0.0121583			8685.0	2.42446e-09
0.0869	-0.0121583			8690.0	3.17589e-09
0.08695	-0.00960991			8695.0	4.82244e-10
0.087	-0.00706155			8700.0	2.00478e-09
0.08705	-0.00706155			8705.0	1.30981e-09
0.0871	-0.0045132			8710.0	2.17946e-09
0.08715	-0.00833573			8715.0	9.45648e-10
0.0872	-0.0121583			8720.0	2.44006e-10
0.08725	-0.0147066			8725.0	8.91243e-10
0.0873	-0.0159808			8730.0	4.61589e-10
0.08735	-0.0159808			8735.0	3.55182e-09
0.0874	-0.0134324			8740.0	2.77195e-09
0.08745	-0.0134324			8745.0	2.05067e-09
0.0875	-0.0121583			8750.0	6.05867e-10
0.08755	-0.0134324			8755.0	1.24088e-09
0.0876	-0.017255			8760.0	2.18372e-09
0.08765	-0.017255			8765.0	1.55707e-09
0.0877	-0.0159808			8770.0	7.84874e-10
0.08775	-0.0185292			8775.0	8.79886e-10
0.0878	-0.0147066			8780.0	3.20504e-09
0.08785	-0.0159808			8785.0	4.7387e-09
0.0879	-0.0159808			8790.0	2.5792e-09
0.08795	-0.0121583			8795.0	2.06119e-09
0.088	-0.0121583			8800.0	2.031e-09
0.08805	-0.00833573			8805.0	3.11705e-09
0.0881	-0.0108841			8810.0	5.17222e-10
0.08815	-0.0108841			8815.0	6.19297e-10
0.0882	-0.00833573			8820.0	3.22792e-09
0.08825	-0.00960991			8825.0	1.35532e-09
0.0883	-0.00706155			8830.0	6.19279e-09
0.08835	-0.0045132			8835.0	3.48771e-09
0.0884	-0.00323902			8840.0	7.44716e-10
0.08845	-0.00069066			8845.0	1.24697e-09
0.0885	-0.00196484			8850.0	2.33593e-09
0.08855	-0.00196484			8855.0	1.34004e-09
0.0886	-0.00323902			8860.0	8.63891e-11
0.08865	-0.0045132			8865.0	4.79005e-10
0.0887	-0.00323902			8870.0	5.33711e-09
0.08875	-0.00196484			8875.0	7.54718e-09
0.0888	-0.00196484			8880.0	2.64344e-10
0.08885	0.000583518			8885.0	2.37015e-10
0.0889	0.000583518			8890.0	3.10517e-10
0.08895	0.000583518			8895.0	2.51465e-10
0.089	-0.00196484			8900.0	6.21361e-10
0.08905	-0.00323902			8905.0	7.86403e-10
0.0891	-0.00706155			8910.0	1.94716e-09
0.08915	-0.00706155			8915.0	1.54182e-09
0.0892	-0.0045132			8920.0	7.14391e-10
0.08925	-0.00323902			8925.0	2.62048e-09
0.0893	-0.00323902			8930.0	6.35683e-09
0.08935	-0.00196484			8935.0	6.04826e-09
0.0894	-0.00323902			8940.0	4.21272e-09
0.08945	-0.00706155			8945.0	2.16897e-09
0.0895	-0.00706155			8950.0	3.75107e-09
0.08955	-0.00833573			8955.0	5.24062e-09
0.0896	-0.0045132			8960.0	1.60304e-09
0.08965	-0.00706155			8965.0	8.37816e-11
0.0897	-0.0045132			8970.0	6.59671e-10
0.08975	-0.00323902			8975.0	1.0568e-09
0.0898	-0.00196484			8980.0	2.60357e-10
0.08985	-0.00069066			8985.0	2.93645e-11
0.0899	-0.00196484			8990.0	3.19318e-09
0.08995	-0.00578737			8995.0	3.86333e-09
0.09	-0.00323902			9000.0	1.60199e-09
0.09005	-0.00069066			9005.0	3.48228e-09
0.0901	-0.00069066			9010.0	3.58373e-09
0.09015	-0.00196484			9015.0	1.84367e-09
0.0902	-0.00069066			9020.0	1.50586e-09
0.09025	0.000583518			9025.0	1.21379e-12
0.0903	0.00313188			9030.0	8.88381e-10
0.09035	0.00313188			9035.0	2.46463e-10
0.0904	0.00440605			9040.0	1.47592e-09
0.09045	0.000583518			9045.0	4.38207e-10
0.0905	0.0018577			9050.0	2.89851e-10
0.09055	0.0018577			9055.0	4.24695e-10
0.0906	0.00313188			9060.0	2.27703e-10
0.09065	0.00695441			9065.0	4.2995e-10
0.0907	0.000583518			9070.0	9.38877e-10
0.09075	0.00568023			9075.0	3.81879e-10
0.0908	0.000583518			9080.0	5.79969e-10
0.09085	0.000583518			9085.0	1.59809e-09
0.0909	-0.00323902			9090.0	1.52275e-09
0.09095	-0.00323902			9095.0	1.09694e-09
0.091	-0.00196484			9100.0	1.13375e-09
0.09105	-0.00196484			9105.0	8.7084e-10
0.0911	0.000583518			9110.0	2.30251e-10
0.09115	-0.0045132			9115.0	3.27886e-10
0.0912	-0.0045132			9120.0	5.8414e-10
0.09125	-0.00196484			9125.0	6.61508e-10
0.0913	-0.0045132			9130.0	1.96307e-09
0.09135	-0.0045132			9135.0	1.8581e-09
0.0914	-0.00706155			9140.0	2.10099e-09
0.09145	-0.00578737			9145.0	2.57026e-09
0.0915	-0.0045132			9150.0	1.07809e-09
0.09155	-0.00323902			9155.0	7.9849e-10
0.0916	-0.00706155			9160.0	6.46761e-10
0.09165	-0.00323902			9165.0	1.03521e-09
0.0917	-0.00323902			9170.0	5.33912e-09
0.09175	-0.00323902			9175.0	4.7864e-09
0.0918	-0.00323902			9180.0	1.23722e-09
0.09185	-0.00323902			9185.0	2.80145e-10
0.0919	-0.00196484			9190.0	2.84847e-10
0.09195	-0.00196484			9195.0	1.5801e-09
0.092	0.0018577			9200.0	1.47403e-09
0.09205	0.000583518			9205.0	1.90817e-09
0.0921	0.00313188			9210.0	2.16441e-09
0.09215	0.0018577			9215.0	1.03939e-09
0.0922	-0.00069066			9220.0	3.31622e-11
0.09225	-0.00069066			9225.0	1.70739e-09
0.0923	0.00313188			9230.0	2.21943e-09
0.09235	0.0018577			9235.0	1.36685e-09
0.0924	0.00695441			9240.0	3.2837e-09
0.09245	0.00950277			9245.0	2.58436e-09
0.0925	0.00568023			9250.0	4.39918e-10
0.09255	0.00568023			9255.0	1.99899e-09
0.0926	0.0018577			9260.0	1.91113e-09
0.09265	0.0018577			9265.0	8.54585e-10
0.0927	-0.00196484			9270.0	1.46238e-09
0.09275	0.00313188			9275.0	5.92371e-10
0.0928	0.0018577			9280.0	6.83996e-10
0.09285	0.00568023			9285.0	2.03514e-10
0.0929	0.00313188			9290.0	1.39015e-10
0.09295	0.0018577			9295.0	6.19013e-10
0.093	0.0018577			9300.0	1.44842e-09
0.09305	-0.00196484			9305.0	2.49937e-09
0.0931	-0.00196484			9310.0	9.21546e-10
0.09315	0.000583518			9315.0	7.96262e-10
0.0932	0.0018577			9320.0	5.44849e-10
0.09325	0.000583518			9325.0	1.40798e-09
0.0933	0.00568023			9330.0	8.92304e-10
0.09335	0.00313188			9335.0	4.5489e-10
0.0934	0.000583518			9340.0	2.94359e-10
0.09345	0.000583518			9345.0	1.68378e-09
0.0935	-0.00196484			9350.0	1.83224e-09
0.09355	0.0018577			9355.0	4.61123e-10
0.0936	0.00440605			9360.0	1.49343e-09
0.09365	0.00440605			9365.0	2.52708e-09
0.0937	0.00695441			9370.0	2.65382e-09
0.09375	0.00950277			9375.0	3.27306e-09
0.0938	0.00950277			9380.0	2.53732e-09
0.09385	0.00822859			9385.0	9.30334e-10
0.0939	0.00950277			9390.0	5.7272e-10
0.09395	0.00695441			9395.0	2.22043e-09
0.094	0.0107769			9400.0	2.8921e-09
0.09405	0.0107769			9405.0	2.81876e-09
0.0941	0.0120511			9410.0	2.11751e-09
0.09415	0.0145995			9415.0	1.5126e-09
0.0942	0.0171478			9420.0	1.85208e-09
0.09425	0.0158737			9425.0	1.60555e-09
0.0943	0.0133253			9430.0	9.07852e-10
0.09435	0.0120511			9435.0	8.12688e-10
0.0944	0.0133253			9440.0	1.20656e-10
0.09445	0.0120511			9445.0	7.86841e-10
0.0945	0.0120511			9450.0	4.28865e-10
0.09455	0.0133253			9455.0	9.17166e-10
0.0946	0.0158737			9460.0	5.36095e-09
0.09465	0.018422			9465.0	2.26825e-09
0.0947	0.0107769			9470.0	2.32909e-09
0.09475	0.0120511			9475.0	1.41681e-09
0.0948	0.0107769			9480.0	1.08776e-09
0.09485	0.00950277			9485.0	1.10807e-09
0.0949	0.0107769			9490.0	2.57952e-09
0.09495	0.00568023			9495.0	7.48801e-09
0.095	0.00822859			9500.0	4.81567e-09
0.09505	0.0107769			9505.0	3.77735e-10
0.0951	0.0107769			9510.0	4.91225e-11
0.09515	0.00950277			9515.0	1.7888e-10
0.0952	0.00695441			9520.0	4.76293e-10
0.09525	0.00313188			9525.0	8.2626e-10
0.0953	0.00313188			9530.0	1.52029e-10
0.09535	0.00695441			9535.0	4.22471e-10
0.0954	0.00695441			9540.0	2.39486e-10
0.09545	0.00950277			9545.0	1.05615e-09
0.0955	0.0133253			9550.0	3.03086e-09
0.09555	0.0107769			9555.0	1.30207e-09
0.0956	0.00568023			9560.0	1.9188e-09
0.09565	0.00695441			9565.0	1.20767e-09
0.0957	0.00568023			9570.0	3.90037e-09
0.09575	0.00695441			9575.0	8.32026e-10
0.0958	0.00950277			9580.0	2.20284e-09
0.09585	0.0107769			9585.0	2.88187e-09
0.0959	0.0133253			9590.0	1.01599e-09
0.09595	0.0120511			9595.0	1.02015e-10
0.096	0.0133253			9600.0	1.69759e-09
0.09605	0.00568023			9605.0	1.88041e-09
0.0961	0.00950277			9610.0	1.46181e-09
0.09615	0.00695441			9615.0	6.33968e-10
0.0962	0.00822859			9620.0	1.8532e-10
0.09625	0.00822859			9625.0	8.95185e-10
0.0963	0.00822859			9630.0	9.37258e-10
0.09635	0.00822859			9635.0	3.08788e-10
0.0964	0.00822859			9640.0	1.27077e-09
0.09645	0.00313188			9645.0	2.06521e-09
0.0965	0.00440605			9650.0	9.68924e-10
0.09655	0.00313188			9655.0	1.62168e-10
0.0966	-0.00196484			9660.0	2.39905e-09
0.09665	-0.00196484			9665.0	2.7629e-09
0.0967	-0.00323902			9670.0	2.63378e-09
0.09675	-0.0045132			9675.0	2.1732e-09
0.0968	-0.00196484			9680.0	2.47294e-09
0.09685	-0.0045132			9685.0	1.92772e-09
0.0969	-0.00323902			9690.0	3.40355e-09
0.09695	-0.00578737			9695.0	2.64787e-09
0.097	-0.00578737			9700.0	7.44383e-10
0.09705	-0.00578737			9705.0	2.46739e-10
0.0971	-0.00706155			9710.0	8.80684e-10
0.09715	-0.0045132			9715.0	5.44944e-10
0.0972	-0.00578737			9720.0	7.15806e-10
0.09725	0.0018577			9725.0	9.58945e-10
0.0973	0.000583518			9730.0	2.17082e-09
0.09735	-0.00323902			9735.0	9.7748e-10
0.0974	-0.00323902			9740.0	1.91734e-09
0.09745	-0.0045132			9745.0	4.80079e-09
0.0975	-0.00323902			9750.0	2.86804e-09
0.09755	-0.00196484			9755.0	1.53634e-10
0.0976	-0.00196484			9760.0	2.90827e-10
0.09765	-0.0045132			9765.0	2.12558e-10
0.0977	-0.00196484			9770.0	1.06378e-10
0.09775	0.000583518			9775.0	1.70573e-10
0.0978	-0.00323902			9780.0	1.9366e-09
0.09785	-0.00578737			9785.0	2.0104e-10
0.0979	-0.00833573			9790.0	2.64543e-11
0.09795	-0.00833573			9795.0	1.52737e-09
0.098	-0.00960991			9800.0	6.173e-10
0.09805	-0.00960991			9805.0	1.80406e-11
0.0981	-0.00960991			9810.0	2.27802e-10
0.09815	-0.00960991			9815.0	3.26229e-09
0.0982	-0.0134324			9820.0	4.10389e-09
0.09825	-0.00833573			9825.0	1.40947e-09
0.0983	-0.0121583			9830.0	6.13678e-10
0.09835	-0.0159808			9835.0	6.91613e-10
0.0984	-0.017255			9840.0	1.61265e-10
0.09845	-0.017255			9845.0	1.60739e-09
0.0985	-0.017255			9850.0	1.98901e-09
0.09855	-0.0147066			9855.0	8.371259999999999e-10
0.0986	-0.0134324			9860.0	4.57332e-10
0.09865	-0.0121583			9865.0	1.98393e-10
0.0987	-0.0121583			9870.0	5.52398e-10
0.09875	-0.0134324			9875.0	1.14488e-10
0.0988	-0.0147066			9880.0	5.74135e-10
0.09885	-0.0147066			9885.0	1.34231e-09
0.0989	-0.0108841			9890.0	8.81777e-10
0.09895	-0.00833573			9895.0	1.18679e-09
0.099	-0.00960991			9900.0	1.56483e-09
0.09905	-0.0045132			9905.0	2.72887e-10
0.0991	-0.00833573			9910.0	1.34154e-09
0.09915	-0.00706155			9915.0	1.9494e-09
0.0992	-0.00833573			9920.0	1.62781e-10
0.09925	-0.0121583			9925.0	7.83766e-10
0.0993	-0.0108841			9930.0	1.236e-09
0.09935	-0.0108841			9935.0	1.67227e-09
0.0994	-0.00960991			9940.0	9.18402e-11
0.09945	-0.00706155			9945.0	3.22068e-10
0.0995	-0.0121583			9950.0	1.10243e-09
0.09955	-0.0134324			9955.0	6.47079e-10
0.0996	-0.0159808			9960.0	2.35663e-09
0.09965	-0.0185292			9965.0	3.55532e-09
0.0997	-0.017255			9970.0	3.21721e-10
0.09975	-0.0147066			9975.0	5.60182e-10
0.0998	-0.0147066			9980.0	4.14882e-10
0.09985	-0.0147066			9985.0	1.94782e-10
0.0999	-0.0108841			9990.0	3.80648e-10
0.09995	-0.0134324			9995.0	1.00336e-10
0.1	-0.0147066				
0.10005	-0.017255				
0.1001	-0.017255				
0.10015	-0.0134324				
0.1002	-0.0108841				
0.10025	-0.0134324				
0.1003	-0.00706155				
0.10035	-0.00706155				
0.1004	-0.00960991				
0.10045	-0.00833573				
0.1005	-0.0121583				
0.10055	-0.00833573				
0.1006	-0.00706155				
0.10065	-0.00706155				
0.1007	-0.00833573				
0.10075	-0.00196484				
0.1008	-0.00578737				
0.10085	-0.00706155				
0.1009	-0.00706155				
0.10095	-0.00706155				
0.101	-0.00578737				
0.10105	-0.00706155				
0.1011	-0.00706155				
0.10115	-0.0045132				
0.1012	-0.00706155				
0.10125	-0.00706155				
0.1013	-0.00706155				
0.10135	-0.00960991				
0.1014	-0.00706155				
0.10145	-0.00833573				
0.1015	-0.00706155				
0.10155	-0.00706155				
0.1016	-0.00323902				
0.10165	-0.0045132				
0.1017	-0.00196484				
0.10175	-0.00578737				
0.1018	-0.0045132				
0.10185	-0.00833573				
0.1019	-0.00706155				
0.10195	-0.0045132				
0.102	-0.00706155				
0.10205	-0.00196484				
0.1021	-0.00323902				
0.10215	0.000583518				
0.1022	-0.00196484				
0.10225	-0.00069066				
0.1023	-0.00323902				
0.10235	-0.00323902				
0.1024	0.000583518				
0.10245	-0.00069066				
0.1025	0.0018577				
0.10255	0.00313188				
0.1026	0.00440605				
0.10265	0.0018577				
0.1027	0.000583518				
0.10275	0.0018577				
0.1028	0.00313188				
0.10285	0.00313188				
0.1029	0.0018577				
0.10295	0.00440605				
0.103	0.00440605				
0.10305	0.00695441				
0.1031	0.0018577				
0.10315	0.0018577				
0.1032	0.000583518				
0.10325	-0.00196484				
0.1033	0.000583518				
0.10335	-0.00196484				
0.1034	0.0018577				
0.10345	0.00313188				
0.1035	-0.00069066				
0.10355	0.000583518				
0.1036	-0.00196484				
0.10365	-0.00323902				
0.1037	-0.00196484				
0.10375	0.000583518				
0.1038	0.0018577				
0.10385	0.00440605				
0.1039	0.00313188				
0.10395	0.00568023				
0.104	0.000583518				
0.10405	-0.00069066				
0.1041	0.000583518				
0.10415	0.00313188				
0.1042	0.00440605				
0.10425	0.00568023				
0.1043	0.00568023				
0.10435	0.00822859				
0.1044	0.00440605				
0.10445	0.00822859				
0.1045	0.00440605				
0.10455	0.00568023				
0.1046	0.00568023				
0.10465	0.00822859				
0.1047	0.00695441				
0.10475	0.0107769				
0.1048	0.00822859				
0.10485	0.00822859				
0.1049	0.00822859				
0.10495	0.00440605				
0.105	0.00440605				
0.10505	0.00440605				
0.1051	0.00695441				
0.10515	0.00695441				
0.1052	0.00950277				
0.10525	0.00695441				
0.1053	0.00568023				
0.10535	0.00568023				
0.1054	0.00695441				
0.10545	0.00313188				
0.1055	0.00695441				
0.10555	0.00822859				
0.1056	0.00950277				
0.10565	0.0120511				
0.1057	0.00822859				
0.10575	0.00822859				
0.1058	0.00822859				
0.10585	0.00695441				
0.1059	0.0107769				
0.10595	0.0107769				
0.106	0.0120511				
0.10605	0.0158737				
0.1061	0.0158737				
0.10615	0.0107769				
0.1062	0.0133253				
0.10625	0.00822859				
0.1063	0.0107769				
0.10635	0.0133253				
0.1064	0.0145995				
0.10645	0.0171478				
0.1065	0.0133253				
0.10655	0.0107769				
0.1066	0.0120511				
0.10665	0.0107769				
0.1067	0.0120511				
0.10675	0.0107769				
0.1068	0.0120511				
0.10685	0.0133253				
0.1069	0.0133253				
0.10695	0.0133253				
0.107	0.00950277				
0.10705	0.0133253				
0.1071	0.0120511				
0.10715	0.0107769				
0.1072	0.0120511				
0.10725	0.00950277				
0.1073	0.0145995				
0.10735	0.0133253				
0.1074	0.0120511				
0.10745	0.0120511				
0.1075	0.0120511				
0.10755	0.0120511				
0.1076	0.0107769				
0.10765	0.00950277				
0.1077	0.0107769				
0.10775	0.00950277				
0.1078	0.0120511				
0.10785	0.0145995				
0.1079	0.0107769				
0.10795	0.0120511				
0.108	0.00695441				
0.10805	0.00568023				
0.1081	0.00950277				
0.10815	0.0107769				
0.1082	0.0120511				
0.10825	0.0133253				
0.1083	0.0107769				
0.10835	0.00822859				
0.1084	0.00568023				
0.10845	0.00568023				
0.1085	0.00568023				
0.10855	0.00440605				
0.1086	0.00822859				
0.10865	0.00695441				
0.1087	0.00568023				
0.10875	0.00695441				
0.1088	0.00313188				
0.10885	0.00313188				
0.1089	0.00313188				
0.10895	0.0018577				
0.109	0.00313188				
0.10905	0.00313188				
0.1091	0.000583518				
0.10915	0.000583518				
0.1092	0.00313188				
0.10925	-0.0045132				
0.1093	-0.00323902				
0.10935	-0.00069066				
0.1094	0.000583518				
0.10945	-0.00069066				
0.1095	0.0018577				
0.10955	-0.00069066				
0.1096	-0.00196484				
0.10965	-0.00323902				
0.1097	-0.00706155				
0.10975	-0.00578737				
0.1098	-0.00196484				
0.10985	-0.00578737				
0.1099	-0.00706155				
0.10995	-0.00578737				
0.11	-0.0045132				
0.11005	-0.00706155				
0.1101	-0.0108841				
0.11015	-0.0121583				
0.1102	-0.0108841				
0.11025	-0.00706155				
0.1103	-0.00833573				
0.11035	-0.00706155				
0.1104	-0.00706155				
0.11045	-0.00833573				
0.1105	-0.00833573				
0.11055	-0.00833573				
0.1106	-0.0134324				
0.11065	-0.0108841				
0.1107	-0.00833573				
0.11075	-0.00833573				
0.1108	-0.00706155				
0.11085	-0.00960991				
0.1109	-0.00960991				
0.11095	-0.00833573				
0.111	-0.0121583				
0.11105	-0.0121583				
0.1111	-0.00833573				
0.11115	-0.00833573				
0.1112	-0.00706155				
0.11125	-0.00833573				
0.1113	-0.0121583				
0.11135	-0.0121583				
0.1114	-0.0121583				
0.11145	-0.0134324				
0.1115	-0.017255				
0.11155	-0.0147066				
0.1116	-0.0147066				
0.11165	-0.0134324				
0.1117	-0.0134324				
0.11175	-0.0147066				
0.1118	-0.0147066				
0.11185	-0.017255				
0.1119	-0.0159808				
0.11195	-0.017255				
0.112	-0.0134324				
0.11205	-0.0134324				
0.1121	-0.00960991				
0.11215	-0.00960991				
0.1122	-0.0108841				
0.11225	-0.0121583				
0.1123	-0.0147066				
0.11235	-0.0147066				
0.1124	-0.0121583				
0.11245	-0.0121583				
0.1125	-0.00706155				
0.11255	-0.00833573				
0.1126	-0.00960991				
0.11265	-0.00833573				
0.1127	-0.0121583				
0.11275	-0.0121583				
0.1128	-0.0108841				
0.11285	-0.0134324				
0.1129	-0.00706155				
0.11295	-0.00706155				
0.113	-0.0108841				
0.11305	-0.00960991				
0.1131	-0.0159808				
0.11315	-0.0159808				
0.1132	-0.0147066				
0.11325	-0.0108841				
0.1133	-0.0134324				
0.11335	-0.0108841				
0.1134	-0.00833573				
0.11345	-0.0121583				
0.1135	-0.0045132				
0.11355	-0.00960991				
0.1136	-0.00960991				
0.11365	-0.00706155				
0.1137	-0.00833573				
0.11375	-0.00323902				
0.1138	-0.00323902				
0.11385	-0.00323902				
0.1139	-0.00578737				
0.11395	-0.00706155				
0.114	-0.00706155				
0.11405	-0.00706155				
0.1141	-0.00578737				
0.11415	-0.00833573				
0.1142	-0.00833573				
0.11425	-0.0045132				
0.1143	-0.00578737				
0.11435	-0.00706155				
0.1144	-0.00960991				
0.11445	-0.00706155				
0.1145	-0.00706155				
0.11455	-0.0134324				
0.1146	-0.00960991				
0.11465	-0.00960991				
0.1147	-0.00960991				
0.11475	-0.0045132				
0.1148	-0.00706155				
0.11485	-0.00833573				
0.1149	-0.00706155				
0.11495	-0.00960991				
0.115	-0.00833573				
0.11505	-0.00578737				
0.1151	-0.00196484				
0.11515	-0.00069066				
0.1152	0.00313188				
0.11525	0.00440605				
0.1153	0.00313188				
0.11535	0.0018577				
0.1154	0.000583518				
0.11545	0.000583518				
0.1155	0.0018577				
0.11555	0.000583518				
0.1156	0.00313188				
0.11565	0.000583518				
0.1157	0.000583518				
0.11575	0.000583518				
0.1158	-0.00706155				
0.11585	-0.00960991				
0.1159	-0.00706155				
0.11595	-0.0045132				
0.116	-0.00706155				
0.11605	-0.00578737				
0.1161	-0.00706155				
0.11615	-0.00960991				
0.1162	-0.00706155				
0.11625	-0.00833573				
0.1163	-0.0108841				
0.11635	-0.00960991				
0.1164	-0.00706155				
0.11645	-0.0045132				
0.1165	-0.00069066				
0.11655	-0.00196484				
0.1166	-0.0045132				
0.11665	-0.00323902				
0.1167	-0.00323902				
0.11675	0.000583518				
0.1168	0.0018577				
0.11685	0.00440605				
0.1169	0.00695441				
0.11695	0.00950277				
0.117	0.0107769				
0.11705	0.00440605				
0.1171	0.00440605				
0.11715	0.00313188				
0.1172	0.00568023				
0.11725	0.00313188				
0.1173	0.00313188				
0.11735	0.0018577				
0.1174	0.00568023				
0.11745	0.00440605				
0.1175	0.000583518				
0.11755	-0.00069066				
0.1176	-0.00323902				
0.11765	-0.0045132				
0.1177	-0.0045132				
0.11775	-0.0045132				
0.1178	-0.0045132				
0.11785	-0.00323902				
0.1179	-0.00196484				
0.11795	-0.00323902				
0.118	-0.00069066				
0.11805	-0.0045132				
0.1181	-0.0045132				
0.11815	0.00313188				
0.1182	0.00440605				
0.11825	0.00440605				
0.1183	0.00440605				
0.11835	0.00695441				
0.1184	0.00822859				
0.11845	0.00440605				
0.1185	0.00695441				
0.11855	0.0120511				
0.1186	0.0120511				
0.11865	0.0145995				
0.1187	0.0158737				
0.11875	0.0133253				
0.1188	0.0145995				
0.11885	0.0120511				
0.1189	0.0107769				
0.11895	0.00950277				
0.119	0.00822859				
0.11905	0.00695441				
0.1191	0.00440605				
0.11915	0.00822859				
0.1192	0.00695441				
0.11925	0.00313188				
0.1193	0.00313188				
0.11935	0.00440605				
0.1194	0.00313188				
0.11945	0.00313188				
0.1195	0.00313188				
0.11955	0.00440605				
0.1196	0.00695441				
0.11965	0.0145995				
0.1197	0.00822859				
0.11975	0.00950277				
0.1198	0.00822859				
0.11985	0.0107769				
0.1199	0.0133253				
0.11995	0.0120511				
0.12	0.0171478				
0.12005	0.0158737				
0.1201	0.0158737				
0.12015	0.018422				
0.1202	0.0133253				
0.12025	0.0133253				
0.1203	0.0133253				
0.12035	0.0107769				
0.1204	0.0133253				
0.12045	0.0133253				
0.1205	0.0120511				
0.12055	0.00822859				
0.1206	0.00695441				
0.12065	0.00568023				
0.1207	0.00313188				
0.12075	-0.00069066				
0.1208	0.00313188				
0.12085	0.00568023				
0.1209	0.00950277				
0.12095	0.00950277				
0.121	0.00440605				
0.12105	0.00695441				
0.1211	0.00440605				
0.12115	0.00822859				
0.1212	0.00950277				
0.12125	0.00950277				
0.1213	0.0133253				
0.12135	0.018422				
0.1214	0.0171478				
0.12145	0.0145995				
0.1215	0.0145995				
0.12155	0.0158737				
0.1216	0.0145995				
0.12165	0.0120511				
0.1217	0.0158737				
0.12175	0.0120511				
0.1218	0.0133253				
0.12185	0.0158737				
0.1219	0.0133253				
0.12195	0.00313188				
0.122	0.000583518				
0.12205	-0.00196484				
0.1221	0.000583518				
0.12215	0.0018577				
0.1222	-0.00196484				
0.12225	-0.00196484				
0.1223	-0.00196484				
0.12235	-0.00323902				
0.1224	-0.0045132				
0.12245	-0.00706155				
0.1225	-0.00706155				
0.12255	-0.00196484				
0.1226	-0.00196484				
0.12265	0.00313188				
0.1227	-0.00196484				
0.12275	0.000583518				
0.1228	0.00440605				
0.12285	0.00695441				
0.1229	0.00313188				
0.12295	0.00313188				
0.123	0.00440605				
0.12305	0.00568023				
0.1231	0.0107769				
0.12315	0.00822859				
0.1232	0.00313188				
0.12325	0.000583518				
0.1233	-0.00196484				
0.12335	-0.00323902				
0.1234	-0.00578737				
0.12345	-0.00578737				
0.1235	-0.00578737				
0.12355	-0.00833573				
0.1236	-0.00706155				
0.12365	-0.0108841				
0.1237	-0.0121583				
0.12375	-0.017255				
0.1238	-0.0198033				
0.12385	-0.0185292				
0.1239	-0.0159808				
0.12395	-0.0134324				
0.124	-0.0108841				
0.12405	-0.0121583				
0.1241	-0.0108841				
0.12415	-0.0134324				
0.1242	-0.0134324				
0.12425	-0.00833573				
0.1243	-0.00578737				
0.12435	-0.00069066				
0.1244	0.000583518				
0.12445	0.00313188				
0.1245	-0.00069066				
0.12455	-0.00196484				
0.1246	-0.0045132				
0.12465	-0.0045132				
0.1247	-0.00323902				
0.12475	-0.00196484				
0.1248	-0.00323902				
0.12485	-0.00196484				
0.1249	-0.00706155				
0.12495	-0.00833573				
0.125	-0.0121583				
0.12505	-0.0159808				
0.1251	-0.0134324				
0.12515	-0.0147066				
0.1252	-0.0147066				
0.12525	-0.0134324				
0.1253	-0.017255				
0.12535	-0.0198033				
0.1254	-0.017255				
0.12545	-0.0210775				
0.1255	-0.0198033				
0.12555	-0.0185292				
0.1256	-0.0159808				
0.12565	-0.0147066				
0.1257	-0.0121583				
0.12575	-0.0121583				
0.1258	-0.0108841				
0.12585	-0.0108841				
0.1259	-0.0108841				
0.12595	-0.00578737				
0.126	-0.0045132				
0.12605	-0.00196484				
0.1261	-0.00069066				
0.12615	-0.00323902				
0.1262	-0.00578737				
0.12625	-0.00323902				
0.1263	-0.0045132				
0.12635	-0.00196484				
0.1264	-0.00323902				
0.12645	-0.00196484				
0.1265	-0.00196484				
0.12655	0.000583518				
0.1266	-0.00323902				
0.12665	-0.00578737				
0.1267	-0.00706155				
0.12675	-0.00960991				
0.1268	-0.0121583				
0.12685	-0.0108841				
0.1269	-0.0121583				
0.12695	-0.0108841				
0.127	-0.00960991				
0.12705	-0.0121583				
0.1271	-0.00960991				
0.12715	-0.0108841				
0.1272	-0.0134324				
0.12725	-0.0134324				
0.1273	-0.0134324				
0.12735	-0.00833573				
0.1274	-0.00833573				
0.12745	-0.00706155				
0.1275	-0.00706155				
0.12755	-0.0045132				
0.1276	-0.00323902				
0.12765	-0.00578737				
0.1277	-0.00323902				
0.12775	-0.00323902				
0.1278	0.0018577				
0.12785	0.000583518				
0.1279	0.000583518				
0.12795	0.00313188				
0.128	0.00440605				
0.12805	0.000583518				
0.1281	-0.00323902				
0.12815	-0.00196484				
0.1282	-0.00578737				
0.12825	-0.00196484				
0.1283	-0.00196484				
0.12835	-0.00323902				
0.1284	-0.00323902				
0.12845	-0.00706155				
0.1285	-0.00833573				
0.12855	-0.0108841				
0.1286	-0.0121583				
0.12865	-0.00833573				
0.1287	-0.00960991				
0.12875	-0.00960991				
0.1288	-0.00706155				
0.12885	-0.00706155				
0.1289	-0.00706155				
0.12895	-0.0121583				
0.129	-0.00960991				
0.12905	-0.00706155				
0.1291	-0.00706155				
0.12915	-0.0045132				
0.1292	-0.00196484				
0.12925	-0.00323902				
0.1293	-0.0045132				
0.12935	-0.0045132				
0.1294	-0.00706155				
0.12945	-0.00706155				
0.1295	0.000583518				
0.12955	-0.00069066				
0.1296	0.00440605				
0.12965	0.0018577				
0.1297	-0.00069066				
0.12975	0.000583518				
0.1298	0.000583518				
0.12985	0.000583518				
0.1299	0.00313188				
0.12995	0.00313188				
0.13	0.00313188				
0.13005	0.000583518				
0.1301	0.00440605				
0.13015	0.00313188				
0.1302	0.000583518				
0.13025	0.00313188				
0.1303	-0.00196484				
0.13035	-0.00323902				
0.1304	-0.00069066				
0.13045	-0.00069066				
0.1305	-0.00196484				
0.13055	0.00440605				
0.1306	0.0018577				
0.13065	-0.00323902				
0.1307	-0.0045132				
0.13075	-0.00578737				
0.1308	-0.00196484				
0.13085	-0.00069066				
0.1309	-0.00706155				
0.13095	-0.00706155				
0.131	-0.0045132				
0.13105	-0.00196484				
0.1311	-0.00323902				
0.13115	-0.00196484				
0.1312	-0.00706155				
0.13125	-0.00196484				
0.1313	0.00313188				
0.13135	0.0018577				
0.1314	0.00568023				
0.13145	0.00568023				
0.1315	0.00440605				
0.13155	0.0107769				
0.1316	0.0120511				
0.13165	0.0120511				
0.1317	0.00822859				
0.13175	0.0133253				
0.1318	0.018422				
0.13185	0.018422				
0.1319	0.0145995				
0.13195	0.0145995				
0.132	0.0107769				
0.13205	0.0120511				
0.1321	0.0120511				
0.13215	0.0107769				
0.1322	0.00568023				
0.13225	0.00822859				
0.1323	0.00950277				
0.13235	0.00695441				
0.1324	0.00313188				
0.13245	-0.0045132				
0.1325	-0.00578737				
0.13255	-0.0045132				
0.1326	-0.00323902				
0.13265	-0.00706155				
0.1327	-0.00706155				
0.13275	-0.00706155				
0.1328	-0.00323902				
0.13285	-0.00323902				
0.1329	-0.00196484				
0.13295	-0.00323902				
0.133	-0.00196484				
0.13305	0.00568023				
0.1331	0.0107769				
0.13315	0.0145995				
0.1332	0.018422				
0.13325	0.0145995				
0.1333	0.0196962				
0.13335	0.0209704				
0.1334	0.0222446				
0.13345	0.0235187				
0.1335	0.0235187				
0.13355	0.0260671				
0.1336	0.0260671				
0.13365	0.0286154				
0.1337	0.0222446				
0.13375	0.0209704				
0.1338	0.0196962				
0.13385	0.018422				
0.1339	0.0171478				
0.13395	0.0133253				
0.134	0.0107769				
0.13405	0.00822859				
0.1341	0.000583518				
0.13415	0.00313188				
0.1342	-0.0045132				
0.13425	-0.00960991				
0.1343	-0.00960991				
0.13435	-0.00960991				
0.1344	-0.0108841				
0.13445	-0.00960991				
0.1345	-0.00706155				
0.13455	-0.00578737				
0.1346	-0.00578737				
0.13465	-0.00578737				
0.1347	-0.0045132				
0.13475	0.00313188				
0.1348	0.00822859				
0.13485	0.00822859				
0.1349	0.0145995				
0.13495	0.018422				
0.135	0.018422				
0.13505	0.0209704				
0.1351	0.0235187				
0.13515	0.0235187				
0.1352	0.0235187				
0.13525	0.0247929				
0.1353	0.0273413				
0.13535	0.0247929				
0.1354	0.0273413				
0.13545	0.0260671				
0.1355	0.0196962				
0.13555	0.0158737				
0.1356	0.0120511				
0.13565	0.00695441				
0.1357	0.00822859				
0.13575	0.00313188				
0.1358	0.00313188				
0.13585	-0.00323902				
0.1359	-0.00706155				
0.13595	-0.0121583				
0.136	-0.0134324				
0.13605	-0.017255				
0.1361	-0.017255				
0.13615	-0.017255				
0.1362	-0.0185292				
0.13625	-0.017255				
0.1363	-0.0147066				
0.13635	-0.0159808				
0.1364	-0.0159808				
0.13645	-0.0108841				
0.1365	-0.0134324				
0.13655	-0.00960991				
0.1366	-0.0045132				
0.13665	-0.00323902				
0.1367	0.000583518				
0.13675	0.00313188				
0.1368	0.00568023				
0.13685	0.00695441				
0.1369	0.00695441				
0.13695	0.0107769				
0.137	0.0107769				
0.13705	0.0120511				
0.1371	0.0120511				
0.13715	0.0133253				
0.1372	0.0120511				
0.13725	0.0107769				
0.1373	0.00822859				
0.13735	0.000583518				
0.1374	-0.00196484				
0.13745	-0.00578737				
0.1375	-0.00578737				
0.13755	-0.00960991				
0.1376	-0.0108841				
0.13765	-0.0134324				
0.1377	-0.017255				
0.13775	-0.0185292				
0.1378	-0.0223517				
0.13785	-0.0261742				
0.1379	-0.0223517				
0.13795	-0.0223517				
0.138	-0.0261742				
0.13805	-0.0223517				
0.1381	-0.0223517				
0.13815	-0.0223517				
0.1382	-0.0185292				
0.13825	-0.0210775				
0.1383	-0.0185292				
0.13835	-0.0134324				
0.1384	-0.0121583				
0.13845	-0.00706155				
0.1385	-0.00323902				
0.13855	-0.00196484				
0.1386	0.00313188				
0.13865	0.00440605				
0.1387	0.00313188				
0.13875	0.00440605				
0.1388	0.00822859				
0.13885	0.00695441				
0.1389	0.00695441				
0.13895	0.00695441				
0.139	0.00822859				
0.13905	0.00440605				
0.1391	0.00313188				
0.13915	-0.00323902				
0.1392	-0.0045132				
0.13925	-0.0045132				
0.1393	-0.0045132				
0.13935	-0.00578737				
0.1394	-0.00960991				
0.13945	-0.0121583				
0.1395	-0.0134324				
0.13955	-0.0159808				
0.1396	-0.0185292				
0.13965	-0.017255				
0.1397	-0.017255				
0.13975	-0.0185292				
0.1398	-0.0185292				
0.13985	-0.017255				
0.1399	-0.0121583				
0.13995	-0.0159808				
0.14	-0.0134324				
0.14005	-0.0134324				
0.1401	-0.00833573				
0.14015	-0.00323902				
0.1402	0.000583518				
0.14025	0.00313188				
0.1403	0.00695441				
0.14035	0.00950277				
0.1404	0.0107769				
0.14045	0.0120511				
0.1405	0.0107769				
0.14055	0.0120511				
0.1406	0.0145995				
0.14065	0.0158737				
0.1407	0.018422				
0.14075	0.018422				
0.1408	0.0171478				
0.14085	0.0145995				
0.1409	0.0120511				
0.14095	0.00950277				
0.141	0.00950277				
0.14105	0.00950277				
0.1411	0.00695441				
0.14115	0.000583518				
0.1412	0.00313188				
0.14125	-0.00069066				
0.1413	-0.0045132				
0.14135	-0.00706155				
0.1414	-0.00578737				
0.14145	-0.0045132				
0.1415	-0.00706155				
0.14155	-0.00323902				
0.1416	-0.00706155				
0.14165	-0.00706155				
0.1417	-0.00706155				
0.14175	-0.00706155				
0.1418	-0.00706155				
0.14185	-0.0045132				
0.1419	-0.00069066				
0.14195	0.0018577				
0.142	0.00568023				
0.14205	0.00695441				
0.1421	0.0120511				
0.14215	0.0145995				
0.1422	0.0145995				
0.14225	0.0145995				
0.1423	0.0107769				
0.14235	0.0120511				
0.1424	0.0145995				
0.14245	0.0120511				
0.1425	0.0158737				
0.14255	0.0158737				
0.1426	0.0158737				
0.14265	0.0107769				
0.1427	0.00695441				
0.14275	-0.00069066				
0.1428	0.00313188				
0.14285	0.00313188				
0.1429	0.000583518				
0.14295	-0.00196484				
0.143	-0.00578737				
0.14305	-0.00706155				
0.1431	-0.00833573				
0.14315	-0.0121583				
0.1432	-0.0159808				
0.14325	-0.0121583				
0.1433	-0.0134324				
0.14335	-0.0108841				
0.1434	-0.0108841				
0.14345	-0.00960991				
0.1435	-0.00960991				
0.14355	-0.00960991				
0.1436	-0.00960991				
0.14365	-0.00706155				
0.1437	-0.00196484				
0.14375	-0.00196484				
0.1438	0.000583518				
0.14385	0.00822859				
0.1439	0.00568023				
0.14395	0.00822859				
0.144	0.00568023				
0.14405	0.00822859				
0.1441	0.00822859				
0.14415	0.0120511				
0.1442	0.0120511				
0.14425	0.0133253				
0.1443	0.0120511				
0.14435	0.0107769				
0.1444	0.00822859				
0.14445	0.00695441				
0.1445	0.00440605				
0.14455	0.000583518				
0.1446	0.000583518				
0.14465	-0.00196484				
0.1447	0.000583518				
0.14475	-0.00069066				
0.1448	-0.00706155				
0.14485	-0.00578737				
0.1449	-0.00833573				
0.14495	-0.00833573				
0.145	-0.00960991				
0.14505	-0.00833573				
0.1451	-0.00833573				
0.14515	-0.00706155				
0.1452	-0.00196484				
0.14525	-0.00069066				
0.1453	-0.00196484				
0.14535	0.000583518				
0.1454	0.00313188				
0.14545	0.00695441				
0.1455	0.0107769				
0.14555	0.0133253				
0.1456	0.0133253				
0.14565	0.0209704				
0.1457	0.018422				
0.14575	0.018422				
0.1458	0.018422				
0.14585	0.018422				
0.1459	0.018422				
0.14595	0.018422				
0.146	0.0158737				
0.14605	0.0171478				
0.1461	0.018422				
0.14615	0.0171478				
0.1462	0.00950277				
0.14625	0.00695441				
0.1463	0.00440605				
0.14635	0.00313188				
0.1464	0.000583518				
0.14645	0.000583518				
0.1465	0.000583518				
0.14655	0.000583518				
0.1466	-0.00196484				
0.14665	-0.00323902				
0.1467	-0.00323902				
0.14675	-0.00323902				
0.1468	-0.00578737				
0.14685	-0.00578737				
0.1469	-0.00196484				
0.14695	-0.00069066				
0.147	0.00568023				
0.14705	0.00695441				
0.1471	0.00313188				
0.14715	0.00695441				
0.1472	0.00950277				
0.14725	0.00822859				
0.1473	0.00822859				
0.14735	0.0107769				
0.1474	0.00950277				
0.14745	0.0133253				
0.1475	0.0120511				
0.14755	0.0107769				
0.1476	0.0107769				
0.14765	0.0120511				
0.1477	0.0107769				
0.14775	0.00695441				
0.1478	0.00822859				
0.14785	0.00822859				
0.1479	0.00822859				
0.14795	0.00822859				
0.148	0.00313188				
0.14805	0.00313188				
0.1481	0.000583518				
0.14815	-0.00196484				
0.1482	-0.00706155				
0.14825	-0.00706155				
0.1483	-0.00706155				
0.14835	-0.00706155				
0.1484	-0.00706155				
0.14845	-0.00706155				
0.1485	-0.00960991				
0.14855	-0.0108841				
0.1486	-0.0134324				
0.14865	-0.0147066				
0.1487	-0.00960991				
0.14875	-0.00706155				
0.1488	-0.00706155				
0.14885	-0.0045132				
0.1489	-0.00833573				
0.14895	-0.00196484				
0.149	-0.00578737				
0.14905	-0.00578737				
0.1491	-0.0045132				
0.14915	-0.00196484				
0.1492	0.000583518				
0.14925	-0.00069066				
0.1493	0.0018577				
0.14935	0.000583518				
0.1494	0.000583518				
0.14945	-0.0045132				
0.1495	-0.00706155				
0.14955	-0.00578737				
0.1496	-0.00323902				
0.14965	-0.00196484				
0.1497	0.000583518				
0.14975	-0.00196484				
0.1498	-0.00323902				
0.14985	-0.00578737				
0.1499	-0.0108841				
0.14995	-0.0121583				
0.15	-0.00960991				
0.15005	-0.00833573				
0.1501	-0.00960991				
0.15015	-0.00960991				
0.1502	-0.00960991				
0.15025	-0.0147066				
0.1503	-0.0159808				
0.15035	-0.0147066				
0.1504	-0.0159808				
0.15045	-0.0147066				
0.1505	-0.0121583				
0.15055	-0.00833573				
0.1506	-0.00960991				
0.15065	-0.00960991				
0.1507	-0.00833573				
0.15075	-0.00960991				
0.1508	-0.0121583				
0.15085	-0.00960991				
0.1509	-0.00833573				
0.15095	-0.0045132				
0.151	-0.00196484				
0.15105	-0.00196484				
0.1511	-0.0045132				
0.15115	-0.00578737				
0.1512	-0.0045132				
0.15125	-0.0045132				
0.1513	-0.0045132				
0.15135	-0.00069066				
0.1514	0.000583518				
0.15145	0.00440605				
0.1515	0.00313188				
0.15155	0.00313188				
0.1516	0.00440605				
0.15165	0.000583518				
0.1517	0.000583518				
0.15175	-0.00196484				
0.1518	0.000583518				
0.15185	-0.00069066				
0.1519	0.00313188				
0.15195	0.00313188				
0.152	-0.00196484				
0.15205	-0.00196484				
0.1521	-0.00578737				
0.15215	-0.0045132				
0.1522	-0.00323902				
0.15225	-0.00323902				
0.1523	-0.00323902				
0.15235	-0.00196484				
0.1524	-0.00069066				
0.15245	-0.00196484				
0.1525	-0.00706155				
0.15255	-0.0045132				
0.1526	-0.00578737				
0.15265	-0.0045132				
0.1527	0.0018577				
0.15275	0.000583518				
0.1528	-0.00069066				
0.15285	0.00313188				
0.1529	-0.00069066				
0.15295	0.0018577				
0.153	-0.00196484				
0.15305	0.00313188				
0.1531	0.00313188				
0.15315	0.00440605				
0.1532	0.00313188				
0.15325	0.00313188				
0.1533	0.00695441				
0.15335	0.00313188				
0.1534	0.0018577				
0.15345	0.0018577				
0.1535	0.00313188				
0.15355	0.00568023				
0.1536	0.00568023				
0.15365	0.00695441				
0.1537	0.00695441				
0.15375	0.00440605				
0.1538	0.00822859				
0.15385	0.00313188				
0.1539	0.00313188				
0.15395	0.00695441				
0.154	0.00568023				
0.15405	0.00822859				
0.1541	0.00695441				
0.15415	0.00695441				
0.1542	0.00568023				
0.15425	0.00313188				
0.1543	0.00440605				
0.15435	-0.00069066				
0.1544	-0.00069066				
0.15445	0.00313188				
0.1545	0.0018577				
0.15455	0.00313188				
0.1546	0.00313188				
0.15465	0.000583518				
0.1547	0.00440605				
0.15475	0.00313188				
0.1548	0.0018577				
0.15485	0.0018577				
0.1549	0.0018577				
0.15495	0.00568023				
0.155	0.00822859				
0.15505	0.0107769				
0.1551	0.00695441				
0.15515	0.00822859				
0.1552	0.0120511				
0.15525	0.00695441				
0.1553	0.00950277				
0.15535	0.00822859				
0.1554	0.0120511				
0.15545	0.0133253				
0.1555	0.0171478				
0.15555	0.0133253				
0.1556	0.0145995				
0.15565	0.0107769				
0.1557	0.00950277				
0.15575	0.00950277				
0.1558	0.00822859				
0.15585	0.0107769				
0.1559	0.0120511				
0.15595	0.00950277				
0.156	0.00695441				
0.15605	0.00695441				
0.1561	0.00695441				
0.15615	0.000583518				
0.1562	0.00568023				
0.15625	0.00313188				
0.1563	0.00440605				
0.15635	0.00568023				
0.1564	0.00440605				
0.15645	0.00313188				
0.1565	0.000583518				
0.15655	0.0018577				
0.1566	0.000583518				
0.15665	0.00313188				
0.1567	0.00695441				
0.15675	0.00695441				
0.1568	0.00822859				
0.15685	0.0120511				
0.1569	0.00950277				
0.15695	0.00950277				
0.157	0.0133253				
0.15705	0.0120511				
0.1571	0.0133253				
0.15715	0.0145995				
0.1572	0.0133253				
0.15725	0.0171478				
0.1573	0.0133253				
0.15735	0.0171478				
0.1574	0.0145995				
0.15745	0.0158737				
0.1575	0.0133253				
0.15755	0.0120511				
0.1576	0.0133253				
0.15765	0.0120511				
0.1577	0.0133253				
0.15775	0.0133253				
0.1578	0.00822859				
0.15785	0.00568023				
0.1579	0.00440605				
0.15795	0.000583518				
0.158	0.0018577				
0.15805	0.00313188				
0.1581	0.00568023				
0.15815	0.00568023				
0.1582	0.0018577				
0.15825	0.0018577				
0.1583	-0.00196484				
0.15835	-0.00069066				
0.1584	0.0018577				
0.15845	0.00568023				
0.1585	0.00440605				
0.15855	0.00440605				
0.1586	0.00822859				
0.15865	0.00822859				
0.1587	0.00695441				
0.15875	0.00822859				
0.1588	0.00822859				
0.15885	0.0133253				
0.1589	0.0120511				
0.15895	0.0133253				
0.159	0.0107769				
0.15905	0.0120511				
0.1591	0.0145995				
0.15915	0.0107769				
0.1592	0.00822859				
0.15925	0.00568023				
0.1593	0.00313188				
0.15935	0.00695441				
0.1594	0.00568023				
0.15945	0.00695441				
0.1595	0.00695441				
0.15955	0.00313188				
0.1596	0.0018577				
0.15965	-0.00323902				
0.1597	-0.00196484				
0.15975	-0.00578737				
0.1598	-0.0045132				
0.15985	-0.0045132				
0.1599	-0.0045132				
0.15995	-0.0045132				
0.16	-0.00578737				
0.16005	-0.00706155				
0.1601	-0.00960991				
0.16015	-0.00960991				
0.1602	-0.00578737				
0.16025	-0.00323902				
0.1603	-0.00323902				
0.16035	0.000583518				
0.1604	-0.00196484				
0.16045	-0.00323902				
0.1605	-0.00196484				
0.16055	-0.00578737				
0.1606	-0.00196484				
0.16065	-0.00323902				
0.1607	-0.00196484				
0.16075	-0.00069066				
0.1608	0.00440605				
0.16085	0.00440605				
0.1609	-0.00069066				
0.16095	-0.00069066				
0.161	0.0018577				
0.16105	-0.00196484				
0.1611	-0.0045132				
0.16115	-0.00196484				
0.1612	0.000583518				
0.16125	-0.00196484				
0.1613	-0.00323902				
0.16135	-0.00706155				
0.1614	-0.00960991				
0.16145	-0.0121583				
0.1615	-0.0121583				
0.16155	-0.0134324				
0.1616	-0.0121583				
0.16165	-0.0121583				
0.1617	-0.0121583				
0.16175	-0.0134324				
0.1618	-0.0134324				
0.16185	-0.0108841				
0.1619	-0.0121583				
0.16195	-0.00960991				
0.162	-0.00833573				
0.16205	-0.00960991				
0.1621	-0.00578737				
0.16215	-0.0045132				
0.1622	-0.00578737				
0.16225	-0.0045132				
0.1623	-0.00706155				
0.16235	-0.0045132				
0.1624	-0.00196484				
0.16245	-0.00323902				
0.1625	-0.00196484				
0.16255	-0.00323902				
0.1626	0.00313188				
0.16265	0.00695441				
0.1627	-0.00069066				
0.16275	-0.00196484				
0.1628	-0.00196484				
0.16285	-0.00706155				
0.1629	-0.0045132				
0.16295	-0.00196484				
0.163	-0.00196484				
0.16305	-0.00196484				
0.1631	-0.00323902				
0.16315	-0.0045132				
0.1632	-0.00706155				
0.16325	-0.00833573				
0.1633	-0.00833573				
0.16335	-0.00960991				
0.1634	-0.00833573				
0.16345	-0.00833573				
0.1635	-0.00833573				
0.16355	-0.00833573				
0.1636	-0.0134324				
0.16365	-0.00960991				
0.1637	-0.0134324				
0.16375	-0.0134324				
0.1638	-0.00960991				
0.16385	-0.00833573				
0.1639	-0.00833573				
0.16395	-0.00706155				
0.164	-0.00578737				
0.16405	-0.00578737				
0.1641	-0.00706155				
0.16415	-0.00706155				
0.1642	-0.0045132				
0.16425	-0.00323902				
0.1643	0.0018577				
0.16435	0.00313188				
0.1644	0.000583518				
0.16445	0.0018577				
0.1645	0.00313188				
0.16455	0.0018577				
0.1646	0.00440605				
0.16465	0.00313188				
0.1647	0.00313188				
0.16475	0.00313188				
0.1648	0.00695441				
0.16485	0.00313188				
0.1649	0.0018577				
0.16495	-0.00196484				
0.165	-0.00323902				
0.16505	-0.00578737				
0.1651	-0.0045132				
0.16515	-0.00706155				
0.1652	-0.00578737				
0.16525	-0.00706155				
0.1653	-0.00706155				
0.16535	-0.00833573				
0.1654	-0.00960991				
0.16545	-0.0121583				
0.1655	-0.0134324				
0.16555	-0.00706155				
0.1656	-0.00578737				
0.16565	-0.0045132				
0.1657	-0.00069066				
0.16575	-0.00069066				
0.1658	0.0018577				
0.16585	0.00313188				
0.1659	0.00313188				
0.16595	0.00313188				
0.166	0.00313188				
0.16605	0.00695441				
0.1661	0.0107769				
0.16615	0.0107769				
0.1662	0.0133253				
0.16625	0.0107769				
0.1663	0.00950277				
0.16635	0.00568023				
0.1664	0.00695441				
0.16645	0.0107769				
0.1665	0.00695441				
0.16655	0.00822859				
0.1666	0.00822859				
0.16665	0.00822859				
0.1667	0.00440605				
0.16675	0.000583518				
0.1668	-0.00323902				
0.16685	-0.00578737				
0.1669	-0.00323902				
0.16695	-0.00323902				
0.167	-0.00196484				
0.16705	-0.00196484				
0.1671	-0.00196484				
0.16715	-0.0045132				
0.1672	-0.00578737				
0.16725	-0.00833573				
0.1673	-0.00706155				
0.16735	-0.00323902				
0.1674	-0.00196484				
0.16745	0.00313188				
0.1675	0.00568023				
0.16755	0.00568023				
0.1676	0.00568023				
0.16765	0.00440605				
0.1677	0.00440605				
0.16775	0.00568023				
0.1678	0.0120511				
0.16785	0.0133253				
0.1679	0.0145995				
0.16795	0.0171478				
0.168	0.0145995				
0.16805	0.0145995				
0.1681	0.0107769				
0.16815	0.0107769				
0.1682	0.0120511				
0.16825	0.0133253				
0.1683	0.0145995				
0.16835	0.0158737				
0.1684	0.0120511				
0.16845	0.0107769				
0.1685	0.00695441				
0.16855	0.00440605				
0.1686	0.00313188				
0.16865	0.00568023				
0.1687	0.00313188				
0.16875	0.00440605				
0.1688	0.00313188				
0.16885	0.000583518				
0.1689	-0.00069066				
0.16895	-0.00069066				
0.169	-0.0045132				
0.16905	-0.00196484				
0.1691	0.000583518				
0.16915	0.00313188				
0.1692	0.00313188				
0.16925	0.000583518				
0.1693	0.00440605				
0.16935	0.00695441				
0.1694	0.00568023				
0.16945	0.00440605				
0.1695	0.00568023				
0.16955	0.00822859				
0.1696	0.0120511				
0.16965	0.0145995				
0.1697	0.0120511				
0.16975	0.0107769				
0.1698	0.0158737				
0.16985	0.0133253				
0.1699	0.0133253				
0.16995	0.0145995				
0.17	0.0171478				
0.17005	0.0158737				
0.1701	0.0158737				
0.17015	0.0145995				
0.1702	0.0120511				
0.17025	0.0120511				
0.1703	0.0133253				
0.17035	0.0120511				
0.1704	0.00822859				
0.17045	0.0107769				
0.1705	0.00950277				
0.17055	0.00440605				
0.1706	0.00822859				
0.17065	-0.00069066				
0.1707	0.000583518				
0.17075	0.00313188				
0.1708	0.00440605				
0.17085	0.00568023				
0.1709	0.00440605				
0.17095	0.0018577				
0.171	-0.00069066				
0.17105	0.0018577				
0.1711	-0.00069066				
0.17115	-0.00323902				
0.1712	0.00313188				
0.17125	0.00440605				
0.1713	0.00440605				
0.17135	0.00822859				
0.1714	0.0107769				
0.17145	0.00822859				
0.1715	0.0120511				
0.17155	0.00950277				
0.1716	0.00950277				
0.17165	0.0120511				
0.1717	0.0133253				
0.17175	0.018422				
0.1718	0.0158737				
0.17185	0.0158737				
0.1719	0.0158737				
0.17195	0.0133253				
0.172	0.0120511				
0.17205	0.0107769				
0.1721	0.0107769				
0.17215	0.0107769				
0.1722	0.0120511				
0.17225	0.0133253				
0.1723	0.0107769				
0.17235	0.0107769				
0.1724	0.0018577				
0.17245	0.000583518				
0.1725	0.000583518				
0.17255	0.000583518				
0.1726	0.000583518				
0.17265	0.000583518				
0.1727	-0.00196484				
0.17275	-0.00833573				
0.1728	-0.00706155				
0.17285	-0.00960991				
0.1729	-0.00960991				
0.17295	-0.00578737				
0.173	-0.00323902				
0.17305	-0.00196484				
0.1731	-0.00069066				
0.17315	-0.00196484				
0.1732	-0.00196484				
0.17325	-0.00196484				
0.1733	-0.00323902				
0.17335	-0.00196484				
0.1734	0.00313188				
0.17345	0.00313188				
0.1735	0.00695441				
0.17355	0.00568023				
0.1736	0.00695441				
0.17365	0.0107769				
0.1737	0.00950277				
0.17375	0.0107769				
0.1738	0.0120511				
0.17385	0.0107769				
0.1739	0.0120511				
0.17395	0.0120511				
0.174	0.0120511				
0.17405	0.00822859				
0.1741	0.00695441				
0.17415	-0.00196484				
0.1742	-0.00323902				
0.17425	-0.00196484				
0.1743	-0.0045132				
0.17435	-0.00196484				
0.1744	-0.00323902				
0.17445	-0.00578737				
0.1745	-0.00960991				
0.17455	-0.0121583				
0.1746	-0.0121583				
0.17465	-0.0134324				
0.1747	-0.0121583				
0.17475	-0.00706155				
0.1748	-0.00960991				
0.17485	-0.00706155				
0.1749	-0.00833573				
0.17495	-0.00706155				
0.175	-0.00833573				
0.17505	-0.0045132				
0.1751	-0.00196484				
0.17515	0.000583518				
0.1752	0.00568023				
0.17525	0.00313188				
0.1753	0.00440605				
0.17535	0.00695441				
0.1754	0.00313188				
0.17545	0.00695441				
0.1755	0.00695441				
0.17555	0.0107769				
0.1756	0.0120511				
0.17565	0.0133253				
0.1757	0.0107769				
0.17575	0.00695441				
0.1758	0.00568023				
0.17585	0.00440605				
0.1759	0.00440605				
0.17595	0.00440605				
0.176	0.000583518				
0.17605	-0.00196484				
0.1761	-0.00069066				
0.17615	-0.00069066				
0.1762	-0.00706155				
0.17625	-0.00578737				
0.1763	-0.00706155				
0.17635	-0.00706155				
0.1764	-0.00960991				
0.17645	-0.00706155				
0.1765	-0.00706155				
0.17655	-0.0045132				
0.1766	-0.00323902				
0.17665	-0.00578737				
0.1767	-0.0045132				
0.17675	-0.0045132				
0.1768	-0.00578737				
0.17685	-0.00578737				
0.1769	0.000583518				
0.17695	0.00313188				
0.177	0.00440605				
0.17705	0.00568023				
0.1771	0.00440605				
0.17715	0.00440605				
0.1772	0.00313188				
0.17725	0.0018577				
0.1773	0.00313188				
0.17735	0.00313188				
0.1774	0.00440605				
0.17745	0.00822859				
0.1775	0.00440605				
0.17755	0.0018577				
0.1776	-0.00069066				
0.17765	-0.00323902				
0.1777	-0.00323902				
0.17775	0.000583518				
0.1778	0.000583518				
0.17785	0.000583518				
0.1779	0.000583518				
0.17795	-0.00196484				
0.178	-0.00323902				
0.17805	-0.00196484				
0.1781	-0.00706155				
0.17815	-0.00706155				
0.1782	-0.0045132				
0.17825	-0.00578737				
0.1783	-0.00578737				
0.17835	-0.00323902				
0.1784	-0.00578737				
0.17845	-0.00706155				
0.1785	-0.00323902				
0.17855	-0.00706155				
0.1786	-0.00323902				
0.17865	-0.00323902				
0.1787	-0.00196484				
0.17875	0.000583518				
0.1788	0.0018577				
0.17885	0.0018577				
0.1789	0.00313188				
0.17895	0.000583518				
0.179	0.000583518				
0.17905	0.00313188				
0.1791	0.00440605				
0.17915	0.00313188				
0.1792	0.00440605				
0.17925	0.00695441				
0.1793	0.00695441				
0.17935	0.00695441				
0.1794	0.00313188				
0.17945	0.000583518				
0.1795	-0.00196484				
0.17955	0.0018577				
0.1796	0.00313188				
0.17965	0.0018577				
0.1797	0.000583518				
0.17975	-0.0045132				
0.1798	-0.00578737				
0.17985	-0.0045132				
0.1799	-0.00706155				
0.17995	-0.00578737				
0.18	-0.00706155				
0.18005	-0.00706155				
0.1801	-0.00323902				
0.18015	-0.00323902				
0.1802	-0.00323902				
0.18025	-0.0045132				
0.1803	-0.00578737				
0.18035	-0.0045132				
0.1804	-0.00323902				
0.18045	0.000583518				
0.1805	0.00313188				
0.18055	0.00440605				
0.1806	0.00695441				
0.18065	0.00950277				
0.1807	0.00695441				
0.18075	0.00695441				
0.1808	0.00440605				
0.18085	0.00695441				
0.1809	0.00695441				
0.18095	0.00695441				
0.181	0.00695441				
0.18105	0.0107769				
0.1811	0.0120511				
0.18115	0.00950277				
0.1812	0.0107769				
0.18125	0.00822859				
0.1813	0.00695441				
0.18135	0.00695441				
0.1814	0.00822859				
0.18145	0.00695441				
0.1815	0.00695441				
0.18155	0.0107769				
0.1816	0.00313188				
0.18165	0.00313188				
0.1817	0.0018577				
0.18175	-0.00323902				
0.1818	-0.00196484				
0.18185	-0.00069066				
0.1819	0.000583518				
0.18195	0.00313188				
0.182	0.00313188				
0.18205	-0.00196484				
0.1821	-0.00196484				
0.18215	-0.00069066				
0.1822	0.000583518				
0.18225	0.00440605				
0.1823	0.00822859				
0.18235	0.00822859				
0.1824	0.0107769				
0.18245	0.0133253				
0.1825	0.0133253				
0.18255	0.0120511				
0.1826	0.0145995				
0.18265	0.0107769				
0.1827	0.0107769				
0.18275	0.0133253				
0.1828	0.0158737				
0.18285	0.0158737				
0.1829	0.0120511				
0.18295	0.0133253				
0.183	0.0107769				
0.18305	0.00822859				
0.1831	0.00695441				
0.18315	0.0107769				
0.1832	0.00822859				
0.18325	0.00440605				
0.1833	0.00568023				
0.18335	0.00313188				
0.1834	-0.00196484				
0.18345	-0.00069066				
0.1835	-0.00706155				
0.18355	-0.0045132				
0.1836	-0.00196484				
0.18365	-0.0045132				
0.1837	-0.00323902				
0.18375	-0.00323902				
0.1838	0.000583518				
0.18385	-0.00069066				
0.1839	0.00313188				
0.18395	-0.00069066				
0.184	0.000583518				
0.18405	0.00822859				
0.1841	0.00822859				
0.18415	0.00695441				
0.1842	0.0107769				
0.18425	0.00950277				
0.1843	0.00950277				
0.18435	0.0133253				
0.1844	0.0120511				
0.18445	0.00822859				
0.1845	0.0107769				
0.18455	0.0107769				
0.1846	0.0133253				
0.18465	0.0120511				
0.1847	0.00822859				
0.18475	0.00950277				
0.1848	0.00695441				
0.18485	0.00313188				
0.1849	0.00313188				
0.18495	0.00568023				
0.185	0.0018577				
0.18505	0.00568023				
0.1851	0.00568023				
0.18515	0.00313188				
0.1852	0.000583518				
0.18525	0.000583518				
0.1853	0.0018577				
0.18535	0.000583518				
0.1854	0.0018577				
0.18545	-0.00069066				
0.1855	0.00440605				
0.18555	0.00695441				
0.1856	0.00822859				
0.18565	0.00695441				
0.1857	0.00313188				
0.18575	0.00313188				
0.1858	0.00568023				
0.18585	0.00950277				
0.1859	0.00822859				
0.18595	0.00695441				
0.186	0.00695441				
0.18605	0.00695441				
0.1861	0.00822859				
0.18615	0.00568023				
0.1862	0.00313188				
0.18625	0.00313188				
0.1863	0.00695441				
0.18635	0.00695441				
0.1864	0.00950277				
0.18645	0.00822859				
0.1865	0.00440605				
0.18655	0.00568023				
0.1866	0.0018577				
0.18665	0.00313188				
0.1867	0.00313188				
0.18675	0.00568023				
0.1868	0.00822859				
0.18685	0.00822859				
0.1869	0.00822859				
0.18695	0.00822859				
0.187	0.00822859				
0.18705	0.00695441				
0.1871	0.00695441				
0.18715	0.00440605				
0.1872	0.00822859				
0.18725	0.0107769				
0.1873	0.0120511				
0.18735	0.0120511				
0.1874	0.00950277				
0.18745	0.00950277				
0.1875	0.00695441				
0.18755	0.00695441				
0.1876	0.00822859				
0.18765	0.00822859				
0.1877	0.0133253				
0.18775	0.0107769				
0.1878	0.00695441				
0.18785	0.00695441				
0.1879	0.00440605				
0.18795	0.00695441				
0.188	0.00313188				
0.18805	0.00695441				
0.1881	0.00822859				
0.18815	0.00950277				
0.1882	0.00950277				
0.18825	0.00822859				
0.1883	0.00822859				
0.18835	0.00695441				
0.1884	0.00568023				
0.18845	0.00822859				
0.1885	0.0133253				
0.18855	0.0107769				
0.1886	0.0145995				
0.18865	0.0133253				
0.1887	0.0158737				
0.18875	0.0107769				
0.1888	0.0120511				
0.18885	0.00822859				
0.1889	0.0120511				
0.18895	0.0133253				
0.189	0.0120511				
0.18905	0.00822859				
0.1891	0.0120511				
0.18915	0.00950277				
0.1892	0.00950277				
0.18925	0.00950277				
0.1893	0.00695441				
0.18935	0.00568023				
0.1894	0.00568023				
0.18945	0.00313188				
0.1895	0.00313188				
0.18955	0.00695441				
0.1896	0.00440605				
0.18965	0.00313188				
0.1897	0.00313188				
0.18975	0.0018577				
0.1898	0.000583518				
0.18985	0.00313188				
0.1899	0.0018577				
0.18995	0.00695441				
0.19	0.00695441				
0.19005	0.00695441				
0.1901	0.00313188				
0.19015	0.00440605				
0.1902	0.00822859				
0.19025	0.0107769				
0.1903	0.0120511				
0.19035	0.00950277				
0.1904	0.0107769				
0.19045	0.00695441				
0.1905	0.00950277				
0.19055	0.00822859				
0.1906	0.00568023				
0.19065	0.00568023				
0.1907	0.00695441				
0.19075	0.0018577				
0.1908	0.00822859				
0.19085	0.00440605				
0.1909	0.000583518				
0.19095	0.00440605				
0.191	0.000583518				
0.19105	0.000583518				
0.1911	-0.00196484				
0.19115	-0.00196484				
0.1912	0.000583518				
0.19125	0.0018577				
0.1913	0.0018577				
0.19135	-0.00323902				
0.1914	-0.00196484				
0.19145	-0.00196484				
0.1915	-0.00196484				
0.19155	0.000583518				
0.1916	-0.00196484				
0.19165	0.000583518				
0.1917	0.00440605				
0.19175	0.00950277				
0.1918	0.00313188				
0.19185	0.00313188				
0.1919	0.000583518				
0.19195	0.00313188				
0.192	0.00440605				
0.19205	0.00440605				
0.1921	0.00440605				
0.19215	0.00568023				
0.1922	0.00695441				
0.19225	0.00440605				
0.1923	0.00440605				
0.19235	0.000583518				
0.1924	-0.00196484				
0.19245	-0.00069066				
0.1925	0.000583518				
0.19255	0.00313188				
0.1926	0.00313188				
0.19265	0.000583518				
0.1927	-0.00196484				
0.19275	0.000583518				
0.1928	-0.00196484				
0.19285	-0.00069066				
0.1929	-0.00196484				
0.19295	-0.00069066				
0.193	0.00440605				
0.19305	0.00568023				
0.1931	0.00313188				
0.19315	-0.00069066				
0.1932	0.00313188				
0.19325	0.00313188				
0.1933	0.00313188				
0.19335	0.00313188				
0.1934	0.00313188				
0.19345	0.00695441				
0.1935	0.00822859				
0.19355	0.00440605				
0.1936	0.0018577				
0.19365	0.0018577				
0.1937	-0.00196484				
0.19375	-0.00196484				
0.1938	-0.00196484				
0.19385	-0.00323902				
0.1939	-0.00069066				
0.19395	0.000583518				
0.194	-0.00069066				
0.19405	-0.00196484				
0.1941	-0.0045132				
0.19415	-0.00323902				
0.1942	-0.00578737				
0.19425	-0.00196484				
0.1943	0.000583518				
0.19435	0.00440605				
0.1944	0.00695441				
0.19445	0.00695441				
0.1945	0.00695441				
0.19455	0.00695441				
0.1946	0.00313188				
0.19465	0.00440605				
0.1947	0.00440605				
0.19475	0.00695441				
0.1948	0.00822859				
0.19485	0.00950277				
0.1949	0.00950277				
0.19495	0.00568023				
0.195	0.00440605				
0.19505	0.00695441				
0.1951	0.00313188				
0.19515	0.00822859				
0.1952	0.00568023				
0.19525	0.00568023				
0.1953	0.00313188				
0.19535	0.000583518				
0.1954	0.000583518				
0.19545	0.000583518				
0.1955	-0.00069066				
0.19555	-0.00069066				
0.1956	0.00313188				
0.19565	0.000583518				
0.1957	0.00313188				
0.19575	0.00568023				
0.1958	0.00440605				
0.19585	0.00440605				
0.1959	0.00568023				
0.19595	0.00313188				
0.196	0.00440605				
0.19605	0.00695441				
0.1961	0.00568023				
0.19615	0.00822859				
0.1962	0.0120511				
0.19625	0.0107769				
0.1963	0.00822859				
0.19635	0.00695441				
0.1964	0.00568023				
0.19645	0.00440605				
0.1965	0.00568023				
0.19655	0.00822859				
0.1966	0.00822859				
0.19665	0.00440605				
0.1967	0.0018577				
0.19675	-0.00196484				
0.1968	-0.00196484				
0.19685	-0.00196484				
0.1969	0.000583518				
0.19695	-0.00196484				
0.197	0.0018577				
0.19705	0.00313188				
0.1971	0.000583518				
0.19715	0.000583518				
0.1972	-0.00323902				
0.19725	0.0018577				
0.1973	0.00440605				
0.19735	0.00313188				
0.1974	0.00568023				
0.19745	0.00695441				
0.1975	0.0107769				
0.19755	0.0107769				
0.1976	0.00313188				
0.19765	-0.00069066				
0.1977	0.00695441				
0.19775	0.0107769				
0.1978	0.0107769				
0.19785	0.00950277				
0.1979	0.00950277				
0.19795	0.00440605				
0.198	0.00822859				
0.19805	0.00313188				
0.1981	0.00313188				
0.19815	0.00568023				
0.1982	0.00568023				
0.19825	0.00695441				
0.1983	0.00313188				
0.19835	0.000583518				
0.1984	-0.00196484				
0.19845	-0.00196484				
0.1985	-0.00196484				
0.19855	-0.0045132				
0.1986	-0.00196484				
0.19865	-0.00069066				
0.1987	0.0018577				
0.19875	0.000583518				
0.1988	-0.00196484				
0.19885	0.00440605				
0.1989	-0.00069066				
0.19895	-0.00069066				
0.199	0.000583518				
0.19905	0.00440605				
0.1991	0.00822859				
0.19915	0.00568023				
0.1992	0.00568023				
0.19925	0.00950277				
0.1993	0.00568023				
0.19935	0.00695441				
0.1994	0.00440605				
0.19945	0.00440605				
0.1995	0.00695441				
0.19955	0.00695441				
0.1996	0.00822859				
0.19965	0.00695441				
0.1997	0.00695441				
0.19975	0.00440605				
0.1998	0.00313188				
0.19985	0.000583518				
0.1999	-0.00196484				
0.19995	0.00313188				
