Time - soundlvl	Amplitude - soundlvl	Unnamed: 2	Unnamed: 3	Frequency (Hz) - soundlvl (Power Spectrum)	Amplitude - soundlvl (Power Spectrum)
0.0	1.37198			0.0	1.92133
5e-05	1.37198			5.0	0.961613
0.0001	1.37964			10.0	8.10153e-07
0.00015	1.31076			15.0	2.56924e-07
0.0002	1.33372			20.0	1.74807e-07
0.00025	1.37453			25.0	2.13131e-07
0.0003	1.34903			30.0	3.11341e-07
0.00035	1.39494			35.0	4.75837e-06
0.0004	1.39749			40.0	3.95581e-06
0.00045	1.37964			45.0	1.38702e-06
0.0005	1.35158			50.0	3.56598e-06
0.00055	1.37198			55.0	7.01782e-06
0.0006	1.43575			60.0	2.98638e-06
0.00065	1.45106			65.0	5.24522e-07
0.0007	1.40004			70.0	6.56041e-07
0.00075	1.4128			75.0	1.46997e-05
0.0008	1.42555			80.0	1.33533e-05
0.00085	1.4332			85.0	2.07624e-06
0.0009	1.33627			90.0	4.2971e-06
0.00095	1.31076			95.0	4.0549e-06
0.001	1.39749			100.0	2.60057e-06
0.00105	1.4281			105.0	3.98405e-06
0.0011	1.38474			110.0	5.41522e-06
0.00115	1.34648			115.0	5.00873e-06
0.0012	1.34903			120.0	2.56637e-06
0.00125	1.30566			125.0	4.93003e-06
0.0013	1.31332			130.0	4.56059e-06
0.00135	1.40514			135.0	7.10992e-07
0.0014	1.40004			140.0	4.30586e-07
0.00145	1.32352			145.0	8.23753e-07
0.0015	1.35923			150.0	3.279e-08
0.00155	1.34648			155.0	4.6417e-07
0.0016	1.32862			160.0	8.17644e-06
0.00165	1.28271			165.0	8.26927e-06
0.0017	1.32352			170.0	3.4188e-06
0.00175	1.38474			175.0	6.13619e-07
0.0018	1.39494			180.0	3.65888e-06
0.00185	1.44341			185.0	7.83395e-07
0.0019	1.40259			190.0	3.2953e-07
0.00195	1.29291			195.0	6.46606e-07
0.002	1.2776			200.0	1.21745e-06
0.00205	1.36688			205.0	1.55688e-06
0.0021	1.42555			210.0	3.15203e-06
0.00215	1.38729			215.0	1.91368e-06
0.0022	1.46381			220.0	1.38267e-06
0.00225	1.47146			225.0	1.53936e-06
0.0023	1.4383			230.0	1.56449e-06
0.00235	1.38474			235.0	2.01222e-06
0.0024	1.31332			240.0	2.21739e-06
0.00245	1.29036			245.0	5.22745e-06
0.0025	1.36433			250.0	3.39079e-06
0.00255	1.47657			255.0	1.11765e-06
0.0026	1.53013			260.0	6.6819e-06
0.00265	1.4332			265.0	3.57977e-06
0.0027	1.33372			270.0	4.96306e-07
0.00275	1.35413			275.0	1.81562e-06
0.0028	1.36943			280.0	2.08692e-07
0.00285	1.36433			285.0	2.79974e-06
0.0029	1.34393			290.0	7.08179e-07
0.00295	1.36178			295.0	3.66141e-07
0.003	1.423			300.0	5.43784e-07
0.00305	1.38219			305.0	2.43759e-06
0.0031	1.29801			310.0	7.34286e-07
0.00315	1.2623			315.0	2.79972e-07
0.0032	1.2725			320.0	6.25509e-06
0.00325	1.33882			325.0	5.03363e-06
0.0033	1.47402			330.0	6.74753e-07
0.00335	1.47657			335.0	1.0217e-08
0.0034	1.35668			340.0	4.25173e-06
0.00345	1.31332			345.0	8.3719e-06
0.0035	1.34903			350.0	3.91463e-06
0.00355	1.36688			355.0	4.48044e-07
0.0036	1.39749			360.0	1.6189e-05
0.00365	1.44596			365.0	3.26495e-05
0.0037	1.44596			370.0	4.69733e-06
0.00375	1.44341			375.0	2.52353e-06
0.0038	1.41535			380.0	3.31007e-06
0.00385	1.34393			385.0	7.03487e-07
0.0039	1.2572			390.0	6.72639e-06
0.00395	1.35923			395.0	2.65162e-05
0.004	1.44596			400.0	5.38196e-06
0.00405	1.54799			405.0	4.3034e-06
0.0041	1.49442			410.0	1.08469e-05
0.00415	1.45616			415.0	1.04179e-05
0.0042	1.34393			420.0	6.61137e-06
0.00425	1.31076			425.0	6.99707e-07
0.0043	1.40004			430.0	2.33516e-07
0.00435	1.40514			435.0	7.17857e-06
0.0044	1.45616			440.0	9.70341e-05
0.00445	1.48422			445.0	0.000108475
0.0045	1.41535			450.0	1.06844e-05
0.00455	1.42045			455.0	2.3764e-06
0.0046	1.37198			460.0	6.10686e-05
0.00465	1.35413			465.0	4.4926e-05
0.0047	1.35923			470.0	6.81374e-07
0.00475	1.44086			475.0	8.30971e-06
0.0048	1.4077			480.0	9.76104e-06
0.00485	1.44341			485.0	4.49251e-06
0.0049	1.41535			490.0	1.73908e-06
0.00495	1.39749			495.0	5.73535e-06
0.005	1.4077			500.0	2.21037e-06
0.00505	1.33882			505.0	2.81864e-06
0.0051	1.35413			510.0	2.32601e-06
0.00515	1.43065			515.0	1.24657e-06
0.0052	1.42045			520.0	1.13033e-06
0.00525	1.44086			525.0	9.01441e-07
0.0053	1.40004			530.0	5.0004e-06
0.00535	1.30311			535.0	2.94734e-06
0.0054	1.27505			540.0	2.07366e-06
0.00545	1.33372			545.0	7.8752e-06
0.0055	1.41535			550.0	6.58836e-06
0.00555	1.48167			555.0	2.32367e-07
0.0056	1.46126			560.0	1.29354e-05
0.00565	1.37453			565.0	2.48069e-06
0.0057	1.32607			570.0	2.59841e-06
0.00575	1.33117			575.0	1.82505e-05
0.0058	1.34648			580.0	1.62172e-05
0.00585	1.38729			585.0	1.9874e-05
0.0059	1.36178			590.0	1.61014e-05
0.00595	1.36433			595.0	5.64139e-07
0.006	1.4077			600.0	3.37337e-06
0.00605	1.49187			605.0	3.69571e-05
0.0061	1.40514			610.0	2.39048e-05
0.00615	1.34393			615.0	1.08203e-05
0.0062	1.36433			620.0	1.62186e-05
0.00625	1.43065			625.0	3.10486e-05
0.0063	1.44596			630.0	1.41171e-05
0.00635	1.38729			635.0	4.21879e-07
0.0064	1.37964			640.0	7.23851e-07
0.00645	1.423			645.0	1.53434e-06
0.0065	1.39494			650.0	3.63109e-06
0.00655	1.36178			655.0	6.37005e-06
0.0066	1.36178			660.0	1.35912e-05
0.00665	1.36178			665.0	4.3991e-05
0.0067	1.4281			670.0	1.81213e-05
0.00675	1.46891			675.0	3.72756e-06
0.0068	1.33882			680.0	1.1157e-05
0.00685	1.21128			685.0	1.50128e-05
0.0069	1.30566			690.0	5.97573e-06
0.00695	1.34137			695.0	9.40372e-07
0.007	1.37709			700.0	7.91266e-06
0.00705	1.34648			705.0	4.99392e-06
0.0071	1.2623			710.0	1.59558e-06
0.00715	1.31076			715.0	2.21787e-05
0.0072	1.38984			720.0	5.34904e-05
0.00725	1.38984			725.0	8.20987e-05
0.0073	1.31842			730.0	4.6091e-05
0.00735	1.22659			735.0	5.57883e-06
0.0074	1.24699			740.0	1.53038e-07
0.00745	1.28271			745.0	3.87012e-06
0.0075	1.33372			750.0	1.96341e-07
0.00755	1.40259			755.0	2.64884e-07
0.0076	1.38984			760.0	2.77377e-06
0.00765	1.36943			765.0	4.76034e-06
0.0077	1.4383			770.0	3.09365e-06
0.00775	1.35413			775.0	1.34088e-06
0.0078	1.31076			780.0	2.54354e-06
0.00785	1.23679			785.0	7.93216e-07
0.0079	1.35158			790.0	6.98609e-07
0.00795	1.48422			795.0	2.16365e-06
0.008	1.5786			800.0	1.31243e-06
0.00805	1.56584			805.0	3.83231e-07
0.0081	1.44596			810.0	5.83579e-07
0.00815	1.35923			815.0	2.58842e-07
0.0082	1.38984			820.0	1.58693e-08
0.00825	1.42555			825.0	2.098e-08
0.0083	1.38729			830.0	2.29654e-07
0.00835	1.41025			835.0	1.41234e-06
0.0084	1.50973			840.0	1.6516e-06
0.00845	1.50718			845.0	3.12822e-06
0.0085	1.50207			850.0	2.8639e-06
0.00855	1.37453			855.0	1.35053e-07
0.0086	1.27505			860.0	8.76184e-07
0.00865	1.25975			865.0	2.89099e-07
0.0087	1.40004			870.0	4.89034e-07
0.00875	1.45616			875.0	4.44734e-07
0.0088	1.45616			880.0	2.12091e-07
0.00885	1.44851			885.0	5.42861e-07
0.0089	1.36433			890.0	8.38516e-07
0.00895	1.21383			895.0	3.18617e-07
0.009	1.24189			900.0	8.01838e-08
0.00905	1.31842			905.0	1.47831e-07
0.0091	1.38984			910.0	3.83529e-07
0.00915	1.48932			915.0	2.04445e-07
0.0092	1.54289			920.0	7.80048e-07
0.00925	1.47657			925.0	3.13399e-07
0.0093	1.34903			930.0	2.30261e-09
0.00935	1.27505			935.0	2.25175e-07
0.0094	1.29801			940.0	6.82164e-07
0.00945	1.34903			945.0	3.03421e-07
0.0095	1.49952			950.0	4.07318e-07
0.00955	1.5684			955.0	1.15541e-06
0.0096	1.53013			960.0	7.47971e-07
0.00965	1.44086			965.0	2.32339e-07
0.0097	1.31076			970.0	1.0074e-06
0.00975	1.33882			975.0	1.44758e-07
0.0098	1.36688			980.0	6.17389e-07
0.00985	1.42555			985.0	8.82895e-07
0.0099	1.53013			990.0	1.02136e-07
0.00995	1.55564			995.0	2.82213e-07
0.01	1.4332			1000.0	6.81578e-08
0.01005	1.32607			1005.0	1.8738e-07
0.0101	1.2572			1010.0	3.65632e-07
0.01015	1.22149			1015.0	3.98183e-08
0.0102	1.29291			1020.0	5.82804e-08
0.01025	1.46891			1025.0	2.21066e-07
0.0103	1.48422			1030.0	8.16533e-07
0.01035	1.41535			1035.0	7.26963e-07
0.0104	1.32352			1040.0	2.55357e-07
0.01045	1.22404			1045.0	1.42183e-08
0.0105	1.20618			1050.0	4.43389e-07
0.01055	1.28526			1055.0	3.60956e-07
0.0106	1.36688			1060.0	1.33936e-07
0.01065	1.45616			1065.0	6.0563e-10
0.0107	1.46636			1070.0	2.3928e-07
0.01075	1.38984			1075.0	7.79488e-08
0.0108	1.30566			1080.0	2.68947e-07
0.01085	1.30311			1085.0	6.78714e-08
0.0109	1.35158			1090.0	5.39052e-07
0.01095	1.46636			1095.0	1.08834e-07
0.011	1.53779			1100.0	1.59671e-07
0.01105	1.51738			1105.0	8.96594e-07
0.0111	1.56584			1110.0	3.80328e-07
0.01115	1.51738			1115.0	7.30975e-08
0.0112	1.39494			1120.0	1.36843e-07
0.01125	1.33372			1125.0	3.84298e-08
0.0113	1.35413			1130.0	2.32691e-07
0.01135	1.48167			1135.0	5.48936e-07
0.0114	1.63982			1140.0	9.75636e-07
0.01145	1.60921			1145.0	3.45285e-07
0.0115	1.46891			1150.0	9.31086e-08
0.01155	1.32352			1155.0	1.55466e-07
0.0116	1.33117			1160.0	4.30181e-07
0.01165	1.37453			1165.0	5.49137e-07
0.0117	1.40514			1170.0	1.82287e-06
0.01175	1.47146			1175.0	8.37253e-07
0.0118	1.47657			1180.0	2.76059e-07
0.01185	1.45106			1185.0	5.03542e-07
0.0119	1.38729			1190.0	1.08923e-06
0.01195	1.26485			1195.0	9.80119e-07
0.012	1.2623			1200.0	1.33573e-06
0.01205	1.32352			1205.0	4.19736e-07
0.0121	1.40514			1210.0	7.25322e-07
0.01215	1.52503			1215.0	2.86227e-07
0.0122	1.50718			1220.0	1.96663e-07
0.01225	1.36178			1225.0	1.85432e-07
0.0123	1.21894			1230.0	1.20043e-06
0.01235	1.20108			1235.0	3.81121e-06
0.0124	1.37709			1240.0	6.99435e-06
0.01245	1.50463			1245.0	4.26063e-06
0.0125	1.50207			1250.0	1.66626e-06
0.01255	1.47912			1255.0	4.7599e-06
0.0126	1.4179			1260.0	7.19502e-07
0.01265	1.36943			1265.0	3.91078e-06
0.0127	1.2623			1270.0	3.40159e-06
0.01275	1.20108			1275.0	9.42325e-07
0.0128	1.28271			1280.0	1.33686e-06
0.01285	1.41535			1285.0	1.14122e-06
0.0129	1.52758			1290.0	1.62781e-06
0.01295	1.50207			1295.0	1.57368e-06
0.013	1.31842			1300.0	4.10004e-07
0.01305	1.18833			1305.0	1.06629e-06
0.0131	1.18067			1310.0	5.311e-07
0.01315	1.30566			1315.0	4.21229e-06
0.0132	1.42555			1320.0	2.33081e-06
0.01325	1.44596			1325.0	6.53289e-06
0.0133	1.47146			1330.0	6.71153e-06
0.01335	1.38474			1335.0	2.84092e-06
0.0134	1.23169			1340.0	5.40692e-06
0.01345	1.22404			1345.0	4.23228e-06
0.0135	1.2521			1350.0	2.15904e-05
0.01355	1.39494			1355.0	1.47613e-05
0.0136	1.53523			1360.0	9.52038e-07
0.01365	1.56074			1365.0	9.59243e-07
0.0137	1.48422			1370.0	4.55956e-07
0.01375	1.36688			1375.0	3.77827e-07
0.0138	1.2725			1380.0	1.23925e-07
0.01385	1.31076			1385.0	6.72122e-07
0.0139	1.42555			1390.0	1.60419e-07
0.01395	1.54799			1395.0	1.92996e-07
0.014	1.60411			1400.0	1.23055e-07
0.01405	1.58625			1405.0	1.30227e-06
0.0141	1.38474			1410.0	2.24437e-06
0.01415	1.30311			1415.0	2.30335e-06
0.0142	1.24189			1420.0	2.35383e-06
0.01425	1.2725			1425.0	3.88356e-07
0.0143	1.41535			1430.0	1.38653e-07
0.01435	1.55054			1435.0	7.89735e-07
0.0144	1.54289			1440.0	8.26543e-07
0.01445	1.39239			1445.0	6.66071e-10
0.0145	1.23169			1450.0	1.39274e-06
0.01455	1.10925			1455.0	1.9102e-06
0.0146	1.22659			1460.0	1.29658e-06
0.01465	1.35668			1465.0	1.05414e-06
0.0147	1.4179			1470.0	1.3686e-06
0.01475	1.47402			1475.0	6.59942e-07
0.0148	1.44596			1480.0	6.19064e-07
0.01485	1.34137			1485.0	3.20621e-07
0.0149	1.21128			1490.0	4.82906e-08
0.01495	1.15772			1495.0	4.56713e-07
0.015	1.19343			1500.0	6.55723e-07
0.01505	1.32607			1505.0	1.2009e-06
0.0151	1.45361			1510.0	8.91876e-07
0.01515	1.51738			1515.0	5.62737e-07
0.0152	1.46636			1520.0	6.94934e-07
0.01525	1.33627			1525.0	1.04553e-07
0.0153	1.23679			1530.0	5.05765e-08
0.01535	1.28271			1535.0	4.56531e-07
0.0154	1.38474			1540.0	2.13449e-07
0.01545	1.49442			1545.0	1.29484e-07
0.0155	1.54289			1550.0	2.97582e-07
0.01555	1.56584			1555.0	6.29759e-07
0.0156	1.51228			1560.0	7.07102e-07
0.01565	1.29546			1565.0	9.8117e-08
0.0157	1.13731			1570.0	1.24086e-07
0.01575	1.17557			1575.0	4.43341e-07
0.0158	1.33372			1580.0	2.04254e-06
0.01585	1.53523			1585.0	1.00588e-06
0.0159	1.5735			1590.0	4.62846e-07
0.01595	1.423			1595.0	1.21245e-06
0.016	1.23424			1600.0	4.76902e-07
0.01605	1.20873			1605.0	2.64486e-07
0.0161	1.28271			1610.0	7.59107e-07
0.01615	1.38219			1615.0	1.66587e-07
0.0162	1.53013			1620.0	2.5577e-07
0.01625	1.5786			1625.0	2.67488e-07
0.0163	1.51228			1630.0	2.9368e-07
0.01635	1.4281			1635.0	3.49254e-07
0.0164	1.33372			1640.0	4.7342e-07
0.01645	1.28016			1645.0	1.97864e-08
0.0165	1.28271			1650.0	2.5704e-07
0.01655	1.32352			1655.0	2.33816e-07
0.0166	1.42555			1660.0	3.48243e-08
0.01665	1.55564			1665.0	1.71557e-07
0.0167	1.5684			1670.0	1.44125e-07
0.01675	1.39239			1675.0	4.06672e-07
0.0168	1.2521			1680.0	9.5764e-07
0.01685	1.26995			1685.0	8.49185e-07
0.0169	1.4383			1690.0	4.84762e-07
0.01695	1.51228			1695.0	2.2027e-07
0.017	1.46636			1700.0	7.68713e-07
0.01705	1.4383			1705.0	2.76082e-07
0.0171	1.46126			1710.0	2.1695e-07
0.01715	1.35668			1715.0	3.10196e-08
0.0172	1.13731			1720.0	3.05701e-09
0.01725	1.12456			1725.0	2.55195e-07
0.0173	1.22914			1730.0	5.56744e-07
0.01735	1.49187			1735.0	1.28231e-06
0.0174	1.54799			1740.0	4.86781e-08
0.01745	1.41535			1745.0	1.16238e-07
0.0175	1.2521			1750.0	8.19677e-07
0.01755	1.18833			1755.0	8.81255e-07
0.0176	1.29036			1760.0	1.34834e-06
0.01765	1.37453			1765.0	1.54094e-06
0.0177	1.43575			1770.0	2.19328e-08
0.01775	1.47146			1775.0	1.89965e-07
0.0178	1.44341			1780.0	2.50729e-07
0.01785	1.36433			1785.0	1.7549e-06
0.0179	1.32352			1790.0	1.8352e-06
0.01795	1.2725			1795.0	3.15003e-07
0.018	1.29036			1800.0	3.38524e-08
0.01805	1.31332			1805.0	9.63694e-08
0.0181	1.40514			1810.0	2.44955e-07
0.01815	1.5939			1815.0	4.23646e-08
0.0182	1.61431			1820.0	8.52664e-08
0.01825	1.46126			1825.0	1.1901e-06
0.0183	1.29036			1830.0	7.14017e-06
0.01835	1.32352			1835.0	5.00786e-06
0.0184	1.48677			1840.0	1.525e-06
0.01845	1.53013			1845.0	5.92755e-06
0.0185	1.51738			1850.0	4.44621e-06
0.01855	1.51738			1855.0	3.69706e-07
0.0186	1.52503			1860.0	1.13179e-06
0.01865	1.4128			1865.0	1.66444e-06
0.0187	1.23424			1870.0	3.03785e-06
0.01875	1.2521			1875.0	1.60897e-06
0.0188	1.41535			1880.0	4.489e-07
0.01885	1.57605			1885.0	5.33357e-08
0.0189	1.54289			1890.0	2.21783e-07
0.01895	1.39494			1895.0	8.03602e-07
0.019	1.2725			1900.0	1.06935e-06
0.01905	1.24189			1905.0	1.39347e-06
0.0191	1.35923			1910.0	1.00805e-06
0.01915	1.4332			1915.0	1.02213e-06
0.0192	1.4332			1920.0	9.57163e-07
0.01925	1.46636			1925.0	3.16922e-07
0.0193	1.43065			1930.0	5.32261e-07
0.01935	1.28271			1935.0	4.26986e-07
0.0194	1.23424			1940.0	1.26771e-07
0.01945	1.23679			1945.0	2.23243e-06
0.0195	1.31842			1950.0	1.67997e-06
0.01955	1.35413			1955.0	8.70941e-07
0.0196	1.39749			1960.0	3.43109e-06
0.01965	1.44086			1965.0	8.84967e-06
0.0197	1.39749			1970.0	8.57525e-06
0.01975	1.34393			1975.0	2.60619e-06
0.0198	1.22149			1980.0	9.73496e-07
0.01985	1.29291			1985.0	2.83425e-06
0.0199	1.44596			1990.0	3.0787e-06
0.01995	1.54289			1995.0	1.90715e-06
0.02	1.48167			2000.0	2.9877e-07
0.02005	1.423			2005.0	6.47362e-08
0.0201	1.43575			2010.0	2.86563e-06
0.02015	1.32352			2015.0	5.99217e-06
0.0202	1.24444			2020.0	4.48077e-06
0.02025	1.2572			2025.0	5.74808e-06
0.0203	1.39494			2030.0	4.78668e-06
0.02035	1.56329			2035.0	4.42502e-07
0.0204	1.50207			2040.0	1.52083e-06
0.02045	1.33627			2045.0	4.54078e-07
0.0205	1.20618			2050.0	9.48529e-07
0.02055	1.22149			2055.0	3.3205e-06
0.0206	1.33882			2060.0	1.67521e-06
0.02065	1.4128			2065.0	9.1866e-07
0.0207	1.40004			2070.0	2.83668e-06
0.02075	1.47657			2075.0	1.97273e-06
0.0208	1.46891			2080.0	5.6374e-07
0.02085	1.35923			2085.0	2.82666e-07
0.0209	1.2521			2090.0	8.16492e-07
0.02095	1.21894			2095.0	1.22371e-06
0.021	1.35413			2100.0	1.80947e-07
0.02105	1.423			2105.0	2.2435e-07
0.0211	1.48677			2110.0	7.3231e-07
0.02115	1.47657			2115.0	2.81636e-07
0.0212	1.43575			2120.0	2.30871e-07
0.02125	1.37964			2125.0	2.5438e-07
0.0213	1.31332			2130.0	2.3704e-06
0.02135	1.31842			2135.0	1.8902e-06
0.0214	1.4383			2140.0	1.17467e-07
0.02145	1.60411			2145.0	7.36044e-07
0.0215	1.60921			2150.0	5.54339e-08
0.02155	1.46891			2155.0	1.57543e-07
0.0216	1.33372			2160.0	8.88752e-07
0.02165	1.34137			2165.0	1.97694e-06
0.0217	1.32607			2170.0	8.55739e-07
0.02175	1.32352			2175.0	1.6206e-08
0.0218	1.44596			2180.0	4.13771e-08
0.02185	1.48422			2185.0	3.06125e-07
0.0219	1.43575			2190.0	6.89822e-07
0.02195	1.33117			2195.0	1.66078e-06
0.022	1.2572			2200.0	1.78219e-06
0.02205	1.24444			2205.0	1.10308e-06
0.0221	1.24444			2210.0	5.36978e-07
0.02215	1.32862			2215.0	7.28557e-07
0.0222	1.4332			2220.0	5.42351e-08
0.02225	1.47402			2225.0	1.46931e-07
0.0223	1.37964			2230.0	1.28751e-06
0.02235	1.29036			2235.0	5.02896e-07
0.0224	1.24444			2240.0	1.19988e-06
0.02245	1.22149			2245.0	3.80653e-06
0.0225	1.30566			2250.0	8.40148e-06
0.02255	1.4383			2255.0	7.90015e-06
0.0226	1.45361			2260.0	5.20209e-06
0.02265	1.38474			2265.0	7.88117e-06
0.0227	1.30311			2270.0	1.28559e-05
0.02275	1.31332			2275.0	2.12045e-05
0.0228	1.32607			2280.0	1.1754e-05
0.02285	1.32607			2285.0	8.34443e-07
0.0229	1.45106			2290.0	1.27113e-06
0.02295	1.51738			2295.0	5.73168e-07
0.023	1.60666			2300.0	3.76828e-06
0.02305	1.51738			2305.0	3.47884e-06
0.0231	1.38474			2310.0	2.3994e-07
0.02315	1.32352			2315.0	2.07157e-06
0.0232	1.35923			2320.0	1.19029e-06
0.02325	1.44086			2325.0	6.25468e-07
0.0233	1.51228			2330.0	4.70712e-07
0.02335	1.55819			2335.0	3.41342e-07
0.0234	1.55819			2340.0	1.64213e-06
0.02345	1.41535			2345.0	2.27313e-06
0.0235	1.27505			2350.0	6.22766e-07
0.02355	1.30566			2355.0	2.47433e-06
0.0236	1.37709			2360.0	6.56706e-07
0.02365	1.43065			2365.0	7.32324e-07
0.0237	1.46381			2370.0	1.07931e-06
0.02375	1.48932			2375.0	5.56218e-06
0.0238	1.40259			2380.0	6.86536e-06
0.02385	1.31332			2385.0	3.00783e-06
0.0239	1.31332			2390.0	1.70073e-06
0.02395	1.29546			2395.0	5.08339e-06
0.024	1.34137			2400.0	4.76001e-06
0.02405	1.43065			2405.0	4.74998e-06
0.0241	1.48677			2410.0	1.97974e-06
0.02415	1.48932			2415.0	7.20739e-07
0.0242	1.38474			2420.0	1.30842e-07
0.02425	1.33627			2425.0	2.1621e-06
0.0243	1.32352			2430.0	3.47365e-06
0.02435	1.36433			2435.0	1.47867e-06
0.0244	1.38984			2440.0	9.09729e-07
0.02445	1.45361			2445.0	7.20332e-06
0.0245	1.50718			2450.0	1.51654e-05
0.02455	1.52503			2455.0	1.44559e-05
0.0246	1.42555			2460.0	1.02875e-05
0.02465	1.31587			2465.0	5.53035e-06
0.0247	1.33372			2470.0	9.41298e-06
0.02475	1.35158			2475.0	2.01204e-06
0.0248	1.45361			2480.0	1.3173e-05
0.02485	1.52503			2485.0	4.90558e-06
0.0249	1.53268			2490.0	6.79042e-07
0.02495	1.48167			2495.0	2.7617e-06
0.025	1.36688			2500.0	2.73809e-05
0.02505	1.29291			2505.0	3.23945e-05
0.0251	1.28526			2510.0	1.73233e-05
0.02515	1.36943			2515.0	1.23667e-05
0.0252	1.45616			2520.0	2.22314e-05
0.02525	1.48677			2525.0	1.71649e-05
0.0253	1.46636			2530.0	1.36764e-05
0.02535	1.35158			2535.0	7.95364e-06
0.0254	1.2776			2540.0	2.48987e-05
0.02545	1.27505			2545.0	1.10846e-05
0.0255	1.31842			2550.0	8.59974e-07
0.02555	1.41025			2555.0	1.83961e-06
0.0256	1.47402			2560.0	9.96152e-06
0.02565	1.44341			2565.0	1.20088e-05
0.0257	1.36943			2570.0	1.4821e-05
0.02575	1.32862			2575.0	3.60567e-05
0.0258	1.29546			2580.0	0.000105636
0.02585	1.24444			2585.0	7.26838e-05
0.0259	1.28271			2590.0	1.67525e-05
0.02595	1.32607			2595.0	6.43548e-06
0.026	1.42045			2600.0	2.74617e-05
0.02605	1.47146			2605.0	2.84952e-05
0.0261	1.44086			2610.0	4.4974e-05
0.02615	1.34648			2615.0	3.05316e-05
0.0262	1.2521			2620.0	1.58558e-05
0.02625	1.2776			2625.0	2.32083e-05
0.0263	1.35413			2630.0	3.11498e-05
0.02635	1.43575			2635.0	0.00020117
0.0264	1.49442			2640.0	0.000217293
0.02645	1.49952			2645.0	5.31111e-05
0.0265	1.38474			2650.0	0.00020537
0.02655	1.30311			2655.0	0.000321481
0.0266	1.29291			2660.0	8.63029e-05
0.02665	1.4128			2665.0	0.00046914
0.0267	1.36433			2670.0	0.000398692
0.02675	1.423			2675.0	7.35572e-05
0.0268	1.47657			2680.0	0.000107271
0.02685	1.4383			2685.0	0.000309453
0.0269	1.37709			2690.0	0.000136316
0.02695	1.32097			2695.0	0.000100049
0.027	1.31332			2700.0	0.000470925
0.02705	1.35413			2705.0	0.00041822
0.0271	1.37964			2710.0	1.15032e-05
0.02715	1.43575			2715.0	9.85444e-05
0.0272	1.44851			2720.0	5.26572e-05
0.02725	1.36688			2725.0	3.54372e-05
0.0273	1.34393			2730.0	1.85374e-05
0.02735	1.34137			2735.0	2.52821e-05
0.0274	1.35923			2740.0	4.51957e-05
0.02745	1.36943			2745.0	3.5301e-05
0.0275	1.46381			2750.0	6.92128e-06
0.02755	1.49442			2755.0	3.03162e-06
0.0276	1.42555			2760.0	3.60638e-06
0.02765	1.35923			2765.0	4.10565e-07
0.0277	1.29801			2770.0	6.37882e-07
0.02775	1.31842			2775.0	2.05487e-07
0.0278	1.4179			2780.0	9.01792e-07
0.02785	1.423			2785.0	2.48414e-06
0.0279	1.4179			2790.0	1.08764e-06
0.02795	1.4281			2795.0	2.48753e-06
0.028	1.44596			2800.0	8.99949e-07
0.02805	1.44086			2805.0	1.14149e-06
0.0281	1.35413			2810.0	4.17278e-06
0.02815	1.30311			2815.0	4.92141e-06
0.0282	1.37198			2820.0	2.53871e-06
0.02825	1.40004			2825.0	6.77491e-07
0.0283	1.45106			2830.0	1.63639e-07
0.02835	1.40514			2835.0	1.0487e-06
0.0284	1.35158			2840.0	8.67049e-07
0.02845	1.31842			2845.0	3.38311e-07
0.0285	1.31076			2850.0	1.42414e-07
0.02855	1.31332			2855.0	1.25893e-06
0.0286	1.36433			2860.0	1.7078e-06
0.02865	1.44341			2865.0	1.06989e-06
0.0287	1.4128			2870.0	1.40838e-06
0.02875	1.38984			2875.0	2.12986e-06
0.0288	1.35158			2880.0	1.90925e-06
0.02885	1.31842			2885.0	7.38763e-07
0.0289	1.28526			2890.0	6.45533e-07
0.02895	1.33372			2895.0	1.42071e-08
0.029	1.39494			2900.0	1.62646e-07
0.02905	1.46126			2905.0	1.17018e-07
0.0291	1.42045			2910.0	1.64108e-07
0.02915	1.35923			2915.0	1.30837e-07
0.0292	1.29546			2920.0	3.73084e-07
0.02925	1.30056			2925.0	4.81856e-07
0.0293	1.35413			2930.0	5.49872e-07
0.02935	1.4077			2935.0	6.51421e-07
0.0294	1.423			2940.0	3.19618e-06
0.02945	1.44851			2945.0	3.40985e-06
0.0295	1.44086			2950.0	1.57593e-06
0.02955	1.4179			2955.0	1.01786e-06
0.0296	1.35923			2960.0	2.07856e-07
0.02965	1.31842			2965.0	2.55213e-06
0.0297	1.36943			2970.0	1.62784e-06
0.02975	1.40514			2975.0	4.08594e-07
0.0298	1.50718			2980.0	6.68187e-07
0.02985	1.52758			2985.0	1.00184e-06
0.0299	1.39749			2990.0	8.72306e-07
0.02995	1.33372			2995.0	1.17891e-06
0.03	1.2725			3000.0	1.44197e-06
0.03005	1.31587			3005.0	2.89578e-07
0.0301	1.37453			3010.0	6.42722e-07
0.03015	1.40259			3015.0	4.50356e-07
0.0302	1.44851			3020.0	3.85268e-07
0.03025	1.45106			3025.0	5.9131e-07
0.0303	1.33627			3030.0	9.08342e-07
0.03035	1.33627			3035.0	7.07902e-08
0.0304	1.30566			3040.0	4.63713e-09
0.03045	1.33882			3045.0	1.95461e-07
0.0305	1.41025			3050.0	1.20631e-07
0.03055	1.46636			3055.0	1.03872e-07
0.0306	1.49952			3060.0	1.40515e-06
0.03065	1.423			3065.0	2.01766e-06
0.0307	1.37198			3070.0	1.08571e-06
0.03075	1.29546			3075.0	1.22394e-08
0.0308	1.28526			3080.0	1.16068e-06
0.03085	1.35413			3085.0	2.67337e-07
0.0309	1.39749			3090.0	1.71212e-07
0.03095	1.45361			3095.0	4.32501e-07
0.031	1.43575			3100.0	3.98168e-07
0.03105	1.35413			3105.0	5.0322e-07
0.0311	1.33882			3110.0	3.15085e-07
0.03115	1.26995			3115.0	1.03227e-06
0.0312	1.30311			3120.0	3.25992e-06
0.03125	1.35158			3125.0	4.34908e-06
0.0313	1.38219			3130.0	1.02984e-06
0.03135	1.38729			3135.0	7.31946e-08
0.0314	1.37453			3140.0	1.3279e-07
0.03145	1.34903			3145.0	3.53328e-07
0.0315	1.34903			3150.0	6.19244e-08
0.03155	1.31842			3155.0	2.52373e-07
0.0316	1.39749			3160.0	6.55593e-07
0.03165	1.41535			3165.0	1.79329e-06
0.0317	1.42555			3170.0	1.24203e-06
0.03175	1.46891			3175.0	1.52873e-07
0.0318	1.39239			3180.0	8.52299e-07
0.03185	1.33117			3185.0	1.1693e-06
0.0319	1.32352			3190.0	2.01591e-07
0.03195	1.37198			3195.0	3.64217e-07
0.032	1.43065			3200.0	1.13495e-06
0.03205	1.50463			3205.0	1.60123e-06
0.0321	1.55054			3210.0	1.0882e-06
0.03215	1.48422			3215.0	7.42419e-07
0.0322	1.46381			3220.0	3.69885e-07
0.03225	1.37964			3225.0	1.98663e-06
0.0323	1.34903			3230.0	9.9794e-07
0.03235	1.4383			3235.0	1.43733e-06
0.0324	1.49442			3240.0	1.16619e-06
0.03245	1.52248			3245.0	1.6308e-06
0.0325	1.48167			3250.0	8.7694e-07
0.03255	1.38474			3255.0	7.97485e-07
0.0326	1.34393			3260.0	1.13141e-06
0.03265	1.34137			3265.0	1.5106e-07
0.0327	1.33627			3270.0	1.9237e-06
0.03275	1.35668			3275.0	2.12759e-06
0.0328	1.34648			3280.0	1.17775e-07
0.03285	1.33117			3285.0	1.10047e-06
0.0329	1.36178			3290.0	2.41777e-06
0.03295	1.31587			3295.0	3.67513e-06
0.033	1.24955			3300.0	3.71224e-06
0.03305	1.2725			3305.0	1.33288e-06
0.0331	1.28271			3310.0	7.09364e-07
0.03315	1.28271			3315.0	3.55184e-06
0.0332	1.36688			3320.0	1.80196e-06
0.03325	1.35668			3325.0	4.97644e-07
0.0333	1.33372			3330.0	4.47357e-06
0.03335	1.32352			3335.0	4.89785e-06
0.0334	1.31332			3340.0	1.72464e-06
0.03345	1.31332			3345.0	1.73334e-06
0.0335	1.37198			3350.0	3.9591e-06
0.03355	1.44851			3355.0	7.30041e-07
0.0336	1.50718			3360.0	4.81955e-06
0.03365	1.46891			3365.0	1.57307e-05
0.0337	1.48167			3370.0	9.76628e-06
0.03375	1.43575			3375.0	5.97053e-07
0.0338	1.4179			3380.0	7.72723e-06
0.03385	1.44086			3385.0	9.64962e-06
0.0339	1.47657			3390.0	4.21887e-06
0.03395	1.55309			3395.0	2.35944e-07
0.034	1.5684			3400.0	5.54605e-07
0.03405	1.53523			3405.0	2.17843e-06
0.0341	1.43575			3410.0	3.12183e-06
0.03415	1.40004			3415.0	1.05962e-06
0.0342	1.42045			3420.0	2.15463e-06
0.03425	1.44341			3425.0	2.90255e-06
0.0343	1.46126			3430.0	1.10857e-06
0.03435	1.4179			3435.0	5.96124e-06
0.0344	1.4077			3440.0	1.66988e-06
0.03445	1.44596			3445.0	3.43221e-08
0.0345	1.39749			3450.0	1.10789e-06
0.03455	1.34393			3455.0	2.21939e-06
0.0346	1.31076			3460.0	7.92361e-07
0.03465	1.40514			3465.0	1.12898e-06
0.0347	1.45106			3470.0	3.40815e-06
0.03475	1.4179			3475.0	1.03923e-06
0.0348	1.4383			3480.0	1.50592e-06
0.03485	1.31076			3485.0	1.7543e-06
0.0349	1.24955			3490.0	6.35397e-07
0.03495	1.28526			3495.0	1.70771e-07
0.035	1.29801			3500.0	2.75347e-06
0.03505	1.36433			3505.0	2.64379e-06
0.0351	1.37453			3510.0	3.73802e-07
0.03515	1.42555			3515.0	1.64976e-06
0.0352	1.38984			3520.0	6.57271e-06
0.03525	1.35413			3525.0	1.63246e-06
0.0353	1.36688			3530.0	2.57618e-06
0.03535	1.37709			3535.0	5.92943e-06
0.0354	1.34137			3540.0	2.85431e-06
0.03545	1.36943			3545.0	2.16369e-06
0.0355	1.39749			3550.0	1.71263e-06
0.03555	1.4332			3555.0	5.84786e-07
0.0356	1.45106			3560.0	3.92585e-07
0.03565	1.38474			3565.0	1.80439e-06
0.0357	1.31842			3570.0	9.44905e-07
0.03575	1.28271			3575.0	5.05337e-08
0.0358	1.35923			3580.0	5.04438e-07
0.03585	1.38729			3585.0	6.60026e-08
0.0359	1.40004			3590.0	1.32654e-06
0.03595	1.42555			3595.0	3.43563e-08
0.036	1.38474			3600.0	3.07929e-07
0.03605	1.33117			3605.0	9.50514e-08
0.0361	1.31076			3610.0	1.93912e-07
0.03615	1.36433			3615.0	4.7997e-07
0.0362	1.46126			3620.0	1.86492e-07
0.03625	1.51228			3625.0	4.25869e-07
0.0363	1.49442			3630.0	6.3462e-07
0.03635	1.47402			3635.0	1.26139e-06
0.0364	1.44596			3640.0	3.69257e-07
0.03645	1.4281			3645.0	1.4916e-06
0.0365	1.39494			3650.0	3.00983e-06
0.03655	1.44086			3655.0	1.86232e-07
0.0366	1.48422			3660.0	8.34716e-07
0.03665	1.50718			3665.0	1.96615e-06
0.0367	1.48422			3670.0	5.20535e-07
0.03675	1.43575			3675.0	4.45756e-07
0.0368	1.46636			3680.0	5.25022e-07
0.03685	1.44341			3685.0	2.12267e-07
0.0369	1.4383			3690.0	2.78674e-07
0.03695	1.43575			3695.0	9.22349e-07
0.037	1.41535			3700.0	7.66041e-07
0.03705	1.423			3705.0	1.14872e-06
0.0371	1.4281			3710.0	1.28338e-06
0.03715	1.38219			3715.0	3.01172e-08
0.0372	1.34137			3720.0	9.0089e-07
0.03725	1.31076			3725.0	9.20507e-07
0.0373	1.29801			3730.0	3.5968e-08
0.03735	1.31332			3735.0	8.62549e-07
0.0374	1.30566			3740.0	1.62275e-06
0.03745	1.31587			3745.0	2.88828e-06
0.0375	1.30566			3750.0	1.69851e-06
0.03755	1.26995			3755.0	4.21184e-07
0.0376	1.26995			3760.0	2.62785e-06
0.03765	1.28016			3765.0	3.05409e-06
0.0377	1.32352			3770.0	1.42954e-06
0.03775	1.31587			3775.0	1.71313e-06
0.0378	1.31332			3780.0	2.19525e-06
0.03785	1.35668			3785.0	3.9136e-07
0.0379	1.35923			3790.0	2.05104e-07
0.03795	1.36178			3795.0	1.66726e-07
0.038	1.32352			3800.0	5.44938e-07
0.03805	1.29291			3805.0	1.10929e-06
0.0381	1.31842			3810.0	7.50097e-07
0.03815	1.30311			3815.0	1.2992e-06
0.0382	1.30566			3820.0	1.63974e-06
0.03825	1.34393			3825.0	9.52301e-07
0.0383	1.35668			3830.0	1.25346e-06
0.03835	1.40259			3835.0	1.52789e-06
0.0384	1.34137			3840.0	3.07784e-06
0.03845	1.34648			3845.0	3.63927e-06
0.0385	1.41535			3850.0	7.47522e-07
0.03855	1.41535			3855.0	1.04926e-06
0.0386	1.4128			3860.0	7.9344e-07
0.03865	1.44341			3865.0	1.4556e-06
0.0387	1.42555			3870.0	1.21103e-06
0.03875	1.42045			3875.0	8.78079e-07
0.0388	1.39749			3880.0	1.79258e-07
0.03885	1.43575			3885.0	3.01832e-07
0.0389	1.47402			3890.0	1.69887e-07
0.03895	1.53013			3895.0	2.92484e-07
0.039	1.51483			3900.0	3.50495e-06
0.03905	1.44596			3905.0	7.06932e-06
0.0391	1.40259			3910.0	9.38539e-07
0.03915	1.46636			3915.0	9.07689e-07
0.0392	1.4281			3920.0	1.06161e-06
0.03925	1.46891			3925.0	8.66224e-07
0.0393	1.42045			3930.0	6.80137e-07
0.03935	1.46126			3935.0	1.6008e-07
0.0394	1.46381			3940.0	1.15766e-07
0.03945	1.42555			3945.0	1.85237e-06
0.0395	1.42555			3950.0	1.42713e-07
0.03955	1.38729			3955.0	2.49838e-08
0.0396	1.38474			3960.0	1.56072e-06
0.03965	1.33117			3965.0	1.3931e-06
0.0397	1.34393			3970.0	8.27573e-07
0.03975	1.34393			3975.0	7.67194e-07
0.0398	1.27505			3980.0	7.4123e-07
0.03985	1.2776			3985.0	1.59553e-06
0.0399	1.26485			3990.0	1.41891e-06
0.03995	1.31076			3995.0	2.04757e-07
0.04	1.29801			4000.0	4.05416e-07
0.04005	1.34393			4005.0	1.62904e-06
0.0401	1.34393			4010.0	1.08648e-06
0.04015	1.37453			4015.0	2.6604e-06
0.0402	1.38474			4020.0	3.68123e-06
0.04025	1.42045			4025.0	4.12158e-06
0.0403	1.42045			4030.0	2.06009e-07
0.04035	1.37453			4035.0	2.33323e-06
0.0404	1.40004			4040.0	4.00248e-06
0.04045	1.43575			4045.0	1.32644e-05
0.0405	1.49697			4050.0	1.45112e-05
0.04055	1.42555			4055.0	8.6605e-06
0.0406	1.423			4060.0	1.9297e-06
0.04065	1.44086			4065.0	3.08079e-06
0.0407	1.44086			4070.0	5.74928e-06
0.04075	1.48167			4075.0	1.06313e-05
0.0408	1.49442			4080.0	2.33863e-05
0.04085	1.4281			4085.0	3.11276e-05
0.0409	1.42555			4090.0	1.15275e-05
0.04095	1.39494			4095.0	9.75893e-07
0.041	1.39749			4100.0	2.96297e-07
0.04105	1.4332			4105.0	4.76327e-06
0.0411	1.44596			4110.0	1.92851e-05
0.04115	1.4077			4115.0	5.29474e-06
0.0412	1.32352			4120.0	6.45633e-07
0.04125	1.30056			4125.0	1.3242e-06
0.0413	1.24189			4130.0	4.00372e-06
0.04135	1.28271			4135.0	1.81622e-06
0.0414	1.34393			4140.0	2.86517e-06
0.04145	1.37453			4145.0	5.40921e-06
0.0415	1.42555			4150.0	7.51751e-06
0.04155	1.40514			4155.0	7.5908e-06
0.0416	1.36433			4160.0	2.29956e-06
0.04165	1.32352			4165.0	3.89459e-07
0.0417	1.30311			4170.0	5.52787e-07
0.04175	1.32862			4175.0	7.32963e-07
0.0418	1.37964			4180.0	5.12134e-07
0.04185	1.34393			4185.0	1.23685e-07
0.0419	1.39749			4190.0	2.65167e-09
0.04195	1.39239			4195.0	2.31974e-06
0.042	1.39494			4200.0	2.93108e-06
0.04205	1.34903			4205.0	5.05908e-07
0.0421	1.29801			4210.0	1.02445e-06
0.04215	1.31332			4215.0	1.30907e-07
0.0422	1.38219			4220.0	7.56683e-07
0.04225	1.46891			4225.0	1.50777e-06
0.0423	1.49187			4230.0	7.8598e-07
0.04235	1.46381			4235.0	2.33775e-06
0.0424	1.42045			4240.0	8.08441e-07
0.04245	1.35158			4245.0	5.10675e-07
0.0425	1.32352			4250.0	4.81659e-08
0.04255	1.36943			4255.0	8.13554e-07
0.0426	1.39749			4260.0	1.39711e-06
0.04265	1.423			4265.0	1.36538e-06
0.0427	1.4383			4270.0	6.93769e-07
0.04275	1.37453			4275.0	9.58681e-07
0.0428	1.39239			4280.0	9.42583e-07
0.04285	1.35158			4285.0	4.9453e-07
0.0429	1.31842			4290.0	7.34964e-07
0.04295	1.31076			4295.0	4.11309e-07
0.043	1.37198			4300.0	3.64418e-07
0.04305	1.4332			4305.0	7.93697e-07
0.0431	1.39494			4310.0	6.68342e-07
0.04315	1.37964			4315.0	2.7202e-07
0.0432	1.33372			4320.0	5.61821e-07
0.04325	1.33627			4325.0	6.41902e-07
0.0433	1.37198			4330.0	3.25562e-07
0.04335	1.37453			4335.0	4.24149e-07
0.0434	1.43575			4340.0	2.26692e-07
0.04345	1.40514			4345.0	5.37864e-07
0.0435	1.38219			4350.0	5.21395e-08
0.04355	1.37709			4355.0	3.15259e-07
0.0436	1.34903			4360.0	4.02887e-07
0.04365	1.34393			4365.0	1.10535e-07
0.0437	1.33627			4370.0	1.7177e-07
0.04375	1.39494			4375.0	2.6839e-07
0.0438	1.44086			4380.0	7.28736e-08
0.04385	1.46126			4385.0	1.37433e-07
0.0439	1.48677			4390.0	8.09539e-07
0.04395	1.46126			4395.0	7.09048e-07
0.044	1.40259			4400.0	1.02672e-07
0.04405	1.28781			4405.0	7.30349e-07
0.0441	1.30311			4410.0	2.26959e-07
0.04415	1.42045			4415.0	2.94471e-07
0.0442	1.4332			4420.0	9.79275e-08
0.04425	1.40259			4425.0	8.73012e-08
0.0443	1.36943			4430.0	1.25608e-07
0.04435	1.34393			4435.0	1.61956e-08
0.0444	1.34393			4440.0	7.23065e-08
0.04445	1.33117			4445.0	8.05264e-07
0.0445	1.38729			4450.0	5.84367e-07
0.04455	1.4128			4455.0	2.77063e-08
0.0446	1.48422			4460.0	1.39226e-07
0.04465	1.42555			4465.0	4.58575e-07
0.0447	1.29291			4470.0	1.5639e-06
0.04475	1.31587			4475.0	2.03626e-06
0.0448	1.37964			4480.0	2.08265e-06
0.04485	1.39749			4485.0	4.12463e-08
0.0449	1.37453			4490.0	4.49849e-07
0.04495	1.42555			4495.0	2.50032e-07
0.045	1.4077			4500.0	1.89935e-06
0.04505	1.39749			4505.0	2.73625e-06
0.0451	1.37198			4510.0	8.22239e-07
0.04515	1.35668			4515.0	5.3091e-07
0.0452	1.36178			4520.0	1.10026e-06
0.04525	1.38474			4525.0	2.88264e-07
0.0453	1.41025			4530.0	6.10822e-07
0.04535	1.4128			4535.0	4.58718e-07
0.0454	1.43065			4540.0	8.02763e-07
0.04545	1.36688			4545.0	7.41217e-07
0.0455	1.35668			4550.0	2.30771e-07
0.04555	1.37198			4555.0	7.66233e-07
0.0456	1.34648			4560.0	7.75485e-07
0.04565	1.41535			4565.0	1.13591e-06
0.0457	1.41025			4570.0	1.72747e-06
0.04575	1.31587			4575.0	1.21815e-06
0.0458	1.31842			4580.0	1.42124e-06
0.04585	1.40514			4585.0	8.22838e-06
0.0459	1.39494			4590.0	3.42595e-06
0.04595	1.33372			4595.0	5.0407e-07
0.046	1.39239			4600.0	2.26131e-06
0.04605	1.44851			4605.0	3.69049e-06
0.0461	1.44596			4610.0	1.78027e-06
0.04615	1.38984			4615.0	6.88194e-07
0.0462	1.30311			4620.0	1.74879e-06
0.04625	1.29291			4625.0	1.40714e-06
0.0463	1.32607			4630.0	1.52519e-06
0.04635	1.39239			4635.0	3.36917e-07
0.0464	1.40259			4640.0	1.67727e-06
0.04645	1.40514			4645.0	5.9535e-07
0.0465	1.34393			4650.0	9.10889e-06
0.04655	1.32607			4655.0	1.09569e-05
0.0466	1.33627			4660.0	4.00661e-07
0.04665	1.34137			4665.0	4.12128e-06
0.0467	1.34648			4670.0	4.93385e-06
0.04675	1.41535			4675.0	1.94802e-06
0.0468	1.46381			4680.0	6.08974e-07
0.04685	1.41025			4685.0	3.71016e-06
0.0469	1.42555			4690.0	2.6812e-06
0.04695	1.36433			4695.0	5.41703e-07
0.047	1.33117			4700.0	1.10924e-06
0.04705	1.39494			4705.0	7.678e-07
0.0471	1.45616			4710.0	2.78764e-08
0.04715	1.46381			4715.0	1.31535e-06
0.0472	1.45871			4720.0	1.25541e-06
0.04725	1.40514			4725.0	3.56544e-08
0.0473	1.40004			4730.0	1.83088e-08
0.04735	1.40514			4735.0	4.01753e-08
0.0474	1.39749			4740.0	1.316e-06
0.04745	1.423			4745.0	1.62375e-06
0.0475	1.53268			4750.0	2.96281e-06
0.04755	1.56584			4755.0	4.32482e-06
0.0476	1.47657			4760.0	1.12858e-06
0.04765	1.39239			4765.0	8.55162e-07
0.0477	1.30821			4770.0	3.01145e-07
0.04775	1.33882			4775.0	8.70699e-08
0.0478	1.40514			4780.0	7.97666e-07
0.04785	1.4281			4785.0	7.1058e-07
0.0479	1.4332			4790.0	4.7654e-07
0.04795	1.423			4795.0	1.82272e-06
0.048	1.33372			4800.0	7.0831e-07
0.04805	1.2776			4805.0	3.36064e-07
0.0481	1.2623			4810.0	1.32813e-07
0.04815	1.29801			4815.0	5.72292e-08
0.0482	1.32862			4820.0	6.38021e-08
0.04825	1.4179			4825.0	1.33389e-07
0.0483	1.48422			4830.0	1.62188e-08
0.04835	1.45106			4835.0	4.25685e-07
0.0484	1.36433			4840.0	2.40534e-07
0.04845	1.2572			4845.0	4.63277e-08
0.0485	1.29036			4850.0	9.24271e-08
0.04855	1.30056			4855.0	3.17405e-07
0.0486	1.4128			4860.0	1.13134e-08
0.04865	1.49697			4865.0	2.41978e-07
0.0487	1.48167			4870.0	5.73309e-07
0.04875	1.44851			4875.0	1.30706e-06
0.0488	1.37198			4880.0	5.20671e-07
0.04885	1.33372			4885.0	5.45374e-08
0.0489	1.31587			4890.0	3.1248e-07
0.04895	1.40259			4895.0	1.75097e-08
0.049	1.47657			4900.0	3.03376e-07
0.04905	1.52758			4905.0	2.47578e-07
0.0491	1.48422			4910.0	2.21995e-08
0.04915	1.37709			4915.0	5.0408e-07
0.0492	1.33372			4920.0	9.83371e-07
0.04925	1.2776			4925.0	3.40336e-07
0.0493	1.34903			4930.0	2.30721e-08
0.04935	1.43065			4935.0	9.84507e-08
0.0494	1.38219			4940.0	4.97571e-07
0.04945	1.40259			4945.0	5.16634e-07
0.0495	1.34393			4950.0	9.52945e-07
0.04955	1.24189			4955.0	9.7167e-07
0.0496	1.2623			4960.0	6.57858e-07
0.04965	1.32607			4965.0	3.38909e-08
0.0497	1.45361			4970.0	3.26665e-08
0.04975	1.47657			4975.0	5.89532e-08
0.0498	1.52503			4980.0	2.67549e-09
0.04985	1.48932			4985.0	4.08784e-07
0.0499	1.36688			4990.0	4.56439e-07
0.04995	1.36433			4995.0	1.65495e-08
0.05	1.34137			5000.0	1.33886e-08
0.05005	1.36433			5005.0	1.06747e-07
0.0501	1.45361			5010.0	3.48099e-07
0.05015	1.50207			5015.0	1.66598e-07
0.0502	1.46381			5020.0	2.5771e-08
0.05025	1.4332			5025.0	1.41922e-07
0.0503	1.30566			5030.0	2.28639e-07
0.05035	1.31842			5035.0	1.50614e-07
0.0504	1.40259			5040.0	3.62945e-08
0.05045	1.44851			5045.0	8.38559e-09
0.0505	1.47657			5050.0	3.74192e-07
0.05055	1.44341			5055.0	5.22905e-07
0.0506	1.35413			5060.0	3.12007e-07
0.05065	1.28016			5065.0	3.07423e-07
0.0507	1.2623			5070.0	2.46517e-07
0.05075	1.24699			5075.0	5.68852e-08
0.0508	1.40259			5080.0	1.66228e-07
0.05085	1.42555			5085.0	1.91548e-07
0.0509	1.423			5090.0	1.89474e-07
0.05095	1.38219			5095.0	5.46129e-07
0.051	1.24699			5100.0	2.68137e-07
0.05105	1.17812			5105.0	2.50803e-07
0.0511	1.2521			5110.0	3.81222e-07
0.05115	1.31842			5115.0	5.33491e-07
0.0512	1.4128			5120.0	4.04729e-07
0.05125	1.44341			5125.0	1.72543e-07
0.0513	1.42045			5130.0	8.7095e-08
0.05135	1.37964			5135.0	1.442e-07
0.0514	1.35668			5140.0	3.77075e-08
0.05145	1.32097			5145.0	5.07894e-07
0.0515	1.37964			5150.0	8.56797e-07
0.05155	1.4332			5155.0	3.47938e-07
0.0516	1.50718			5160.0	1.1509e-06
0.05165	1.55054			5165.0	9.03831e-07
0.0517	1.50463			5170.0	5.63903e-08
0.05175	1.33882			5175.0	2.24605e-07
0.0518	1.28271			5180.0	1.45797e-08
0.05185	1.34903			5185.0	2.21024e-07
0.0519	1.44851			5190.0	6.6058e-08
0.05195	1.55819			5195.0	3.53527e-08
0.052	1.53779			5200.0	1.12452e-07
0.05205	1.49697			5205.0	3.51072e-07
0.0521	1.41025			5210.0	1.39081e-06
0.05215	1.36433			5215.0	1.23427e-06
0.0522	1.33372			5220.0	7.89833e-07
0.05225	1.31332			5225.0	2.73014e-07
0.0523	1.4179			5230.0	1.15423e-06
0.05235	1.47657			5235.0	9.72156e-07
0.0524	1.44851			5240.0	6.89615e-07
0.05245	1.37198			5245.0	4.27044e-07
0.0525	1.2572			5250.0	1.95446e-06
0.05255	1.18578			5255.0	1.86929e-06
0.0526	1.2572			5260.0	5.74649e-07
0.05265	1.34903			5265.0	1.15096e-07
0.0527	1.4128			5270.0	1.19486e-07
0.05275	1.44851			5275.0	9.68361e-07
0.0528	1.44341			5280.0	1.39399e-06
0.05285	1.35668			5285.0	1.06089e-06
0.0529	1.30821			5290.0	7.97853e-07
0.05295	1.27505			5295.0	5.30147e-07
0.053	1.30311			5300.0	7.40236e-07
0.05305	1.4077			5305.0	3.0123e-07
0.0531	1.50973			5310.0	9.40499e-07
0.05315	1.5684			5315.0	1.50048e-06
0.0532	1.49442			5320.0	9.99978e-07
0.05325	1.33372			5325.0	4.6901e-08
0.0533	1.28526			5330.0	3.04887e-07
0.05335	1.30566			5335.0	1.8621e-07
0.0534	1.40514			5340.0	7.25166e-08
0.05345	1.55309			5345.0	9.45972e-07
0.0535	1.54289			5350.0	5.2904e-07
0.05355	1.50207			5355.0	7.70517e-08
0.0536	1.40514			5360.0	1.07674e-07
0.05365	1.34393			5365.0	1.48791e-07
0.0537	1.28781			5370.0	2.19374e-07
0.05375	1.30056			5375.0	1.93348e-07
0.0538	1.39749			5380.0	2.99208e-07
0.05385	1.50718			5385.0	3.11888e-07
0.0539	1.47912			5390.0	1.76698e-07
0.05395	1.39239			5395.0	9.27607e-07
0.054	1.2725			5400.0	3.00413e-07
0.05405	1.18578			5405.0	7.44899e-08
0.0541	1.18833			5410.0	3.09704e-08
0.05415	1.26995			5415.0	6.28334e-09
0.0542	1.39239			5420.0	9.24394e-08
0.05425	1.44596			5425.0	4.36442e-08
0.0543	1.40004			5430.0	3.05497e-08
0.05435	1.31842			5435.0	1.16104e-07
0.0544	1.2776			5440.0	1.46432e-07
0.05445	1.24444			5445.0	3.89766e-07
0.0545	1.25975			5450.0	8.18535e-07
0.05455	1.36178			5455.0	6.955e-07
0.0546	1.43575			5460.0	3.81528e-08
0.05465	1.46891			5465.0	5.77624e-07
0.0547	1.40259			5470.0	1.12059e-06
0.05475	1.32862			5475.0	4.72896e-07
0.0548	1.28271			5480.0	8.80587e-08
0.05485	1.29801			5485.0	2.66084e-07
0.0549	1.39494			5490.0	4.25685e-07
0.05495	1.45616			5495.0	2.21034e-06
0.055	1.47146			5500.0	3.4761e-06
0.05505	1.45361			5505.0	4.06937e-06
0.0551	1.37709			5510.0	2.10707e-06
0.05515	1.28271			5515.0	2.77509e-07
0.0552	1.2776			5520.0	1.48379e-06
0.05525	1.33117			5525.0	1.43949e-06
0.0553	1.4077			5530.0	7.11048e-08
0.05535	1.45106			5535.0	1.103e-07
0.0554	1.45361			5540.0	1.52693e-07
0.05545	1.38984			5545.0	2.74424e-07
0.0555	1.32607			5550.0	7.92105e-07
0.05555	1.29036			5555.0	1.37076e-07
0.0556	1.30566			5560.0	6.48847e-07
0.05565	1.28526			5565.0	1.30294e-07
0.0557	1.36688			5570.0	2.50379e-07
0.05575	1.44596			5575.0	7.26316e-08
0.0558	1.43575			5580.0	5.59405e-08
0.05585	1.39494			5585.0	9.83139e-09
0.0559	1.36433			5590.0	1.26363e-07
0.05595	1.32352			5595.0	2.86623e-08
0.056	1.30566			5600.0	4.12819e-08
0.05605	1.45361			5605.0	4.15204e-08
0.0561	1.47146			5610.0	4.93754e-07
0.05615	1.48677			5615.0	4.73855e-07
0.0562	1.39749			5620.0	4.71345e-07
0.05625	1.31842			5625.0	5.76649e-07
0.0563	1.33117			5630.0	1.446e-08
0.05635	1.30566			5635.0	8.95817e-07
0.0564	1.39749			5640.0	3.66936e-07
0.05645	1.47657			5645.0	1.74295e-08
0.0565	1.44596			5650.0	2.21857e-07
0.05655	1.43575			5655.0	4.68798e-07
0.0566	1.37964			5660.0	3.09379e-07
0.05665	1.31587			5665.0	9.74723e-07
0.0567	1.28271			5670.0	4.75976e-07
0.05675	1.34137			5675.0	2.19602e-07
0.0568	1.39749			5680.0	1.59898e-07
0.05685	1.47402			5685.0	1.57734e-07
0.0569	1.49952			5690.0	5.10068e-07
0.05695	1.36688			5695.0	4.67183e-07
0.057	1.34903			5700.0	1.0703e-06
0.05705	1.33117			5705.0	1.50063e-06
0.0571	1.31842			5710.0	1.48906e-07
0.05715	1.42555			5715.0	1.66115e-07
0.0572	1.423			5720.0	2.58774e-07
0.05725	1.39239			5725.0	1.90166e-09
0.0573	1.43065			5730.0	1.62514e-07
0.05735	1.35923			5735.0	3.01513e-07
0.0574	1.28016			5740.0	6.81577e-07
0.05745	1.23424			5745.0	8.02793e-07
0.0575	1.34137			5750.0	4.47016e-08
0.05755	1.41535			5755.0	8.37489e-07
0.0576	1.41025			5760.0	1.48073e-06
0.05765	1.38474			5765.0	4.68196e-07
0.0577	1.35413			5770.0	2.93162e-09
0.05775	1.35923			5775.0	1.12514e-07
0.0578	1.32862			5780.0	3.16967e-08
0.05785	1.33372			5785.0	2.26793e-07
0.0579	1.41535			5790.0	3.55054e-07
0.05795	1.40259			5795.0	1.39601e-07
0.058	1.4383			5800.0	2.82773e-08
0.05805	1.45616			5805.0	2.35622e-09
0.0581	1.37198			5810.0	1.32436e-08
0.05815	1.31076			5815.0	2.66925e-08
0.0582	1.30821			5820.0	1.45848e-07
0.05825	1.37709			5825.0	1.30743e-07
0.0583	1.39494			5830.0	3.07715e-08
0.05835	1.44086			5835.0	2.15792e-07
0.0584	1.46126			5840.0	4.44404e-07
0.05845	1.37964			5845.0	1.63305e-07
0.0585	1.38729			5850.0	1.3058e-07
0.05855	1.35158			5855.0	1.13973e-07
0.0586	1.34393			5860.0	4.70661e-08
0.05865	1.38729			5865.0	7.65297e-07
0.0587	1.42045			5870.0	3.26045e-07
0.05875	1.42555			5875.0	1.48963e-07
0.0588	1.45361			5880.0	2.58092e-08
0.05885	1.38219			5885.0	1.1579e-07
0.0589	1.31076			5890.0	4.22464e-07
0.05895	1.31332			5895.0	2.9238e-07
0.059	1.40514			5900.0	6.19577e-08
0.05905	1.42555			5905.0	1.2655e-08
0.0591	1.41535			5910.0	3.24652e-08
0.05915	1.43065			5915.0	7.34788e-09
0.0592	1.42555			5920.0	9.65947e-08
0.05925	1.43575			5925.0	2.72532e-07
0.0593	1.38219			5930.0	9.31162e-07
0.05935	1.32097			5935.0	7.57774e-07
0.0594	1.30566			5940.0	2.53062e-07
0.05945	1.37453			5945.0	5.87681e-09
0.0595	1.46891			5950.0	6.31002e-08
0.05955	1.46636			5955.0	9.5446e-08
0.0596	1.37964			5960.0	5.1292e-08
0.05965	1.39239			5965.0	1.3403e-07
0.0597	1.34648			5970.0	8.86263e-08
0.05975	1.34648			5975.0	6.07939e-09
0.0598	1.35158			5980.0	2.34693e-07
0.05985	1.36433			5985.0	4.24889e-07
0.0599	1.38984			5990.0	6.62267e-08
0.05995	1.38474			5995.0	4.12365e-07
0.06	1.38729			6000.0	1.41134e-07
0.06005	1.39749			6005.0	6.82953e-08
0.0601	1.44851			6010.0	2.03018e-07
0.06015	1.38984			6015.0	4.6562e-07
0.0602	1.36688			6020.0	1.85764e-07
0.06025	1.36943			6025.0	8.95325e-08
0.0603	1.38729			6030.0	7.77135e-08
0.06035	1.41025			6035.0	1.14809e-07
0.0604	1.4332			6040.0	2.46839e-07
0.06045	1.38729			6045.0	2.21465e-07
0.0605	1.36178			6050.0	8.77155e-07
0.06055	1.36433			6055.0	9.35706e-07
0.0606	1.4077			6060.0	2.71796e-07
0.06065	1.423			6065.0	3.00087e-07
0.0607	1.4179			6070.0	1.48684e-07
0.06075	1.38984			6075.0	1.77437e-07
0.0608	1.31587			6080.0	5.04786e-07
0.06085	1.33117			6085.0	3.49143e-07
0.0609	1.45871			6090.0	3.14617e-08
0.06095	1.52758			6095.0	3.30813e-07
0.061	1.53013			6100.0	1.12171e-07
0.06105	1.44341			6105.0	2.07064e-08
0.0611	1.38984			6110.0	3.85773e-08
0.06115	1.44851			6115.0	3.68513e-08
0.0612	1.51738			6120.0	3.6059e-07
0.06125	1.50207			6125.0	4.62468e-07
0.0613	1.4128			6130.0	1.41032e-07
0.06135	1.34648			6135.0	1.604e-08
0.0614	1.32862			6140.0	2.02806e-07
0.06145	1.38984			6145.0	3.66185e-08
0.0615	1.4383			6150.0	1.44544e-07
0.06155	1.423			6155.0	2.15319e-07
0.0616	1.44851			6160.0	1.021e-07
0.06165	1.40004			6165.0	8.0159e-08
0.0617	1.31842			6170.0	1.56734e-07
0.06175	1.38984			6175.0	1.57097e-08
0.0618	1.38474			6180.0	8.0511e-08
0.06185	1.36433			6185.0	1.14018e-07
0.0619	1.4281			6190.0	3.52388e-07
0.06195	1.41535			6195.0	7.57702e-07
0.062	1.34393			6200.0	6.06127e-07
0.06205	1.31587			6205.0	2.06395e-07
0.0621	1.30056			6210.0	2.47016e-08
0.06215	1.31332			6215.0	1.69642e-08
0.0622	1.35413			6220.0	3.63927e-07
0.06225	1.38474			6225.0	7.72613e-07
0.0623	1.4383			6230.0	1.4755e-07
0.06235	1.45361			6235.0	3.70401e-07
0.0624	1.42045			6240.0	7.79779e-07
0.06245	1.35413			6245.0	9.9781e-07
0.0625	1.33372			6250.0	5.24358e-07
0.06255	1.35413			6255.0	1.09848e-08
0.0626	1.38984			6260.0	1.52341e-07
0.06265	1.47146			6265.0	1.00267e-07
0.0627	1.51483			6270.0	3.22201e-07
0.06275	1.44341			6275.0	3.50603e-07
0.0628	1.41535			6280.0	1.73118e-07
0.06285	1.35158			6285.0	3.02302e-07
0.0629	1.36433			6290.0	1.75634e-07
0.06295	1.35413			6295.0	3.61622e-07
0.063	1.42555			6300.0	2.04767e-07
0.06305	1.46891			6305.0	3.50077e-07
0.0631	1.45106			6310.0	9.58897e-08
0.06315	1.38984			6315.0	1.38119e-07
0.0632	1.32607			6320.0	2.11571e-07
0.06325	1.32352			6325.0	1.35504e-07
0.0633	1.34648			6330.0	6.86557e-08
0.06335	1.34137			6335.0	1.54445e-07
0.0634	1.35413			6340.0	9.23666e-11
0.06345	1.4179			6345.0	1.14721e-08
0.0635	1.43575			6350.0	1.80116e-08
0.06355	1.37453			6355.0	1.2912e-08
0.0636	1.30821			6360.0	6.22281e-08
0.06365	1.33627			6365.0	1.01382e-07
0.0637	1.37198			6370.0	1.33513e-08
0.06375	1.45106			6375.0	1.14346e-07
0.0638	1.46126			6380.0	3.95792e-09
0.06385	1.47146			6385.0	3.27742e-07
0.0639	1.51483			6390.0	5.57461e-07
0.06395	1.46636			6395.0	1.31519e-07
0.064	1.34648			6400.0	1.25138e-07
0.06405	1.39749			6405.0	4.16974e-07
0.0641	1.46381			6410.0	3.31641e-07
0.06415	1.53523			6415.0	3.15878e-07
0.0642	1.53523			6420.0	3.26532e-07
0.06425	1.37198			6425.0	2.3464e-07
0.0643	1.30056			6430.0	9.22331e-08
0.06435	1.31076			6435.0	5.03514e-08
0.0644	1.35158			6440.0	4.44723e-07
0.06445	1.39749			6445.0	1.25729e-06
0.0645	1.43065			6450.0	1.4259e-06
0.06455	1.44596			6455.0	1.02292e-07
0.0646	1.40259			6460.0	1.77259e-07
0.06465	1.33882			6465.0	2.14128e-08
0.0647	1.31842			6470.0	4.31781e-07
0.06475	1.2776			6475.0	2.82034e-07
0.0648	1.33882			6480.0	3.39114e-07
0.06485	1.34393			6485.0	4.04366e-07
0.0649	1.36943			6490.0	5.45524e-07
0.06495	1.41535			6495.0	7.70382e-07
0.065	1.38984			6500.0	4.34749e-07
0.06505	1.32862			6505.0	2.12682e-07
0.0651	1.28781			6510.0	2.05012e-07
0.06515	1.30311			6515.0	7.20574e-09
0.0652	1.37453			6520.0	1.42259e-07
0.06525	1.43065			6525.0	3.87039e-07
0.0653	1.54289			6530.0	1.33621e-06
0.06535	1.47657			6535.0	1.44931e-06
0.0654	1.36178			6540.0	1.26897e-07
0.06545	1.28016			6545.0	1.51057e-07
0.0655	1.28271			6550.0	4.32994e-07
0.06555	1.32097			6555.0	1.04268e-06
0.0656	1.40514			6560.0	8.13324e-07
0.06565	1.50718			6565.0	4.79462e-07
0.0657	1.52248			6570.0	2.28518e-08
0.06575	1.4281			6575.0	2.45773e-07
0.0658	1.35668			6580.0	1.37736e-08
0.06585	1.24444			6585.0	3.69453e-07
0.0659	1.26485			6590.0	5.69773e-07
0.06595	1.30311			6595.0	4.23702e-07
0.066	1.39494			6600.0	3.46345e-07
0.06605	1.51228			6605.0	9.21913e-07
0.0661	1.44596			6610.0	4.45207e-07
0.06615	1.36943			6615.0	3.62101e-08
0.0662	1.2725			6620.0	2.03903e-08
0.06625	1.2725			6625.0	1.37429e-07
0.0663	1.40004			6630.0	7.12975e-07
0.06635	1.46126			6635.0	7.41324e-07
0.0664	1.45106			6640.0	5.43347e-07
0.06645	1.4281			6645.0	2.00385e-07
0.0665	1.46636			6650.0	7.12806e-07
0.06655	1.40514			6655.0	5.23211e-07
0.0666	1.33117			6660.0	1.189e-08
0.06665	1.36433			6665.0	2.48155e-08
0.0667	1.4332			6670.0	1.03433e-07
0.06675	1.48677			6675.0	5.63712e-07
0.0668	1.55054			6680.0	6.09866e-07
0.06685	1.48167			6685.0	8.9288e-08
0.0669	1.40259			6690.0	2.67763e-08
0.06695	1.2572			6695.0	5.16553e-08
0.067	1.2776			6700.0	1.20431e-07
0.06705	1.32097			6705.0	1.9157e-07
0.0671	1.42045			6710.0	2.89984e-07
0.06715	1.50718			6715.0	3.26934e-07
0.0672	1.49187			6720.0	1.94155e-07
0.06725	1.38729			6725.0	1.106e-07
0.0673	1.28016			6730.0	1.41208e-07
0.06735	1.23169			6735.0	5.69289e-07
0.0674	1.2725			6740.0	8.05036e-07
0.06745	1.35923			6745.0	9.5287e-07
0.0675	1.44086			6750.0	5.91182e-07
0.06755	1.51738			6755.0	1.5596e-07
0.0676	1.45361			6760.0	1.38041e-07
0.06765	1.29546			6765.0	1.26887e-07
0.0677	1.23169			6770.0	9.20921e-08
0.06775	1.29291			6775.0	1.30317e-07
0.0678	1.32607			6780.0	1.06253e-07
0.06785	1.39749			6785.0	1.11853e-08
0.0679	1.4077			6790.0	2.48074e-08
0.06795	1.54544			6795.0	4.05565e-07
0.068	1.55819			6800.0	1.17423e-06
0.06805	1.37709			6805.0	1.00308e-06
0.0681	1.22914			6810.0	4.24143e-07
0.06815	1.24699			6815.0	7.42251e-08
0.0682	1.37964			6820.0	4.54139e-07
0.06825	1.50207			6825.0	1.13811e-07
0.0683	1.599			6830.0	8.13116e-08
0.06835	1.56584			6835.0	3.08979e-07
0.0684	1.45361			6840.0	6.71389e-08
0.06845	1.28271			6845.0	2.1004e-07
0.0685	1.20108			6850.0	6.61307e-07
0.06855	1.24189			6855.0	6.69455e-07
0.0686	1.42045			6860.0	2.18218e-08
0.06865	1.54289			6865.0	2.54364e-07
0.0687	1.53523			6870.0	6.91564e-07
0.06875	1.44596			6875.0	3.03123e-07
0.0688	1.2725			6880.0	2.01507e-07
0.06885	1.19088			6885.0	5.10799e-08
0.0689	1.2623			6890.0	3.91567e-07
0.06895	1.30311			6895.0	5.30246e-07
0.069	1.46381			6900.0	1.0713e-06
0.06905	1.53268			6905.0	6.82194e-08
0.0691	1.4383			6910.0	1.0425e-07
0.06915	1.25975			6915.0	1.44447e-07
0.0692	1.21894			6920.0	8.34441e-07
0.06925	1.2521			6925.0	5.1396e-07
0.0693	1.2623			6930.0	1.08173e-08
0.06935	1.36433			6935.0	3.00172e-07
0.0694	1.46636			6940.0	2.00459e-07
0.06945	1.55819			6945.0	4.34534e-09
0.0695	1.53779			6950.0	2.63051e-07
0.06955	1.31076			6955.0	4.36357e-07
0.0696	1.17302			6960.0	4.29363e-07
0.06965	1.31332			6965.0	5.33992e-07
0.0697	1.42555			6970.0	3.84298e-08
0.06975	1.54289			6975.0	3.23488e-07
0.0698	1.61176			6980.0	3.04028e-08
0.06985	1.55309			6985.0	1.01204e-08
0.0699	1.43575			6990.0	1.06101e-07
0.06995	1.2623			6995.0	1.30918e-07
0.07	1.17047			7000.0	7.39012e-07
0.07005	1.2521			7005.0	1.76133e-07
0.0701	1.4383			7010.0	3.10132e-07
0.07015	1.60666			7015.0	6.42071e-08
0.0702	1.54544			7020.0	1.09421e-07
0.07025	1.36943			7025.0	1.00763e-08
0.0703	1.22404			7030.0	9.60257e-08
0.07035	1.17557			7035.0	3.60196e-07
0.0704	1.23934			7040.0	1.61136e-07
0.07045	1.33372			7045.0	2.07074e-07
0.0705	1.44086			7050.0	1.25365e-07
0.07055	1.52248			7055.0	2.14772e-09
0.0706	1.46636			7060.0	1.4361e-07
0.07065	1.34393			7065.0	2.27756e-07
0.0707	1.21128			7070.0	3.19441e-08
0.07075	1.14751			7075.0	8.83038e-08
0.0708	1.30566			7080.0	1.22555e-07
0.07085	1.44596			7085.0	1.79637e-07
0.0709	1.50207			7090.0	3.22977e-07
0.07095	1.52248			7095.0	2.00497e-07
0.071	1.46126			7100.0	1.37249e-07
0.07105	1.37964			7105.0	2.91185e-07
0.0711	1.30056			7110.0	3.85121e-07
0.07115	1.31076			7115.0	1.26616e-08
0.0712	1.4179			7120.0	3.57681e-07
0.07125	1.53779			7125.0	9.00707e-07
0.0713	1.53523			7130.0	3.1193e-07
0.07135	1.49187			7135.0	2.42791e-08
0.0714	1.48677			7140.0	1.84638e-07
0.07145	1.35413			7145.0	2.42096e-07
0.0715	1.23169			7150.0	3.56734e-07
0.07155	1.29801			7155.0	3.9789e-08
0.0716	1.44596			7160.0	2.01236e-07
0.07165	1.48677			7165.0	2.42108e-07
0.0717	1.47146			7170.0	3.39956e-07
0.07175	1.35923			7175.0	3.00035e-07
0.0718	1.24699			7180.0	3.19325e-07
0.07185	1.23169			7185.0	1.90986e-07
0.0719	1.31076			7190.0	7.97659e-09
0.07195	1.38219			7195.0	3.26192e-07
0.072	1.44596			7200.0	9.70644e-07
0.07205	1.43575			7205.0	6.39878e-07
0.0721	1.44086			7210.0	1.24967e-07
0.07215	1.35413			7215.0	1.88611e-07
0.0722	1.2623			7220.0	2.19663e-07
0.07225	1.2776			7225.0	2.14999e-09
0.0723	1.40514			7230.0	2.74358e-08
0.07235	1.50718			7235.0	7.28298e-08
0.0724	1.48932			7240.0	2.66151e-07
0.07245	1.46636			7245.0	1.62242e-07
0.0725	1.42045			7250.0	6.79734e-08
0.07255	1.35158			7255.0	2.81346e-08
0.0726	1.33372			7260.0	1.40715e-07
0.07265	1.33882			7265.0	1.19103e-07
0.0727	1.49442			7270.0	5.67547e-07
0.07275	1.54034			7275.0	4.41244e-07
0.0728	1.49442			7280.0	1.92935e-07
0.07285	1.423			7285.0	3.52808e-07
0.0729	1.36433			7290.0	4.39467e-07
0.07295	1.32097			7295.0	7.25578e-08
0.073	1.29546			7300.0	7.36935e-08
0.07305	1.33372			7305.0	1.21951e-07
0.0731	1.42555			7310.0	1.30336e-07
0.07315	1.47146			7315.0	1.53941e-07
0.0732	1.45361			7320.0	2.10406e-07
0.07325	1.35668			7325.0	2.44627e-07
0.0733	1.21639			7330.0	2.46155e-07
0.07335	1.22149			7335.0	2.30271e-07
0.0734	1.2725			7340.0	5.54228e-08
0.07345	1.44851			7345.0	3.3995e-07
0.0735	1.46126			7350.0	4.68643e-07
0.07355	1.45616			7355.0	1.62216e-07
0.0736	1.31842			7360.0	1.43761e-07
0.07365	1.25975			7365.0	2.64965e-09
0.0737	1.27505			7370.0	7.10727e-08
0.07375	1.31076			7375.0	1.10041e-08
0.0738	1.42555			7380.0	4.12384e-08
0.07385	1.46891			7385.0	2.85656e-07
0.0739	1.44086			7390.0	4.66443e-07
0.07395	1.37964			7395.0	6.88015e-08
0.074	1.37453			7400.0	5.64023e-08
0.07405	1.2776			7405.0	4.46832e-07
0.0741	1.2725			7410.0	6.38868e-07
0.07415	1.32097			7415.0	1.89686e-07
0.0742	1.45106			7420.0	1.13009e-07
0.07425	1.56329			7425.0	3.28135e-08
0.0743	1.54034			7430.0	1.16041e-07
0.07435	1.37964			7435.0	5.20029e-08
0.0744	1.28016			7440.0	4.25539e-08
0.07445	1.26995			7445.0	1.64416e-07
0.0745	1.36178			7450.0	5.35429e-07
0.07455	1.40259			7455.0	3.68364e-07
0.0746	1.50463			7460.0	7.53351e-08
0.07465	1.51483			7465.0	5.01275e-08
0.0747	1.39239			7470.0	1.34583e-07
0.07475	1.37198			7475.0	4.39601e-09
0.0748	1.31076			7480.0	6.99987e-09
0.07485	1.33117			7485.0	1.79023e-07
0.0749	1.43065			7490.0	3.92055e-07
0.07495	1.51483			7495.0	1.67531e-07
0.075	1.53779			7500.0	1.75055e-07
0.07505	1.51483			7505.0	1.73384e-07
0.0751	1.43575			7510.0	3.33271e-09
0.07515	1.32607			7515.0	6.4856e-09
0.0752	1.32607			7520.0	2.11167e-08
0.07525	1.34137			7525.0	9.98523e-08
0.0753	1.45106			7530.0	2.66693e-08
0.07535	1.50463			7535.0	4.68482e-08
0.0754	1.53268			7540.0	2.01754e-07
0.07545	1.48167			7545.0	2.26175e-07
0.0755	1.39239			7550.0	1.35306e-07
0.07555	1.32352			7555.0	4.34111e-07
0.0756	1.26995			7560.0	1.45758e-07
0.07565	1.31076			7565.0	6.98015e-08
0.0757	1.40004			7570.0	3.75618e-08
0.07575	1.48167			7575.0	1.56485e-08
0.0758	1.48932			7580.0	1.37281e-07
0.07585	1.36178			7585.0	1.32357e-07
0.0759	1.2521			7590.0	3.66031e-09
0.07595	1.21639			7595.0	1.9068e-07
0.076	1.21383			7600.0	6.9454e-07
0.07605	1.31842			7605.0	1.24747e-06
0.0761	1.37964			7610.0	4.01416e-07
0.07615	1.40514			7615.0	7.42963e-08
0.0762	1.36433			7620.0	9.6024e-08
0.07625	1.30821			7625.0	4.12037e-07
0.0763	1.28016			7630.0	3.63601e-07
0.07635	1.25975			7635.0	1.48376e-07
0.0764	1.29801			7640.0	5.43071e-08
0.07645	1.36433			7645.0	5.51559e-08
0.0765	1.42045			7650.0	5.20462e-08
0.07655	1.45106			7655.0	8.41364e-08
0.0766	1.40004			7660.0	2.17036e-07
0.07665	1.31332			7665.0	3.16166e-07
0.0767	1.2623			7670.0	9.73914e-08
0.07675	1.30056			7675.0	3.0721e-07
0.0768	1.38729			7680.0	2.60951e-07
0.07685	1.50463			7685.0	1.83095e-07
0.0769	1.57095			7690.0	1.43048e-07
0.07695	1.49952			7695.0	4.81543e-09
0.077	1.35413			7700.0	2.87521e-07
0.07705	1.29291			7705.0	5.21328e-07
0.0771	1.30056			7710.0	3.70411e-07
0.07715	1.43065			7715.0	7.16755e-07
0.0772	1.52248			7720.0	9.27239e-07
0.07725	1.58115			7725.0	2.50549e-07
0.0773	1.54289			7730.0	6.1084e-08
0.07735	1.43575			7735.0	1.73894e-07
0.0774	1.37198			7740.0	1.46603e-07
0.07745	1.34903			7745.0	4.03172e-07
0.0775	1.39239			7750.0	1.73032e-07
0.07755	1.4383			7755.0	3.71921e-08
0.0776	1.49187			7760.0	1.98059e-07
0.07765	1.51738			7765.0	4.33038e-07
0.0777	1.45106			7770.0	5.70777e-07
0.07775	1.37453			7775.0	3.32312e-07
0.0778	1.29801			7780.0	6.22125e-09
0.07785	1.30311			7785.0	2.79151e-07
0.0779	1.37964			7790.0	1.4631e-07
0.07795	1.44596			7795.0	4.37152e-08
0.078	1.50973			7800.0	4.71625e-08
0.07805	1.45361			7805.0	1.19227e-07
0.0781	1.36433			7810.0	8.1131e-08
0.07815	1.26485			7815.0	4.36044e-07
0.0782	1.21894			7820.0	7.98086e-07
0.07825	1.26485			7825.0	1.35171e-07
0.0783	1.30311			7830.0	9.6951e-07
0.07835	1.42045			7835.0	8.61437e-07
0.0784	1.44596			7840.0	2.39645e-07
0.07845	1.37709			7845.0	2.89075e-07
0.0785	1.28271			7850.0	6.69568e-08
0.07855	1.20363			7855.0	2.89729e-08
0.0786	1.23679			7860.0	1.07225e-07
0.07865	1.32097			7865.0	6.5475e-07
0.0787	1.37453			7870.0	5.57045e-07
0.07875	1.40514			7875.0	1.44313e-07
0.0788	1.42555			7880.0	1.25754e-08
0.07885	1.37453			7885.0	7.46686e-08
0.0789	1.29801			7890.0	1.4891e-07
0.07895	1.24699			7895.0	2.43512e-07
0.079	1.30311			7900.0	5.17609e-07
0.07905	1.37964			7905.0	1.20911e-06
0.0791	1.47146			7910.0	6.34503e-07
0.07915	1.47912			7915.0	4.29061e-07
0.0792	1.46126			7920.0	4.57947e-08
0.07925	1.4281			7925.0	1.5063e-07
0.0793	1.35158			7930.0	3.47648e-08
0.07935	1.32352			7935.0	3.99797e-07
0.0794	1.40514			7940.0	2.74103e-06
0.07945	1.47912			7945.0	3.95413e-06
0.0795	1.5786			7950.0	9.86141e-07
0.07955	1.56584			7955.0	2.15977e-07
0.0796	1.45361			7960.0	2.07846e-07
0.07965	1.34903			7965.0	1.44438e-07
0.0797	1.30056			7970.0	1.12046e-07
0.07975	1.36433			7975.0	1.96999e-07
0.0798	1.4128			7980.0	6.71251e-08
0.07985	1.47657			7985.0	1.94921e-07
0.0799	1.57095			7990.0	1.72808e-07
0.07995	1.50207			7995.0	1.02458e-06
0.08	1.36688			8000.0	1.61195e-06
0.08005	1.2623			8005.0	8.53436e-07
0.0801	1.23934			8010.0	1.17569e-06
0.08015	1.40514			8015.0	1.3446e-07
0.0802	1.44086			8020.0	2.41824e-07
0.08025	1.47402			8025.0	8.7538e-08
0.0803	1.45871			8030.0	4.99467e-08
0.08035	1.39239			8035.0	1.24457e-07
0.0804	1.31076			8040.0	2.35064e-08
0.08045	1.2572			8045.0	1.71546e-07
0.0805	1.29291			8050.0	7.02944e-08
0.08055	1.38474			8055.0	4.31686e-08
0.0806	1.4383			8060.0	3.43876e-07
0.08065	1.45616			8065.0	1.66225e-07
0.0807	1.4332			8070.0	2.3459e-07
0.08075	1.37198			8075.0	3.03234e-07
0.0808	1.31332			8080.0	1.29128e-07
0.08085	1.2725			8085.0	4.96644e-07
0.0809	1.31332			8090.0	5.43171e-07
0.08095	1.38219			8095.0	4.06493e-07
0.081	1.42555			8100.0	2.56004e-07
0.08105	1.45616			8105.0	2.46664e-07
0.0811	1.42045			8110.0	3.19386e-07
0.08115	1.33627			8115.0	3.24328e-08
0.0812	1.24955			8120.0	7.60775e-08
0.08125	1.24189			8125.0	3.53575e-07
0.0813	1.30821			8130.0	7.45697e-07
0.08135	1.35668			8135.0	3.2784e-07
0.0814	1.41025			8140.0	2.09043e-07
0.08145	1.423			8145.0	4.59048e-07
0.0815	1.4128			8150.0	3.34979e-07
0.08155	1.31587			8155.0	7.43279e-08
0.0816	1.27505			8160.0	2.05369e-07
0.08165	1.31332			8165.0	6.32559e-07
0.0817	1.43065			8170.0	4.46275e-07
0.08175	1.48422			8175.0	2.75756e-07
0.0818	1.44341			8180.0	3.30898e-07
0.08185	1.4332			8185.0	9.13833e-08
0.0819	1.42555			8190.0	2.02623e-08
0.08195	1.36943			8195.0	5.58145e-09
0.082	1.38219			8200.0	4.67103e-07
0.08205	1.44596			8205.0	7.21294e-07
0.0821	1.45106			8210.0	6.66956e-08
0.08215	1.49697			8215.0	3.08202e-08
0.0822	1.46636			8220.0	2.5354e-07
0.08225	1.42045			8225.0	3.01167e-07
0.0823	1.4332			8230.0	1.58574e-07
0.08235	1.38219			8235.0	1.65224e-08
0.0824	1.37964			8240.0	2.49877e-08
0.08245	1.35413			8245.0	8.13584e-09
0.0825	1.37964			8250.0	2.33703e-08
0.08255	1.45616			8255.0	1.25016e-08
0.0826	1.43575			8260.0	3.68418e-08
0.08265	1.31842			8265.0	3.28091e-07
0.0827	1.2776			8270.0	4.44008e-07
0.08275	1.22914			8275.0	7.82439e-08
0.0828	1.28271			8280.0	5.79755e-09
0.08285	1.37198			8285.0	1.90122e-08
0.0829	1.37198			8290.0	3.18166e-09
0.08295	1.31842			8295.0	9.35335e-08
0.083	1.35668			8300.0	5.29676e-07
0.08305	1.34648			8305.0	6.94748e-07
0.0831	1.28271			8310.0	4.16069e-08
0.08315	1.31332			8315.0	1.92708e-08
0.0832	1.34648			8320.0	3.33832e-08
0.08325	1.41025			8325.0	6.00655e-08
0.0833	1.45106			8330.0	1.26652e-07
0.08335	1.4383			8335.0	1.40107e-07
0.0834	1.4179			8340.0	6.51678e-08
0.08345	1.38474			8345.0	6.62677e-09
0.0835	1.33882			8350.0	3.44473e-07
0.08355	1.36433			8355.0	6.55014e-07
0.0836	1.42555			8360.0	1.50728e-07
0.08365	1.51993			8365.0	4.3003e-08
0.0837	1.53013			8370.0	2.01876e-07
0.08375	1.45616			8375.0	3.917e-07
0.0838	1.40004			8380.0	3.24303e-07
0.08385	1.38474			8385.0	6.45547e-08
0.0839	1.4128			8390.0	6.60623e-07
0.08395	1.423			8395.0	1.89731e-07
0.084	1.44596			8400.0	2.06307e-08
0.08405	1.47146			8405.0	3.44563e-08
0.0841	1.43065			8410.0	1.84806e-08
0.08415	1.39749			8415.0	2.30856e-08
0.0842	1.32862			8420.0	2.53901e-08
0.08425	1.31332			8425.0	5.1174e-08
0.0843	1.32097			8430.0	8.81394e-08
0.08435	1.36433			8435.0	2.07726e-07
0.0844	1.39749			8440.0	5.15326e-08
0.08445	1.40514			8445.0	7.54276e-08
0.0845	1.36433			8450.0	1.22468e-07
0.08455	1.32862			8455.0	1.62307e-07
0.0846	1.29036			8460.0	1.67802e-07
0.08465	1.31332			8465.0	4.52151e-07
0.0847	1.35923			8470.0	8.41051e-08
0.08475	1.4128			8475.0	6.28654e-08
0.0848	1.37964			8480.0	1.21239e-08
0.08485	1.35923			8485.0	1.87058e-08
0.0849	1.43575			8490.0	3.35789e-08
0.08495	1.44596			8495.0	2.02744e-09
0.085	1.39749			8500.0	9.24501e-08
0.08505	1.37198			8505.0	9.74551e-08
0.0851	1.36433			8510.0	1.4444e-07
0.08515	1.4128			8515.0	4.62328e-07
0.0852	1.46381			8520.0	7.63479e-07
0.08525	1.44341			8525.0	7.03721e-07
0.0853	1.37198			8530.0	2.10994e-07
0.08535	1.33882			8535.0	5.73417e-07
0.0854	1.32607			8540.0	2.4667e-07
0.08545	1.33372			8545.0	1.33866e-09
0.0855	1.41535			8550.0	1.74481e-08
0.08555	1.423			8555.0	1.176e-07
0.0856	1.38984			8560.0	5.88938e-08
0.08565	1.38729			8565.0	1.23515e-07
0.0857	1.33372			8570.0	2.61347e-07
0.08575	1.31842			8575.0	2.43712e-08
0.0858	1.34393			8580.0	1.06177e-07
0.08585	1.35668			8585.0	2.42015e-07
0.0859	1.40514			8590.0	2.89987e-07
0.08595	1.48422			8595.0	5.49646e-08
0.086	1.44086			8600.0	2.16566e-07
0.08605	1.40514			8605.0	3.48955e-07
0.0861	1.38729			8610.0	3.17335e-08
0.08615	1.39239			8615.0	6.7566e-08
0.0862	1.4281			8620.0	1.06916e-07
0.08625	1.4332			8625.0	4.03527e-07
0.0863	1.44086			8630.0	6.48188e-08
0.08635	1.44086			8635.0	5.70269e-08
0.0864	1.41535			8640.0	3.90932e-08
0.08645	1.45616			8645.0	5.15299e-09
0.0865	1.46636			8650.0	1.1823e-07
0.08655	1.4128			8655.0	8.27349e-08
0.0866	1.38474			8660.0	1.15853e-07
0.08665	1.39749			8665.0	6.6375e-08
0.0867	1.44596			8670.0	8.05355e-08
0.08675	1.44341			8675.0	2.14553e-07
0.0868	1.4281			8680.0	2.58218e-07
0.08685	1.38474			8685.0	2.32556e-07
0.0869	1.37453			8690.0	1.59951e-07
0.08695	1.32352			8695.0	2.70476e-07
0.087	1.33627			8700.0	1.04178e-06
0.08705	1.37198			8705.0	7.29396e-07
0.0871	1.35668			8710.0	1.83073e-07
0.08715	1.34648			8715.0	3.02661e-07
0.0872	1.32607			8720.0	5.08875e-07
0.08725	1.31332			8725.0	3.24094e-07
0.0873	1.32862			8730.0	1.17108e-07
0.08735	1.34393			8735.0	3.1202e-07
0.0874	1.37709			8740.0	1.4164e-09
0.08745	1.38729			8745.0	7.62065e-08
0.0875	1.38219			8750.0	3.34928e-07
0.08755	1.42045			8755.0	4.20504e-07
0.0876	1.40259			8760.0	1.24188e-09
0.08765	1.35158			8765.0	1.56136e-08
0.0877	1.33882			8770.0	1.57725e-07
0.08775	1.35158			8775.0	1.97362e-08
0.0878	1.40514			8780.0	7.18479e-09
0.08785	1.44086			8785.0	7.07231e-08
0.0879	1.44851			8790.0	3.07408e-07
0.08795	1.40259			8795.0	2.24555e-07
0.088	1.36433			8800.0	3.4383e-08
0.08805	1.35923			8805.0	7.49895e-08
0.0881	1.35668			8810.0	2.01044e-07
0.08815	1.38729			8815.0	5.2227e-08
0.0882	1.4383			8820.0	9.15266e-09
0.08825	1.4179			8825.0	8.3043e-09
0.0883	1.40259			8830.0	7.21099e-08
0.08835	1.39494			8835.0	2.43906e-07
0.0884	1.33372			8840.0	1.89842e-07
0.08845	1.31332			8845.0	1.47079e-07
0.0885	1.29546			8850.0	4.3983e-08
0.08855	1.34648			8855.0	9.55566e-08
0.0886	1.423			8860.0	1.31017e-07
0.08865	1.45361			8865.0	4.98132e-08
0.0887	1.43065			8870.0	1.59074e-07
0.08875	1.37964			8875.0	2.39883e-07
0.0888	1.33882			8880.0	2.85598e-08
0.08885	1.33372			8885.0	1.05818e-07
0.0889	1.34393			8890.0	1.68504e-07
0.08895	1.39239			8895.0	3.30056e-08
0.089	1.40004			8900.0	1.23882e-08
0.08905	1.47912			8905.0	3.96525e-08
0.0891	1.48422			8910.0	4.73217e-08
0.08915	1.43575			8915.0	6.40934e-09
0.0892	1.41535			8920.0	1.50435e-07
0.08925	1.31076			8925.0	4.65075e-08
0.0893	1.30311			8930.0	6.98334e-08
0.08935	1.37453			8935.0	3.02133e-08
0.0894	1.40514			8940.0	1.69553e-08
0.08945	1.39239			8945.0	2.91659e-08
0.0895	1.35413			8950.0	4.73299e-08
0.08955	1.40514			8955.0	1.27492e-07
0.0896	1.38219			8960.0	2.39807e-07
0.08965	1.35413			8965.0	1.59086e-07
0.0897	1.30566			8970.0	2.5821e-07
0.08975	1.31587			8975.0	3.0367e-07
0.0898	1.35158			8980.0	2.27559e-08
0.08985	1.40259			8985.0	5.99221e-08
0.0899	1.38474			8990.0	3.84547e-08
0.08995	1.37964			8995.0	2.46391e-08
0.09	1.33117			9000.0	1.58755e-07
0.09005	1.29801			9005.0	1.81585e-07
0.0901	1.38474			9010.0	7.58474e-08
0.09015	1.46381			9015.0	4.76096e-08
0.0902	1.44596			9020.0	9.61194e-08
0.09025	1.44341			9025.0	1.53896e-08
0.0903	1.4179			9030.0	6.13819e-08
0.09035	1.46636			9035.0	7.96692e-08
0.0904	1.37964			9040.0	5.78724e-08
0.09045	1.36943			9045.0	1.31733e-07
0.0905	1.36433			9050.0	3.8845e-07
0.09055	1.39239			9055.0	1.91633e-07
0.0906	1.46381			9060.0	1.28803e-07
0.09065	1.43065			9065.0	5.09452e-08
0.0907	1.4128			9070.0	3.83413e-08
0.09075	1.37453			9075.0	6.65935e-08
0.0908	1.38729			9080.0	3.83221e-08
0.09085	1.36433			9085.0	2.04984e-07
0.0909	1.33882			9090.0	3.35741e-07
0.09095	1.30311			9095.0	8.26344e-08
0.091	1.36178			9100.0	1.34999e-08
0.09105	1.40259			9105.0	7.54298e-08
0.0911	1.423			9110.0	1.8598e-07
0.09115	1.41025			9115.0	1.57256e-08
0.0912	1.33117			9120.0	5.27369e-08
0.09125	1.36178			9125.0	8.3751e-09
0.0913	1.34903			9130.0	1.28889e-07
0.09135	1.34393			9135.0	2.33946e-08
0.0914	1.4179			9140.0	1.79295e-07
0.09145	1.38219			9145.0	4.30585e-07
0.0915	1.42045			9150.0	8.30537e-08
0.09155	1.43575			9155.0	8.43458e-08
0.0916	1.44596			9160.0	9.38449e-08
0.09165	1.38219			9165.0	1.19003e-08
0.0917	1.31842			9170.0	1.63882e-07
0.09175	1.4281			9175.0	7.58841e-08
0.0918	1.44086			9180.0	1.19691e-07
0.09185	1.46891			9185.0	1.50147e-07
0.0919	1.39494			9190.0	1.41748e-07
0.09195	1.33882			9195.0	3.95154e-07
0.092	1.33372			9200.0	1.77641e-07
0.09205	1.40259			9205.0	2.09499e-07
0.0921	1.41025			9210.0	2.72146e-07
0.09215	1.4281			9215.0	5.36973e-08
0.0922	1.37964			9220.0	6.93127e-09
0.09225	1.39494			9225.0	3.05755e-08
0.0923	1.38219			9230.0	1.01213e-07
0.09235	1.34903			9235.0	2.85654e-08
0.0924	1.33117			9240.0	4.9468e-08
0.09245	1.30311			9245.0	4.59598e-08
0.0925	1.33372			9250.0	7.39862e-08
0.09255	1.40004			9255.0	3.71832e-08
0.0926	1.43575			9260.0	5.19536e-08
0.09265	1.46381			9265.0	4.1179e-08
0.0927	1.38729			9270.0	1.06927e-07
0.09275	1.35413			9275.0	1.57542e-08
0.0928	1.33882			9280.0	9.79555e-08
0.09285	1.35668			9285.0	8.98497e-08
0.0929	1.38219			9290.0	9.09202e-08
0.09295	1.46381			9295.0	4.37594e-07
0.093	1.53779			9300.0	7.5723e-07
0.09305	1.47657			9305.0	2.96874e-07
0.0931	1.39494			9310.0	8.17025e-08
0.09315	1.39749			9315.0	1.88927e-07
0.0932	1.36433			9320.0	1.12985e-07
0.09325	1.39749			9325.0	6.48239e-08
0.0933	1.40259			9330.0	1.60517e-07
0.09335	1.43575			9335.0	5.02091e-08
0.0934	1.38474			9340.0	5.3904e-08
0.09345	1.4077			9345.0	3.54169e-08
0.0935	1.43065			9350.0	3.66393e-08
0.09355	1.38474			9355.0	1.03113e-07
0.0936	1.34393			9360.0	1.13536e-07
0.09365	1.34648			9365.0	5.03892e-08
0.0937	1.30056			9370.0	1.31421e-07
0.09375	1.34903			9375.0	1.82532e-07
0.0938	1.38984			9380.0	8.30204e-08
0.09385	1.36433			9385.0	3.17132e-08
0.0939	1.32097			9390.0	1.44903e-08
0.09395	1.27505			9395.0	1.44603e-07
0.094	1.28271			9400.0	3.36258e-07
0.09405	1.30311			9405.0	1.07999e-07
0.0941	1.37964			9410.0	1.53193e-08
0.09415	1.39494			9415.0	1.95276e-07
0.0942	1.423			9420.0	3.03631e-07
0.09425	1.41535			9425.0	2.68189e-07
0.0943	1.34137			9430.0	1.22611e-07
0.09435	1.31332			9435.0	4.74534e-09
0.0944	1.33882			9440.0	1.31598e-07
0.09445	1.39494			9445.0	3.42988e-07
0.0945	1.48677			9450.0	1.23028e-07
0.09455	1.44596			9455.0	6.60275e-08
0.0946	1.45361			9460.0	2.04031e-07
0.09465	1.44596			9465.0	4.12542e-07
0.0947	1.44851			9470.0	5.19857e-08
0.09475	1.42555			9475.0	2.32075e-07
0.0948	1.44596			9480.0	1.251e-07
0.09485	1.44851			9485.0	6.39429e-08
0.0949	1.43575			9490.0	1.35396e-07
0.09495	1.42045			9495.0	1.08217e-07
0.095	1.43575			9500.0	7.7526e-08
0.09505	1.42045			9505.0	2.58744e-07
0.0951	1.4128			9510.0	3.90548e-07
0.09515	1.42555			9515.0	8.36913e-08
0.0952	1.43065			9520.0	6.07363e-08
0.09525	1.44341			9525.0	6.47574e-08
0.0953	1.45106			9530.0	4.39017e-08
0.09535	1.32352			9535.0	7.12195e-10
0.0954	1.28781			9540.0	7.07571e-09
0.09545	1.32862			9545.0	2.2383e-07
0.0955	1.37964			9550.0	2.03414e-07
0.09555	1.39749			9555.0	3.32148e-08
0.0956	1.4332			9560.0	3.28931e-08
0.09565	1.44086			9565.0	3.02556e-07
0.0957	1.4077			9570.0	2.84103e-07
0.09575	1.37198			9575.0	2.3358e-08
0.0958	1.34903			9580.0	2.08638e-07
0.09585	1.29546			9585.0	3.16755e-07
0.0959	1.30821			9590.0	8.01242e-08
0.09595	1.35413			9595.0	9.81737e-08
0.096	1.38219			9600.0	2.49941e-07
0.09605	1.40514			9605.0	1.93675e-07
0.0961	1.34648			9610.0	5.96019e-08
0.09615	1.31076			9615.0	4.45521e-08
0.0962	1.31076			9620.0	1.21792e-07
0.09625	1.34393			9625.0	1.53703e-07
0.0963	1.36178			9630.0	6.60598e-08
0.09635	1.4332			9635.0	1.79977e-07
0.0964	1.44086			9640.0	4.86039e-09
0.09645	1.40514			9645.0	1.07416e-07
0.0965	1.40514			9650.0	8.7103e-08
0.09655	1.38984			9655.0	4.85211e-09
0.0966	1.33117			9660.0	1.05794e-07
0.09665	1.37964			9665.0	7.86651e-08
0.0967	1.40004			9670.0	1.02216e-07
0.09675	1.42555			9675.0	8.60722e-08
0.0968	1.39749			9680.0	1.43374e-07
0.09685	1.35158			9685.0	2.84873e-07
0.0969	1.33117			9690.0	2.73157e-07
0.09695	1.34648			9695.0	4.24912e-07
0.097	1.4332			9700.0	3.29662e-07
0.09705	1.48167			9705.0	7.87688e-08
0.0971	1.47912			9710.0	1.83545e-08
0.09715	1.50718			9715.0	8.39524e-08
0.0972	1.46126			9720.0	6.32358e-08
0.09725	1.38984			9725.0	4.07717e-08
0.0973	1.32862			9730.0	1.5622e-07
0.09735	1.36178			9735.0	3.00108e-07
0.0974	1.43065			9740.0	3.86093e-07
0.09745	1.44341			9745.0	1.06287e-07
0.0975	1.47402			9750.0	5.83752e-08
0.09755	1.42555			9755.0	4.29377e-07
0.0976	1.4077			9760.0	6.91409e-07
0.09765	1.33372			9765.0	3.6657e-07
0.0977	1.29546			9770.0	1.01661e-07
0.09775	1.33117			9775.0	4.3848e-08
0.0978	1.37964			9780.0	7.20861e-08
0.09785	1.42555			9785.0	1.94473e-07
0.0979	1.50207			9790.0	1.29694e-07
0.09795	1.39239			9795.0	6.32309e-08
0.098	1.35668			9800.0	9.5507e-08
0.09805	1.33372			9805.0	2.02847e-09
0.0981	1.30056			9810.0	1.56566e-08
0.09815	1.31332			9815.0	7.92394e-09
0.0982	1.31842			9820.0	1.91593e-08
0.09825	1.38219			9825.0	2.4422e-08
0.0983	1.4332			9830.0	3.03558e-09
0.09835	1.38219			9835.0	7.58961e-08
0.0984	1.30056			9840.0	1.63356e-07
0.09845	1.2674			9845.0	1.44388e-07
0.0985	1.31842			9850.0	4.02557e-08
0.09855	1.39749			9855.0	3.83446e-09
0.0986	1.45361			9860.0	5.03452e-08
0.09865	1.45871			9865.0	1.30402e-07
0.0987	1.43065			9870.0	6.81814e-08
0.09875	1.39749			9875.0	8.34269e-08
0.0988	1.38729			9880.0	1.17821e-07
0.09885	1.35668			9885.0	9.52777e-08
0.0989	1.30821			9890.0	2.76762e-07
0.09895	1.34137			9895.0	1.98323e-07
0.099	1.40259			9900.0	2.4463e-07
0.09905	1.40514			9905.0	4.10661e-07
0.0991	1.40514			9910.0	1.15646e-07
0.09915	1.42555			9915.0	3.08625e-08
0.0992	1.36943			9920.0	1.08895e-08
0.09925	1.35158			9925.0	1.21494e-08
0.0993	1.40259			9930.0	1.31407e-08
0.09935	1.37964			9935.0	3.04268e-09
0.0994	1.39239			9940.0	1.38315e-07
0.09945	1.37198			9945.0	3.78273e-07
0.0995	1.37453			9950.0	3.02888e-07
0.09955	1.43065			9955.0	3.00178e-07
0.0996	1.4383			9960.0	2.10623e-07
0.09965	1.47657			9965.0	8.99127e-08
0.0997	1.48677			9970.0	1.21838e-07
0.09975	1.46636			9975.0	3.95528e-07
0.0998	1.4179			9980.0	4.75786e-07
0.09985	1.35158			9985.0	1.07214e-07
0.0999	1.36433			9990.0	4.65886e-08
0.09995	1.38219			9995.0	9.37338e-09
0.1	1.43065				
0.10005	1.48677				
0.1001	1.49442				
0.10015	1.42555				
0.1002	1.34137				
0.10025	1.31842				
0.1003	1.35413				
0.10035	1.42045				
0.1004	1.40004				
0.10045	1.4128				
0.1005	1.423				
0.10055	1.36178				
0.1006	1.24955				
0.10065	1.25975				
0.1007	1.28781				
0.10075	1.31842				
0.1008	1.38984				
0.10085	1.43575				
0.1009	1.40259				
0.10095	1.31842				
0.101	1.23679				
0.10105	1.28271				
0.1011	1.37453				
0.10115	1.44086				
0.1012	1.42555				
0.10125	1.45616				
0.1013	1.44851				
0.10135	1.35668				
0.1014	1.35923				
0.10145	1.36178				
0.1015	1.38219				
0.10155	1.48167				
0.1016	1.55819				
0.10165	1.53013				
0.1017	1.45361				
0.10175	1.42045				
0.1018	1.4077				
0.10185	1.45871				
0.1019	1.46126				
0.10195	1.42045				
0.102	1.43575				
0.10205	1.42555				
0.1021	1.36688				
0.10215	1.32352				
0.1022	1.32607				
0.10225	1.37453				
0.1023	1.45616				
0.10235	1.4332				
0.1024	1.38474				
0.10245	1.33372				
0.1025	1.27505				
0.10255	1.32607				
0.1026	1.33882				
0.10265	1.423				
0.1027	1.43575				
0.10275	1.44341				
0.1028	1.46126				
0.10285	1.40514				
0.1029	1.34903				
0.10295	1.34648				
0.103	1.43065				
0.10305	1.49952				
0.1031	1.49442				
0.10315	1.47402				
0.1032	1.44341				
0.10325	1.4128				
0.1033	1.37709				
0.10335	1.38219				
0.1034	1.38729				
0.10345	1.44341				
0.1035	1.45361				
0.10355	1.4179				
0.1036	1.37964				
0.10365	1.31332				
0.1037	1.31332				
0.10375	1.33372				
0.1038	1.38729				
0.10385	1.38474				
0.1039	1.38984				
0.10395	1.36178				
0.104	1.32352				
0.10405	1.30566				
0.1041	1.33627				
0.10415	1.38474				
0.1042	1.44341				
0.10425	1.46126				
0.1043	1.44596				
0.10435	1.4179				
0.1044	1.34903				
0.10445	1.35158				
0.1045	1.41025				
0.10455	1.46636				
0.1046	1.48677				
0.10465	1.45871				
0.1047	1.45361				
0.10475	1.4332				
0.1048	1.36943				
0.10485	1.35668				
0.1049	1.37453				
0.10495	1.40004				
0.105	1.46891				
0.10505	1.47657				
0.1051	1.37453				
0.10515	1.30566				
0.1052	1.28271				
0.10525	1.31332				
0.1053	1.37453				
0.10535	1.36178				
0.1054	1.40004				
0.10545	1.34393				
0.1055	1.30311				
0.10555	1.30056				
0.1056	1.2674				
0.10565	1.31076				
0.1057	1.38219				
0.10575	1.423				
0.1058	1.46126				
0.10585	1.35923				
0.1059	1.26995				
0.10595	1.29036				
0.106	1.30311				
0.10605	1.32607				
0.1061	1.33627				
0.10615	1.42045				
0.1062	1.44341				
0.10625	1.39494				
0.1063	1.33117				
0.10635	1.28271				
0.1064	1.29036				
0.10645	1.38984				
0.1065	1.44341				
0.10655	1.46381				
0.1066	1.39239				
0.10665	1.36688				
0.1067	1.38474				
0.10675	1.35923				
0.1068	1.36433				
0.10685	1.35158				
0.1069	1.37964				
0.10695	1.31842				
0.107	1.37453				
0.10705	1.31842				
0.1071	1.29291				
0.10715	1.33627				
0.1072	1.37453				
0.10725	1.38474				
0.1073	1.31842				
0.10735	1.28526				
0.1074	1.32352				
0.10745	1.35413				
0.1075	1.32862				
0.10755	1.31076				
0.1076	1.32097				
0.10765	1.36178				
0.1077	1.34903				
0.10775	1.31587				
0.1078	1.31587				
0.10785	1.30311				
0.1079	1.36433				
0.10795	1.4281				
0.108	1.45616				
0.10805	1.37964				
0.1081	1.36178				
0.10815	1.36433				
0.1082	1.40004				
0.10825	1.35923				
0.1083	1.36943				
0.10835	1.43065				
0.1084	1.44341				
0.10845	1.46636				
0.1085	1.42555				
0.10855	1.34393				
0.1086	1.34137				
0.10865	1.35668				
0.1087	1.38474				
0.10875	1.40514				
0.1088	1.37709				
0.10885	1.40514				
0.1089	1.40514				
0.10895	1.40259				
0.109	1.37453				
0.10905	1.35668				
0.1091	1.36178				
0.10915	1.36178				
0.1092	1.39494				
0.10925	1.38219				
0.1093	1.34903				
0.10935	1.38729				
0.1094	1.36943				
0.10945	1.39749				
0.1095	1.37964				
0.10955	1.37453				
0.1096	1.37453				
0.10965	1.41025				
0.1097	1.36433				
0.10975	1.37453				
0.1098	1.4077				
0.10985	1.45361				
0.1099	1.46126				
0.10995	1.45106				
0.11	1.38474				
0.11005	1.34393				
0.1101	1.35413				
0.11015	1.39749				
0.1102	1.44851				
0.11025	1.36178				
0.1103	1.33372				
0.11035	1.38219				
0.1104	1.34648				
0.11045	1.35923				
0.1105	1.38984				
0.11055	1.4281				
0.1106	1.47912				
0.11065	1.47402				
0.1107	1.35158				
0.11075	1.25975				
0.1108	1.30311				
0.11085	1.37453				
0.1109	1.42045				
0.11095	1.42555				
0.111	1.42555				
0.11105	1.423				
0.1111	1.42555				
0.11115	1.40259				
0.1112	1.35413				
0.11125	1.37198				
0.1113	1.39494				
0.11135	1.44596				
0.1114	1.43065				
0.11145	1.4332				
0.1115	1.38219				
0.11155	1.34648				
0.1116	1.40004				
0.11165	1.39494				
0.1117	1.36433				
0.11175	1.36943				
0.1118	1.36943				
0.11185	1.39239				
0.1119	1.34903				
0.11195	1.36943				
0.112	1.42555				
0.11205	1.423				
0.1121	1.45871				
0.11215	1.423				
0.1122	1.32607				
0.11225	1.31332				
0.1123	1.40004				
0.11235	1.45361				
0.1124	1.41535				
0.11245	1.37198				
0.1125	1.41535				
0.11255	1.40259				
0.1126	1.37964				
0.11265	1.36943				
0.1127	1.35923				
0.11275	1.42555				
0.1128	1.43575				
0.11285	1.38729				
0.1129	1.37964				
0.11295	1.30821				
0.113	1.36433				
0.11305	1.423				
0.1131	1.44596				
0.11315	1.42045				
0.1132	1.39494				
0.11325	1.44086				
0.1133	1.43065				
0.11335	1.4128				
0.1134	1.44851				
0.11345	1.43575				
0.1135	1.48167				
0.11355	1.50207				
0.1136	1.45616				
0.11365	1.38219				
0.1137	1.34137				
0.11375	1.38219				
0.1138	1.48677				
0.11385	1.48677				
0.1139	1.45616				
0.11395	1.37964				
0.114	1.34137				
0.11405	1.32607				
0.1141	1.34903				
0.11415	1.38219				
0.1142	1.423				
0.11425	1.46636				
0.1143	1.40259				
0.11435	1.35413				
0.1144	1.31842				
0.11445	1.23169				
0.1145	1.2725				
0.11455	1.32862				
0.1146	1.40259				
0.11465	1.47146				
0.1147	1.40259				
0.11475	1.35923				
0.1148	1.33372				
0.11485	1.36943				
0.1149	1.4179				
0.11495	1.4383				
0.115	1.51228				
0.11505	1.49442				
0.1151	1.42045				
0.11515	1.34137				
0.1152	1.30566				
0.11525	1.33882				
0.1153	1.40514				
0.11535	1.46636				
0.1154	1.47912				
0.11545	1.46381				
0.1155	1.48422				
0.11555	1.32607				
0.1156	1.37964				
0.11565	1.36943				
0.1157	1.37198				
0.11575	1.40514				
0.1158	1.39494				
0.11585	1.34393				
0.1159	1.4179				
0.11595	1.4281				
0.116	1.36433				
0.11605	1.36433				
0.1161	1.37964				
0.11615	1.36943				
0.1162	1.33882				
0.11625	1.34648				
0.1163	1.40004				
0.11635	1.46126				
0.1164	1.47146				
0.11645	1.40514				
0.1165	1.42555				
0.11655	1.42045				
0.1166	1.39494				
0.11665	1.33627				
0.1167	1.33627				
0.11675	1.36178				
0.1168	1.45361				
0.11685	1.43575				
0.1169	1.36433				
0.11695	1.31332				
0.117	1.40514				
0.11705	1.43575				
0.1171	1.4128				
0.11715	1.33882				
0.1172	1.32352				
0.11725	1.36178				
0.1173	1.33882				
0.11735	1.31842				
0.1174	1.38729				
0.11745	1.4128				
0.1175	1.47146				
0.11755	1.49442				
0.1176	1.45616				
0.11765	1.30311				
0.1177	1.29036				
0.11775	1.37964				
0.1178	1.47402				
0.11785	1.48677				
0.1179	1.52248				
0.11795	1.47912				
0.118	1.39749				
0.11805	1.37198				
0.1181	1.29291				
0.11815	1.28526				
0.1182	1.43575				
0.11825	1.54544				
0.1183	1.56329				
0.11835	1.4281				
0.1184	1.28271				
0.11845	1.20618				
0.1185	1.2521				
0.11855	1.4128				
0.1186	1.46891				
0.11865	1.45616				
0.1187	1.39239				
0.11875	1.31332				
0.1188	1.29801				
0.11885	1.23679				
0.1189	1.24444				
0.11895	1.39749				
0.119	1.52248				
0.11905	1.54544				
0.1191	1.42045				
0.11915	1.35923				
0.1192	1.31332				
0.11925	1.34648				
0.1193	1.41025				
0.11935	1.4332				
0.1194	1.47402				
0.11945	1.48677				
0.1195	1.42045				
0.11955	1.29036				
0.1196	1.22149				
0.11965	1.28271				
0.1197	1.44341				
0.11975	1.52503				
0.1198	1.54289				
0.11985	1.39494				
0.1199	1.28526				
0.11995	1.2521				
0.12	1.30056				
0.12005	1.37198				
0.1201	1.42555				
0.12015	1.43575				
0.1202	1.39749				
0.12025	1.36433				
0.1203	1.35413				
0.12035	1.2776				
0.1204	1.25465				
0.12045	1.33372				
0.1205	1.49697				
0.12055	1.53523				
0.1206	1.43575				
0.12065	1.37964				
0.1207	1.37709				
0.12075	1.34393				
0.1208	1.35923				
0.12085	1.49187				
0.1209	1.5786				
0.12095	1.53013				
0.121	1.42555				
0.12105	1.29036				
0.1211	1.23169				
0.12115	1.28526				
0.1212	1.46381				
0.12125	1.51738				
0.1213	1.4383				
0.12135	1.37453				
0.1214	1.32607				
0.12145	1.33882				
0.1215	1.31332				
0.12155	1.34393				
0.1216	1.39494				
0.12165	1.37198				
0.1217	1.43065				
0.12175	1.47912				
0.1218	1.35158				
0.12185	1.2623				
0.1219	1.24699				
0.12195	1.33627				
0.122	1.45616				
0.12205	1.42045				
0.1221	1.39239				
0.12215	1.4128				
0.1222	1.36943				
0.12225	1.37964				
0.1223	1.39494				
0.12235	1.44596				
0.1224	1.52503				
0.12245	1.47146				
0.1225	1.36688				
0.12255	1.25975				
0.1226	1.32097				
0.12265	1.41025				
0.1227	1.4281				
0.12275	1.40004				
0.1228	1.32862				
0.12285	1.34137				
0.1229	1.4077				
0.12295	1.4179				
0.123	1.44596				
0.12305	1.423				
0.1231	1.34137				
0.12315	1.40514				
0.1232	1.38219				
0.12325	1.34648				
0.1233	1.32607				
0.12335	1.36433				
0.1234	1.35923				
0.12345	1.4077				
0.1235	1.37198				
0.12355	1.33117				
0.1236	1.35413				
0.12365	1.44086				
0.1237	1.49442				
0.12375	1.46891				
0.1238	1.4281				
0.12385	1.44596				
0.1239	1.42045				
0.12395	1.38474				
0.124	1.30821				
0.12405	1.33627				
0.1241	1.45106				
0.12415	1.46126				
0.1242	1.44341				
0.12425	1.34903				
0.1243	1.32352				
0.12435	1.29801				
0.1244	1.35413				
0.12445	1.43575				
0.1245	1.50463				
0.12455	1.42555				
0.1246	1.36943				
0.12465	1.35413				
0.1247	1.30821				
0.12475	1.33117				
0.1248	1.39749				
0.12485	1.44851				
0.1249	1.46636				
0.12495	1.4128				
0.125	1.32862				
0.12505	1.26995				
0.1251	1.31332				
0.12515	1.40259				
0.1252	1.49187				
0.12525	1.51228				
0.1253	1.47402				
0.12535	1.46636				
0.1254	1.40004				
0.12545	1.2623				
0.1255	1.28016				
0.12555	1.34648				
0.1256	1.43575				
0.12565	1.49697				
0.1257	1.40259				
0.12575	1.33627				
0.1258	1.28526				
0.12585	1.20873				
0.1259	1.29546				
0.12595	1.37453				
0.126	1.44341				
0.12605	1.44341				
0.1261	1.39494				
0.12615	1.31842				
0.1262	1.2572				
0.12625	1.31842				
0.1263	1.38474				
0.12635	1.46636				
0.1264	1.45106				
0.12645	1.4077				
0.1265	1.31332				
0.12655	1.26995				
0.1266	1.31332				
0.12665	1.44086				
0.1267	1.49187				
0.12675	1.47146				
0.1268	1.44851				
0.12685	1.46381				
0.1269	1.40259				
0.12695	1.31842				
0.127	1.34393				
0.12705	1.4077				
0.1271	1.47657				
0.12715	1.47402				
0.1272	1.4383				
0.12725	1.4077				
0.1273	1.33627				
0.12735	1.32352				
0.1274	1.38474				
0.12745	1.46636				
0.1275	1.49187				
0.12755	1.46636				
0.1276	1.38219				
0.12765	1.26485				
0.1277	1.28271				
0.12775	1.37198				
0.1278	1.43575				
0.12785	1.44596				
0.1279	1.423				
0.12795	1.38729				
0.128	1.29801				
0.12805	1.2572				
0.1281	1.32097				
0.12815	1.4281				
0.1282	1.44851				
0.12825	1.44851				
0.1283	1.39494				
0.12835	1.39749				
0.1284	1.30311				
0.12845	1.24699				
0.1285	1.29291				
0.12855	1.37709				
0.1286	1.45871				
0.12865	1.4281				
0.1287	1.35668				
0.12875	1.28781				
0.1288	1.2521				
0.12885	1.40259				
0.1289	1.46126				
0.12895	1.51483				
0.129	1.53013				
0.12905	1.46126				
0.1291	1.35923				
0.12915	1.28781				
0.1292	1.30566				
0.12925	1.39494				
0.1293	1.48167				
0.12935	1.53779				
0.1294	1.54799				
0.12945	1.45361				
0.1295	1.28016				
0.12955	1.28271				
0.1296	1.33372				
0.12965	1.45616				
0.1297	1.53013				
0.12975	1.55819				
0.1298	1.46891				
0.12985	1.34903				
0.1299	1.2725				
0.12995	1.24189				
0.13	1.29036				
0.13005	1.423				
0.1301	1.46636				
0.13015	1.45616				
0.1302	1.35923				
0.13025	1.29291				
0.1303	1.24955				
0.13035	1.26485				
0.1304	1.35413				
0.13045	1.47657				
0.1305	1.53268				
0.13055	1.44086				
0.1306	1.2521				
0.13065	1.20108				
0.1307	1.18322				
0.13075	1.34393				
0.1308	1.38984				
0.13085	1.4128				
0.1309	1.34137				
0.13095	1.33372				
0.131	1.28781				
0.13105	1.24189				
0.1311	1.29036				
0.13115	1.40004				
0.1312	1.46891				
0.13125	1.4332				
0.1313	1.42555				
0.13135	1.37453				
0.1314	1.36433				
0.13145	1.2725				
0.1315	1.21639				
0.13155	1.34137				
0.1316	1.45616				
0.13165	1.50207				
0.1317	1.4179				
0.13175	1.30311				
0.1318	1.26995				
0.13185	1.32862				
0.1319	1.4077				
0.13195	1.48167				
0.132	1.50973				
0.13205	1.41535				
0.1321	1.36943				
0.13215	1.2521				
0.1322	1.28271				
0.13225	1.36433				
0.1323	1.42045				
0.13235	1.41535				
0.1324	1.38729				
0.13245	1.38474				
0.1325	1.36433				
0.13255	1.31587				
0.1326	1.32862				
0.13265	1.45616				
0.1327	1.55819				
0.13275	1.50463				
0.1328	1.40004				
0.13285	1.36688				
0.1329	1.35158				
0.13295	1.32862				
0.133	1.31332				
0.13305	1.35923				
0.1331	1.43575				
0.13315	1.46636				
0.1332	1.37198				
0.13325	1.30311				
0.1333	1.29801				
0.13335	1.37709				
0.1334	1.47402				
0.13345	1.50463				
0.1335	1.45361				
0.13355	1.40259				
0.1336	1.31842				
0.13365	1.28271				
0.1337	1.30821				
0.13375	1.40514				
0.1338	1.44596				
0.13385	1.44341				
0.1339	1.41535				
0.13395	1.34137				
0.134	1.29801				
0.13405	1.29801				
0.1341	1.36433				
0.13415	1.47146				
0.1342	1.54289				
0.13425	1.52248				
0.1343	1.39749				
0.13435	1.34393				
0.1344	1.30311				
0.13445	1.32352				
0.1345	1.33882				
0.13455	1.38984				
0.1346	1.45106				
0.13465	1.42045				
0.1347	1.31842				
0.13475	1.19343				
0.1348	1.19598				
0.13485	1.31332				
0.1349	1.42045				
0.13495	1.48422				
0.135	1.42045				
0.13505	1.36433				
0.1351	1.23424				
0.13515	1.20363				
0.1352	1.29546				
0.13525	1.36178				
0.1353	1.423				
0.13535	1.44341				
0.1354	1.45106				
0.13545	1.38219				
0.1355	1.30056				
0.13555	1.30056				
0.1356	1.36688				
0.13565	1.50207				
0.1357	1.60156				
0.13575	1.599				
0.1358	1.46126				
0.13585	1.36178				
0.1359	1.40514				
0.13595	1.41535				
0.136	1.44851				
0.13605	1.54799				
0.1361	1.58625				
0.13615	1.54799				
0.1362	1.42045				
0.13625	1.32352				
0.1363	1.31332				
0.13635	1.36178				
0.1364	1.4128				
0.13645	1.44596				
0.1365	1.4383				
0.13655	1.38984				
0.1366	1.32097				
0.13665	1.2725				
0.1367	1.24955				
0.13675	1.30056				
0.1368	1.37709				
0.13685	1.38474				
0.1369	1.38474				
0.13695	1.27505				
0.137	1.24699				
0.13705	1.24699				
0.1371	1.30311				
0.13715	1.38219				
0.1372	1.44596				
0.13725	1.41535				
0.1373	1.4281				
0.13735	1.33627				
0.1374	1.34137				
0.13745	1.32352				
0.1375	1.38474				
0.13755	1.48422				
0.1376	1.52503				
0.13765	1.46381				
0.1377	1.35413				
0.13775	1.31076				
0.1378	1.37709				
0.13785	1.39749				
0.1379	1.46381				
0.13795	1.50973				
0.138	1.46891				
0.13805	1.48422				
0.1381	1.38984				
0.13815	1.30566				
0.1382	1.28781				
0.13825	1.41025				
0.1383	1.53779				
0.13835	1.56074				
0.1384	1.47402				
0.13845	1.35923				
0.1385	1.24955				
0.13855	1.2674				
0.1386	1.2776				
0.13865	1.34137				
0.1387	1.44596				
0.13875	1.48677				
0.1388	1.44596				
0.13885	1.34137				
0.1389	1.21639				
0.13895	1.21639				
0.139	1.28781				
0.13905	1.43065				
0.1391	1.49187				
0.13915	1.44086				
0.1392	1.39494				
0.13925	1.31076				
0.1393	1.28781				
0.13935	1.29036				
0.1394	1.36178				
0.13945	1.44341				
0.1395	1.55309				
0.13955	1.50463				
0.1396	1.39494				
0.13965	1.2776				
0.1397	1.2572				
0.13975	1.29546				
0.1398	1.44596				
0.13985	1.49697				
0.1399	1.46381				
0.13995	1.40514				
0.14	1.37964				
0.14005	1.35413				
0.1401	1.35923				
0.14015	1.37453				
0.1402	1.45106				
0.14025	1.48932				
0.1403	1.48422				
0.14035	1.4128				
0.1404	1.38474				
0.14045	1.37709				
0.1405	1.42045				
0.14055	1.47402				
0.1406	1.4383				
0.14065	1.42555				
0.1407	1.46381				
0.14075	1.46126				
0.1408	1.47657				
0.14085	1.38984				
0.1409	1.42555				
0.14095	1.44341				
0.141	1.49187				
0.14105	1.50463				
0.1411	1.39749				
0.14115	1.33882				
0.1412	1.34137				
0.14125	1.35668				
0.1413	1.36688				
0.14135	1.45616				
0.1414	1.41025				
0.14145	1.39239				
0.1415	1.37453				
0.14155	1.32607				
0.1416	1.33372				
0.14165	1.33117				
0.1417	1.39749				
0.14175	1.41025				
0.1418	1.38729				
0.14185	1.34393				
0.1419	1.27505				
0.14195	1.30056				
0.142	1.28271				
0.14205	1.32097				
0.1421	1.37198				
0.14215	1.40514				
0.1422	1.45616				
0.14225	1.43065				
0.1423	1.38729				
0.14235	1.33882				
0.1424	1.32352				
0.14245	1.40259				
0.1425	1.44851				
0.14255	1.49952				
0.1426	1.48167				
0.14265	1.42555				
0.1427	1.38219				
0.14275	1.36433				
0.1428	1.41025				
0.14285	1.4281				
0.1429	1.4077				
0.14295	1.38219				
0.143	1.39749				
0.14305	1.36943				
0.1431	1.34137				
0.14315	1.35158				
0.1432	1.38474				
0.14325	1.36178				
0.1433	1.30311				
0.14335	1.34393				
0.1434	1.33882				
0.14345	1.34648				
0.1435	1.28271				
0.14355	1.21639				
0.1436	1.2725				
0.14365	1.34393				
0.1437	1.38984				
0.14375	1.34648				
0.1438	1.31076				
0.14385	1.32097				
0.1439	1.34648				
0.14395	1.39494				
0.144	1.4128				
0.14405	1.43065				
0.1441	1.40514				
0.14415	1.34648				
0.1442	1.35923				
0.14425	1.37964				
0.1443	1.38729				
0.14435	1.38729				
0.1444	1.37964				
0.14445	1.44341				
0.1445	1.49697				
0.14455	1.4128				
0.1446	1.36943				
0.14465	1.36688				
0.1447	1.4281				
0.14475	1.47402				
0.1448	1.4128				
0.14485	1.36943				
0.1449	1.38984				
0.14495	1.38729				
0.145	1.36943				
0.14505	1.34137				
0.1451	1.30311				
0.14515	1.34903				
0.1452	1.4179				
0.14525	1.39239				
0.1453	1.35923				
0.14535	1.30566				
0.1454	1.34648				
0.14545	1.36178				
0.1455	1.38474				
0.14555	1.37709				
0.1456	1.4077				
0.14565	1.38729				
0.1457	1.32862				
0.14575	1.32607				
0.1458	1.29801				
0.14585	1.34393				
0.1459	1.40259				
0.14595	1.40514				
0.146	1.38474				
0.14605	1.34648				
0.1461	1.31332				
0.14615	1.33117				
0.1462	1.4179				
0.14625	1.46636				
0.1463	1.47146				
0.14635	1.41535				
0.1464	1.40514				
0.14645	1.35668				
0.1465	1.32352				
0.14655	1.35413				
0.1466	1.40259				
0.14665	1.47402				
0.1467	1.44341				
0.14675	1.38729				
0.1468	1.32352				
0.14685	1.30311				
0.1469	1.35923				
0.14695	1.38474				
0.147	1.423				
0.14705	1.46636				
0.1471	1.41025				
0.14715	1.38729				
0.1472	1.31332				
0.14725	1.29291				
0.1473	1.35413				
0.14735	1.40514				
0.1474	1.40514				
0.14745	1.43575				
0.1475	1.40004				
0.14755	1.34137				
0.1476	1.30821				
0.14765	1.34137				
0.1477	1.36688				
0.14775	1.44596				
0.1478	1.50718				
0.14785	1.47402				
0.1479	1.44341				
0.14795	1.39494				
0.148	1.34393				
0.14805	1.37198				
0.1481	1.39239				
0.14815	1.44851				
0.1482	1.47146				
0.14825	1.40514				
0.1483	1.38474				
0.14835	1.33882				
0.1484	1.32862				
0.14845	1.34648				
0.1485	1.36943				
0.14855	1.38474				
0.1486	1.39494				
0.14865	1.36433				
0.1487	1.35158				
0.14875	1.36433				
0.1488	1.39749				
0.14885	1.40004				
0.1489	1.44851				
0.14895	1.46636				
0.149	1.38474				
0.14905	1.39494				
0.1491	1.36433				
0.14915	1.39494				
0.1492	1.42045				
0.14925	1.49442				
0.1493	1.49697				
0.14935	1.4281				
0.1494	1.38984				
0.14945	1.36433				
0.1495	1.4128				
0.14955	1.46636				
0.1496	1.43575				
0.14965	1.4332				
0.1497	1.39749				
0.14975	1.34648				
0.1498	1.31076				
0.14985	1.28271				
0.1499	1.30566				
0.14995	1.38219				
0.15	1.39494				
0.15005	1.37198				
0.1501	1.32607				
0.15015	1.25465				
0.1502	1.28526				
0.15025	1.2572				
0.1503	1.34393				
0.15035	1.39239				
0.1504	1.4332				
0.15045	1.38729				
0.1505	1.31076				
0.15055	1.33372				
0.1506	1.32607				
0.15065	1.36433				
0.1507	1.43575				
0.15075	1.44341				
0.1508	1.51738				
0.15085	1.44341				
0.1509	1.42045				
0.15095	1.34393				
0.151	1.36688				
0.15105	1.42555				
0.1511	1.47402				
0.15115	1.47912				
0.1512	1.46636				
0.15125	1.4383				
0.1513	1.33882				
0.15135	1.33627				
0.1514	1.34648				
0.15145	1.39494				
0.1515	1.45106				
0.15155	1.48677				
0.1516	1.4281				
0.15165	1.34137				
0.1517	1.24189				
0.15175	1.2725				
0.1518	1.36178				
0.15185	1.45361				
0.1519	1.51483				
0.15195	1.48677				
0.152	1.39494				
0.15205	1.35158				
0.1521	1.33117				
0.15215	1.34903				
0.1522	1.35413				
0.15225	1.40259				
0.1523	1.48677				
0.15235	1.46126				
0.1524	1.4128				
0.15245	1.33117				
0.1525	1.32862				
0.15255	1.37709				
0.1526	1.41535				
0.15265	1.45361				
0.1527	1.4383				
0.15275	1.4383				
0.1528	1.39239				
0.15285	1.30056				
0.1529	1.33627				
0.15295	1.38474				
0.153	1.42555				
0.15305	1.45616				
0.1531	1.40514				
0.15315	1.35923				
0.1532	1.33117				
0.15325	1.34903				
0.1533	1.38474				
0.15335	1.423				
0.1534	1.50463				
0.15345	1.50463				
0.1535	1.4383				
0.15355	1.41025				
0.1536	1.36688				
0.15365	1.34903				
0.1537	1.36943				
0.15375	1.39239				
0.1538	1.42045				
0.15385	1.39494				
0.1539	1.38219				
0.15395	1.34648				
0.154	1.29546				
0.15405	1.34393				
0.1541	1.38474				
0.15415	1.4128				
0.1542	1.37964				
0.15425	1.35158				
0.1543	1.33882				
0.15435	1.33117				
0.1544	1.33117				
0.15445	1.34393				
0.1545	1.37964				
0.15455	1.42045				
0.1546	1.39239				
0.15465	1.33882				
0.1547	1.35158				
0.15475	1.32352				
0.1548	1.35923				
0.15485	1.40259				
0.1549	1.43065				
0.15495	1.44086				
0.155	1.39239				
0.15505	1.37964				
0.1551	1.37198				
0.15515	1.35413				
0.1552	1.37964				
0.15525	1.37198				
0.1553	1.42555				
0.15535	1.40004				
0.1554	1.35158				
0.15545	1.33882				
0.1555	1.32607				
0.15555	1.36688				
0.1556	1.38474				
0.15565	1.39494				
0.1557	1.37198				
0.15575	1.36178				
0.1558	1.37198				
0.15585	1.32352				
0.1559	1.37198				
0.15595	1.35413				
0.156	1.33117				
0.15605	1.39749				
0.1561	1.40514				
0.15615	1.37709				
0.1562	1.37198				
0.15625	1.35923				
0.1563	1.38729				
0.15635	1.37453				
0.1564	1.40004				
0.15645	1.38729				
0.1565	1.36688				
0.15655	1.32352				
0.1566	1.31332				
0.15665	1.34393				
0.1567	1.36178				
0.15675	1.37453				
0.1568	1.38219				
0.15685	1.4128				
0.1569	1.35923				
0.15695	1.35668				
0.157	1.33627				
0.15705	1.37198				
0.1571	1.45616				
0.15715	1.43575				
0.1572	1.44596				
0.15725	1.41535				
0.1573	1.36688				
0.15735	1.33882				
0.1574	1.35158				
0.15745	1.36688				
0.1575	1.42045				
0.15755	1.45106				
0.1576	1.46126				
0.15765	1.4332				
0.1577	1.41535				
0.15775	1.38219				
0.1578	1.38984				
0.15785	1.40514				
0.1579	1.43575				
0.15795	1.44086				
0.158	1.4281				
0.15805	1.44086				
0.1581	1.42045				
0.15815	1.42555				
0.1582	1.47146				
0.15825	1.42045				
0.1583	1.44596				
0.15835	1.423				
0.1584	1.43065				
0.15845	1.4077				
0.1585	1.44341				
0.15855	1.49187				
0.1586	1.46891				
0.15865	1.46126				
0.1587	1.45106				
0.15875	1.41025				
0.1588	1.43065				
0.15885	1.38984				
0.1589	1.37709				
0.15895	1.41535				
0.159	1.39494				
0.15905	1.38474				
0.1591	1.40514				
0.15915	1.4179				
0.1592	1.4077				
0.15925	1.38984				
0.1593	1.35668				
0.15935	1.40004				
0.1594	1.35413				
0.15945	1.32097				
0.1595	1.32097				
0.15955	1.31842				
0.1596	1.31332				
0.15965	1.30566				
0.1597	1.34137				
0.15975	1.32862				
0.1598	1.33627				
0.15985	1.32352				
0.1599	1.32352				
0.15995	1.33882				
0.16	1.33117				
0.16005	1.33882				
0.1601	1.38474				
0.16015	1.36178				
0.1602	1.36943				
0.16025	1.38474				
0.1603	1.37709				
0.16035	1.36943				
0.1604	1.36178				
0.16045	1.36178				
0.1605	1.35413				
0.16055	1.35413				
0.1606	1.36943				
0.16065	1.34648				
0.1607	1.35923				
0.16075	1.35158				
0.1608	1.36433				
0.16085	1.37198				
0.1609	1.35413				
0.16095	1.37198				
0.161	1.34137				
0.16105	1.30056				
0.1611	1.31332				
0.16115	1.33627				
0.1612	1.36178				
0.16125	1.37453				
0.1613	1.35413				
0.16135	1.36433				
0.1614	1.33372				
0.16145	1.36433				
0.1615	1.35668				
0.16155	1.33627				
0.1616	1.36433				
0.16165	1.37198				
0.1617	1.4281				
0.16175	1.40004				
0.1618	1.34393				
0.16185	1.33627				
0.1619	1.34648				
0.16195	1.36433				
0.162	1.40514				
0.16205	1.42045				
0.1621	1.4077				
0.16215	1.39494				
0.1622	1.37709				
0.16225	1.36178				
0.1623	1.32862				
0.16235	1.35158				
0.1624	1.36433				
0.16245	1.38984				
0.1625	1.36943				
0.16255	1.34393				
0.1626	1.39749				
0.16265	1.40514				
0.1627	1.4077				
0.16275	1.44086				
0.1628	1.423				
0.16285	1.40514				
0.1629	1.4128				
0.16295	1.35923				
0.163	1.32607				
0.16305	1.30821				
0.1631	1.36943				
0.16315	1.46891				
0.1632	1.42045				
0.16325	1.37453				
0.1633	1.36688				
0.16335	1.35668				
0.1634	1.33117				
0.16345	1.37453				
0.1635	1.40004				
0.16355	1.43575				
0.1636	1.38474				
0.16365	1.37198				
0.1637	1.36688				
0.16375	1.31076				
0.1638	1.38474				
0.16385	1.35668				
0.1639	1.40514				
0.16395	1.40514				
0.164	1.41535				
0.16405	1.40514				
0.1641	1.36433				
0.16415	1.33372				
0.1642	1.37709				
0.16425	1.39494				
0.1643	1.4281				
0.16435	1.41535				
0.1644	1.4179				
0.16445	1.38474				
0.1645	1.35923				
0.16455	1.36943				
0.1646	1.4281				
0.16465	1.423				
0.1647	1.4332				
0.16475	1.36688				
0.1648	1.37198				
0.16485	1.34137				
0.1649	1.30311				
0.16495	1.33882				
0.165	1.36688				
0.16505	1.4332				
0.1651	1.40514				
0.16515	1.423				
0.1652	1.38984				
0.16525	1.34903				
0.1653	1.33627				
0.16535	1.34393				
0.1654	1.41535				
0.16545	1.47146				
0.1655	1.47146				
0.16555	1.44341				
0.1656	1.39239				
0.16565	1.44086				
0.1657	1.4179				
0.16575	1.43575				
0.1658	1.46636				
0.16585	1.44341				
0.1659	1.47402				
0.16595	1.45361				
0.166	1.38984				
0.16605	1.32352				
0.1661	1.37964				
0.16615	1.45361				
0.1662	1.44086				
0.16625	1.40514				
0.1663	1.38984				
0.16635	1.37453				
0.1664	1.33372				
0.16645	1.35158				
0.1665	1.35158				
0.16655	1.37709				
0.1666	1.36943				
0.16665	1.38729				
0.1667	1.34903				
0.16675	1.32097				
0.1668	1.32607				
0.16685	1.32862				
0.1669	1.36688				
0.16695	1.35413				
0.167	1.37709				
0.16705	1.37709				
0.1671	1.34903				
0.16715	1.37198				
0.1672	1.4179				
0.16725	1.41025				
0.1673	1.44341				
0.16735	1.43065				
0.1674	1.38984				
0.16745	1.35923				
0.1675	1.36433				
0.16755	1.36943				
0.1676	1.37198				
0.16765	1.39494				
0.1677	1.44596				
0.16775	1.42045				
0.1678	1.37709				
0.16785	1.32352				
0.1679	1.32862				
0.16795	1.38219				
0.168	1.44086				
0.16805	1.46381				
0.1681	1.45616				
0.16815	1.423				
0.1682	1.35413				
0.16825	1.32097				
0.1683	1.33372				
0.16835	1.33627				
0.1684	1.40514				
0.16845	1.46381				
0.1685	1.48422				
0.16855	1.44596				
0.1686	1.31332				
0.16865	1.2521				
0.1687	1.33117				
0.16875	1.37964				
0.1688	1.43575				
0.16885	1.423				
0.1689	1.4077				
0.16895	1.4128				
0.169	1.41535				
0.16905	1.37964				
0.1691	1.2674				
0.16915	1.31332				
0.1692	1.38984				
0.16925	1.39494				
0.1693	1.39494				
0.16935	1.33372				
0.1694	1.33882				
0.16945	1.34903				
0.1695	1.38219				
0.16955	1.40514				
0.1696	1.38729				
0.16965	1.38984				
0.1697	1.40004				
0.16975	1.39494				
0.1698	1.38984				
0.16985	1.33117				
0.1699	1.37964				
0.16995	1.47912				
0.17	1.46636				
0.17005	1.38984				
0.1701	1.33372				
0.17015	1.31842				
0.1702	1.40514				
0.17025	1.4128				
0.1703	1.39494				
0.17035	1.39494				
0.1704	1.44851				
0.17045	1.46381				
0.1705	1.36433				
0.17055	1.36943				
0.1706	1.37453				
0.17065	1.42555				
0.1707	1.50207				
0.17075	1.42045				
0.1708	1.36433				
0.17085	1.32862				
0.1709	1.34137				
0.17095	1.39494				
0.171	1.43065				
0.17105	1.41535				
0.1711	1.36943				
0.17115	1.42555				
0.1712	1.49442				
0.17125	1.37964				
0.1713	1.29546				
0.17135	1.33627				
0.1714	1.46636				
0.17145	1.4281				
0.1715	1.34648				
0.17155	1.39749				
0.1716	1.36433				
0.17165	1.30311				
0.1717	1.32862				
0.17175	1.29546				
0.1718	1.31076				
0.17185	1.4128				
0.1719	1.41025				
0.17195	1.41535				
0.172	1.31587				
0.17205	1.32862				
0.1721	1.33117				
0.17215	1.36688				
0.1722	1.4179				
0.17225	1.39494				
0.1723	1.41535				
0.17235	1.40259				
0.1724	1.34648				
0.17245	1.36943				
0.1725	1.31587				
0.17255	1.34903				
0.1726	1.45106				
0.17265	1.47657				
0.1727	1.37964				
0.17275	1.30821				
0.1728	1.34903				
0.17285	1.4179				
0.1729	1.42045				
0.17295	1.39239				
0.173	1.40004				
0.17305	1.45361				
0.1731	1.423				
0.17315	1.34393				
0.1732	1.33372				
0.17325	1.35413				
0.1733	1.44851				
0.17335	1.46636				
0.1734	1.40514				
0.17345	1.30311				
0.1735	1.31587				
0.17355	1.35158				
0.1736	1.36433				
0.17365	1.37198				
0.1737	1.39749				
0.17375	1.44086				
0.1738	1.4281				
0.17385	1.4179				
0.1739	1.35158				
0.17395	1.36943				
0.174	1.34903				
0.17405	1.423				
0.1741	1.44086				
0.17415	1.38474				
0.1742	1.38474				
0.17425	1.37964				
0.1743	1.44596				
0.17435	1.41025				
0.1744	1.32862				
0.17445	1.34903				
0.1745	1.37198				
0.17455	1.43575				
0.1746	1.45871				
0.17465	1.423				
0.1747	1.32607				
0.17475	1.34903				
0.1748	1.38984				
0.17485	1.45616				
0.1749	1.38474				
0.17495	1.34137				
0.175	1.34393				
0.17505	1.31587				
0.1751	1.29801				
0.17515	1.34393				
0.1752	1.38474				
0.17525	1.36433				
0.1753	1.41535				
0.17535	1.4077				
0.1754	1.34393				
0.17545	1.33882				
0.1755	1.423				
0.17555	1.42555				
0.1756	1.39239				
0.17565	1.34393				
0.1757	1.36688				
0.17575	1.44086				
0.1758	1.36178				
0.17585	1.34903				
0.1759	1.45871				
0.17595	1.49442				
0.176	1.48422				
0.17605	1.39749				
0.1761	1.39239				
0.17615	1.44596				
0.1762	1.47146				
0.17625	1.48422				
0.1763	1.45361				
0.17635	1.47657				
0.1764	1.44086				
0.17645	1.36688				
0.1765	1.33117				
0.17655	1.34648				
0.1766	1.44596				
0.17665	1.48422				
0.1767	1.37453				
0.17675	1.38219				
0.1768	1.35158				
0.17685	1.34137				
0.1769	1.34393				
0.17695	1.31842				
0.177	1.36433				
0.17705	1.4077				
0.1771	1.38474				
0.17715	1.31332				
0.1772	1.31842				
0.17725	1.32862				
0.1773	1.34393				
0.17735	1.37709				
0.1774	1.4128				
0.17745	1.4077				
0.1775	1.44086				
0.17755	1.38474				
0.1776	1.32862				
0.17765	1.35413				
0.1777	1.4332				
0.17775	1.46381				
0.1778	1.423				
0.17785	1.39749				
0.1779	1.35158				
0.17795	1.36178				
0.178	1.35923				
0.17805	1.39494				
0.1781	1.45106				
0.17815	1.46636				
0.1782	1.41535				
0.17825	1.39749				
0.1783	1.36178				
0.17835	1.35668				
0.1784	1.37198				
0.17845	1.36433				
0.1785	1.38219				
0.17855	1.37198				
0.1786	1.38474				
0.17865	1.34393				
0.1787	1.38219				
0.17875	1.4332				
0.1788	1.49442				
0.17885	1.45616				
0.1789	1.41535				
0.17895	1.40004				
0.179	1.37453				
0.17905	1.34393				
0.1791	1.35668				
0.17915	1.43575				
0.1792	1.53523				
0.17925	1.49952				
0.1793	1.38219				
0.17935	1.28016				
0.1794	1.23679				
0.17945	1.28781				
0.1795	1.36433				
0.17955	1.46636				
0.1796	1.47402				
0.17965	1.45106				
0.1797	1.38219				
0.17975	1.29291				
0.1798	1.2623				
0.17985	1.30311				
0.1799	1.4128				
0.17995	1.50207				
0.18	1.47657				
0.18005	1.423				
0.1801	1.34648				
0.18015	1.30821				
0.1802	1.29036				
0.18025	1.41535				
0.1803	1.50718				
0.18035	1.53523				
0.1804	1.49187				
0.18045	1.38729				
0.1805	1.32097				
0.18055	1.2623				
0.1806	1.35668				
0.18065	1.41535				
0.1807	1.48932				
0.18075	1.45361				
0.1808	1.38729				
0.18085	1.29291				
0.1809	1.25465				
0.18095	1.2776				
0.181	1.40259				
0.18105	1.45106				
0.1811	1.48422				
0.18115	1.46126				
0.1812	1.37709				
0.18125	1.39239				
0.1813	1.35668				
0.18135	1.37453				
0.1814	1.4077				
0.18145	1.49442				
0.1815	1.50207				
0.18155	1.36178				
0.1816	1.33882				
0.18165	1.34903				
0.1817	1.44596				
0.18175	1.45361				
0.1818	1.47657				
0.18185	1.51483				
0.1819	1.39749				
0.18195	1.2725				
0.182	1.24955				
0.18205	1.35668				
0.1821	1.37198				
0.18215	1.46126				
0.1822	1.38474				
0.18225	1.48932				
0.1823	1.51993				
0.18235	1.13476				
0.1824	1.15262				
0.18245	1.32607				
0.1825	1.40514				
0.18255	1.48677				
0.1826	1.44596				
0.18265	1.30821				
0.1827	1.28271				
0.18275	1.31332				
0.1828	1.2572				
0.18285	1.30311				
0.1829	1.45361				
0.18295	1.51228				
0.183	1.48422				
0.18305	1.32097				
0.1831	1.30566				
0.18315	1.36178				
0.1832	1.41535				
0.18325	1.45106				
0.1833	1.55054				
0.18335	1.51993				
0.1834	1.4077				
0.18345	1.37453				
0.1835	1.32352				
0.18355	1.32607				
0.1836	1.38474				
0.18365	1.37964				
0.1837	1.4281				
0.18375	1.43575				
0.1838	1.38219				
0.18385	1.34393				
0.1839	1.38984				
0.18395	1.44851				
0.184	1.49697				
0.18405	1.54544				
0.1841	1.40514				
0.18415	1.32862				
0.1842	1.30821				
0.18425	1.28781				
0.1843	1.33627				
0.18435	1.4179				
0.1844	1.50973				
0.18445	1.48677				
0.1845	1.33882				
0.18455	1.31587				
0.1846	1.28016				
0.18465	1.34903				
0.1847	1.44596				
0.18475	1.52758				
0.1848	1.50463				
0.18485	1.35158				
0.1849	1.34903				
0.18495	1.28016				
0.185	1.30311				
0.18505	1.35413				
0.1851	1.46891				
0.18515	1.52758				
0.1852	1.46891				
0.18525	1.32352				
0.1853	1.20108				
0.18535	1.17302				
0.1854	1.24444				
0.18545	1.38984				
0.1855	1.47912				
0.18555	1.48677				
0.1856	1.32352				
0.18565	1.24189				
0.1857	1.22149				
0.18575	1.2572				
0.1858	1.33882				
0.18585	1.37198				
0.1859	1.39749				
0.18595	1.46636				
0.186	1.37453				
0.18605	1.2674				
0.1861	1.25465				
0.18615	1.31332				
0.1862	1.37198				
0.18625	1.47657				
0.1863	1.50463				
0.18635	1.4281				
0.1864	1.34903				
0.18645	1.22659				
0.1865	1.22149				
0.18655	1.32607				
0.1866	1.44851				
0.18665	1.50718				
0.1867	1.4332				
0.18675	1.37453				
0.1868	1.28781				
0.18685	1.2521				
0.1869	1.36943				
0.18695	1.50207				
0.187	1.48677				
0.18705	1.45616				
0.1871	1.40004				
0.18715	1.35923				
0.1872	1.31842				
0.18725	1.30056				
0.1873	1.37453				
0.18735	1.44596				
0.1874	1.48677				
0.18745	1.45616				
0.1875	1.35413				
0.18755	1.2725				
0.1876	1.32097				
0.18765	1.38474				
0.1877	1.4281				
0.18775	1.45361				
0.1878	1.47402				
0.18785	1.35413				
0.1879	1.32352				
0.18795	1.26995				
0.188	1.2521				
0.18805	1.44596				
0.1881	1.54799				
0.18815	1.42045				
0.1882	1.35413				
0.18825	1.28271				
0.1883	1.2623				
0.18835	1.33372				
0.1884	1.38474				
0.18845	1.4383				
0.1885	1.38219				
0.18855	1.31332				
0.1886	1.29036				
0.18865	1.23424				
0.1887	1.2725				
0.18875	1.37198				
0.1888	1.49442				
0.18885	1.53268				
0.1889	1.43065				
0.18895	1.36433				
0.189	1.29801				
0.18905	1.32607				
0.1891	1.423				
0.18915	1.53013				
0.1892	1.55819				
0.18925	1.51738				
0.1893	1.46636				
0.18935	1.39239				
0.1894	1.35923				
0.18945	1.37198				
0.1895	1.48422				
0.18955	1.60411				
0.1896	1.55054				
0.18965	1.43065				
0.1897	1.30566				
0.18975	1.21128				
0.1898	1.21383				
0.18985	1.34393				
0.1899	1.46381				
0.18995	1.52248				
0.19	1.47912				
0.19005	1.37198				
0.1901	1.24699				
0.19015	1.24955				
0.1902	1.29291				
0.19025	1.39494				
0.1903	1.47657				
0.19035	1.48677				
0.1904	1.39239				
0.19045	1.33627				
0.1905	1.23679				
0.19055	1.24955				
0.1906	1.28781				
0.19065	1.38219				
0.1907	1.47657				
0.19075	1.52758				
0.1908	1.48422				
0.19085	1.37453				
0.1909	1.33117				
0.19095	1.32862				
0.191	1.40259				
0.19105	1.50718				
0.1911	1.47402				
0.19115	1.37198				
0.1912	1.2572				
0.19125	1.19343				
0.1913	1.2572				
0.19135	1.37453				
0.1914	1.48677				
0.19145	1.51228				
0.1915	1.49697				
0.19155	1.41025				
0.1916	1.30311				
0.19165	1.28781				
0.1917	1.32352				
0.19175	1.40259				
0.1918	1.52248				
0.19185	1.55819				
0.1919	1.44341				
0.19195	1.33372				
0.192	1.2674				
0.19205	1.32352				
0.1921	1.40004				
0.19215	1.47657				
0.1922	1.50463				
0.19225	1.46126				
0.1923	1.45361				
0.19235	1.33372				
0.1924	1.2623				
0.19245	1.31076				
0.1925	1.45361				
0.19255	1.52248				
0.1926	1.48167				
0.19265	1.36433				
0.1927	1.29291				
0.19275	1.30821				
0.1928	1.28271				
0.19285	1.35668				
0.1929	1.46126				
0.19295	1.48167				
0.193	1.39494				
0.19305	1.31587				
0.1931	1.24699				
0.19315	1.24189				
0.1932	1.28271				
0.19325	1.42555				
0.1933	1.49697				
0.19335	1.48167				
0.1934	1.35923				
0.19345	1.25975				
0.1935	1.2572				
0.19355	1.31332				
0.1936	1.39239				
0.19365	1.47657				
0.1937	1.46636				
0.19375	1.47657				
0.1938	1.39749				
0.19385	1.29036				
0.1939	1.24189				
0.19395	1.30566				
0.194	1.45361				
0.19405	1.52248				
0.1941	1.46891				
0.19415	1.36688				
0.1942	1.28271				
0.19425	1.29036				
0.1943	1.33627				
0.19435	1.40004				
0.1944	1.46126				
0.19445	1.49697				
0.1945	1.45616				
0.19455	1.35923				
0.1946	1.2674				
0.19465	1.31587				
0.1947	1.36178				
0.19475	1.48932				
0.1948	1.5888				
0.19485	1.54034				
0.1949	1.4128				
0.19495	1.24955				
0.195	1.2521				
0.19505	1.34137				
0.1951	1.44596				
0.19515	1.52248				
0.1952	1.54799				
0.19525	1.48677				
0.1953	1.37453				
0.19535	1.29801				
0.1954	1.28016				
0.19545	1.36433				
0.1955	1.49697				
0.19555	1.50973				
0.1956	1.43575				
0.19565	1.34137				
0.1957	1.29801				
0.19575	1.24444				
0.1958	1.31842				
0.19585	1.43575				
0.1959	1.50718				
0.19595	1.48932				
0.196	1.37964				
0.19605	1.31332				
0.1961	1.29291				
0.19615	1.30311				
0.1962	1.34393				
0.19625	1.41025				
0.1963	1.50463				
0.19635	1.51483				
0.1964	1.36433				
0.19645	1.2623				
0.1965	1.2572				
0.19655	1.30821				
0.1966	1.44341				
0.19665	1.54544				
0.1967	1.52758				
0.19675	1.41535				
0.1968	1.26995				
0.19685	1.25465				
0.1969	1.30566				
0.19695	1.42045				
0.197	1.52503				
0.19705	1.47657				
0.1971	1.35413				
0.19715	1.31332				
0.1972	1.31587				
0.19725	1.34903				
0.1973	1.37453				
0.19735	1.46636				
0.1974	1.48677				
0.19745	1.44851				
0.1975	1.34393				
0.19755	1.32607				
0.1976	1.32862				
0.19765	1.34137				
0.1977	1.42555				
0.19775	1.45871				
0.1978	1.44341				
0.19785	1.39749				
0.1979	1.4281				
0.19795	1.35413				
0.198	1.30056				
0.19805	1.38474				
0.1981	1.48677				
0.19815	1.47146				
0.1982	1.44596				
0.19825	1.44086				
0.1983	1.38984				
0.19835	1.30566				
0.1984	1.32862				
0.19845	1.39494				
0.1985	1.44596				
0.19855	1.48677				
0.1986	1.41535				
0.19865	1.32607				
0.1987	1.28016				
0.19875	1.30311				
0.1988	1.39494				
0.19885	1.39239				
0.1989	1.43575				
0.19895	1.4128				
0.199	1.37453				
0.19905	1.31332				
0.1991	1.33117				
0.19915	1.35413				
0.1992	1.423				
0.19925	1.37964				
0.1993	1.40514				
0.19935	1.4077				
0.1994	1.37198				
0.19945	1.33372				
0.1995	1.39494				
0.19955	1.43575				
0.1996	1.48167				
0.19965	1.46126				
0.1997	1.43575				
0.19975	1.36688				
0.1998	1.38474				
0.19985	1.39494				
0.1999	1.45106				
0.19995	1.46636				
