Time - piezo	Amplitude - piezo	Unnamed: 2	Unnamed: 3	Frequency [Hz] - piezo (Power Spectrum)	Amplitude - piezo (Power Spectrum)
0.0	-0.0134324			0.0	4.81701e-07
5e-05	-0.00706155			5.0	1.67556e-05
0.0001	-0.00578737			10.0	4.46401e-06
0.00015	-0.00706155			15.0	4.71589e-06
0.0002	-0.00578737			20.0	4.30241e-06
0.00025	0.00313188			25.0	3.84756e-06
0.0003	0.000583518			30.0	1.92125e-06
0.00035	0.00440605			35.0	5.43167e-07
0.0004	0.00695441			40.0	2.17072e-06
0.00045	0.00822859			45.0	1.25411e-06
0.0005	0.0107769			50.0	4.32832e-06
0.00055	0.0158737			55.0	6.97075e-06
0.0006	0.0145995			60.0	3.07756e-07
0.00065	0.0158737			65.0	2.96471e-06
0.0007	0.0171478			70.0	5.58549e-07
0.00075	0.0171478			75.0	7.35699e-08
0.0008	0.0133253			80.0	2.82291e-07
0.00085	0.0145995			85.0	6.86141e-07
0.0009	0.0235187			90.0	4.59498e-07
0.00095	0.0120511			95.0	6.41567e-08
0.001	0.0107769			100.0	1.83955e-07
0.00105	0.00822859			105.0	3.1237e-07
0.0011	0.0145995			110.0	5.20443e-08
0.00115	0.0107769			115.0	3.38481e-08
0.0012	0.00695441			120.0	2.45311e-07
0.00125	-0.00323902			125.0	3.28662e-07
0.0013	0.00440605			130.0	2.56259e-09
0.00135	0.00440605			135.0	4.43546e-08
0.0014	0.00440605			140.0	4.17436e-07
0.00145	0.000583518			145.0	9.10175e-07
0.0015	-0.00196484			150.0	5.34507e-07
0.00155	0.000583518			155.0	2.77483e-06
0.0016	-0.00196484			160.0	2.2758e-06
0.00165	0.00313188			165.0	2.34834e-06
0.0017	-0.00196484			170.0	7.97746e-06
0.00175	0.00440605			175.0	1.60307e-05
0.0018	0.000583518			180.0	3.46401e-06
0.00185	0.00568023			185.0	1.41792e-06
0.0019	0.00568023			190.0	4.86911e-07
0.00195	0.00822859			195.0	1.26466e-08
0.002	0.00822859			200.0	3.25584e-07
0.00205	0.0107769			205.0	2.58218e-07
0.0021	0.00950277			210.0	1.07338e-07
0.00215	0.00822859			215.0	7.24223e-09
0.0022	0.018422			220.0	2.43311e-08
0.00225	0.0171478			225.0	5.0263e-08
0.0023	0.0171478			230.0	7.32154e-09
0.00235	0.0133253			235.0	1.31928e-07
0.0024	0.018422			240.0	1.64377e-07
0.00245	0.0196962			245.0	5.59774e-08
0.0025	0.0171478			250.0	1.73021e-08
0.00255	0.0222446			255.0	6.58771e-08
0.0026	0.0120511			260.0	1.00866e-08
0.00265	0.0120511			265.0	1.18445e-07
0.0027	0.0120511			270.0	9.1782e-08
0.00275	0.00695441			275.0	1.91928e-08
0.0028	0.00822859			280.0	6.34601e-08
0.00285	-0.00196484			285.0	1.9084e-07
0.0029	-0.00196484			290.0	3.78946e-07
0.00295	-0.00196484			295.0	2.9875e-07
0.003	-0.00578737			300.0	1.60268e-07
0.00305	-0.0108841			305.0	1.17978e-07
0.0031	-0.0223517			310.0	3.03504e-08
0.00315	-0.0121583			315.0	1.9809e-07
0.0032	-0.017255			320.0	4.61752e-07
0.00325	-0.0198033			325.0	3.15791e-07
0.0033	-0.0249			330.0	8.82519e-08
0.00335	-0.0287226			335.0	3.59992e-08
0.0034	-0.0261742			340.0	1.71588e-09
0.00345	-0.0287226			345.0	1.65198e-07
0.0035	-0.0249			350.0	1.45959e-07
0.00355	-0.0299968			355.0	7.58019e-07
0.0036	-0.0312709			360.0	3.91788e-07
0.00365	-0.0223517			365.0	5.0937e-08
0.0037	-0.0274484			370.0	2.95558e-07
0.00375	-0.0261742			375.0	2.06879e-07
0.0038	-0.0223517			380.0	8.88387e-08
0.00385	-0.0223517			385.0	1.0157e-09
0.0039	-0.0185292			390.0	1.54059e-08
0.00395	-0.017255			395.0	4.90162e-08
0.004	-0.0147066			400.0	3.69852e-08
0.00405	-0.00960991			405.0	2.05073e-08
0.0041	-0.0121583			410.0	2.38168e-08
0.00415	-0.00960991			415.0	1.2916e-07
0.0042	-0.00960991			420.0	1.6623e-07
0.00425	-0.00706155			425.0	1.11245e-07
0.0043	-0.00069066			430.0	1.82177e-07
0.00435	-0.00833573			435.0	6.36775e-07
0.0044	-0.0045132			440.0	5.57167e-07
0.00445	0.000583518			445.0	2.8894e-07
0.0045	-0.00578737			450.0	4.55944e-07
0.00455	0.0018577			455.0	1.75236e-07
0.0046	-0.00833573			460.0	1.47512e-06
0.00465	-0.00960991			465.0	2.4357e-06
0.0047	-0.00706155			470.0	3.65947e-06
0.00475	-0.0134324			475.0	1.34638e-06
0.0048	-0.0121583			480.0	7.8615e-06
0.00485	-0.00960991			485.0	2.9823e-05
0.0049	-0.017255			490.0	2.10689e-05
0.00495	-0.0134324			495.0	2.7564e-05
0.005	-0.0147066			500.0	7.36386e-05
0.00505	-0.0223517			505.0	6.73053e-05
0.0051	-0.0147066			510.0	3.91587e-05
0.00515	-0.0147066			515.0	3.29655e-06
0.0052	-0.0236259			520.0	4.86655e-06
0.00525	-0.017255			525.0	3.15027e-05
0.0053	-0.017255			530.0	3.64034e-05
0.00535	-0.017255			535.0	1.85235e-05
0.0054	-0.0147066			540.0	5.51321e-05
0.00545	-0.0147066			545.0	3.80543e-05
0.0055	-0.0147066			550.0	2.33983e-05
0.00555	-0.00706155			555.0	1.57998e-05
0.0056	-0.00578737			560.0	5.44473e-06
0.00565	-0.0045132			565.0	2.51268e-06
0.0057	-0.00578737			570.0	4.17228e-07
0.00575	-0.00196484			575.0	8.3546e-06
0.0058	-0.00069066			580.0	8.79472e-06
0.00585	0.00568023			585.0	1.54636e-06
0.0059	-0.00069066			590.0	2.8879e-07
0.00595	0.00568023			595.0	1.5258e-06
0.006	0.0107769			600.0	3.48561e-06
0.00605	0.00822859			605.0	1.6942e-06
0.0061	0.0120511			610.0	4.33522e-07
0.00615	0.0133253			615.0	4.47653e-07
0.0062	0.0133253			620.0	9.84931e-08
0.00625	0.0145995			625.0	5.44689e-07
0.0063	0.0171478			630.0	4.75016e-07
0.00635	0.0120511			635.0	2.15457e-07
0.0064	0.0107769			640.0	8.28429e-07
0.00645	0.018422			645.0	6.69955e-07
0.0065	0.0120511			650.0	1.38402e-07
0.00655	0.00695441			655.0	6.42794e-08
0.0066	0.00950277			660.0	1.53283e-07
0.00665	0.00440605			665.0	1.5424e-07
0.0067	0.00440605			670.0	1.18048e-07
0.00675	0.00568023			675.0	4.32537e-08
0.0068	0.00440605			680.0	1.28385e-07
0.00685	-0.00323902			685.0	2.24048e-07
0.0069	0.0018577			690.0	9.39839e-08
0.00695	0.000583518			695.0	5.38408e-08
0.007	-0.00323902			700.0	2.02413e-08
0.00705	-0.00196484			705.0	1.91083e-08
0.0071	0.00440605			710.0	1.83379e-09
0.00715	0.00313188			715.0	1.64497e-08
0.0072	0.00313188			720.0	1.31672e-08
0.00725	0.00568023			725.0	5.50777e-08
0.0073	0.00950277			730.0	7.09238e-08
0.00735	0.00822859			735.0	5.78898e-08
0.0074	0.00822859			740.0	1.78308e-08
0.00745	0.00950277			745.0	5.49212e-09
0.0075	0.0120511			750.0	3.31733e-08
0.00755	0.018422			755.0	1.28378e-07
0.0076	0.0171478			760.0	1.45561e-07
0.00765	0.0120511			765.0	5.2966e-08
0.0077	0.0133253			770.0	1.68887e-08
0.00775	0.018422			775.0	2.00324e-09
0.0078	0.0222446			780.0	7.04979e-09
0.00785	0.0260671			785.0	6.00728e-09
0.0079	0.0247929			790.0	4.032e-09
0.00795	0.0196962			795.0	3.72354e-08
0.008	0.0247929			800.0	5.21017e-08
0.00805	0.0286154			805.0	6.32476e-08
0.0081	0.0235187			810.0	8.11834e-08
0.00815	0.0222446			815.0	2.48526e-08
0.0082	0.0247929			820.0	1.1257e-08
0.00825	0.0222446			825.0	5.51453e-08
0.0083	0.0209704			830.0	7.41358e-08
0.00835	0.0196962			835.0	4.85558e-08
0.0084	0.018422			840.0	1.05763e-08
0.00845	0.0158737			845.0	7.19102e-09
0.0085	0.0145995			850.0	2.47724e-08
0.00855	0.0145995			855.0	1.67427e-08
0.0086	0.0107769			860.0	1.02628e-09
0.00865	0.00695441			865.0	6.06755e-09
0.0087	0.00822859			870.0	1.65585e-08
0.00875	0.00440605			875.0	9.38927e-09
0.0088	0.000583518			880.0	2.35725e-09
0.00885	0.000583518			885.0	3.86316e-09
0.0089	-0.00196484			890.0	8.14616e-09
0.00895	-0.00578737			895.0	9.58598e-09
0.009	-0.00706155			900.0	7.83044e-09
0.00905	-0.00706155			905.0	4.70346e-09
0.0091	-0.00706155			910.0	4.61901e-10
0.00915	-0.00833573			915.0	3.05266e-09
0.0092	-0.0134324			920.0	1.59392e-08
0.00925	-0.0108841			925.0	9.53109e-09
0.0093	-0.0134324			930.0	2.86776e-09
0.00935	-0.0121583			935.0	1.27908e-08
0.0094	-0.00960991			940.0	1.90048e-08
0.00945	-0.00706155			945.0	4.64193e-09
0.0095	-0.0045132			950.0	1.46544e-08
0.00955	-0.00706155			955.0	6.13244e-09
0.0096	-0.00706155			960.0	9.45695e-09
0.00965	-0.0045132			965.0	7.53696e-09
0.0097	-0.00196484			970.0	5.47166e-09
0.00975	0.00568023			975.0	7.30182e-08
0.0098	0.0018577			980.0	1.80854e-07
0.00985	-0.0045132			985.0	2.36878e-07
0.0099	0.000583518			990.0	2.01781e-07
0.00995	0.00695441			995.0	7.06918e-08
0.01	0.00568023			1000.0	4.51853e-08
0.01005	-0.00196484			1005.0	8.29853e-08
0.0101	-0.00196484			1010.0	3.84502e-08
0.01015	-0.00196484			1015.0	5.99431e-08
0.0102	-0.00196484			1020.0	1.11206e-07
0.01025	-0.00833573			1025.0	2.85351e-08
0.0103	-0.00833573			1030.0	4.54448e-09
0.01035	-0.0121583			1035.0	1.17599e-08
0.0104	-0.0159808			1040.0	1.02009e-09
0.01045	-0.017255			1045.0	4.52853e-09
0.0105	-0.0185292			1050.0	1.63105e-08
0.01055	-0.0236259			1055.0	9.31426e-09
0.0106	-0.0274484			1060.0	5.92195e-10
0.01065	-0.0261742			1065.0	4.03736e-10
0.0107	-0.0223517			1070.0	4.6918e-09
0.01075	-0.0325451			1075.0	7.15033e-09
0.0108	-0.0338193			1080.0	1.41785e-10
0.01085	-0.0274484			1085.0	1.3983e-09
0.0109	-0.0338193			1090.0	5.73644e-10
0.01095	-0.0376418			1095.0	4.61759e-10
0.011	-0.0325451			1100.0	3.12575e-09
0.01105	-0.0274484			1105.0	1.43419e-10
0.0111	-0.0287226			1110.0	1.03205e-08
0.01115	-0.0312709			1115.0	1.93843e-08
0.0112	-0.0287226			1120.0	2.00213e-08
0.01125	-0.0236259			1125.0	7.85263e-09
0.0113	-0.0261742			1130.0	7.05685e-10
0.01135	-0.0236259			1135.0	1.09511e-10
0.0114	-0.0147066			1140.0	2.88286e-09
0.01145	-0.0121583			1145.0	6.71044e-09
0.0115	-0.0121583			1150.0	9.20747e-10
0.01155	-0.00706155			1155.0	2.36991e-09
0.0116	-0.00069066			1160.0	1.94512e-09
0.01165	-0.00069066			1165.0	1.31274e-09
0.0117	-0.00196484			1170.0	5.02703e-09
0.01175	0.00313188			1175.0	8.75782e-09
0.0118	0.0133253			1180.0	2.82822e-09
0.01185	0.0171478			1185.0	1.012e-09
0.0119	0.0133253			1190.0	1.84836e-09
0.01195	0.0133253			1195.0	7.17154e-10
0.012	0.0171478			1200.0	1.82172e-09
0.01205	0.0209704			1205.0	3.84566e-09
0.0121	0.0209704			1210.0	2.42825e-11
0.01215	0.0171478			1215.0	1.63513e-09
0.0122	0.0196962			1220.0	1.30526e-09
0.01225	0.0222446			1225.0	1.48329e-10
0.0123	0.0222446			1230.0	9.1699e-11
0.01235	0.0158737			1235.0	9.0563e-11
0.0124	0.0158737			1240.0	2.31939e-09
0.01245	0.0171478			1245.0	4.70058e-09
0.0125	0.0120511			1250.0	6.75614e-10
0.01255	0.00695441			1255.0	2.14593e-08
0.0126	0.0120511			1260.0	6.40056e-09
0.01265	0.0107769			1265.0	5.24506e-09
0.0127	0.00313188			1270.0	4.35727e-09
0.01275	0.00440605			1275.0	7.05724e-09
0.0128	0.00568023			1280.0	6.00713e-09
0.01285	0.00313188			1285.0	1.37475e-09
0.0129	0.00313188			1290.0	4.21291e-10
0.01295	0.00440605			1295.0	9.21474e-10
0.013	0.00313188			1300.0	4.79994e-11
0.01305	0.000583518			1305.0	1.86442e-09
0.0131	-0.00196484			1310.0	2.63009e-09
0.01315	0.000583518			1315.0	1.12779e-10
0.0132	0.00695441			1320.0	1.92917e-09
0.01325	0.00440605			1325.0	1.54041e-10
0.0133	0.00695441			1330.0	1.18409e-10
0.01335	0.0107769			1335.0	4.40174e-10
0.0134	0.0107769			1340.0	2.92406e-11
0.01345	0.0120511			1345.0	1.2316e-09
0.0135	0.0145995			1350.0	2.3841e-09
0.01355	0.0133253			1355.0	1.53449e-09
0.0136	0.018422			1360.0	7.64132e-09
0.01365	0.0260671			1365.0	9.80319e-09
0.0137	0.0286154			1370.0	5.52603e-09
0.01375	0.0222446			1375.0	1.65929e-09
0.0138	0.0260671			1380.0	2.89288e-09
0.01385	0.0298896			1385.0	3.63139e-09
0.0139	0.032438			1390.0	1.78785e-09
0.01395	0.032438			1395.0	2.18506e-09
0.014	0.0349863			1400.0	2.47108e-09
0.01405	0.0388089			1405.0	5.83777e-09
0.0141	0.032438			1410.0	3.26971e-09
0.01415	0.0311638			1415.0	6.72674e-10
0.0142	0.032438			1420.0	7.89976e-10
0.01425	0.0311638			1425.0	5.5447e-10
0.0143	0.0247929			1430.0	2.39331e-09
0.01435	0.0260671			1435.0	1.76617e-09
0.0144	0.0209704			1440.0	1.57785e-09
0.01445	0.0222446			1445.0	1.21339e-09
0.0145	0.0209704			1450.0	6.68859e-10
0.01455	0.0145995			1455.0	3.09012e-09
0.0146	0.0107769			1460.0	8.4858e-09
0.01465	0.0107769			1465.0	1.00413e-08
0.0147	0.00822859			1470.0	7.97991e-09
0.01475	0.0018577			1475.0	8.40081e-09
0.0148	-0.0045132			1480.0	4.1587e-09
0.01485	-0.00069066			1485.0	9.84119e-11
0.0149	0.000583518			1490.0	4.21502e-09
0.01495	-0.00196484			1495.0	2.51951e-09
0.015	-0.00323902			1500.0	6.32722e-10
0.01505	-0.00706155			1505.0	1.23395e-09
0.0151	-0.00706155			1510.0	6.84231e-10
0.01515	-0.00323902			1515.0	4.07837e-09
0.0152	-0.0045132			1520.0	7.12568e-09
0.01525	-0.00196484			1525.0	3.09312e-09
0.0153	0.0018577			1530.0	9.15524e-09
0.01535	0.00440605			1535.0	4.32276e-09
0.0154	0.0018577			1540.0	5.89274e-10
0.01545	0.0018577			1545.0	9.49802e-10
0.0155	0.0018577			1550.0	7.18359e-10
0.01555	0.00568023			1555.0	1.42407e-09
0.0156	0.0120511			1560.0	8.15791e-10
0.01565	0.0107769			1565.0	5.57665e-10
0.0157	0.00440605			1570.0	1.49523e-09
0.01575	0.00695441			1575.0	9.6235e-10
0.0158	0.0120511			1580.0	5.35357e-10
0.01585	0.0158737			1585.0	4.4866e-10
0.0159	0.00440605			1590.0	1.58237e-10
0.01595	0.000583518			1595.0	5.7524e-10
0.016	0.00440605			1600.0	5.44852e-10
0.01605	0.00822859			1605.0	3.14242e-09
0.0161	0.00568023			1610.0	1.92574e-09
0.01615	-0.00196484			1615.0	4.92736e-11
0.0162	-0.0045132			1620.0	8.01398e-10
0.01625	-0.00706155			1625.0	2.40402e-09
0.0163	-0.00323902			1630.0	5.62101e-10
0.01635	-0.0108841			1635.0	2.59093e-09
0.0164	-0.0198033			1640.0	3.52574e-09
0.01645	-0.0185292			1645.0	3.69824e-09
0.0165	-0.017255			1650.0	5.04467e-09
0.01655	-0.0210775			1655.0	4.90752e-09
0.0166	-0.0299968			1660.0	1.79735e-09
0.01665	-0.0325451			1665.0	7.82839e-10
0.0167	-0.0299968			1670.0	3.34394e-10
0.01675	-0.0287226			1675.0	1.02569e-09
0.0168	-0.0325451			1680.0	1.0553e-09
0.01685	-0.0338193			1685.0	7.70945e-11
0.0169	-0.0325451			1690.0	3.71581e-09
0.01695	-0.0325451			1695.0	1.54481e-09
0.017	-0.0287226			1700.0	1.0518e-11
0.01705	-0.0299968			1705.0	1.85316e-09
0.0171	-0.0312709			1710.0	4.5961e-09
0.01715	-0.0249			1715.0	2.03835e-09
0.0172	-0.0210775			1720.0	4.58538e-09
0.01725	-0.0236259			1725.0	3.45228e-09
0.0173	-0.0236259			1730.0	1.173e-09
0.01735	-0.0223517			1735.0	9.51448e-10
0.0174	-0.017255			1740.0	2.23771e-09
0.01745	-0.0121583			1745.0	1.42221e-09
0.0175	-0.0159808			1750.0	3.54311e-11
0.01755	-0.0108841			1755.0	1.7573e-09
0.0176	-0.0147066			1760.0	7.57494e-10
0.01765	-0.00833573			1765.0	3.27515e-09
0.0177	-0.00706155			1770.0	2.66422e-09
0.01775	-0.00706155			1775.0	1.79721e-09
0.0178	-0.00960991			1780.0	2.77648e-09
0.01785	-0.0108841			1785.0	5.20318e-10
0.0179	-0.00960991			1790.0	8.3031e-10
0.01795	-0.00323902			1795.0	2.09412e-09
0.018	-0.00578737			1800.0	4.05273e-09
0.01805	-0.0108841			1805.0	2.02468e-09
0.0181	-0.00960991			1810.0	1.98393e-09
0.01815	-0.00833573			1815.0	2.14572e-09
0.0182	-0.0045132			1820.0	5.88757e-10
0.01825	-0.00960991			1825.0	7.32574e-10
0.0183	-0.00960991			1830.0	1.14602e-09
0.01835	-0.0147066			1835.0	2.51486e-09
0.0184	-0.00960991			1840.0	1.36583e-09
0.01845	-0.00960991			1845.0	2.04438e-10
0.0185	-0.00960991			1850.0	2.66789e-10
0.01855	-0.0147066			1855.0	3.16199e-09
0.0186	-0.0147066			1860.0	6.16277e-09
0.01865	-0.00960991			1865.0	1.86153e-09
0.0187	-0.0045132			1870.0	1.88965e-11
0.01875	-0.00706155			1875.0	2.84241e-09
0.0188	-0.00578737			1880.0	2.91734e-09
0.01885	-0.0045132			1885.0	9.61834e-10
0.0189	-0.00196484			1890.0	1.19215e-10
0.01895	0.00440605			1895.0	6.11881e-09
0.019	0.00440605			1900.0	5.67177e-09
0.01905	0.00695441			1905.0	6.1319e-10
0.0191	0.00822859			1910.0	3.09029e-09
0.01915	0.0133253			1915.0	6.11081e-09
0.0192	0.018422			1920.0	1.24739e-08
0.01925	0.0209704			1925.0	7.85845e-09
0.0193	0.0222446			1930.0	1.17947e-08
0.01935	0.0235187			1935.0	8.62341e-09
0.0194	0.0273413			1940.0	1.57024e-09
0.01945	0.032438			1945.0	1.70073e-09
0.0195	0.032438			1950.0	3.1538e-09
0.01955	0.0362605			1955.0	4.7339e-09
0.0196	0.0337122			1960.0	7.35685e-09
0.01965	0.0375347			1965.0	6.39267e-09
0.0197	0.0388089			1970.0	2.05899e-09
0.01975	0.0388089			1975.0	4.0875e-10
0.0198	0.0337122			1980.0	4.41461e-09
0.01985	0.032438			1985.0	4.82045e-09
0.0199	0.0337122			1990.0	1.03726e-08
0.01995	0.0311638			1995.0	1.52735e-08
0.02	0.0247929			2000.0	7.13807e-09
0.02005	0.0235187			2005.0	2.48776e-09
0.0201	0.018422			2010.0	3.62692e-09
0.02015	0.018422			2015.0	2.1232e-09
0.0202	0.0145995			2020.0	3.37151e-09
0.02025	0.0158737			2025.0	1.0996e-10
0.0203	0.0120511			2030.0	2.62357e-10
0.02035	0.00822859			2035.0	3.7276e-09
0.0204	0.00822859			2040.0	6.82348e-09
0.02045	0.00695441			2045.0	5.86468e-09
0.0205	0.00313188			2050.0	6.84254e-09
0.02055	0.00313188			2055.0	2.33133e-09
0.0206	0.00313188			2060.0	1.08489e-09
0.02065	0.00440605			2065.0	5.34681e-09
0.0207	0.00568023			2070.0	2.21917e-09
0.02075	0.00822859			2075.0	7.11472e-09
0.0208	0.00695441			2080.0	1.74926e-08
0.02085	0.00695441			2085.0	1.01939e-08
0.0209	0.00695441			2090.0	7.54473e-09
0.02095	0.0120511			2095.0	3.76275e-09
0.021	0.0145995			2100.0	5.39798e-09
0.02105	0.0222446			2105.0	1.16784e-08
0.0211	0.018422			2110.0	2.26888e-08
0.02115	0.0145995			2115.0	4.67334e-08
0.0212	0.0171478			2120.0	1.35257e-07
0.02125	0.0209704			2125.0	2.12557e-07
0.0213	0.0222446			2130.0	6.57619e-08
0.02135	0.0209704			2135.0	2.10538e-07
0.0214	0.0196962			2140.0	4.6287e-07
0.02145	0.0222446			2145.0	2.81405e-07
0.0215	0.0209704			2150.0	6.05266e-08
0.02155	0.018422			2155.0	3.9446e-08
0.0216	0.0145995			2160.0	1.82373e-07
0.02165	0.0133253			2165.0	2.29227e-07
0.0217	0.0107769			2170.0	2.49437e-08
0.02175	0.00822859			2175.0	6.74641e-09
0.0218	0.00568023			2180.0	8.86954e-09
0.02185	-0.00069066			2185.0	4.61575e-08
0.0219	-0.00706155			2190.0	3.08195e-08
0.02195	-0.00960991			2195.0	1.39728e-08
0.022	-0.0121583			2200.0	3.26494e-09
0.02205	-0.017255			2205.0	7.22291e-09
0.0221	-0.017255			2210.0	2.3226e-08
0.02215	-0.017255			2215.0	3.11655e-08
0.0222	-0.0223517			2220.0	4.25133e-08
0.02225	-0.0312709			2225.0	9.27899e-09
0.0223	-0.0299968			2230.0	1.71489e-08
0.02235	-0.0274484			2235.0	3.69343e-08
0.0224	-0.0261742			2240.0	2.01857e-08
0.02245	-0.0274484			2245.0	2.3659e-09
0.0225	-0.0312709			2250.0	1.01677e-08
0.02255	-0.0312709			2255.0	5.29149e-09
0.0226	-0.0274484			2260.0	1.80593e-08
0.02265	-0.0198033			2265.0	2.07904e-08
0.0227	-0.0198033			2270.0	2.55242e-09
0.02275	-0.0223517			2275.0	9.28913e-09
0.0228	-0.017255			2280.0	6.54042e-09
0.02285	-0.0108841			2285.0	2.54676e-10
0.0229	-0.00833573			2290.0	1.718e-09
0.02295	-0.00706155			2295.0	1.68684e-08
0.023	-0.0045132			2300.0	2.43085e-08
0.02305	0.000583518			2305.0	1.8758e-08
0.0231	-0.00069066			2310.0	1.10001e-08
0.02315	0.000583518			2315.0	7.46096e-10
0.0232	0.000583518			2320.0	5.55413e-09
0.02325	0.00568023			2325.0	1.06007e-08
0.0233	0.0018577			2330.0	8.03703e-09
0.02335	-0.00196484			2335.0	4.70795e-09
0.0234	-0.0045132			2340.0	1.61871e-08
0.02345	-0.0045132			2345.0	2.35498e-08
0.0235	-0.00323902			2350.0	1.27587e-08
0.02355	-0.0121583			2355.0	1.09018e-09
0.0236	-0.0134324			2360.0	3.69998e-09
0.02365	-0.017255			2365.0	1.16728e-08
0.0237	-0.0185292			2370.0	2.34746e-08
0.02375	-0.0223517			2375.0	1.80906e-08
0.0238	-0.0249			2380.0	8.98728e-10
0.02385	-0.0325451			2385.0	1.33265e-08
0.0239	-0.0376418			2390.0	1.36721e-08
0.02395	-0.0376418			2395.0	1.17433e-09
0.024	-0.0401902			2400.0	1.76394e-08
0.02405	-0.0427385			2405.0	4.38611e-09
0.0241	-0.0376418			2410.0	3.8273e-09
0.02415	-0.038916			2415.0	5.57198e-10
0.0242	-0.0465611			2420.0	4.97137e-09
0.02425	-0.0427385			2425.0	6.94605e-09
0.0243	-0.0325451			2430.0	4.20632e-09
0.02435	-0.0274484			2435.0	2.48295e-08
0.0244	-0.0210775			2440.0	2.47875e-08
0.02445	-0.0223517			2445.0	9.18111e-10
0.0245	-0.0147066			2450.0	1.64378e-08
0.02455	-0.00706155			2455.0	3.14589e-08
0.0246	0.0018577			2460.0	1.6004e-08
0.02465	0.00695441			2465.0	1.49426e-08
0.0247	0.0120511			2470.0	8.7927e-09
0.02475	0.0158737			2475.0	1.09021e-09
0.0248	0.0222446			2480.0	2.07063e-09
0.02485	0.0286154			2485.0	1.74647e-09
0.0249	0.0311638			2490.0	7.37822e-09
0.02495	0.0337122			2495.0	1.08072e-08
0.025	0.0349863			2500.0	4.78149e-09
0.02505	0.0375347			2505.0	1.31217e-09
0.0251	0.0362605			2510.0	9.16595e-09
0.02515	0.0388089			2515.0	3.72125e-08
0.0252	0.0388089			2520.0	1.20829e-08
0.02525	0.040083			2525.0	1.55709e-09
0.0253	0.0388089			2530.0	6.57407e-09
0.02535	0.0286154			2535.0	7.97748e-09
0.0254	0.0260671			2540.0	5.24491e-09
0.02545	0.0235187			2545.0	1.14878e-08
0.0255	0.0235187			2550.0	2.2345e-09
0.02555	0.0222446			2555.0	2.04008e-09
0.0256	0.0158737			2560.0	6.86117e-09
0.02565	0.0145995			2565.0	1.25407e-08
0.0257	0.00568023			2570.0	9.93415e-09
0.02575	0.00568023			2575.0	5.87144e-09
0.0258	0.00440605			2580.0	5.45877e-09
0.02585	0.00313188			2585.0	1.86847e-09
0.0259	0.000583518			2590.0	4.2095e-09
0.02595	-0.00578737			2595.0	6.39281e-09
0.026	-0.00323902			2600.0	6.27517e-10
0.02605	-0.00196484			2605.0	3.37234e-09
0.0261	-0.00069066			2610.0	1.79276e-09
0.02615	0.00695441			2615.0	2.24909e-09
0.0262	0.00695441			2620.0	3.7429e-09
0.02625	0.00822859			2625.0	1.23453e-08
0.0263	0.00695441			2630.0	5.26961e-09
0.02635	0.0171478			2635.0	1.02319e-08
0.0264	0.0235187			2640.0	5.27948e-09
0.02645	0.0286154			2645.0	2.29746e-09
0.0265	0.0337122			2650.0	1.0606e-08
0.02655	0.0349863			2655.0	6.83379e-09
0.0266	0.0337122			2660.0	7.56194e-10
0.02665	0.0426314			2665.0	2.86078e-09
0.0267	0.0477281			2670.0	1.15486e-09
0.02675	0.0502765			2675.0	1.15835e-08
0.0268	0.0477281			2680.0	1.22576e-08
0.02685	0.0502765			2685.0	4.65034e-09
0.0269	0.0528248			2690.0	1.99495e-09
0.02695	0.0490023			2695.0	7.67756e-09
0.027	0.0490023			2700.0	4.45998e-09
0.02705	0.0477281			2705.0	3.02296e-09
0.0271	0.0451798			2710.0	6.31817e-09
0.02715	0.0439056			2715.0	1.90771e-09
0.0272	0.0388089			2720.0	3.30493e-10
0.02725	0.0337122			2725.0	1.02094e-10
0.0273	0.0337122			2730.0	3.29355e-10
0.02735	0.0247929			2735.0	1.34691e-09
0.0274	0.0235187			2740.0	2.30511e-09
0.02745	0.0196962			2745.0	5.74179e-10
0.0275	0.0107769			2750.0	1.9526e-09
0.02755	0.00440605			2755.0	8.17607e-10
0.0276	-0.00196484			2760.0	7.23487e-09
0.02765	-0.00323902			2765.0	1.1404e-09
0.0277	-0.00706155			2770.0	6.02825e-09
0.02775	-0.00706155			2775.0	5.06405e-09
0.0278	-0.0134324			2780.0	3.24718e-09
0.02785	-0.0147066			2785.0	1.35372e-09
0.0279	-0.0185292			2790.0	2.06097e-09
0.02795	-0.0185292			2795.0	4.04653e-09
0.028	-0.0198033			2800.0	3.0034e-10
0.02805	-0.0185292			2805.0	8.94682e-09
0.0281	-0.0236259			2810.0	1.81466e-09
0.02815	-0.0185292			2815.0	1.76016e-09
0.0282	-0.0185292			2820.0	2.56684e-09
0.02825	-0.0159808			2825.0	2.54841e-09
0.0283	-0.0134324			2830.0	1.10853e-09
0.02835	-0.0134324			2835.0	9.2226e-10
0.0284	-0.00960991			2840.0	1.09803e-09
0.02845	-0.00706155			2845.0	2.7794e-10
0.0285	-0.00323902			2850.0	5.08e-10
0.02855	-0.00323902			2855.0	1.77496e-09
0.0286	-0.00196484			2860.0	1.52992e-09
0.02865	0.000583518			2865.0	7.57123e-09
0.0287	0.00568023			2870.0	3.56151e-09
0.02875	0.00568023			2875.0	2.37195e-11
0.0288	0.00440605			2880.0	1.59192e-09
0.02885	0.0018577			2885.0	3.62315e-09
0.0289	0.000583518			2890.0	7.23236e-10
0.02895	0.00313188			2895.0	9.01531e-11
0.029	0.00568023			2900.0	1.30924e-09
0.02905	0.000583518			2905.0	1.12782e-09
0.0291	-0.00323902			2910.0	1.94515e-09
0.02915	-0.00960991			2915.0	4.2295e-09
0.0292	-0.0121583			2920.0	7.62639e-09
0.02925	-0.0121583			2925.0	6.85781e-09
0.0293	-0.0134324			2930.0	1.467e-09
0.02935	-0.0134324			2935.0	3.95128e-09
0.0294	-0.0223517			2940.0	2.90335e-09
0.02945	-0.0223517			2945.0	5.42949e-09
0.0295	-0.0249			2950.0	7.11829e-09
0.02955	-0.0274484			2955.0	1.70579e-09
0.0296	-0.0299968			2960.0	6.61109e-10
0.02965	-0.0299968			2965.0	8.31421e-09
0.0297	-0.0350935			2970.0	5.7803e-09
0.02975	-0.0363677			2975.0	1.01616e-10
0.0298	-0.0376418			2980.0	4.01644e-09
0.02985	-0.0325451			2985.0	4.64897e-09
0.0299	-0.0338193			2990.0	1.79515e-10
0.02995	-0.0299968			2995.0	1.64298e-09
0.03	-0.0287226			3000.0	6.55713e-09
0.03005	-0.0299968			3005.0	1.23262e-09
0.0301	-0.0287226			3010.0	2.55656e-09
0.03015	-0.0287226			3015.0	6.47667e-09
0.0302	-0.0287226			3020.0	1.7932e-09
0.03025	-0.0223517			3025.0	1.794e-09
0.0303	-0.0210775			3030.0	5.25672e-10
0.03035	-0.0210775			3035.0	9.71759e-10
0.0304	-0.0198033			3040.0	2.03107e-09
0.03045	-0.0210775			3045.0	9.90829e-10
0.0305	-0.0210775			3050.0	7.94428e-10
0.03055	-0.0159808			3055.0	5.1053e-10
0.0306	-0.0121583			3060.0	1.03473e-09
0.03065	-0.00960991			3065.0	4.1415e-09
0.0307	-0.0134324			3070.0	1.73316e-08
0.03075	-0.00960991			3075.0	7.93588e-09
0.0308	-0.00960991			3080.0	1.0101e-09
0.03085	-0.00323902			3085.0	2.048e-09
0.0309	-0.00323902			3090.0	2.68209e-11
0.03095	-0.00196484			3095.0	1.3259e-09
0.031	-0.00578737			3100.0	2.03165e-09
0.03105	-0.00323902			3105.0	7.4572e-10
0.0311	-0.00196484			3110.0	4.31249e-09
0.03115	-0.00323902			3115.0	2.22271e-09
0.0312	-0.00196484			3120.0	5.09797e-09
0.03125	-0.00578737			3125.0	8.97913e-09
0.0313	0.000583518			3130.0	6.48333e-09
0.03135	-0.00196484			3135.0	1.40316e-09
0.0314	-0.00196484			3140.0	3.43711e-10
0.03145	-0.00323902			3145.0	1.86442e-09
0.0315	-0.00196484			3150.0	4.91722e-09
0.03155	-0.00323902			3155.0	2.51866e-09
0.0316	0.00568023			3160.0	1.00236e-11
0.03165	0.00568023			3165.0	1.45936e-09
0.0317	0.00822859			3170.0	9.59041e-10
0.03175	0.00822859			3175.0	1.45163e-09
0.0318	0.00950277			3180.0	4.44931e-10
0.03185	0.00695441			3185.0	2.35165e-10
0.0319	0.00822859			3190.0	5.28918e-09
0.03195	0.0120511			3195.0	6.7477e-09
0.032	0.0133253			3200.0	3.91121e-09
0.03205	0.018422			3205.0	1.79124e-10
0.0321	0.0133253			3210.0	2.87222e-09
0.03215	0.0120511			3215.0	3.08559e-09
0.0322	0.0133253			3220.0	2.26607e-09
0.03225	0.0133253			3225.0	1.22129e-09
0.0323	0.0145995			3230.0	1.0464e-09
0.03235	0.018422			3235.0	5.30679e-10
0.0324	0.0196962			3240.0	3.99236e-10
0.03245	0.0171478			3245.0	7.22072e-11
0.0325	0.0133253			3250.0	1.27167e-09
0.03255	0.0120511			3255.0	1.13478e-10
0.0326	0.0120511			3260.0	3.22955e-11
0.03265	0.0107769			3265.0	1.05765e-09
0.0327	0.0133253			3270.0	1.537e-09
0.03275	0.0171478			3275.0	1.4233e-09
0.0328	0.0145995			3280.0	2.18085e-10
0.03285	0.00950277			3285.0	5.0672e-11
0.0329	0.00440605			3290.0	1.40231e-09
0.03295	0.00822859			3295.0	7.14973e-10
0.033	0.0120511			3300.0	4.36646e-09
0.03305	0.0120511			3305.0	4.63417e-09
0.0331	0.0107769			3310.0	2.07729e-09
0.03315	0.00695441			3315.0	3.71701e-09
0.0332	0.00440605			3320.0	8.45837e-10
0.03325	0.00568023			3325.0	3.71504e-09
0.0333	0.00822859			3330.0	5.27195e-09
0.03335	0.0120511			3335.0	2.1155e-09
0.0334	0.00695441			3340.0	5.93134e-10
0.03345	0.00695441			3345.0	2.0255e-09
0.0335	0.00440605			3350.0	7.04938e-10
0.03355	0.00695441			3355.0	6.65986e-09
0.0336	0.00695441			3360.0	4.94032e-09
0.03365	0.0018577			3365.0	1.55903e-09
0.0337	0.000583518			3370.0	8.24749e-10
0.03375	0.00695441			3375.0	4.33062e-10
0.0338	0.00313188			3380.0	5.72574e-10
0.03385	0.0018577			3385.0	8.41723e-10
0.0339	-0.00196484			3390.0	7.60748e-09
0.03395	0.0018577			3395.0	2.19637e-09
0.034	0.0018577			3400.0	2.88887e-09
0.03405	0.000583518			3405.0	5.68625e-09
0.0341	0.00313188			3410.0	2.58838e-10
0.03415	0.000583518			3415.0	4.09528e-09
0.0342	-0.00196484			3420.0	1.4667e-09
0.03425	-0.00578737			3425.0	1.01559e-08
0.0343	-0.00706155			3430.0	2.78553e-08
0.03435	-0.00196484			3435.0	2.79014e-08
0.0344	-0.0045132			3440.0	1.75645e-08
0.03445	-0.00706155			3445.0	1.09266e-08
0.0345	-0.00833573			3450.0	6.86421e-09
0.03455	-0.00960991			3455.0	6.53937e-09
0.0346	-0.0108841			3460.0	3.31169e-09
0.03465	-0.017255			3465.0	3.15101e-11
0.0347	-0.0185292			3470.0	2.6134e-09
0.03475	-0.0159808			3475.0	4.98171e-09
0.0348	-0.017255			3480.0	2.1732e-09
0.03485	-0.0159808			3485.0	4.72554e-09
0.0349	-0.0159808			3490.0	6.89822e-09
0.03495	-0.0185292			3495.0	1.22568e-09
0.035	-0.0236259			3500.0	6.16405e-10
0.03505	-0.0236259			3505.0	5.65806e-09
0.0351	-0.0185292			3510.0	2.78536e-09
0.03515	-0.017255			3515.0	4.04566e-09
0.0352	-0.0159808			3520.0	1.48363e-09
0.03525	-0.0185292			3525.0	6.78033e-09
0.0353	-0.0185292			3530.0	1.19088e-08
0.03535	-0.017255			3535.0	7.37044e-09
0.0354	-0.0210775			3540.0	1.00604e-08
0.03545	-0.0185292			3545.0	2.71488e-09
0.0355	-0.017255			3550.0	3.67276e-09
0.03555	-0.0147066			3555.0	3.75126e-09
0.0356	-0.0159808			3560.0	1.19727e-08
0.03565	-0.0159808			3565.0	1.36957e-08
0.0357	-0.017255			3570.0	4.98699e-09
0.03575	-0.0185292			3575.0	3.97906e-09
0.0358	-0.0185292			3580.0	2.12106e-09
0.03585	-0.0134324			3585.0	3.54171e-10
0.0359	-0.0159808			3590.0	3.6986e-09
0.03595	-0.017255			3595.0	4.98918e-09
0.036	-0.017255			3600.0	2.43121e-10
0.03605	-0.0210775			3605.0	3.75959e-09
0.0361	-0.0223517			3610.0	2.55641e-09
0.03615	-0.017255			3615.0	5.2186e-10
0.0362	-0.0210775			3620.0	3.65873e-09
0.03625	-0.0185292			3625.0	7.23358e-09
0.0363	-0.0198033			3630.0	2.7454e-09
0.03635	-0.0236259			3635.0	7.93518e-09
0.0364	-0.0223517			3640.0	4.10416e-09
0.03645	-0.0261742			3645.0	1.6157e-09
0.0365	-0.0261742			3650.0	9.85562e-10
0.03655	-0.0261742			3655.0	9.49839e-10
0.0366	-0.0274484			3660.0	3.03483e-09
0.03665	-0.0223517			3665.0	3.07401e-09
0.0367	-0.0198033			3670.0	2.3736e-09
0.03675	-0.017255			3675.0	3.50204e-09
0.0368	-0.0185292			3680.0	1.22872e-08
0.03685	-0.0223517			3685.0	4.60461e-09
0.0369	-0.017255			3690.0	3.32291e-09
0.03695	-0.00960991			3695.0	4.57574e-09
0.037	-0.00706155			3700.0	3.99724e-09
0.03705	-0.00578737			3705.0	1.60799e-09
0.0371	-0.00578737			3710.0	1.41065e-09
0.03715	-0.00196484			3715.0	3.87324e-09
0.0372	-0.00069066			3720.0	1.5578e-09
0.03725	0.0018577			3725.0	5.2504e-10
0.0373	0.00822859			3730.0	1.34149e-09
0.03735	0.00695441			3735.0	4.51568e-09
0.0374	0.0107769			3740.0	9.45631e-09
0.03745	0.0133253			3745.0	1.0643e-09
0.0375	0.0133253			3750.0	1.90234e-10
0.03755	0.0145995			3755.0	7.73737e-10
0.0376	0.0107769			3760.0	3.42627e-09
0.03765	0.0107769			3765.0	3.43725e-09
0.0377	0.0120511			3770.0	8.70421e-09
0.03775	0.018422			3775.0	1.36897e-09
0.0378	0.0145995			3780.0	1.32732e-09
0.03785	0.0107769			3785.0	7.79605e-09
0.0379	0.00950277			3790.0	1.24602e-08
0.03795	0.00950277			3795.0	4.30069e-09
0.038	0.00822859			3800.0	1.35995e-09
0.03805	0.0107769			3805.0	5.65235e-09
0.0381	0.0120511			3810.0	6.23613e-09
0.03815	0.0120511			3815.0	1.06335e-09
0.0382	0.00950277			3820.0	2.32078e-09
0.03825	0.0107769			3825.0	4.65398e-09
0.0383	0.00822859			3830.0	6.26289e-10
0.03835	0.0107769			3835.0	2.6956e-09
0.0384	0.0133253			3840.0	2.22351e-09
0.03845	0.0133253			3845.0	1.74232e-09
0.0385	0.0171478			3850.0	4.84142e-09
0.03855	0.018422			3855.0	8.88463e-09
0.0386	0.0171478			3860.0	3.88871e-09
0.03865	0.0196962			3865.0	2.93286e-09
0.0387	0.018422			3870.0	3.00907e-10
0.03875	0.0158737			3875.0	2.94077e-09
0.0388	0.0196962			3880.0	1.26195e-08
0.03885	0.0196962			3885.0	2.86625e-09
0.0389	0.0222446			3890.0	4.97341e-09
0.03895	0.0209704			3895.0	1.03802e-08
0.039	0.0171478			3900.0	2.14377e-08
0.03905	0.0158737			3905.0	1.03909e-08
0.0391	0.0120511			3910.0	2.98534e-08
0.03915	0.00695441			3915.0	5.69996e-08
0.0392	0.00695441			3920.0	5.01918e-08
0.03925	0.00695441			3925.0	4.5761e-08
0.0393	0.00950277			3930.0	3.72073e-08
0.03935	0.00950277			3935.0	2.8912e-08
0.0394	0.0107769			3940.0	2.48817e-08
0.03945	0.00695441			3945.0	1.90741e-08
0.0395	0.000583518			3950.0	5.24114e-09
0.03955	-0.00323902			3955.0	4.2776e-09
0.0396	0.000583518			3960.0	8.92658e-09
0.03965	0.000583518			3965.0	6.80679e-09
0.0397	-0.00069066			3970.0	4.79682e-09
0.03975	-0.00196484			3975.0	3.46457e-09
0.0398	-0.00196484			3980.0	4.24663e-09
0.03985	0.000583518			3985.0	1.15092e-08
0.0399	-0.00323902			3990.0	1.05851e-08
0.03995	-0.00323902			3995.0	1.2094e-08
0.04	-0.00069066			4000.0	1.16792e-08
0.04005	0.0018577			4005.0	1.59058e-09
0.0401	0.00440605			4010.0	8.74233e-09
0.04015	0.00568023			4015.0	2.19706e-08
0.0402	0.0018577			4020.0	4.74455e-09
0.04025	0.00440605			4025.0	2.76653e-09
0.0403	0.00313188			4030.0	4.75265e-09
0.04035	0.00950277			4035.0	2.29036e-10
0.0404	0.0120511			4040.0	2.45484e-09
0.04045	0.0133253			4045.0	2.40802e-10
0.0405	0.0133253			4050.0	4.29372e-09
0.04055	0.0107769			4055.0	2.31841e-08
0.0406	0.0107769			4060.0	2.15283e-08
0.04065	0.00695441			4065.0	3.25379e-09
0.0407	0.00822859			4070.0	6.90735e-09
0.04075	0.00822859			4075.0	1.03454e-08
0.0408	0.00440605			4080.0	1.20826e-08
0.04085	0.00440605			4085.0	8.92855e-09
0.0409	0.0018577			4090.0	1.40014e-09
0.04095	-0.00196484			4095.0	3.2158e-11
0.041	-0.0045132			4100.0	1.12805e-09
0.04105	-0.00960991			4105.0	1.30465e-09
0.0411	-0.0134324			4110.0	1.69947e-10
0.04115	-0.0121583			4115.0	2.108e-09
0.0412	-0.0121583			4120.0	8.05502e-09
0.04125	-0.0134324			4125.0	4.19039e-09
0.0413	-0.0147066			4130.0	2.90374e-10
0.04135	-0.0159808			4135.0	2.39779e-09
0.0414	-0.0159808			4140.0	3.70729e-09
0.04145	-0.0185292			4145.0	7.56411e-09
0.0415	-0.017255			4150.0	4.99541e-09
0.04155	-0.0147066			4155.0	1.82537e-09
0.0416	-0.0159808			4160.0	3.5289e-09
0.04165	-0.0159808			4165.0	2.91337e-09
0.0417	-0.017255			4170.0	1.17873e-08
0.04175	-0.0121583			4175.0	3.17181e-09
0.0418	-0.0134324			4180.0	1.32751e-09
0.04185	-0.0134324			4185.0	7.25327e-10
0.0419	-0.0108841			4190.0	3.96872e-09
0.04195	-0.00960991			4195.0	1.11441e-08
0.042	-0.00706155			4200.0	2.24603e-09
0.04205	-0.00706155			4205.0	5.13011e-09
0.0421	-0.00706155			4210.0	6.65324e-10
0.04215	-0.00960991			4215.0	1.73615e-09
0.0422	-0.0108841			4220.0	4.07286e-09
0.04225	-0.00706155			4225.0	5.81373e-09
0.0423	-0.0045132			4230.0	6.39085e-09
0.04235	-0.00578737			4235.0	9.43183e-09
0.0424	-0.00578737			4240.0	4.57361e-09
0.04245	-0.00323902			4245.0	1.97447e-09
0.0425	-0.00578737			4250.0	1.55395e-09
0.04255	-0.00323902			4255.0	3.43743e-09
0.0426	-0.00706155			4260.0	8.74705e-10
0.04265	-0.00706155			4265.0	1.86393e-09
0.0427	-0.0045132			4270.0	9.84208e-10
0.04275	-0.00578737			4275.0	5.12259e-09
0.0428	-0.00578737			4280.0	8.48293e-09
0.04285	-0.00196484			4285.0	2.1078e-10
0.0429	-0.00196484			4290.0	1.21417e-09
0.04295	-0.00196484			4295.0	1.40981e-09
0.043	-0.0045132			4300.0	8.12154e-10
0.04305	-0.00960991			4305.0	2.65083e-09
0.0431	-0.00706155			4310.0	2.43432e-09
0.04315	-0.00578737			4315.0	8.135e-10
0.0432	-0.00706155			4320.0	6.97937e-10
0.04325	-0.00706155			4325.0	7.58575e-11
0.0433	-0.00706155			4330.0	2.27288e-09
0.04335	-0.00706155			4335.0	1.73005e-09
0.0434	-0.00706155			4340.0	3.82709e-09
0.04345	-0.00706155			4345.0	8.64889e-09
0.0435	-0.00706155			4350.0	2.81611e-09
0.04355	-0.00706155			4355.0	1.47006e-09
0.0436	-0.0045132			4360.0	1.93798e-09
0.04365	0.000583518			4365.0	1.07955e-09
0.0437	0.0018577			4370.0	1.85104e-10
0.04375	-0.00069066			4375.0	5.91852e-10
0.0438	-0.00323902			4380.0	6.17944e-09
0.04385	-0.00069066			4385.0	1.2521e-08
0.0439	0.0018577			4390.0	9.15599e-09
0.04395	0.00440605			4395.0	6.70711e-09
0.044	0.00440605			4400.0	1.40537e-08
0.04405	0.00568023			4405.0	2.74315e-08
0.0441	0.00695441			4410.0	3.62005e-08
0.04415	0.00695441			4415.0	1.75361e-08
0.0442	0.00950277			4420.0	1.38415e-08
0.04425	0.00568023			4425.0	1.3275e-08
0.0443	0.00568023			4430.0	2.11652e-08
0.04435	0.0107769			4435.0	1.09434e-08
0.0444	0.0120511			4440.0	8.20959e-09
0.04445	0.0120511			4445.0	4.65513e-09
0.0445	0.0145995			4450.0	5.86487e-11
0.04455	0.0133253			4455.0	1.10039e-10
0.0446	0.0145995			4460.0	3.8176e-09
0.04465	0.0133253			4465.0	6.98226e-09
0.0447	0.0133253			4470.0	2.25783e-09
0.04475	0.0145995			4475.0	1.52332e-08
0.0448	0.0145995			4480.0	2.37929e-08
0.04485	0.0158737			4485.0	1.30706e-08
0.0449	0.0133253			4490.0	7.49375e-09
0.04495	0.0133253			4495.0	1.26639e-09
0.045	0.00950277			4500.0	2.70965e-09
0.04505	0.00950277			4505.0	7.35377e-09
0.0451	0.00695441			4510.0	1.09489e-09
0.04515	0.00822859			4515.0	6.37625e-09
0.0452	0.00695441			4520.0	1.81171e-10
0.04525	0.00695441			4525.0	7.77331e-09
0.0453	0.00695441			4530.0	1.42128e-10
0.04535	0.000583518			4535.0	1.15619e-08
0.0454	-0.00196484			4540.0	1.46218e-08
0.04545	-0.0045132			4545.0	4.6309e-09
0.0455	-0.00706155			4550.0	1.20527e-10
0.04555	-0.00578737			4555.0	3.49458e-10
0.0456	-0.00833573			4560.0	2.8419e-09
0.04565	-0.00833573			4565.0	1.28956e-08
0.0457	-0.00833573			4570.0	1.52974e-09
0.04575	-0.00833573			4575.0	6.73826e-10
0.0458	-0.00960991			4580.0	5.39135e-09
0.04585	-0.017255			4585.0	3.17604e-09
0.0459	-0.017255			4590.0	1.46694e-09
0.04595	-0.017255			4595.0	5.89864e-09
0.046	-0.0134324			4600.0	2.23639e-09
0.04605	-0.00833573			4605.0	6.14531e-10
0.0461	-0.00706155			4610.0	2.91072e-10
0.04615	-0.00960991			4615.0	5.30084e-10
0.0462	-0.0121583			4620.0	5.91775e-10
0.04625	-0.00706155			4625.0	8.1382e-11
0.0463	-0.00196484			4630.0	5.46553e-10
0.04635	-0.00196484			4635.0	2.81782e-10
0.0464	0.000583518			4640.0	1.20064e-10
0.04645	0.00440605			4645.0	2.42484e-11
0.0465	0.00822859			4650.0	4.77452e-10
0.04655	0.00950277			4655.0	2.80741e-11
0.0466	0.00822859			4660.0	1.0375e-09
0.04665	0.0107769			4665.0	1.55622e-09
0.0467	0.00950277			4670.0	6.2262e-13
0.04675	0.0145995			4675.0	3.33429e-09
0.0468	0.0120511			4680.0	2.88711e-09
0.04685	0.0133253			4685.0	7.55332e-10
0.0469	0.0145995			4690.0	2.00093e-09
0.04695	0.0133253			4695.0	2.15058e-09
0.047	0.0120511			4700.0	6.2203e-09
0.04705	0.00950277			4705.0	1.08358e-08
0.0471	0.00440605			4710.0	1.83848e-09
0.04715	0.00440605			4715.0	5.9444e-11
0.0472	-0.00069066			4720.0	1.32392e-10
0.04725	-0.00196484			4725.0	8.43104e-10
0.0473	-0.00706155			4730.0	2.83702e-09
0.04735	-0.0108841			4735.0	3.39787e-09
0.0474	-0.0134324			4740.0	2.77273e-09
0.04745	-0.0147066			4745.0	2.41648e-09
0.0475	-0.0185292			4750.0	2.63972e-10
0.04755	-0.0223517			4755.0	2.09347e-09
0.0476	-0.0236259			4760.0	5.24147e-09
0.04765	-0.0223517			4765.0	1.2342e-09
0.0477	-0.0249			4770.0	4.92031e-09
0.04775	-0.0249			4775.0	3.90937e-09
0.0478	-0.0274484			4780.0	4.86719e-09
0.04785	-0.0261742			4785.0	3.27924e-09
0.0479	-0.0223517			4790.0	7.66933e-10
0.04795	-0.0185292			4795.0	4.13642e-09
0.048	-0.0185292			4800.0	1.62185e-09
0.04805	-0.017255			4805.0	3.72727e-09
0.0481	-0.017255			4810.0	7.94653e-09
0.04815	-0.0121583			4815.0	2.80652e-09
0.0482	-0.0108841			4820.0	1.12775e-09
0.04825	-0.00960991			4825.0	2.07339e-09
0.0483	-0.00196484			4830.0	1.93396e-09
0.04835	0.0018577			4835.0	4.99326e-09
0.0484	0.00568023			4840.0	1.52986e-09
0.04845	0.00695441			4845.0	3.67217e-09
0.0485	0.00313188			4850.0	2.64774e-09
0.04855	0.00695441			4855.0	1.78161e-10
0.0486	0.00568023			4860.0	1.26653e-11
0.04865	0.00822859			4865.0	1.34469e-09
0.0487	0.00950277			4870.0	2.28255e-10
0.04875	0.0120511			4875.0	8.55524e-10
0.0488	0.0120511			4880.0	1.515e-09
0.04885	0.0120511			4885.0	2.34344e-09
0.0489	0.0107769			4890.0	1.21943e-09
0.04895	0.00568023			4895.0	1.35413e-09
0.049	0.00440605			4900.0	1.80821e-08
0.04905	-0.00196484			4905.0	2.03947e-08
0.0491	-0.0045132			4910.0	7.31558e-09
0.04915	-0.00578737			4915.0	4.11589e-11
0.0492	-0.00706155			4920.0	1.47279e-09
0.04925	-0.0108841			4925.0	1.53146e-09
0.0493	-0.0159808			4930.0	2.69565e-09
0.04935	-0.017255			4935.0	6.15427e-10
0.0494	-0.0249			4940.0	1.79431e-09
0.04945	-0.0261742			4945.0	1.19181e-10
0.0495	-0.0325451			4950.0	1.08054e-09
0.04955	-0.0350935			4955.0	7.34731e-10
0.0496	-0.0325451			4960.0	2.35866e-10
0.04965	-0.0338193			4965.0	1.7258e-09
0.0497	-0.0312709			4970.0	1.35942e-09
0.04975	-0.0312709			4975.0	1.28879e-09
0.0498	-0.0274484			4980.0	1.1851e-09
0.04985	-0.0287226			4985.0	2.41204e-09
0.0499	-0.0287226			4990.0	5.26196e-09
0.04995	-0.0249			4995.0	3.63658e-09
0.05	-0.0147066			5000.0	1.11348e-09
0.05005	-0.0147066			5005.0	5.1542e-10
0.0501	-0.0121583			5010.0	1.2411e-09
0.05015	-0.0045132			5015.0	1.21904e-09
0.0502	-0.00323902			5020.0	1.36733e-09
0.05025	-0.00069066			5025.0	1.25323e-09
0.0503	0.000583518			5030.0	2.19178e-09
0.05035	0.000583518			5035.0	2.70516e-09
0.0504	0.00568023			5040.0	1.04983e-09
0.05045	0.00822859			5045.0	5.68325e-10
0.0505	0.0120511			5050.0	8.452e-10
0.05055	0.0133253			5055.0	4.72561e-10
0.0506	0.00950277			5060.0	1.90703e-11
0.05065	0.00950277			5065.0	4.9468e-09
0.0507	0.00440605			5070.0	1.75607e-09
0.05075	0.00440605			5075.0	1.22135e-09
0.0508	0.00568023			5080.0	3.27198e-10
0.05085	0.00313188			5085.0	2.4791e-10
0.0509	0.00313188			5090.0	2.45386e-09
0.05095	-0.00578737			5095.0	1.26619e-09
0.051	-0.00706155			5100.0	7.83105e-10
0.05105	-0.00960991			5105.0	5.73281e-10
0.0511	-0.0134324			5110.0	4.98983e-10
0.05115	-0.017255			5115.0	1.60994e-09
0.0512	-0.017255			5120.0	3.85302e-09
0.05125	-0.0198033			5125.0	2.66894e-10
0.0513	-0.0185292			5130.0	2.4154e-10
0.05135	-0.0223517			5135.0	3.89782e-09
0.0514	-0.0261742			5140.0	3.55058e-09
0.05145	-0.0274484			5145.0	1.19403e-09
0.0515	-0.0274484			5150.0	1.88451e-09
0.05155	-0.0287226			5155.0	1.791e-09
0.0516	-0.0299968			5160.0	6.35613e-10
0.05165	-0.0287226			5165.0	1.04115e-09
0.0517	-0.0236259			5170.0	3.05623e-09
0.05175	-0.0223517			5175.0	7.86898e-10
0.0518	-0.0185292			5180.0	7.5754e-10
0.05185	-0.0147066			5185.0	2.71503e-10
0.0519	-0.017255			5190.0	1.16049e-09
0.05195	-0.0147066			5195.0	4.14813e-10
0.052	-0.0121583			5200.0	1.40036e-10
0.05205	-0.00706155			5205.0	1.68318e-11
0.0521	-0.00578737			5210.0	8.52833e-10
0.05215	-0.00196484			5215.0	4.54776e-09
0.0522	0.000583518			5220.0	9.15628e-10
0.05225	0.00440605			5225.0	4.78318e-10
0.0523	0.00695441			5230.0	4.17833e-10
0.05235	0.0107769			5235.0	5.54092e-11
0.0524	0.00695441			5240.0	1.04034e-09
0.05245	0.00440605			5245.0	3.55105e-09
0.0525	0.00695441			5250.0	2.2804e-09
0.05255	0.00822859			5255.0	1.13518e-09
0.0526	0.00822859			5260.0	9.49571e-10
0.05265	0.0120511			5265.0	1.91815e-10
0.0527	0.0107769			5270.0	1.60413e-09
0.05275	0.00313188			5275.0	6.61513e-09
0.0528	0.00440605			5280.0	5.05345e-09
0.05285	-0.00323902			5285.0	2.47945e-09
0.0529	-0.00706155			5290.0	2.8915e-09
0.05295	-0.00323902			5295.0	1.48593e-09
0.053	-0.00706155			5300.0	1.16001e-09
0.05305	-0.00833573			5305.0	3.21703e-10
0.0531	-0.00833573			5310.0	1.04252e-09
0.05315	-0.0121583			5315.0	2.7224e-09
0.0532	-0.0185292			5320.0	6.85149e-10
0.05325	-0.0185292			5325.0	3.66038e-09
0.0533	-0.0223517			5330.0	2.1929e-09
0.05335	-0.0236259			5335.0	2.34368e-09
0.0534	-0.0249			5340.0	1.45324e-09
0.05345	-0.0223517			5345.0	3.14786e-10
0.0535	-0.0210775			5350.0	2.61896e-09
0.05355	-0.0287226			5355.0	2.50555e-09
0.0536	-0.0299968			5360.0	6.94041e-09
0.05365	-0.0287226			5365.0	2.8113e-09
0.0537	-0.0287226			5370.0	1.26196e-09
0.05375	-0.0287226			5375.0	2.02989e-09
0.0538	-0.0249			5380.0	8.38032e-10
0.05385	-0.0210775			5385.0	4.78648e-10
0.0539	-0.017255			5390.0	4.59576e-09
0.05395	-0.0134324			5395.0	3.07312e-09
0.054	-0.0134324			5400.0	6.04818e-10
0.05405	-0.0121583			5405.0	3.25023e-10
0.0541	-0.00960991			5410.0	3.15791e-09
0.05415	-0.0045132			5415.0	5.95498e-09
0.0542	0.0018577			5420.0	1.58172e-09
0.05425	0.00695441			5425.0	2.05059e-10
0.0543	0.00568023			5430.0	3.40077e-10
0.05435	0.0133253			5435.0	6.18732e-11
0.0544	0.0145995			5440.0	7.67004e-10
0.05445	0.0196962			5445.0	6.85439e-10
0.0545	0.0196962			5450.0	6.43752e-10
0.05455	0.0120511			5455.0	3.08755e-09
0.0546	0.0120511			5460.0	1.84921e-09
0.05465	0.0158737			5465.0	3.90498e-10
0.0547	0.0171478			5470.0	2.09877e-10
0.05475	0.018422			5475.0	1.69928e-10
0.0548	0.0133253			5480.0	2.50463e-10
0.05485	0.00568023			5485.0	1.16454e-10
0.0549	-0.00069066			5490.0	3.60237e-12
0.05495	-0.00706155			5495.0	3.13457e-09
0.055	-0.00706155			5500.0	7.29841e-09
0.05505	-0.00833573			5505.0	1.69683e-09
0.0551	-0.0134324			5510.0	1.43187e-09
0.05515	-0.017255			5515.0	8.10101e-11
0.0552	-0.0223517			5520.0	1.90874e-09
0.05525	-0.0261742			5525.0	1.64852e-09
0.0553	-0.0299968			5530.0	1.21801e-09
0.05535	-0.0325451			5535.0	4.56871e-09
0.0554	-0.0325451			5540.0	7.32311e-09
0.05545	-0.0338193			5545.0	4.40606e-09
0.0555	-0.0325451			5550.0	1.68277e-09
0.05555	-0.0325451			5555.0	4.72496e-10
0.0556	-0.0299968			5560.0	1.3077e-09
0.05565	-0.0325451			5565.0	2.40464e-09
0.0557	-0.0312709			5570.0	3.88108e-10
0.05575	-0.0312709			5575.0	4.2721e-09
0.0558	-0.0274484			5580.0	5.00132e-09
0.05585	-0.0198033			5585.0	1.12875e-09
0.0559	-0.017255			5590.0	2.51467e-09
0.05595	-0.0108841			5595.0	2.87828e-09
0.056	-0.00578737			5600.0	1.63069e-09
0.05605	-0.0045132			5605.0	4.91305e-10
0.0561	-0.00196484			5610.0	3.43099e-10
0.05615	0.000583518			5615.0	1.62018e-09
0.0562	0.0018577			5620.0	6.77802e-10
0.05625	0.00822859			5625.0	1.18803e-09
0.0563	0.0145995			5630.0	3.11253e-09
0.05635	0.0196962			5635.0	7.48657e-10
0.0564	0.0145995			5640.0	2.02483e-09
0.05645	0.018422			5645.0	6.85664e-10
0.0565	0.0171478			5650.0	2.39255e-09
0.05655	0.0145995			5655.0	4.77381e-09
0.0566	0.0133253			5660.0	7.92259e-10
0.05665	0.0107769			5665.0	9.54035e-10
0.0567	0.00822859			5670.0	6.21685e-10
0.05675	0.00568023			5675.0	1.89953e-09
0.0568	0.00313188			5680.0	4.84965e-10
0.05685	-0.00069066			5685.0	1.88619e-09
0.0569	-0.00706155			5690.0	1.77025e-10
0.05695	-0.00960991			5695.0	2.08092e-11
0.057	-0.017255			5700.0	1.47444e-09
0.05705	-0.0210775			5705.0	7.40581e-09
0.0571	-0.0198033			5710.0	6.20013e-09
0.05715	-0.0223517			5715.0	3.33789e-09
0.0572	-0.0249			5720.0	1.02625e-09
0.05725	-0.0274484			5725.0	4.02656e-09
0.0573	-0.0287226			5730.0	2.61321e-09
0.05735	-0.0274484			5735.0	1.54712e-11
0.0574	-0.0312709			5740.0	2.20999e-09
0.05745	-0.0287226			5745.0	2.57777e-09
0.0575	-0.0223517			5750.0	4.14059e-10
0.05755	-0.0223517			5755.0	1.21972e-09
0.0576	-0.0159808			5760.0	2.32723e-09
0.05765	-0.00960991			5765.0	4.79325e-09
0.0577	-0.00578737			5770.0	9.78813e-10
0.05775	-0.00578737			5775.0	6.91083e-10
0.0578	-0.00069066			5780.0	3.74025e-10
0.05785	0.00440605			5785.0	3.71508e-09
0.0579	0.00822859			5790.0	1.66312e-09
0.05795	0.0133253			5795.0	2.37046e-10
0.058	0.018422			5800.0	6.30564e-10
0.05805	0.0235187			5805.0	2.16063e-09
0.0581	0.0273413			5810.0	1.63621e-09
0.05815	0.0260671			5815.0	3.47958e-09
0.0582	0.0260671			5820.0	2.87866e-09
0.05825	0.0222446			5825.0	1.75333e-09
0.0583	0.0222446			5830.0	7.65918e-10
0.05835	0.0222446			5835.0	4.64315e-10
0.0584	0.0209704			5840.0	2.46906e-09
0.05845	0.0171478			5845.0	2.36858e-09
0.0585	0.0120511			5850.0	5.67399e-10
0.05855	0.0120511			5855.0	3.71218e-09
0.0586	0.00950277			5860.0	6.99412e-09
0.05865	-0.00196484			5865.0	3.25402e-09
0.0587	-0.00196484			5870.0	2.22279e-09
0.05875	-0.00833573			5875.0	1.97536e-09
0.0588	-0.0134324			5880.0	6.56433e-10
0.05885	-0.0121583			5885.0	1.48149e-09
0.0589	-0.017255			5890.0	4.29868e-09
0.05895	-0.0159808			5895.0	8.19376e-09
0.059	-0.0159808			5900.0	9.54901e-09
0.05905	-0.0185292			5905.0	4.50178e-09
0.0591	-0.0198033			5910.0	9.11887e-10
0.05915	-0.0210775			5915.0	1.34013e-09
0.0592	-0.017255			5920.0	2.27217e-09
0.05925	-0.0134324			5925.0	9.36664e-10
0.0593	-0.0121583			5930.0	1.22352e-10
0.05935	-0.00706155			5935.0	6.59023e-11
0.0594	-0.00196484			5940.0	4.96567e-10
0.05945	0.00440605			5945.0	3.08136e-09
0.0595	0.00822859			5950.0	1.78002e-09
0.05955	0.0107769			5955.0	1.92266e-09
0.0596	0.0145995			5960.0	7.43192e-09
0.05965	0.0158737			5965.0	2.63355e-09
0.0597	0.0222446			5970.0	4.05138e-10
0.05975	0.0260671			5975.0	1.08638e-09
0.0598	0.0286154			5980.0	7.19196e-10
0.05985	0.032438			5985.0	2.17617e-09
0.0599	0.0286154			5990.0	1.56623e-09
0.05995	0.032438			5995.0	1.00465e-09
0.06	0.0298896			6000.0	4.45843e-09
0.06005	0.0260671			6005.0	9.41996e-10
0.0601	0.0273413			6010.0	4.12519e-09
0.06015	0.0235187			6015.0	6.16294e-09
0.0602	0.0222446			6020.0	2.99301e-09
0.06025	0.0235187			6025.0	2.00694e-09
0.0603	0.0222446			6030.0	7.21887e-10
0.06035	0.0133253			6035.0	2.3297e-09
0.0604	0.00822859			6040.0	1.43802e-09
0.06045	0.00313188			6045.0	1.99468e-09
0.0605	0.00440605			6050.0	6.37374e-10
0.06055	-0.00196484			6055.0	1.53915e-10
0.0606	-0.00323902			6060.0	1.30869e-09
0.06065	-0.00578737			6065.0	2.34792e-09
0.0607	-0.0045132			6070.0	2.29001e-09
0.06075	-0.00706155			6075.0	1.02262e-09
0.0608	-0.0108841			6080.0	6.36849e-09
0.06085	-0.0147066			6085.0	6.51389e-09
0.0609	-0.0147066			6090.0	9.3576e-10
0.06095	-0.0121583			6095.0	1.54197e-09
0.061	-0.00706155			6100.0	6.60502e-09
0.06105	-0.00578737			6105.0	5.9868e-09
0.0611	-0.00196484			6110.0	2.82686e-09
0.06115	0.0018577			6115.0	4.78521e-09
0.0612	0.00568023			6120.0	2.05961e-09
0.06125	0.00440605			6125.0	2.15237e-09
0.0613	0.00695441			6130.0	1.72867e-09
0.06135	0.00822859			6135.0	3.35533e-10
0.0614	0.0120511			6140.0	3.03358e-10
0.06145	0.0120511			6145.0	2.11748e-10
0.0615	0.0133253			6150.0	2.49669e-09
0.06155	0.0145995			6155.0	3.42289e-10
0.0616	0.0145995			6160.0	7.22863e-10
0.06165	0.0133253			6165.0	1.21484e-10
0.0617	0.00822859			6170.0	2.82817e-09
0.06175	0.00695441			6175.0	4.32101e-09
0.0618	0.00695441			6180.0	6.40369e-10
0.06185	0.00440605			6185.0	5.64017e-10
0.0619	0.000583518			6190.0	2.02156e-10
0.06195	-0.00196484			6195.0	1.36003e-10
0.062	-0.00323902			6200.0	2.16353e-10
0.06205	-0.00706155			6205.0	3.08656e-09
0.0621	-0.0147066			6210.0	2.45595e-09
0.06215	-0.017255			6215.0	1.65776e-09
0.0622	-0.017255			6220.0	3.58291e-09
0.06225	-0.0236259			6225.0	8.31142e-10
0.0623	-0.0261742			6230.0	2.66184e-09
0.06235	-0.0223517			6235.0	6.41451e-09
0.0624	-0.0236259			6240.0	6.74948e-09
0.06245	-0.0223517			6245.0	5.07458e-09
0.0625	-0.0210775			6250.0	4.17177e-10
0.06255	-0.0185292			6255.0	5.50978e-11
0.0626	-0.0147066			6260.0	1.07719e-09
0.06265	-0.0198033			6265.0	1.87718e-09
0.0627	-0.0185292			6270.0	1.33384e-09
0.06275	-0.0159808			6275.0	1.15414e-10
0.0628	-0.00833573			6280.0	1.97324e-09
0.06285	-0.00323902			6285.0	4.38276e-09
0.0629	-0.00323902			6290.0	4.22296e-09
0.06295	0.000583518			6295.0	7.63548e-10
0.063	0.00313188			6300.0	2.70605e-09
0.06305	0.00440605			6305.0	5.92921e-10
0.0631	0.0018577			6310.0	1.53277e-09
0.06315	0.0018577			6315.0	4.52399e-11
0.0632	0.00695441			6320.0	7.13897e-10
0.06325	0.0107769			6325.0	2.82705e-09
0.0633	0.0107769			6330.0	1.69012e-09
0.06335	0.0107769			6335.0	1.03252e-09
0.0634	0.00822859			6340.0	4.74367e-09
0.06345	0.00822859			6345.0	2.58004e-09
0.0635	0.00695441			6350.0	5.41657e-10
0.06355	-0.00069066			6355.0	1.0084e-09
0.0636	-0.00069066			6360.0	6.64682e-11
0.06365	0.000583518			6365.0	2.22188e-10
0.0637	-0.00069066			6370.0	2.19778e-09
0.06375	-0.00196484			6375.0	5.59718e-09
0.0638	-0.00069066			6380.0	6.53905e-09
0.06385	-0.0045132			6385.0	5.67199e-09
0.0639	-0.00960991			6390.0	6.63909e-09
0.06395	-0.0159808			6395.0	5.21569e-09
0.064	-0.017255			6400.0	3.0685e-10
0.06405	-0.017255			6405.0	9.29741e-10
0.0641	-0.0147066			6410.0	1.96362e-09
0.06415	-0.0147066			6415.0	1.03573e-08
0.0642	-0.0147066			6420.0	6.94496e-09
0.06425	-0.017255			6425.0	1.91854e-09
0.0643	-0.0210775			6430.0	6.96482e-10
0.06435	-0.0223517			6435.0	1.07239e-09
0.0644	-0.017255			6440.0	7.30651e-09
0.06445	-0.0159808			6445.0	1.02095e-08
0.0645	-0.017255			6450.0	7.9222e-09
0.06455	-0.0134324			6455.0	3.82494e-09
0.0646	-0.00960991			6460.0	8.10058e-09
0.06465	-0.00960991			6465.0	1.57124e-08
0.0647	-0.00706155			6470.0	1.11265e-08
0.06475	-0.00706155			6475.0	8.70247e-10
0.0648	-0.00323902			6480.0	1.52693e-09
0.06485	-0.00069066			6485.0	2.42396e-09
0.0649	0.000583518			6490.0	3.95717e-09
0.06495	0.000583518			6495.0	2.49418e-09
0.065	0.0018577			6500.0	1.44269e-08
0.06505	0.00313188			6505.0	2.43697e-08
0.0651	0.00822859			6510.0	7.45282e-09
0.06515	0.00950277			6515.0	2.08162e-09
0.0652	0.0120511			6520.0	1.32965e-08
0.06525	0.0107769			6525.0	5.48676e-09
0.0653	0.0120511			6530.0	4.80723e-10
0.06535	0.0107769			6535.0	1.68851e-09
0.0654	0.00822859			6540.0	5.2009e-09
0.06545	0.0120511			6545.0	3.50231e-09
0.0655	0.00950277			6550.0	1.61218e-09
0.06555	0.00950277			6555.0	6.58611e-10
0.0656	0.0107769			6560.0	1.72196e-11
0.06565	0.0107769			6565.0	1.99808e-09
0.0657	0.00695441			6570.0	5.34311e-09
0.06575	0.00440605			6575.0	4.42614e-10
0.0658	0.000583518			6580.0	2.00196e-09
0.06585	-0.00196484			6585.0	4.22081e-10
0.0659	-0.00196484			6590.0	4.9131e-09
0.06595	-0.00578737			6595.0	1.44045e-09
0.066	-0.0045132			6600.0	3.31033e-09
0.06605	-0.00706155			6605.0	4.35725e-09
0.0661	-0.00578737			6610.0	4.86201e-09
0.06615	-0.00960991			6615.0	1.03179e-09
0.0662	-0.0108841			6620.0	6.7965e-11
0.06625	-0.0134324			6625.0	1.15578e-09
0.0663	-0.0147066			6630.0	3.29771e-09
0.06635	-0.00960991			6635.0	1.97262e-09
0.0664	-0.00833573			6640.0	1.96751e-10
0.06645	-0.00706155			6645.0	1.73312e-09
0.0665	-0.0045132			6650.0	7.90427e-10
0.06655	-0.00578737			6655.0	9.12793e-10
0.0666	-0.00323902			6660.0	1.35607e-09
0.06665	-0.00323902			6665.0	3.92508e-10
0.0667	-0.00196484			6670.0	3.88473e-10
0.06675	-0.00323902			6675.0	4.25837e-10
0.0668	-0.00196484			6680.0	2.49183e-09
0.06685	0.000583518			6685.0	8.60349e-09
0.0669	0.00440605			6690.0	1.32258e-09
0.06695	0.00695441			6695.0	3.92593e-09
0.067	0.00440605			6700.0	4.61588e-09
0.06705	0.00313188			6705.0	3.60037e-09
0.0671	0.00313188			6710.0	1.71911e-10
0.06715	0.0018577			6715.0	2.21293e-09
0.0672	0.0018577			6720.0	5.43801e-10
0.06725	0.0018577			6725.0	1.23607e-09
0.0673	0.00313188			6730.0	8.40768e-11
0.06735	0.0018577			6735.0	7.4017e-10
0.0674	0.00313188			6740.0	1.31706e-09
0.06745	0.000583518			6745.0	2.46829e-09
0.0675	0.000583518			6750.0	2.49551e-09
0.06755	-0.0045132			6755.0	7.56965e-10
0.0676	-0.00706155			6760.0	3.18012e-10
0.06765	-0.00706155			6765.0	5.98941e-10
0.0677	-0.00960991			6770.0	1.8121e-09
0.06775	-0.00833573			6775.0	1.90086e-09
0.0678	-0.00706155			6780.0	2.6677e-10
0.06785	-0.0134324			6785.0	6.00378e-10
0.0679	-0.0134324			6790.0	1.83553e-09
0.06795	-0.0159808			6795.0	6.93197e-09
0.068	-0.0223517			6800.0	5.12969e-09
0.06805	-0.0249			6805.0	1.55033e-09
0.0681	-0.0198033			6810.0	1.41318e-10
0.06815	-0.0210775			6815.0	7.64536e-10
0.0682	-0.017255			6820.0	8.8909e-12
0.06825	-0.0185292			6825.0	2.93943e-09
0.0683	-0.0198033			6830.0	1.80162e-09
0.06835	-0.0198033			6835.0	7.7711e-10
0.0684	-0.0185292			6840.0	8.17577e-10
0.06845	-0.017255			6845.0	4.38358e-10
0.0685	-0.017255			6850.0	1.67419e-09
0.06855	-0.0198033			6855.0	2.01582e-09
0.0686	-0.0134324			6860.0	8.09798e-11
0.06865	-0.0134324			6865.0	3.95565e-10
0.0687	-0.00706155			6870.0	1.19755e-09
0.06875	-0.0108841			6875.0	1.21066e-09
0.0688	-0.00960991			6880.0	1.13721e-09
0.06885	-0.0108841			6885.0	3.07651e-10
0.0689	-0.00833573			6890.0	3.16874e-11
0.06895	-0.00833573			6895.0	9.0266e-10
0.069	-0.0108841			6900.0	2.99669e-09
0.06905	-0.00960991			6905.0	1.95782e-09
0.0691	-0.0108841			6910.0	2.88545e-10
0.06915	-0.0108841			6915.0	1.9917e-10
0.0692	-0.00706155			6920.0	2.61308e-09
0.06925	-0.00833573			6925.0	5.04127e-09
0.0693	-0.0134324			6930.0	2.77094e-09
0.06935	-0.0121583			6935.0	1.78748e-09
0.0694	-0.0134324			6940.0	3.1382e-09
0.06945	-0.0134324			6945.0	5.59255e-09
0.0695	-0.0134324			6950.0	1.72009e-09
0.06955	-0.0134324			6955.0	7.61605e-10
0.0696	-0.0147066			6960.0	5.02909e-10
0.06965	-0.0108841			6965.0	3.17849e-10
0.0697	-0.0159808			6970.0	5.84962e-10
0.06975	-0.0147066			6975.0	4.30302e-10
0.0698	-0.0147066			6980.0	5.93314e-10
0.06985	-0.017255			6985.0	3.37572e-09
0.0699	-0.017255			6990.0	3.15741e-09
0.06995	-0.0147066			6995.0	1.61178e-09
0.07	-0.017255			7000.0	1.84859e-09
0.07005	-0.0159808			7005.0	1.57822e-09
0.0701	-0.0121583			7010.0	2.2687e-09
0.07015	-0.0121583			7015.0	2.74657e-10
0.0702	-0.0134324			7020.0	2.16991e-09
0.07025	-0.0134324			7025.0	1.08796e-09
0.0703	-0.0134324			7030.0	3.93398e-10
0.07035	-0.0147066			7035.0	5.45263e-10
0.0704	-0.017255			7040.0	2.34387e-10
0.07045	-0.0134324			7045.0	6.99358e-10
0.0705	-0.00833573			7050.0	1.90971e-09
0.07055	-0.00706155			7055.0	1.09914e-09
0.0706	-0.00706155			7060.0	3.71102e-10
0.07065	-0.00960991			7065.0	1.31239e-09
0.0707	-0.00578737			7070.0	7.24109e-10
0.07075	-0.00578737			7075.0	6.43615e-10
0.0708	-0.00960991			7080.0	4.02989e-09
0.07085	-0.0134324			7085.0	1.74048e-09
0.0709	-0.00960991			7090.0	1.02703e-10
0.07095	-0.00706155			7095.0	1.70214e-10
0.071	-0.0045132			7100.0	8.9643e-11
0.07105	-0.00706155			7105.0	1.13106e-09
0.0711	-0.00833573			7110.0	2.85348e-09
0.07115	-0.00833573			7115.0	6.41083e-09
0.0712	-0.00833573			7120.0	4.81361e-09
0.07125	-0.00833573			7125.0	3.7696e-11
0.0713	-0.00706155			7130.0	2.10135e-09
0.07135	-0.00706155			7135.0	1.39987e-09
0.0714	-0.00323902			7140.0	6.60009e-10
0.07145	0.0018577			7145.0	9.71802e-10
0.0715	0.00440605			7150.0	8.1976e-11
0.07155	0.00440605			7155.0	1.37093e-10
0.0716	0.00568023			7160.0	6.38325e-10
0.07165	0.00950277			7165.0	1.61422e-09
0.0717	0.00568023			7170.0	1.68773e-09
0.07175	0.00695441			7175.0	2.49175e-10
0.0718	0.0107769			7180.0	6.15995e-11
0.07185	0.00950277			7185.0	7.6977e-10
0.0719	0.0107769			7190.0	8.02966e-10
0.07195	0.0120511			7195.0	3.65154e-10
0.072	0.0107769			7200.0	3.59877e-10
0.07205	0.00568023			7205.0	5.31092e-10
0.0721	0.0018577			7210.0	3.19697e-10
0.07215	-0.00323902			7215.0	5.90228e-10
0.0722	-0.00323902			7220.0	1.71677e-09
0.07225	-0.0045132			7225.0	4.63287e-09
0.0723	-0.00323902			7230.0	1.77206e-09
0.07235	-0.0108841			7235.0	9.73829e-10
0.0724	-0.00960991			7240.0	3.84671e-11
0.07245	-0.0121583			7245.0	1.94392e-10
0.0725	-0.0147066			7250.0	3.16937e-10
0.07255	-0.0147066			7255.0	1.14791e-09
0.0726	-0.017255			7260.0	2.95012e-09
0.07265	-0.017255			7265.0	1.19343e-09
0.0727	-0.017255			7270.0	3.9839e-10
0.07275	-0.0121583			7275.0	5.74064e-10
0.0728	-0.0159808			7280.0	2.11215e-09
0.07285	-0.0134324			7285.0	8.55682e-10
0.0729	-0.0121583			7290.0	1.98782e-09
0.07295	-0.0134324			7295.0	1.46794e-09
0.073	-0.00833573			7300.0	4.46218e-10
0.07305	-0.00706155			7305.0	1.37766e-09
0.0731	-0.00706155			7310.0	8.06786e-10
0.07315	-0.00706155			7315.0	5.72808e-10
0.0732	0.000583518			7320.0	2.9729e-11
0.07325	0.00695441			7325.0	1.76409e-09
0.0733	0.00822859			7330.0	2.40191e-09
0.07335	0.00950277			7335.0	1.06355e-09
0.0734	0.0107769			7340.0	8.19395e-10
0.07345	0.0120511			7345.0	7.10915e-10
0.0735	0.0120511			7350.0	4.77355e-10
0.07355	0.0133253			7355.0	1.39281e-09
0.0736	0.0145995			7360.0	1.45e-09
0.07365	0.018422			7365.0	1.78407e-09
0.0737	0.0120511			7370.0	6.91949e-10
0.07375	0.0145995			7375.0	1.25943e-10
0.0738	0.0120511			7380.0	4.42056e-11
0.07385	0.00695441			7385.0	8.06148e-10
0.0739	0.00440605			7390.0	2.19063e-09
0.07395	-0.00069066			7395.0	1.59478e-09
0.074	-0.00706155			7400.0	1.49585e-09
0.07405	-0.0134324			7405.0	2.45495e-10
0.0741	-0.0147066			7410.0	4.52504e-11
0.07415	-0.017255			7415.0	6.17875e-10
0.0742	-0.0198033			7420.0	1.38685e-09
0.07425	-0.0236259			7425.0	1.17292e-09
0.0743	-0.0261742			7430.0	1.93094e-09
0.07435	-0.0299968			7435.0	3.14956e-09
0.0744	-0.0338193			7440.0	1.70827e-09
0.07445	-0.0376418			7445.0	7.36106e-10
0.0745	-0.0363677			7450.0	8.09982e-10
0.07455	-0.0299968			7455.0	2.19168e-09
0.0746	-0.0287226			7460.0	4.22e-09
0.07465	-0.0312709			7465.0	7.14205e-11
0.0747	-0.0249			7470.0	2.36504e-09
0.07475	-0.0198033			7475.0	1.58177e-09
0.0748	-0.0198033			7480.0	1.99419e-09
0.07485	-0.0134324			7485.0	2.35921e-09
0.0749	-0.0159808			7490.0	1.308e-09
0.07495	-0.00960991			7495.0	2.64463e-09
0.075	0.000583518			7500.0	2.60361e-09
0.07505	0.00313188			7505.0	8.28625e-10
0.0751	0.00568023			7510.0	9.22181e-10
0.07515	0.00950277			7515.0	1.22975e-09
0.0752	0.0120511			7520.0	1.76498e-10
0.07525	0.0171478			7525.0	4.57004e-10
0.0753	0.018422			7530.0	1.35133e-09
0.07535	0.018422			7535.0	1.83346e-09
0.0754	0.0196962			7540.0	2.95588e-09
0.07545	0.0222446			7545.0	1.38581e-09
0.0755	0.0222446			7550.0	3.00574e-10
0.07555	0.0209704			7555.0	5.90747e-10
0.0756	0.0209704			7560.0	4.95969e-10
0.07565	0.018422			7565.0	2.13563e-09
0.0757	0.0158737			7570.0	1.01138e-09
0.07575	0.00950277			7575.0	2.31846e-09
0.0758	0.00568023			7580.0	3.21557e-09
0.07585	-0.00196484			7585.0	3.38795e-12
0.0759	-0.00578737			7590.0	5.49193e-10
0.07595	-0.00833573			7595.0	5.51773e-10
0.076	-0.0108841			7600.0	1.04005e-09
0.07605	-0.0147066			7605.0	1.23211e-09
0.0761	-0.0185292			7610.0	1.2986e-09
0.07615	-0.0223517			7615.0	3.05626e-09
0.0762	-0.0299968			7620.0	2.597e-09
0.07625	-0.0287226			7625.0	3.49483e-09
0.0763	-0.0312709			7630.0	6.60246e-09
0.07635	-0.0325451			7635.0	6.65623e-10
0.0764	-0.0338193			7640.0	2.68771e-09
0.07645	-0.0287226			7645.0	1.07243e-09
0.0765	-0.0274484			7650.0	5.11996e-10
0.07655	-0.0236259			7655.0	1.20384e-09
0.0766	-0.0223517			7660.0	2.50679e-10
0.07665	-0.017255			7665.0	1.02601e-10
0.0767	-0.017255			7670.0	7.61871e-10
0.07675	-0.0121583			7675.0	2.13929e-09
0.0768	-0.0045132			7680.0	2.51372e-09
0.07685	0.00440605			7685.0	4.95469e-09
0.0769	0.00695441			7690.0	5.18268e-09
0.07695	0.00950277			7695.0	4.46819e-09
0.077	0.0133253			7700.0	3.16874e-10
0.07705	0.0171478			7705.0	3.84092e-10
0.0771	0.018422			7710.0	2.16571e-09
0.07715	0.0209704			7715.0	2.25126e-10
0.0772	0.0171478			7720.0	2.97295e-10
0.07725	0.0145995			7725.0	1.43047e-10
0.0773	0.0222446			7730.0	1.10784e-09
0.07735	0.0222446			7735.0	1.50867e-09
0.0774	0.0235187			7740.0	5.24325e-10
0.07745	0.0222446			7745.0	1.26707e-09
0.0775	0.018422			7750.0	1.86825e-09
0.07755	0.0133253			7755.0	1.23916e-09
0.0776	0.0120511			7760.0	1.35396e-09
0.07765	0.00440605			7765.0	4.64669e-09
0.0777	0.00440605			7770.0	5.44872e-09
0.07775	-0.00196484			7775.0	3.3481e-09
0.0778	0.000583518			7780.0	2.94586e-09
0.07785	-0.00323902			7785.0	1.05612e-09
0.0779	-0.0045132			7790.0	3.01048e-10
0.07795	-0.00706155			7795.0	1.02463e-09
0.078	-0.0121583			7800.0	2.37367e-09
0.07805	-0.0134324			7805.0	3.57859e-09
0.0781	-0.0159808			7810.0	6.05883e-10
0.07815	-0.017255			7815.0	1.02214e-09
0.0782	-0.0198033			7820.0	1.0104e-09
0.07825	-0.0198033			7825.0	6.83302e-10
0.0783	-0.0236259			7830.0	1.91776e-09
0.07835	-0.0159808			7835.0	3.75222e-09
0.0784	-0.0147066			7840.0	1.72024e-09
0.07845	-0.0121583			7845.0	2.13483e-10
0.0785	-0.0121583			7850.0	1.74962e-09
0.07855	-0.00833573			7855.0	3.80578e-09
0.0786	-0.00833573			7860.0	2.19062e-09
0.07865	-0.00578737			7865.0	1.03888e-09
0.0787	0.00440605			7870.0	8.94317e-10
0.07875	0.00695441			7875.0	9.28779e-10
0.0788	0.00695441			7880.0	1.15132e-09
0.07885	0.0133253			7885.0	2.26511e-10
0.0789	0.0222446			7890.0	1.86553e-09
0.07895	0.0222446			7895.0	5.6926e-09
0.079	0.0196962			7900.0	6.74783e-09
0.07905	0.0209704			7905.0	3.55472e-09
0.0791	0.0209704			7910.0	1.27483e-08
0.07915	0.0235187			7915.0	1.19174e-08
0.0792	0.0235187			7920.0	2.14489e-09
0.07925	0.0222446			7925.0	1.12981e-09
0.0793	0.0235187			7930.0	4.94344e-10
0.07935	0.0222446			7935.0	1.60615e-09
0.0794	0.0222446			7940.0	2.03931e-09
0.07945	0.018422			7945.0	1.62189e-09
0.0795	0.0171478			7950.0	6.36e-10
0.07955	0.00822859			7955.0	9.05947e-10
0.0796	0.00695441			7960.0	4.97263e-10
0.07965	0.00440605			7965.0	3.45099e-10
0.0797	0.00313188			7970.0	2.40388e-09
0.07975	-0.00069066			7975.0	2.31303e-09
0.0798	-0.00196484			7980.0	4.68823e-10
0.07985	-0.00706155			7985.0	2.64161e-10
0.0799	-0.0134324			7990.0	8.63175e-11
0.07995	-0.017255			7995.0	1.79162e-09
0.08	-0.0210775			8000.0	1.47066e-09
0.08005	-0.0185292			8005.0	1.98831e-10
0.0801	-0.0210775			8010.0	1.37465e-09
0.08015	-0.0223517			8015.0	5.4486e-10
0.0802	-0.0210775			8020.0	4.7259e-09
0.08025	-0.0223517			8025.0	9.85835e-10
0.0803	-0.0223517			8030.0	2.33568e-09
0.08035	-0.0236259			8035.0	7.68886e-09
0.0804	-0.017255			8040.0	9.55692e-10
0.08045	-0.017255			8045.0	4.11628e-09
0.0805	-0.0185292			8050.0	2.36056e-09
0.08055	-0.017255			8055.0	4.88303e-10
0.0806	-0.0134324			8060.0	7.01476e-10
0.08065	-0.0121583			8065.0	3.17463e-09
0.0807	-0.00706155			8070.0	4.23179e-09
0.08075	-0.00706155			8075.0	5.86874e-10
0.0808	-0.00706155			8080.0	2.66404e-09
0.08085	-0.00960991			8085.0	5.92501e-09
0.0809	-0.00323902			8090.0	6.54375e-11
0.08095	-0.00196484			8095.0	2.48619e-09
0.081	-0.00196484			8100.0	6.16372e-10
0.08105	-0.00323902			8105.0	1.02985e-09
0.0811	-0.00196484			8110.0	2.81118e-09
0.08115	0.0018577			8115.0	5.26685e-09
0.0812	0.00313188			8120.0	1.98018e-09
0.08125	-0.00323902			8125.0	1.17206e-10
0.0813	-0.00196484			8130.0	2.82057e-12
0.08135	-0.00323902			8135.0	4.5756e-10
0.0814	-0.00578737			8140.0	1.64867e-10
0.08145	-0.00578737			8145.0	1.05573e-09
0.0815	-0.00833573			8150.0	1.06252e-09
0.08155	-0.00706155			8155.0	4.13479e-09
0.0816	-0.0045132			8160.0	1.95638e-09
0.08165	-0.0045132			8165.0	5.22426e-13
0.0817	-0.00706155			8170.0	1.50434e-09
0.08175	-0.00706155			8175.0	2.60552e-09
0.0818	-0.0121583			8180.0	1.17257e-09
0.08185	-0.0134324			8185.0	4.35324e-10
0.0819	-0.017255			8190.0	5.87744e-11
0.08195	-0.0159808			8195.0	1.02116e-09
0.082	-0.0147066			8200.0	1.20746e-09
0.08205	-0.0121583			8205.0	1.46674e-09
0.0821	-0.0134324			8210.0	2.92912e-09
0.08215	-0.0108841			8215.0	1.28028e-09
0.0822	-0.0108841			8220.0	9.99498e-10
0.08225	-0.0121583			8225.0	1.56654e-09
0.0823	-0.0108841			8230.0	3.01761e-10
0.08235	-0.0147066			8235.0	1.02372e-09
0.0824	-0.0121583			8240.0	7.03487e-10
0.08245	-0.0108841			8245.0	1.32735e-09
0.0825	-0.00323902			8250.0	1.03166e-09
0.08255	-0.00706155			8255.0	1.90485e-10
0.0826	0.000583518			8260.0	8.11065e-10
0.08265	0.000583518			8265.0	2.63395e-10
0.0827	0.000583518			8270.0	2.60801e-10
0.08275	0.000583518			8275.0	1.42041e-10
0.0828	0.00313188			8280.0	8.48136e-10
0.08285	0.00313188			8285.0	1.64449e-11
0.0829	0.00313188			8290.0	5.54074e-11
0.08295	0.0018577			8295.0	4.63246e-10
0.083	0.00313188			8300.0	2.48906e-10
0.08305	0.00695441			8305.0	1.04814e-09
0.0831	0.00440605			8310.0	8.1149e-10
0.08315	-0.00069066			8315.0	1.62833e-10
0.0832	-0.00196484			8320.0	3.31859e-11
0.08325	-0.00069066			8325.0	2.50428e-10
0.0833	-0.00196484			8330.0	1.55931e-10
0.08335	-0.00706155			8335.0	5.82699e-10
0.0834	-0.00323902			8340.0	4.66459e-10
0.08345	-0.00706155			8345.0	7.56981e-10
0.0835	-0.00196484			8350.0	1.38775e-09
0.08355	-0.00323902			8355.0	2.93975e-09
0.0836	-0.0045132			8360.0	2.7937e-09
0.08365	-0.00833573			8365.0	9.84736e-10
0.0837	-0.00706155			8370.0	7.34468e-10
0.08375	-0.00706155			8375.0	4.26687e-10
0.0838	-0.00833573			8380.0	7.90631e-10
0.08385	-0.00833573			8385.0	1.5616e-09
0.0839	-0.00578737			8390.0	3.11711e-10
0.08395	-0.0045132			8395.0	1.1851e-09
0.084	0.000583518			8400.0	1.03807e-09
0.08405	0.000583518			8405.0	2.36876e-09
0.0841	0.0018577			8410.0	1.28549e-09
0.08415	0.000583518			8415.0	1.07618e-10
0.0842	0.00313188			8420.0	5.67332e-10
0.08425	0.000583518			8425.0	4.04079e-10
0.0843	0.000583518			8430.0	2.24616e-10
0.08435	0.00313188			8435.0	4.69773e-11
0.0844	0.00313188			8440.0	3.47272e-09
0.08445	0.000583518			8445.0	2.18e-09
0.0845	0.00695441			8450.0	1.18117e-09
0.08455	0.00568023			8455.0	5.08299e-10
0.0846	-0.00069066			8460.0	2.9123e-09
0.08465	0.0018577			8465.0	3.78783e-09
0.0847	-0.0045132			8470.0	5.94583e-10
0.08475	-0.0045132			8475.0	1.59182e-09
0.0848	-0.00323902			8480.0	1.71058e-10
0.08485	-0.00069066			8485.0	6.0218e-10
0.0849	-0.00196484			8490.0	2.99798e-09
0.08495	-0.00706155			8495.0	3.44854e-09
0.085	-0.00578737			8500.0	1.0768e-09
0.08505	-0.0045132			8505.0	7.45541e-10
0.0851	-0.0045132			8510.0	2.06989e-09
0.08515	-0.00960991			8515.0	3.40416e-09
0.0852	-0.0159808			8520.0	3.30466e-09
0.08525	-0.0147066			8525.0	1.71167e-09
0.0853	-0.0121583			8530.0	3.06494e-10
0.08535	-0.00960991			8535.0	1.32562e-09
0.0854	-0.0108841			8540.0	1.30804e-10
0.08545	-0.0121583			8545.0	7.97796e-10
0.0855	-0.0134324			8550.0	5.70595e-10
0.08555	-0.0147066			8555.0	1.51363e-10
0.0856	-0.0134324			8560.0	1.52811e-09
0.08565	-0.017255			8565.0	1.17223e-09
0.0857	-0.017255			8570.0	9.55847e-10
0.08575	-0.0134324			8575.0	4.97237e-09
0.0858	-0.0147066			8580.0	6.37444e-09
0.08585	-0.00960991			8585.0	6.29964e-10
0.0859	-0.00833573			8590.0	1.34034e-09
0.08595	-0.00833573			8595.0	1.78835e-09
0.086	-0.00578737			8600.0	8.79544e-10
0.08605	-0.00578737			8605.0	1.05312e-10
0.0861	-0.00833573			8610.0	8.39082e-10
0.08615	-0.00960991			8615.0	2.47216e-09
0.0862	-0.00323902			8620.0	3.01791e-09
0.08625	-0.00069066			8625.0	4.83159e-10
0.0863	-0.00323902			8630.0	1.25731e-09
0.08635	-0.0045132			8635.0	3.59379e-09
0.0864	-0.00323902			8640.0	8.06473e-10
0.08645	-0.00960991			8645.0	2.7331e-10
0.0865	-0.0134324			8650.0	4.99256e-10
0.08655	-0.0134324			8655.0	5.74802e-10
0.0866	-0.017255			8660.0	8.35436e-10
0.08665	-0.017255			8665.0	1.90009e-10
0.0867	-0.017255			8670.0	3.15579e-10
0.08675	-0.0223517			8675.0	9.7983e-10
0.0868	-0.0198033			8680.0	2.92008e-09
0.08685	-0.0198033			8685.0	3.77153e-09
0.0869	-0.0223517			8690.0	1.51433e-09
0.08695	-0.0261742			8695.0	1.75938e-09
0.087	-0.0312709			8700.0	8.1344e-10
0.08705	-0.0299968			8705.0	1.16826e-09
0.0871	-0.0261742			8710.0	1.17781e-09
0.08715	-0.0261742			8715.0	1.51054e-09
0.0872	-0.0299968			8720.0	2.03394e-09
0.08725	-0.0274484			8725.0	4.51909e-10
0.0873	-0.0261742			8730.0	1.51274e-09
0.08735	-0.0249			8735.0	2.79276e-09
0.0874	-0.0274484			8740.0	5.14505e-09
0.08745	-0.0287226			8745.0	6.18224e-09
0.0875	-0.0261742			8750.0	5.176e-10
0.08755	-0.0210775			8755.0	1.16552e-09
0.0876	-0.0159808			8760.0	1.13237e-09
0.08765	-0.0159808			8765.0	4.95238e-12
0.0877	-0.00833573			8770.0	1.28218e-10
0.08775	-0.00833573			8775.0	4.36694e-10
0.0878	-0.00578737			8780.0	2.36854e-11
0.08785	-0.00578737			8785.0	8.78417e-11
0.0879	-0.00323902			8790.0	4.72494e-10
0.08795	-0.00323902			8795.0	6.63695e-10
0.088	0.000583518			8800.0	4.94785e-11
0.08805	0.00440605			8805.0	2.99953e-11
0.0881	0.00695441			8810.0	5.17541e-10
0.08815	0.00313188			8815.0	9.70209e-10
0.0882	0.00440605			8820.0	1.54662e-09
0.08825	0.00568023			8825.0	1.04649e-09
0.0883	0.00440605			8830.0	2.28518e-09
0.08835	0.00440605			8835.0	1.97553e-09
0.0884	0.000583518			8840.0	7.78388e-10
0.08845	0.000583518			8845.0	1.43635e-10
0.0885	0.000583518			8850.0	4.6753e-10
0.08855	0.0018577			8855.0	7.94748e-10
0.0886	-0.00196484			8860.0	2.27489e-09
0.08865	0.0018577			8865.0	3.54033e-09
0.0887	0.0018577			8870.0	1.98911e-09
0.08875	-0.0045132			8875.0	1.58072e-09
0.0888	-0.00960991			8880.0	2.82213e-11
0.08885	-0.00578737			8885.0	8.77475e-10
0.0889	-0.0045132			8890.0	3.73293e-09
0.08895	-0.00069066			8895.0	3.84599e-09
0.089	-0.00706155			8900.0	1.49429e-10
0.08905	-0.0045132			8905.0	3.80607e-09
0.0891	-0.0045132			8910.0	3.05121e-09
0.08915	-0.00196484			8915.0	1.36632e-09
0.0892	-0.0108841			8920.0	2.4636e-09
0.08925	-0.0121583			8925.0	5.40505e-09
0.0893	-0.00960991			8930.0	6.90673e-09
0.08935	-0.00833573			8935.0	3.11925e-09
0.0894	-0.00833573			8940.0	3.55306e-09
0.08945	-0.00960991			8945.0	3.14091e-09
0.0895	-0.0121583			8950.0	3.66074e-10
0.08955	-0.00578737			8955.0	1.00988e-09
0.0896	-0.0045132			8960.0	8.20099e-10
0.08965	-0.00069066			8965.0	3.83766e-10
0.0897	-0.00069066			8970.0	1.13541e-09
0.08975	0.0018577			8975.0	1.06091e-09
0.0898	0.00568023			8980.0	3.84167e-10
0.08985	0.00822859			8985.0	2.67911e-09
0.0899	0.0120511			8990.0	4.76886e-09
0.08995	0.0120511			8995.0	3.52112e-09
0.09	0.0158737			9000.0	1.40548e-09
0.09005	0.0222446			9005.0	1.61547e-09
0.0901	0.0247929			9010.0	2.24487e-09
0.09015	0.0260671			9015.0	2.66811e-09
0.0902	0.0235187			9020.0	4.17803e-09
0.09025	0.0222446			9025.0	2.35328e-09
0.0903	0.0209704			9030.0	9.25346e-10
0.09035	0.0209704			9035.0	3.95851e-10
0.0904	0.018422			9040.0	1.49871e-09
0.09045	0.018422			9045.0	1.77549e-09
0.0905	0.0171478			9050.0	1.02741e-09
0.09055	0.0120511			9055.0	1.25908e-09
0.0906	0.0145995			9060.0	9.23397e-10
0.09065	0.00695441			9065.0	1.44716e-10
0.0907	0.00313188			9070.0	6.10182e-11
0.09075	-0.00323902			9075.0	2.71425e-10
0.0908	-0.00706155			9080.0	1.16656e-09
0.09085	-0.00706155			9085.0	1.61058e-09
0.0909	-0.00706155			9090.0	1.24016e-09
0.09095	-0.00706155			9095.0	9.23982e-10
0.091	-0.00960991			9100.0	3.9312e-10
0.09105	-0.0121583			9105.0	1.70891e-11
0.0911	-0.0121583			9110.0	5.33025e-10
0.09115	-0.00833573			9115.0	1.21349e-09
0.0912	-0.0121583			9120.0	2.20562e-09
0.09125	-0.0134324			9125.0	1.3229e-10
0.0913	-0.0134324			9130.0	2.98774e-09
0.09135	-0.00578737			9135.0	3.01065e-09
0.0914	-0.00578737			9140.0	1.35426e-09
0.09145	-0.00196484			9145.0	9.23051e-10
0.0915	-0.00323902			9150.0	3.61576e-10
0.09155	-0.00323902			9155.0	1.46885e-09
0.0916	0.000583518			9160.0	1.78499e-09
0.09165	0.00313188			9165.0	1.71377e-10
0.0917	-0.00069066			9170.0	1.98892e-10
0.09175	0.00313188			9175.0	2.29683e-10
0.0918	0.00313188			9180.0	1.77204e-11
0.09185	0.00568023			9185.0	2.19425e-10
0.0919	0.00313188			9190.0	2.00516e-10
0.09195	0.00440605			9195.0	6.98182e-10
0.092	0.00950277			9200.0	1.02866e-10
0.09205	0.0107769			9205.0	4.75384e-10
0.0921	0.00695441			9210.0	2.55915e-10
0.09215	0.00440605			9215.0	4.66213e-10
0.0922	0.0018577			9220.0	3.54626e-10
0.09225	0.000583518			9225.0	8.69539e-11
0.0923	0.000583518			9230.0	2.9426e-10
0.09235	0.000583518			9235.0	2.62873e-09
0.0924	-0.00196484			9240.0	9.96891e-09
0.09245	0.0018577			9245.0	3.31246e-09
0.0925	0.000583518			9250.0	1.68618e-09
0.09255	-0.00069066			9255.0	7.23546e-09
0.0926	-0.00833573			9260.0	4.79948e-09
0.09265	-0.00833573			9265.0	3.06342e-10
0.0927	-0.00833573			9270.0	1.8933e-10
0.09275	-0.00706155			9275.0	1.39261e-09
0.0928	-0.00706155			9280.0	1.00204e-09
0.09285	-0.00960991			9285.0	7.61469e-10
0.0929	-0.00833573			9290.0	1.20941e-10
0.09295	-0.00578737			9295.0	2.83165e-09
0.093	-0.0045132			9300.0	1.14394e-09
0.09305	-0.00833573			9305.0	1.47722e-09
0.0931	-0.0108841			9310.0	5.07339e-09
0.09315	-0.0121583			9315.0	3.22456e-09
0.0932	-0.00833573			9320.0	6.05542e-10
0.09325	-0.00706155			9325.0	6.16573e-10
0.0933	-0.00960991			9330.0	2.59021e-10
0.09335	-0.0134324			9335.0	5.93746e-10
0.0934	-0.00833573			9340.0	1.29944e-09
0.09345	-0.00706155			9345.0	1.65287e-09
0.0935	-0.00578737			9350.0	2.5037e-10
0.09355	-0.0108841			9355.0	1.39337e-09
0.0936	-0.0121583			9360.0	2.54933e-09
0.09365	-0.00833573			9365.0	3.2253e-09
0.0937	-0.0045132			9370.0	3.27301e-09
0.09375	-0.00196484			9375.0	2.59762e-09
0.0938	0.0018577			9380.0	4.50874e-09
0.09385	0.000583518			9385.0	5.06934e-09
0.0939	0.00313188			9390.0	6.65042e-10
0.09395	0.00695441			9395.0	4.38172e-10
0.094	0.00568023			9400.0	2.44916e-09
0.09405	0.00568023			9405.0	5.5702e-09
0.0941	0.00440605			9410.0	2.84806e-09
0.09415	0.00822859			9415.0	1.5478e-09
0.0942	0.0107769			9420.0	4.51417e-09
0.09425	0.0107769			9425.0	2.71466e-09
0.0943	0.0120511			9430.0	3.13545e-09
0.09435	0.0120511			9435.0	4.82153e-09
0.0944	0.0120511			9440.0	1.72536e-09
0.09445	0.0120511			9445.0	3.61068e-10
0.0945	0.0120511			9450.0	4.27824e-10
0.09455	0.00822859			9455.0	1.24551e-09
0.0946	0.00568023			9460.0	3.55344e-09
0.09465	0.00440605			9465.0	2.46416e-09
0.0947	0.0120511			9470.0	5.21402e-10
0.09475	0.0107769			9475.0	1.02599e-09
0.0948	0.0120511			9480.0	8.84163e-10
0.09485	0.0107769			9485.0	5.60477e-10
0.0949	0.00695441			9490.0	1.42026e-09
0.09495	0.00822859			9495.0	3.76847e-10
0.095	0.0133253			9500.0	3.04211e-10
0.09505	0.0120511			9505.0	8.32714e-10
0.0951	0.00950277			9510.0	2.67616e-10
0.09515	0.00695441			9515.0	1.635e-10
0.0952	0.00822859			9520.0	9.63609e-11
0.09525	0.0133253			9525.0	3.03281e-10
0.0953	0.0133253			9530.0	1.46008e-09
0.09535	0.00695441			9535.0	7.44717e-10
0.0954	0.00695441			9540.0	7.04481e-10
0.09545	0.00313188			9545.0	3.65017e-09
0.0955	0.00568023			9550.0	5.63989e-09
0.09555	0.00440605			9555.0	2.3289e-09
0.0956	0.00568023			9560.0	1.91882e-10
0.09565	0.00313188			9565.0	7.64569e-10
0.0957	0.00822859			9570.0	4.23561e-09
0.09575	0.0133253			9575.0	3.21963e-09
0.0958	0.00950277			9580.0	3.83897e-09
0.09585	0.00950277			9585.0	8.96119e-10
0.0959	0.00950277			9590.0	1.22768e-09
0.09595	0.00822859			9595.0	3.96451e-09
0.096	0.00822859			9600.0	4.35201e-09
0.09605	0.0120511			9605.0	2.29435e-09
0.0961	0.0133253			9610.0	1.11177e-09
0.09615	0.0145995			9615.0	3.82042e-10
0.0962	0.018422			9620.0	3.01813e-10
0.09625	0.018422			9625.0	1.66303e-09
0.0963	0.0158737			9630.0	3.26368e-09
0.09635	0.0133253			9635.0	2.56089e-09
0.0964	0.0158737			9640.0	1.35203e-09
0.09645	0.0120511			9645.0	6.85397e-11
0.0965	0.0145995			9650.0	4.46638e-10
0.09655	0.0133253			9655.0	9.56736e-10
0.0966	0.0120511			9660.0	3.5255e-09
0.09665	0.0120511			9665.0	2.66147e-09
0.0967	0.0145995			9670.0	1.623e-09
0.09675	0.0145995			9675.0	4.73836e-10
0.0968	0.0107769			9680.0	2.8258e-09
0.09685	0.0107769			9685.0	2.82369e-09
0.0969	0.0120511			9690.0	7.85301e-10
0.09695	0.00695441			9695.0	4.43306e-09
0.097	0.00695441			9700.0	2.03243e-09
0.09705	0.00950277			9705.0	2.8688e-10
0.0971	0.00695441			9710.0	1.37905e-09
0.09715	0.00313188			9715.0	1.35743e-09
0.0972	0.00440605			9720.0	1.17159e-09
0.09725	0.00695441			9725.0	3.22779e-09
0.0973	0.00568023			9730.0	3.82179e-09
0.09735	0.000583518			9735.0	2.31401e-09
0.0974	-0.0045132			9740.0	1.69452e-09
0.09745	-0.00706155			9745.0	1.7501e-09
0.0975	-0.0108841			9750.0	1.05309e-09
0.09755	-0.00833573			9755.0	6.78048e-11
0.0976	-0.00706155			9760.0	4.94392e-11
0.09765	-0.0108841			9765.0	2.51311e-10
0.0977	-0.0134324			9770.0	3.82665e-10
0.09775	-0.0134324			9775.0	8.09798e-12
0.0978	-0.0121583			9780.0	2.67693e-10
0.09785	-0.0159808			9785.0	5.72607e-10
0.0979	-0.0159808			9790.0	7.74045e-11
0.09795	-0.0108841			9795.0	1.42766e-09
0.098	-0.00833573			9800.0	2.23812e-09
0.09805	-0.00323902			9805.0	2.27366e-09
0.0981	-0.00578737			9810.0	1.31202e-09
0.09815	-0.00578737			9815.0	3.76522e-10
0.0982	-0.00706155			9820.0	1.21485e-09
0.09825	-0.00706155			9825.0	1.62272e-09
0.0983	-0.00196484			9830.0	4.61348e-10
0.09835	-0.00578737			9835.0	5.09606e-12
0.0984	-0.00323902			9840.0	5.82882e-10
0.09845	-0.0045132			9845.0	1.11495e-09
0.0985	0.000583518			9850.0	4.47033e-10
0.09855	-0.00069066			9855.0	5.96692e-11
0.0986	-0.00069066			9860.0	1.46758e-09
0.09865	-0.00196484			9865.0	6.18994e-10
0.0987	-0.00706155			9870.0	1.40441e-09
0.09875	-0.00578737			9875.0	1.56712e-09
0.0988	-0.00706155			9880.0	1.49697e-09
0.09885	-0.00706155			9885.0	9.1756e-10
0.0989	-0.00960991			9890.0	1.34565e-09
0.09895	-0.00706155			9895.0	3.96484e-10
0.099	-0.00960991			9900.0	4.76864e-10
0.09905	-0.00706155			9905.0	5.4858e-10
0.0991	-0.00578737			9910.0	4.07723e-09
0.09915	-0.00960991			9915.0	3.37023e-09
0.0992	-0.0134324			9920.0	1.30641e-11
0.09925	-0.017255			9925.0	3.27719e-09
0.0993	-0.0147066			9930.0	7.21158e-09
0.09935	-0.0134324			9935.0	2.53998e-09
0.0994	-0.0147066			9940.0	1.55042e-09
0.09945	-0.0134324			9945.0	4.34455e-09
0.0995	-0.0134324			9950.0	3.57159e-09
0.09955	-0.0121583			9955.0	6.24868e-10
0.0996	-0.0108841			9960.0	1.16818e-10
0.09965	-0.0159808			9965.0	8.95869e-10
0.0997	-0.0147066			9970.0	2.62713e-10
0.09975	-0.017255			9975.0	1.09282e-09
0.0998	-0.0159808			9980.0	1.06375e-09
0.09985	-0.00833573			9985.0	1.80456e-09
0.0999	-0.00578737			9990.0	7.48834e-10
0.09995	-0.0045132			9995.0	2.22966e-09
0.1	-0.00069066				
0.10005	0.0018577				
0.1001	0.0018577				
0.10015	0.00440605				
0.1002	0.00440605				
0.10025	0.00822859				
0.1003	0.00950277				
0.10035	0.0133253				
0.1004	0.0107769				
0.10045	0.0158737				
0.1005	0.0133253				
0.10055	0.0145995				
0.1006	0.0107769				
0.10065	0.00822859				
0.1007	0.00950277				
0.10075	0.0107769				
0.1008	0.00822859				
0.10085	0.00950277				
0.1009	0.00568023				
0.10095	0.00695441				
0.101	0.00568023				
0.10105	-0.00196484				
0.1011	0.0018577				
0.10115	-0.00069066				
0.1012	-0.00196484				
0.10125	-0.00706155				
0.1013	-0.00706155				
0.10135	-0.00323902				
0.1014	-0.00323902				
0.10145	-0.00578737				
0.1015	-0.00706155				
0.10155	-0.0121583				
0.1016	-0.00706155				
0.10165	-0.0121583				
0.1017	-0.0121583				
0.10175	-0.0121583				
0.1018	-0.0121583				
0.10185	-0.00706155				
0.1019	-0.00323902				
0.10195	-0.00323902				
0.102	-0.00196484				
0.10205	-0.00196484				
0.1021	0.000583518				
0.10215	0.00313188				
0.1022	0.00440605				
0.10225	0.00695441				
0.1023	0.00950277				
0.10235	0.0120511				
0.1024	0.0145995				
0.10245	0.0133253				
0.1025	0.0133253				
0.10255	0.0120511				
0.1026	0.00822859				
0.10265	0.00695441				
0.1027	0.00695441				
0.10275	0.00568023				
0.1028	0.00695441				
0.10285	0.00822859				
0.1029	0.00440605				
0.10295	0.00313188				
0.103	0.000583518				
0.10305	-0.00323902				
0.1031	-0.0045132				
0.10315	-0.00578737				
0.1032	-0.00578737				
0.10325	-0.00833573				
0.1033	-0.00833573				
0.10335	-0.00833573				
0.1034	-0.0134324				
0.10345	-0.0159808				
0.1035	-0.0185292				
0.10355	-0.0236259				
0.1036	-0.0210775				
0.10365	-0.0198033				
0.1037	-0.0223517				
0.10375	-0.0223517				
0.1038	-0.0198033				
0.10385	-0.0185292				
0.1039	-0.0185292				
0.10395	-0.0223517				
0.104	-0.0185292				
0.10405	-0.0134324				
0.1041	-0.00833573				
0.10415	-0.00833573				
0.1042	-0.00833573				
0.10425	0.000583518				
0.1043	0.000583518				
0.10435	0.000583518				
0.1044	-0.00196484				
0.10445	0.000583518				
0.1045	0.00440605				
0.10455	0.00822859				
0.1046	0.00695441				
0.10465	0.00822859				
0.1047	0.00695441				
0.10475	0.00440605				
0.1048	0.00440605				
0.10485	0.00568023				
0.1049	0.0018577				
0.10495	-0.00196484				
0.105	-0.00069066				
0.10505	-0.00706155				
0.1051	-0.00833573				
0.10515	-0.00706155				
0.1052	-0.00960991				
0.10525	-0.0159808				
0.1053	-0.0198033				
0.10535	-0.0223517				
0.1054	-0.0249				
0.10545	-0.0223517				
0.1055	-0.0261742				
0.10555	-0.0299968				
0.1056	-0.0274484				
0.10565	-0.0223517				
0.1057	-0.0236259				
0.10575	-0.0236259				
0.1058	-0.0198033				
0.10585	-0.0185292				
0.1059	-0.0134324				
0.10595	-0.00833573				
0.106	-0.00196484				
0.10605	0.00568023				
0.1061	0.0107769				
0.10615	0.0145995				
0.1062	0.0171478				
0.10625	0.018422				
0.1063	0.0222446				
0.10635	0.0209704				
0.1064	0.0235187				
0.10645	0.0247929				
0.1065	0.0273413				
0.10655	0.0286154				
0.1066	0.0260671				
0.10665	0.0247929				
0.1067	0.0209704				
0.10675	0.0196962				
0.1068	0.0158737				
0.10685	0.00695441				
0.1069	0.00568023				
0.10695	0.00440605				
0.107	-0.00196484				
0.10705	-0.00196484				
0.1071	-0.00706155				
0.10715	-0.00960991				
0.1072	-0.0108841				
0.10725	-0.00960991				
0.1073	-0.0159808				
0.10735	-0.0185292				
0.1074	-0.0159808				
0.10745	-0.0147066				
0.1075	-0.0134324				
0.10755	-0.00833573				
0.1076	-0.00706155				
0.10765	-0.00706155				
0.1077	-0.00323902				
0.10775	-0.00578737				
0.1078	-0.0045132				
0.10785	-0.00196484				
0.1079	0.00440605				
0.10795	0.00695441				
0.108	0.0120511				
0.10805	0.0158737				
0.1081	0.0171478				
0.10815	0.0171478				
0.1082	0.0171478				
0.10825	0.0145995				
0.1083	0.0158737				
0.10835	0.0171478				
0.1084	0.0158737				
0.10845	0.0158737				
0.1085	0.0145995				
0.10855	0.0120511				
0.1086	0.00568023				
0.10865	0.00440605				
0.1087	-0.00323902				
0.10875	-0.0045132				
0.1088	-0.00706155				
0.10885	-0.00833573				
0.1089	-0.00960991				
0.10895	-0.0121583				
0.109	-0.0121583				
0.10905	-0.017255				
0.1091	-0.0210775				
0.10915	-0.0236259				
0.1092	-0.0223517				
0.10925	-0.0185292				
0.1093	-0.0159808				
0.10935	-0.0185292				
0.1094	-0.0159808				
0.10945	-0.0134324				
0.1095	-0.0121583				
0.10955	-0.0108841				
0.1096	-0.0147066				
0.10965	-0.0134324				
0.1097	-0.00960991				
0.10975	-0.0045132				
0.1098	-0.00578737				
0.10985	-0.00323902				
0.1099	-0.00196484				
0.10995	-0.0045132				
0.11	-0.00196484				
0.11005	0.000583518				
0.1101	-0.00323902				
0.11015	0.000583518				
0.1102	-0.00069066				
0.11025	0.000583518				
0.1103	-0.00196484				
0.11035	-0.00706155				
0.1104	-0.00706155				
0.11045	-0.00706155				
0.1105	-0.0121583				
0.11055	-0.0159808				
0.1106	-0.0185292				
0.11065	-0.0185292				
0.1107	-0.0147066				
0.11075	-0.0147066				
0.1108	-0.0159808				
0.11085	-0.0223517				
0.1109	-0.0198033				
0.11095	-0.017255				
0.111	-0.017255				
0.11105	-0.017255				
0.1111	-0.0121583				
0.11115	-0.0134324				
0.1112	-0.00960991				
0.11125	-0.00578737				
0.1113	-0.00196484				
0.11135	-0.00196484				
0.1114	-0.0045132				
0.11145	-0.00323902				
0.1115	0.000583518				
0.11155	0.00313188				
0.1116	0.0018577				
0.11165	0.00440605				
0.1117	0.00695441				
0.11175	0.00695441				
0.1118	0.00313188				
0.11185	0.000583518				
0.1119	-0.00578737				
0.11195	-0.0045132				
0.112	-0.00323902				
0.11205	-0.00323902				
0.1121	-0.00706155				
0.11215	-0.0045132				
0.1122	-0.00706155				
0.11225	-0.0134324				
0.1123	-0.0159808				
0.11235	-0.017255				
0.1124	-0.017255				
0.11245	-0.0185292				
0.1125	-0.0159808				
0.11255	-0.017255				
0.1126	-0.0147066				
0.11265	-0.0121583				
0.1127	-0.00833573				
0.11275	-0.00960991				
0.1128	-0.00833573				
0.11285	-0.00323902				
0.1129	-0.00196484				
0.11295	0.00313188				
0.113	0.0158737				
0.11305	0.0171478				
0.1131	0.0235187				
0.11315	0.0222446				
0.1132	0.0260671				
0.11325	0.0273413				
0.1133	0.0337122				
0.11335	0.0337122				
0.1134	0.0311638				
0.11345	0.0337122				
0.1135	0.0337122				
0.11355	0.032438				
0.1136	0.0311638				
0.11365	0.0260671				
0.1137	0.0196962				
0.11375	0.0133253				
0.1138	0.00822859				
0.11385	0.00695441				
0.1139	0.000583518				
0.11395	-0.00323902				
0.114	-0.00578737				
0.11405	-0.0121583				
0.1141	-0.017255				
0.11415	-0.0210775				
0.1142	-0.0261742				
0.11425	-0.0287226				
0.1143	-0.0287226				
0.11435	-0.0274484				
0.1144	-0.0287226				
0.11445	-0.0299968				
0.1145	-0.0223517				
0.11455	-0.0210775				
0.1146	-0.0198033				
0.11465	-0.0147066				
0.1147	-0.0159808				
0.11475	-0.0108841				
0.1148	-0.00833573				
0.11485	0.000583518				
0.1149	0.00568023				
0.11495	0.0120511				
0.115	0.0171478				
0.11505	0.0171478				
0.1151	0.0235187				
0.11515	0.0222446				
0.1152	0.0222446				
0.11525	0.0209704				
0.1153	0.0222446				
0.11535	0.0247929				
0.1154	0.0235187				
0.11545	0.0235187				
0.1155	0.0171478				
0.11555	0.00950277				
0.1156	0.0018577				
0.11565	-0.00323902				
0.1157	-0.0108841				
0.11575	-0.017255				
0.1158	-0.0223517				
0.11585	-0.0261742				
0.1159	-0.0274484				
0.11595	-0.0350935				
0.116	-0.0376418				
0.11605	-0.0452869				
0.1161	-0.0465611				
0.11615	-0.0414644				
0.1162	-0.038916				
0.11625	-0.0376418				
0.1163	-0.0325451				
0.11635	-0.0236259				
0.1164	-0.0198033				
0.11645	-0.0134324				
0.1165	-0.0108841				
0.11655	-0.0045132				
0.1166	0.00440605				
0.11665	0.0133253				
0.1167	0.0171478				
0.11675	0.0273413				
0.1168	0.0286154				
0.11685	0.0337122				
0.1169	0.0388089				
0.11695	0.0337122				
0.117	0.0362605				
0.11705	0.0375347				
0.1171	0.0413572				
0.11715	0.0388089				
0.1172	0.0362605				
0.11725	0.032438				
0.1173	0.0260671				
0.11735	0.0158737				
0.1174	0.0133253				
0.11745	0.00950277				
0.1175	-0.00069066				
0.11755	-0.00833573				
0.1176	-0.0147066				
0.11765	-0.0198033				
0.1177	-0.0261742				
0.11775	-0.0299968				
0.1178	-0.0338193				
0.11785	-0.0376418				
0.1179	-0.038916				
0.11795	-0.0440127				
0.118	-0.0440127				
0.11805	-0.0414644				
0.1181	-0.0363677				
0.11815	-0.0312709				
0.1182	-0.0261742				
0.11825	-0.0223517				
0.1183	-0.0108841				
0.11835	-0.00960991				
0.1184	-0.00323902				
0.11845	0.00440605				
0.1185	0.0158737				
0.11855	0.0222446				
0.1186	0.0298896				
0.11865	0.0349863				
0.1187	0.0388089				
0.11875	0.0439056				
0.1188	0.0426314				
0.11885	0.0464539				
0.1189	0.0451798				
0.11895	0.0451798				
0.119	0.0439056				
0.11905	0.0413572				
0.1191	0.0426314				
0.11915	0.0375347				
0.1192	0.0298896				
0.11925	0.0235187				
0.1193	0.0158737				
0.11935	0.0018577				
0.1194	-0.00196484				
0.11945	-0.0045132				
0.1195	-0.0134324				
0.11955	-0.0236259				
0.1196	-0.0287226				
0.11965	-0.0350935				
0.1197	-0.0414644				
0.11975	-0.0465611				
0.1198	-0.0542062				
0.11985	-0.0580287				
0.1199	-0.0516578				
0.11995	-0.0503836				
0.12	-0.0478353				
0.12005	-0.0465611				
0.1201	-0.0414644				
0.12015	-0.0376418				
0.1202	-0.0287226				
0.12025	-0.0261742				
0.1203	-0.017255				
0.12035	-0.00706155				
0.1204	-0.00196484				
0.12045	0.00822859				
0.1205	0.0145995				
0.12055	0.0222446				
0.1206	0.0235187				
0.12065	0.0273413				
0.1207	0.032438				
0.12075	0.0298896				
0.1208	0.0311638				
0.12085	0.0337122				
0.1209	0.0286154				
0.12095	0.0286154				
0.121	0.0247929				
0.12105	0.0196962				
0.1211	0.0145995				
0.12115	0.0107769				
0.1212	0.00440605				
0.12125	-0.00960991				
0.1213	-0.017255				
0.12135	-0.0249				
0.1214	-0.0299968				
0.12145	-0.0299968				
0.1215	-0.0401902				
0.12155	-0.0465611				
0.1216	-0.052932				
0.12165	-0.0580287				
0.1217	-0.060577				
0.12175	-0.0593029				
0.1218	-0.0631254				
0.12185	-0.0656738				
0.1219	-0.060577				
0.12195	-0.0554803				
0.122	-0.0542062				
0.12205	-0.0516578				
0.1221	-0.0491094				
0.12215	-0.0427385				
0.1222	-0.0299968				
0.12225	-0.0223517				
0.1223	-0.0121583				
0.12235	-0.00323902				
0.1224	0.0018577				
0.12245	0.0107769				
0.1225	0.018422				
0.12255	0.0235187				
0.1226	0.0298896				
0.12265	0.0349863				
0.1227	0.040083				
0.12275	0.0426314				
0.1228	0.0477281				
0.12285	0.0439056				
0.1229	0.0413572				
0.12295	0.0362605				
0.123	0.0349863				
0.12305	0.0235187				
0.1231	0.0209704				
0.12315	0.0196962				
0.1232	0.0120511				
0.12325	0.00440605				
0.1233	-0.00196484				
0.12335	-0.0121583				
0.1234	-0.0223517				
0.12345	-0.0249				
0.1235	-0.0312709				
0.12355	-0.0401902				
0.1236	-0.0440127				
0.12365	-0.0491094				
0.1237	-0.052932				
0.12375	-0.0503836				
0.1238	-0.0491094				
0.12385	-0.0542062				
0.1239	-0.0516578				
0.12395	-0.0491094				
0.124	-0.0465611				
0.12405	-0.0427385				
0.1241	-0.0338193				
0.12415	-0.0261742				
0.1242	-0.0147066				
0.12425	-0.00196484				
0.1243	0.00313188				
0.12435	0.0120511				
0.1244	0.0196962				
0.12445	0.0260671				
0.1245	0.0337122				
0.12455	0.0413572				
0.1246	0.0477281				
0.12465	0.054099				
0.1247	0.0591957				
0.12475	0.0591957				
0.1248	0.0553732				
0.12485	0.0553732				
0.1249	0.0477281				
0.12495	0.0439056				
0.125	0.0413572				
0.12505	0.0337122				
0.1251	0.0273413				
0.12515	0.0222446				
0.1252	0.0133253				
0.12525	0.0018577				
0.1253	-0.00960991				
0.12535	-0.0236259				
0.1254	-0.0312709				
0.12545	-0.0363677				
0.1255	-0.0452869				
0.12555	-0.0542062				
0.1256	-0.0567545				
0.12565	-0.0618512				
0.1257	-0.0669479				
0.12575	-0.0682221				
0.1258	-0.0707705				
0.12585	-0.074593				
0.1259	-0.0694963				
0.12595	-0.0631254				
0.126	-0.060577				
0.12605	-0.0503836				
0.1261	-0.0427385				
0.12615	-0.0363677				
0.1262	-0.0274484				
0.12625	-0.0210775				
0.1263	-0.00960991				
0.12635	-0.00196484				
0.1264	0.0107769				
0.12645	0.018422				
0.1265	0.0286154				
0.12655	0.0337122				
0.1266	0.0349863				
0.12665	0.0388089				
0.1267	0.0375347				
0.12675	0.040083				
0.1268	0.0413572				
0.12685	0.040083				
0.1269	0.032438				
0.12695	0.0311638				
0.127	0.0235187				
0.12705	0.0145995				
0.1271	0.00822859				
0.12715	-0.00196484				
0.1272	-0.00833573				
0.12725	-0.0185292				
0.1273	-0.0236259				
0.12735	-0.0338193				
0.1274	-0.0401902				
0.12745	-0.0452869				
0.1275	-0.0516578				
0.12755	-0.0593029				
0.1276	-0.0643996				
0.12765	-0.0682221				
0.1277	-0.0682221				
0.12775	-0.0656738				
0.1278	-0.0631254				
0.12785	-0.0618512				
0.1279	-0.0542062				
0.12795	-0.0465611				
0.128	-0.0376418				
0.12805	-0.0338193				
0.1281	-0.0274484				
0.12815	-0.0198033				
0.1282	-0.00960991				
0.12825	0.00313188				
0.1283	0.0120511				
0.12835	0.0171478				
0.1284	0.0298896				
0.12845	0.0337122				
0.1285	0.0362605				
0.12855	0.0426314				
0.1286	0.0388089				
0.12865	0.040083				
0.1287	0.0426314				
0.12875	0.0413572				
0.1288	0.040083				
0.12885	0.0349863				
0.1289	0.0298896				
0.12895	0.0247929				
0.129	0.018422				
0.12905	0.0107769				
0.1291	-0.00323902				
0.12915	-0.00706155				
0.1292	-0.00960991				
0.12925	-0.0185292				
0.1293	-0.0198033				
0.12935	-0.0261742				
0.1294	-0.0350935				
0.12945	-0.0376418				
0.1295	-0.0376418				
0.12955	-0.0401902				
0.1296	-0.0427385				
0.12965	-0.0401902				
0.1297	-0.0350935				
0.12975	-0.0287226				
0.1298	-0.0274484				
0.12985	-0.0249				
0.1299	-0.0236259				
0.12995	-0.017255				
0.13	-0.0108841				
0.13005	-0.00323902				
0.1301	0.00313188				
0.13015	0.00950277				
0.1302	0.018422				
0.13025	0.0235187				
0.1303	0.0286154				
0.13035	0.0311638				
0.1304	0.0298896				
0.13045	0.0375347				
0.1305	0.040083				
0.13055	0.0426314				
0.1306	0.0413572				
0.13065	0.0426314				
0.1307	0.040083				
0.13075	0.0388089				
0.1308	0.0337122				
0.13085	0.0298896				
0.1309	0.0247929				
0.13095	0.018422				
0.131	0.0145995				
0.13105	0.00822859				
0.1311	0.00568023				
0.13115	0.00313188				
0.1312	-0.0045132				
0.13125	-0.0121583				
0.1313	-0.017255				
0.13135	-0.0210775				
0.1314	-0.0287226				
0.13145	-0.0287226				
0.1315	-0.0299968				
0.13155	-0.0299968				
0.1316	-0.0338193				
0.13165	-0.0312709				
0.1317	-0.0325451				
0.13175	-0.0312709				
0.1318	-0.0299968				
0.13185	-0.0312709				
0.1319	-0.0274484				
0.13195	-0.0223517				
0.132	-0.017255				
0.13205	-0.0134324				
0.1321	-0.0134324				
0.13215	-0.00196484				
0.1322	0.00313188				
0.13225	0.00695441				
0.1323	0.0107769				
0.13235	0.0120511				
0.1324	0.0107769				
0.13245	0.0133253				
0.1325	0.0209704				
0.13255	0.0209704				
0.1326	0.0247929				
0.13265	0.0247929				
0.1327	0.0222446				
0.13275	0.0209704				
0.1328	0.018422				
0.13285	0.0145995				
0.1329	0.0120511				
0.13295	0.0120511				
0.133	0.0120511				
0.13305	0.0133253				
0.1331	0.00822859				
0.13315	0.00568023				
0.1332	0.000583518				
0.13325	-0.0045132				
0.1333	-0.00833573				
0.13335	-0.00706155				
0.1334	-0.00706155				
0.13345	-0.00706155				
0.1335	-0.0045132				
0.13355	-0.00196484				
0.1336	-0.0045132				
0.13365	-0.0045132				
0.1337	-0.00706155				
0.13375	-0.00706155				
0.1338	-0.00196484				
0.13385	-0.00323902				
0.1339	-0.00196484				
0.13395	-0.00196484				
0.134	0.00313188				
0.13405	0.00440605				
0.1341	0.000583518				
0.13415	0.00440605				
0.1342	0.00950277				
0.13425	0.00695441				
0.1343	0.0120511				
0.13435	0.0133253				
0.1344	0.0158737				
0.13445	0.018422				
0.1345	0.018422				
0.13455	0.0235187				
0.1346	0.0222446				
0.13465	0.0209704				
0.1347	0.0196962				
0.13475	0.018422				
0.1348	0.0171478				
0.13485	0.0209704				
0.1349	0.0222446				
0.13495	0.0247929				
0.135	0.0260671				
0.13505	0.0222446				
0.1351	0.0222446				
0.13515	0.0235187				
0.1352	0.0209704				
0.13525	0.0235187				
0.1353	0.0222446				
0.13535	0.0222446				
0.1354	0.0247929				
0.13545	0.0247929				
0.1355	0.0222446				
0.13555	0.0158737				
0.1356	0.0133253				
0.13565	0.0107769				
0.1357	0.0120511				
0.13575	0.0171478				
0.1358	0.00695441				
0.13585	0.00950277				
0.1359	0.00822859				
0.13595	0.00950277				
0.136	0.00695441				
0.13605	0.00440605				
0.1361	0.000583518				
0.13615	0.00313188				
0.1362	0.00568023				
0.13625	0.00568023				
0.1363	0.00313188				
0.13635	0.00440605				
0.1364	0.00822859				
0.13645	0.00695441				
0.1365	0.00822859				
0.13655	0.00695441				
0.1366	0.00695441				
0.13665	0.0120511				
0.1367	0.0120511				
0.13675	0.0158737				
0.1368	0.0209704				
0.13685	0.0235187				
0.1369	0.0260671				
0.13695	0.0235187				
0.137	0.0260671				
0.13705	0.0260671				
0.1371	0.0337122				
0.13715	0.032438				
0.1372	0.0337122				
0.13725	0.0362605				
0.1373	0.0337122				
0.13735	0.032438				
0.1374	0.0337122				
0.13745	0.0273413				
0.1375	0.0247929				
0.13755	0.0209704				
0.1376	0.0222446				
0.13765	0.0196962				
0.1377	0.0196962				
0.13775	0.0120511				
0.1378	0.00313188				
0.13785	0.0018577				
0.1379	-0.00196484				
0.13795	-0.00706155				
0.138	-0.00960991				
0.13805	-0.0108841				
0.1381	-0.00833573				
0.13815	-0.00706155				
0.1382	-0.00706155				
0.13825	-0.00833573				
0.1383	-0.00833573				
0.13835	-0.00706155				
0.1384	-0.00706155				
0.13845	-0.00196484				
0.1385	-0.00196484				
0.13855	0.0018577				
0.1386	0.00440605				
0.13865	0.0120511				
0.1387	0.0120511				
0.13875	0.0133253				
0.1388	0.018422				
0.13885	0.0209704				
0.1389	0.0247929				
0.13895	0.0286154				
0.139	0.0375347				
0.13905	0.0362605				
0.1391	0.0439056				
0.13915	0.0464539				
0.1392	0.0439056				
0.13925	0.0439056				
0.1393	0.0451798				
0.13935	0.0464539				
0.1394	0.0426314				
0.13945	0.0362605				
0.1395	0.0362605				
0.13955	0.032438				
0.1396	0.0286154				
0.13965	0.018422				
0.1397	0.0133253				
0.13975	0.00822859				
0.1398	0.00313188				
0.13985	-0.0045132				
0.1399	-0.00706155				
0.13995	-0.0121583				
0.14	-0.0134324				
0.14005	-0.0147066				
0.1401	-0.0159808				
0.14015	-0.0185292				
0.1402	-0.0198033				
0.14025	-0.0198033				
0.1403	-0.017255				
0.14035	-0.0159808				
0.1404	-0.0108841				
0.14045	-0.00706155				
0.1405	-0.00323902				
0.14055	0.000583518				
0.1406	0.00568023				
0.14065	0.0120511				
0.1407	0.018422				
0.14075	0.0222446				
0.1408	0.0273413				
0.14085	0.0311638				
0.1409	0.0375347				
0.14095	0.0451798				
0.141	0.0502765				
0.14105	0.0490023				
0.1411	0.0515507				
0.14115	0.0515507				
0.1412	0.0464539				
0.14125	0.0490023				
0.1413	0.0502765				
0.14135	0.0464539				
0.1414	0.0451798				
0.14145	0.0388089				
0.1415	0.0337122				
0.14155	0.0286154				
0.1416	0.0196962				
0.14165	0.0107769				
0.1417	0.0018577				
0.14175	0.000583518				
0.1418	-0.00323902				
0.14185	-0.0121583				
0.1419	-0.0159808				
0.14195	-0.0223517				
0.142	-0.0210775				
0.14205	-0.0223517				
0.1421	-0.0261742				
0.14215	-0.0249				
0.1422	-0.0223517				
0.14225	-0.0198033				
0.1423	-0.017255				
0.14235	-0.00833573				
0.1424	-0.0045132				
0.14245	-0.00196484				
0.1425	0.00313188				
0.14255	0.00822859				
0.1426	0.0107769				
0.14265	0.0196962				
0.1427	0.0260671				
0.14275	0.0337122				
0.1428	0.0375347				
0.14285	0.040083				
0.1429	0.0451798				
0.14295	0.0477281				
0.143	0.0502765				
0.14305	0.0477281				
0.1431	0.0477281				
0.14315	0.0426314				
0.1432	0.0439056				
0.14325	0.0426314				
0.1433	0.0426314				
0.14335	0.0311638				
0.1434	0.0247929				
0.14345	0.0145995				
0.1435	0.0107769				
0.14355	0.0018577				
0.1436	-0.00833573				
0.14365	-0.0159808				
0.1437	-0.0261742				
0.14375	-0.0274484				
0.1438	-0.0287226				
0.14385	-0.0325451				
0.1439	-0.0376418				
0.14395	-0.0401902				
0.144	-0.038916				
0.14405	-0.0401902				
0.1441	-0.0376418				
0.14415	-0.0325451				
0.1442	-0.0274484				
0.14425	-0.0198033				
0.1443	-0.0134324				
0.14435	-0.00706155				
0.1444	-0.00196484				
0.14445	0.0018577				
0.1445	0.00695441				
0.14455	0.0133253				
0.1446	0.0222446				
0.14465	0.0286154				
0.1447	0.0362605				
0.14475	0.0439056				
0.1448	0.0426314				
0.14485	0.0413572				
0.1449	0.0439056				
0.14495	0.0477281				
0.145	0.0426314				
0.14505	0.0439056				
0.1451	0.0413572				
0.14515	0.0375347				
0.1452	0.0311638				
0.14525	0.0311638				
0.1453	0.0209704				
0.14535	0.0107769				
0.1454	0.000583518				
0.14545	-0.0045132				
0.1455	-0.00960991				
0.14555	-0.0147066				
0.1456	-0.0236259				
0.14565	-0.0325451				
0.1457	-0.0363677				
0.14575	-0.0363677				
0.1458	-0.0376418				
0.14585	-0.0401902				
0.1459	-0.0440127				
0.14595	-0.0414644				
0.146	-0.0376418				
0.14605	-0.0299968				
0.1461	-0.0236259				
0.14615	-0.0210775				
0.1462	-0.0121583				
0.14625	-0.00706155				
0.1463	0.000583518				
0.14635	0.00822859				
0.1464	0.0133253				
0.14645	0.0209704				
0.1465	0.0311638				
0.14655	0.0362605				
0.1466	0.0426314				
0.14665	0.0477281				
0.1467	0.0490023				
0.14675	0.0528248				
0.1468	0.0553732				
0.14685	0.0566474				
0.1469	0.054099				
0.14695	0.0502765				
0.147	0.0490023				
0.14705	0.0477281				
0.1471	0.0451798				
0.14715	0.0375347				
0.1472	0.0298896				
0.14725	0.0235187				
0.1473	0.00822859				
0.14735	-0.00069066				
0.1474	-0.00578737				
0.14745	-0.00960991				
0.1475	-0.0159808				
0.14755	-0.0236259				
0.1476	-0.0325451				
0.14765	-0.0338193				
0.1477	-0.0350935				
0.14775	-0.038916				
0.1478	-0.0414644				
0.14785	-0.0376418				
0.1479	-0.0350935				
0.14795	-0.0299968				
0.148	-0.0261742				
0.14805	-0.0185292				
0.1481	-0.0134324				
0.14815	-0.00960991				
0.1482	-0.00323902				
0.14825	0.00313188				
0.1483	0.0120511				
0.14835	0.0158737				
0.1484	0.0222446				
0.14845	0.0298896				
0.1485	0.0349863				
0.14855	0.0426314				
0.1486	0.0490023				
0.14865	0.0477281				
0.1487	0.0451798				
0.14875	0.0451798				
0.1488	0.0439056				
0.14885	0.0477281				
0.1489	0.0426314				
0.14895	0.0388089				
0.149	0.0388089				
0.14905	0.0298896				
0.1491	0.0260671				
0.14915	0.018422				
0.1492	0.0120511				
0.14925	0.0018577				
0.1493	-0.00706155				
0.14935	-0.00960991				
0.1494	-0.0159808				
0.14945	-0.017255				
0.1495	-0.0249				
0.14955	-0.0363677				
0.1496	-0.0376418				
0.14965	-0.0338193				
0.1497	-0.0376418				
0.14975	-0.038916				
0.1498	-0.0350935				
0.14985	-0.0325451				
0.1499	-0.0261742				
0.14995	-0.0185292				
0.15	-0.0134324				
0.15005	-0.0108841				
0.1501	-0.00196484				
0.15015	0.0018577				
0.1502	0.0120511				
0.15025	0.0196962				
0.1503	0.0235187				
0.15035	0.032438				
0.1504	0.0388089				
0.15045	0.0413572				
0.1505	0.0477281				
0.15055	0.0464539				
0.1506	0.0515507				
0.15065	0.0528248				
0.1507	0.0553732				
0.15075	0.054099				
0.1508	0.054099				
0.15085	0.0528248				
0.1509	0.0426314				
0.15095	0.040083				
0.151	0.0362605				
0.15105	0.0247929				
0.1511	0.0222446				
0.15115	0.0158737				
0.1512	0.00822859				
0.15125	0.000583518				
0.1513	-0.00833573				
0.15135	-0.0134324				
0.1514	-0.0159808				
0.15145	-0.0223517				
0.1515	-0.0338193				
0.15155	-0.0427385				
0.1516	-0.0401902				
0.15165	-0.038916				
0.1517	-0.0376418				
0.15175	-0.0350935				
0.1518	-0.0325451				
0.15185	-0.0261742				
0.1519	-0.0198033				
0.15195	-0.0198033				
0.152	-0.0108841				
0.15205	-0.00706155				
0.1521	0.00313188				
0.15215	0.0120511				
0.1522	0.018422				
0.15225	0.0235187				
0.1523	0.0337122				
0.15235	0.0426314				
0.1524	0.0451798				
0.15245	0.0477281				
0.1525	0.0528248				
0.15255	0.054099				
0.1526	0.0579215				
0.15265	0.0591957				
0.1527	0.0591957				
0.15275	0.0617441				
0.1528	0.0642924				
0.15285	0.054099				
0.1529	0.0502765				
0.15295	0.0451798				
0.153	0.0388089				
0.15305	0.0311638				
0.1531	0.0286154				
0.15315	0.0222446				
0.1532	0.0133253				
0.15325	0.00313188				
0.1533	-0.00196484				
0.15335	-0.0108841				
0.1534	-0.0134324				
0.15345	-0.0249				
0.1535	-0.0299968				
0.15355	-0.0299968				
0.1536	-0.0287226				
0.15365	-0.0325451				
0.1537	-0.0287226				
0.15375	-0.0274484				
0.1538	-0.0210775				
0.15385	-0.0198033				
0.1539	-0.0147066				
0.15395	-0.0108841				
0.154	-0.0045132				
0.15405	0.00822859				
0.1541	0.0145995				
0.15415	0.0222446				
0.1542	0.0298896				
0.15425	0.0388089				
0.1543	0.0413572				
0.15435	0.0464539				
0.1544	0.0515507				
0.15445	0.0553732				
0.1545	0.0591957				
0.15455	0.0604699				
0.1546	0.0591957				
0.15465	0.0630183				
0.1547	0.0579215				
0.15475	0.054099				
0.1548	0.054099				
0.15485	0.0439056				
0.1549	0.0388089				
0.15495	0.0311638				
0.155	0.0209704				
0.15505	0.018422				
0.1551	0.0158737				
0.15515	0.00950277				
0.1552	-0.00196484				
0.15525	-0.0134324				
0.1553	-0.0198033				
0.15535	-0.0223517				
0.1554	-0.0287226				
0.15545	-0.0363677				
0.1555	-0.0401902				
0.15555	-0.0350935				
0.1556	-0.0376418				
0.15565	-0.0350935				
0.1557	-0.0363677				
0.15575	-0.0325451				
0.1558	-0.0261742				
0.15585	-0.0134324				
0.1559	-0.0121583				
0.15595	-0.00578737				
0.156	0.00695441				
0.15605	0.0196962				
0.1561	0.0222446				
0.15615	0.0260671				
0.1562	0.032438				
0.15625	0.0349863				
0.1563	0.040083				
0.15635	0.0439056				
0.1564	0.0490023				
0.15645	0.0553732				
0.1565	0.0591957				
0.15655	0.0604699				
0.1566	0.0566474				
0.15665	0.0502765				
0.1567	0.0451798				
0.15675	0.0439056				
0.1568	0.0413572				
0.15685	0.0375347				
0.1569	0.0337122				
0.15695	0.0260671				
0.157	0.0133253				
0.15705	0.00950277				
0.1571	0.00313188				
0.15715	-0.00833573				
0.1572	-0.0223517				
0.15725	-0.0236259				
0.1573	-0.0249				
0.15735	-0.0236259				
0.1574	-0.0287226				
0.15745	-0.038916				
0.1575	-0.0401902				
0.15755	-0.0376418				
0.1576	-0.0338193				
0.15765	-0.0363677				
0.1577	-0.0338193				
0.15775	-0.0261742				
0.1578	-0.0185292				
0.15785	-0.0121583				
0.1579	-0.00578737				
0.15795	0.00313188				
0.158	0.00950277				
0.15805	0.0158737				
0.1581	0.0209704				
0.15815	0.0260671				
0.1582	0.032438				
0.15825	0.0337122				
0.1583	0.0413572				
0.15835	0.0451798				
0.1584	0.0464539				
0.15845	0.0464539				
0.1585	0.0477281				
0.15855	0.0477281				
0.1586	0.040083				
0.15865	0.0375347				
0.1587	0.0337122				
0.15875	0.0362605				
0.1588	0.0311638				
0.15885	0.0260671				
0.1589	0.0196962				
0.15895	0.00950277				
0.159	0.00440605				
0.15905	-0.00578737				
0.1591	-0.00960991				
0.15915	-0.0185292				
0.1592	-0.0236259				
0.15925	-0.0261742				
0.1593	-0.0287226				
0.15935	-0.0287226				
0.1594	-0.0376418				
0.15945	-0.0414644				
0.1595	-0.0440127				
0.15955	-0.0401902				
0.1596	-0.0363677				
0.15965	-0.0350935				
0.1597	-0.0312709				
0.15975	-0.0223517				
0.1598	-0.0159808				
0.15985	-0.0121583				
0.1599	-0.00833573				
0.15995	-0.00196484				
0.16	0.00568023				
0.16005	0.0120511				
0.1601	0.0196962				
0.16015	0.0235187				
0.1602	0.032438				
0.16025	0.032438				
0.1603	0.0311638				
0.16035	0.0349863				
0.1604	0.0362605				
0.16045	0.032438				
0.1605	0.032438				
0.16055	0.032438				
0.1606	0.0337122				
0.16065	0.0260671				
0.1607	0.0260671				
0.16075	0.0209704				
0.1608	0.0171478				
0.16085	0.0107769				
0.1609	0.0018577				
0.16095	-0.0045132				
0.161	-0.00833573				
0.16105	-0.0108841				
0.1611	-0.0198033				
0.16115	-0.0236259				
0.1612	-0.0299968				
0.16125	-0.0287226				
0.1613	-0.0350935				
0.16135	-0.0363677				
0.1614	-0.0440127				
0.16145	-0.0440127				
0.1615	-0.0363677				
0.16155	-0.0325451				
0.1616	-0.0287226				
0.16165	-0.0223517				
0.1617	-0.0185292				
0.16175	-0.0134324				
0.1618	-0.00833573				
0.16185	-0.00706155				
0.1619	0.000583518				
0.16195	0.00950277				
0.162	0.0145995				
0.16205	0.0209704				
0.1621	0.0286154				
0.16215	0.032438				
0.1622	0.032438				
0.16225	0.0362605				
0.1623	0.0349863				
0.16235	0.0362605				
0.1624	0.0388089				
0.16245	0.0413572				
0.1625	0.0426314				
0.16255	0.040083				
0.1626	0.0337122				
0.16265	0.032438				
0.1627	0.0286154				
0.16275	0.0196962				
0.1628	0.0171478				
0.16285	0.0145995				
0.1629	0.00695441				
0.16295	0.00695441				
0.163	0.00822859				
0.16305	-0.00196484				
0.1631	-0.00706155				
0.16315	-0.0134324				
0.1632	-0.0210775				
0.16325	-0.0210775				
0.1633	-0.0185292				
0.16335	-0.0198033				
0.1634	-0.0261742				
0.16345	-0.0210775				
0.1635	-0.017255				
0.16355	-0.0147066				
0.1636	-0.0134324				
0.16365	-0.0121583				
0.1637	-0.0108841				
0.16375	-0.00196484				
0.1638	0.00822859				
0.16385	0.00822859				
0.1639	0.0133253				
0.16395	0.0209704				
0.164	0.0273413				
0.16405	0.0349863				
0.1641	0.0375347				
0.16415	0.040083				
0.1642	0.0413572				
0.16425	0.0426314				
0.1643	0.0464539				
0.16435	0.0477281				
0.1644	0.0490023				
0.16445	0.0502765				
0.1645	0.0490023				
0.16455	0.0464539				
0.1646	0.0413572				
0.16465	0.0362605				
0.1647	0.0337122				
0.16475	0.0311638				
0.1648	0.0286154				
0.16485	0.0222446				
0.1649	0.018422				
0.16495	0.0133253				
0.165	0.00440605				
0.16505	0.00568023				
0.1651	-0.0045132				
0.16515	-0.0108841				
0.1652	-0.0159808				
0.16525	-0.0147066				
0.1653	-0.0121583				
0.16535	-0.017255				
0.1654	-0.0223517				
0.16545	-0.0274484				
0.1655	-0.0236259				
0.16555	-0.0236259				
0.1656	-0.0198033				
0.16565	-0.0147066				
0.1657	-0.00960991				
0.16575	-0.00706155				
0.1658	-0.00196484				
0.16585	0.00313188				
0.1659	0.00695441				
0.16595	0.0107769				
0.166	0.0158737				
0.16605	0.0196962				
0.1661	0.018422				
0.16615	0.0247929				
0.1662	0.0311638				
0.16625	0.032438				
0.1663	0.0375347				
0.16635	0.0362605				
0.1664	0.0413572				
0.16645	0.0413572				
0.1665	0.0375347				
0.16655	0.0362605				
0.1666	0.0388089				
0.16665	0.0349863				
0.1667	0.0337122				
0.16675	0.0337122				
0.1668	0.0286154				
0.16685	0.0247929				
0.1669	0.018422				
0.16695	0.00950277				
0.167	0.00440605				
0.16705	0.00822859				
0.1671	0.00695441				
0.16715	-0.00323902				
0.1672	-0.0121583				
0.16725	-0.0147066				
0.1673	-0.0159808				
0.16735	-0.0147066				
0.1674	-0.0210775				
0.16745	-0.0299968				
0.1675	-0.0287226				
0.16755	-0.0223517				
0.1676	-0.0223517				
0.16765	-0.0185292				
0.1677	-0.017255				
0.16775	-0.0121583				
0.1678	-0.00706155				
0.16785	-0.00196484				
0.1679	0.0018577				
0.16795	0.00822859				
0.168	0.0158737				
0.16805	0.0222446				
0.1681	0.0273413				
0.16815	0.0337122				
0.1682	0.0388089				
0.16825	0.0439056				
0.1683	0.0451798				
0.16835	0.0413572				
0.1684	0.0477281				
0.16845	0.0528248				
0.1685	0.054099				
0.16855	0.054099				
0.1686	0.054099				
0.16865	0.0579215				
0.1687	0.0553732				
0.16875	0.0515507				
0.1688	0.0426314				
0.16885	0.040083				
0.1689	0.0349863				
0.16895	0.0286154				
0.169	0.0235187				
0.16905	0.0222446				
0.1691	0.0158737				
0.16915	0.00313188				
0.1692	-0.0108841				
0.16925	-0.0134324				
0.1693	-0.0159808				
0.16935	-0.0198033				
0.1694	-0.0287226				
0.16945	-0.0338193				
0.1695	-0.0312709				
0.16955	-0.0261742				
0.1696	-0.0274484				
0.16965	-0.0274484				
0.1697	-0.0274484				
0.16975	-0.0223517				
0.1698	-0.0185292				
0.16985	-0.0108841				
0.1699	-0.00706155				
0.16995	0.0018577				
0.17	0.0120511				
0.17005	0.0171478				
0.1701	0.0222446				
0.17015	0.0286154				
0.1702	0.0337122				
0.17025	0.0388089				
0.1703	0.0477281				
0.17035	0.0528248				
0.1704	0.054099				
0.17045	0.0617441				
0.1705	0.0617441				
0.17055	0.0642924				
0.1706	0.0642924				
0.17065	0.0553732				
0.1707	0.0553732				
0.17075	0.0528248				
0.1708	0.0426314				
0.17085	0.0388089				
0.1709	0.0337122				
0.17095	0.0222446				
0.171	0.018422				
0.17105	0.0107769				
0.1711	-0.00069066				
0.17115	-0.0147066				
0.1712	-0.0261742				
0.17125	-0.0274484				
0.1713	-0.0325451				
0.17135	-0.0350935				
0.1714	-0.0427385				
0.17145	-0.0491094				
0.1715	-0.0427385				
0.17155	-0.0440127				
0.1716	-0.0427385				
0.17165	-0.0427385				
0.1717	-0.0363677				
0.17175	-0.0249				
0.1718	-0.0185292				
0.17185	-0.0108841				
0.1719	-0.00578737				
0.17195	0.00313188				
0.172	0.0158737				
0.17205	0.0209704				
0.1721	0.0273413				
0.17215	0.0349863				
0.1722	0.0439056				
0.17225	0.0528248				
0.1723	0.0566474				
0.17235	0.0642924				
0.1724	0.0630183				
0.17245	0.0642924				
0.1725	0.0630183				
0.17255	0.0655666				
0.1726	0.0642924				
0.17265	0.0604699				
0.1727	0.0591957				
0.17275	0.0553732				
0.1728	0.0451798				
0.17285	0.0362605				
0.1729	0.0235187				
0.17295	0.00950277				
0.173	0.00440605				
0.17305	-0.00069066				
0.1731	-0.00960991				
0.17315	-0.0198033				
0.1732	-0.0338193				
0.17325	-0.038916				
0.1733	-0.038916				
0.17335	-0.0427385				
0.1734	-0.0516578				
0.17345	-0.0542062				
0.1735	-0.0503836				
0.17355	-0.0427385				
0.1736	-0.0376418				
0.17365	-0.0338193				
0.1737	-0.0287226				
0.17375	-0.0198033				
0.1738	-0.0134324				
0.17385	-0.00578737				
0.1739	0.000583518				
0.17395	0.0107769				
0.174	0.0235187				
0.17405	0.032438				
0.1741	0.0413572				
0.17415	0.0477281				
0.1742	0.054099				
0.17425	0.0528248				
0.1743	0.0579215				
0.17435	0.0617441				
0.1744	0.0655666				
0.17445	0.0655666				
0.1745	0.0630183				
0.17455	0.0604699				
0.1746	0.0579215				
0.17465	0.0502765				
0.1747	0.0426314				
0.17475	0.0362605				
0.1748	0.0260671				
0.17485	0.0145995				
0.1749	0.00313188				
0.17495	-0.00706155				
0.175	-0.0108841				
0.17505	-0.017255				
0.1751	-0.0287226				
0.17515	-0.0427385				
0.1752	-0.0503836				
0.17525	-0.052932				
0.1753	-0.0554803				
0.17535	-0.0593029				
0.1754	-0.0618512				
0.17545	-0.060577				
0.1755	-0.052932				
0.17555	-0.0478353				
0.1756	-0.0465611				
0.17565	-0.0376418				
0.1757	-0.0299968				
0.17575	-0.0210775				
0.1758	-0.0108841				
0.17585	-0.00069066				
0.1759	0.0107769				
0.17595	0.0222446				
0.176	0.032438				
0.17605	0.0375347				
0.1761	0.0439056				
0.17615	0.0451798				
0.1762	0.0515507				
0.17625	0.054099				
0.1763	0.0591957				
0.17635	0.0604699				
0.1764	0.0591957				
0.17645	0.0591957				
0.1765	0.0528248				
0.17655	0.0464539				
0.1766	0.0388089				
0.17665	0.032438				
0.1767	0.0235187				
0.17675	0.0145995				
0.1768	0.00440605				
0.17685	-0.00196484				
0.1769	-0.0147066				
0.17695	-0.0261742				
0.177	-0.0350935				
0.17705	-0.0440127				
0.1771	-0.0503836				
0.17715	-0.0580287				
0.1772	-0.0643996				
0.17725	-0.0669479				
0.1773	-0.0643996				
0.17735	-0.0669479				
0.1774	-0.0694963				
0.17745	-0.0656738				
0.1775	-0.060577				
0.17755	-0.0542062				
0.1776	-0.0491094				
0.17765	-0.038916				
0.1777	-0.0261742				
0.17775	-0.0185292				
0.1778	-0.0121583				
0.17785	-0.0045132				
0.1779	0.00695441				
0.17795	0.0120511				
0.178	0.0196962				
0.17805	0.0286154				
0.1781	0.0362605				
0.17815	0.0439056				
0.1782	0.0439056				
0.17825	0.0413572				
0.1783	0.0439056				
0.17835	0.0439056				
0.1784	0.0413572				
0.17845	0.0362605				
0.1785	0.0349863				
0.17855	0.0298896				
0.1786	0.0222446				
0.17865	0.0171478				
0.1787	0.00950277				
0.17875	0.00313188				
0.1788	-0.00706155				
0.17885	-0.0159808				
0.1789	-0.0223517				
0.17895	-0.0312709				
0.179	-0.0363677				
0.17905	-0.0376418				
0.1791	-0.0414644				
0.17915	-0.0465611				
0.1792	-0.052932				
0.17925	-0.0554803				
0.1793	-0.0478353				
0.17935	-0.0491094				
0.1794	-0.0491094				
0.17945	-0.0440127				
0.1795	-0.0401902				
0.17955	-0.0249				
0.1796	-0.0210775				
0.17965	-0.0134324				
0.1797	-0.00706155				
0.17975	-0.00196484				
0.1798	0.00695441				
0.17985	0.0145995				
0.1799	0.0209704				
0.17995	0.0286154				
0.18	0.0362605				
0.18005	0.0426314				
0.1801	0.0464539				
0.18015	0.0477281				
0.1802	0.0477281				
0.18025	0.0426314				
0.1803	0.040083				
0.18035	0.0413572				
0.1804	0.0413572				
0.18045	0.0388089				
0.1805	0.0337122				
0.18055	0.0286154				
0.1806	0.0222446				
0.18065	0.0133253				
0.1807	0.00440605				
0.18075	-0.00196484				
0.1808	-0.00196484				
0.18085	-0.0108841				
0.1809	-0.0147066				
0.18095	-0.0185292				
0.181	-0.0261742				
0.18105	-0.0299968				
0.1811	-0.0299968				
0.18115	-0.0363677				
0.1812	-0.0376418				
0.18125	-0.0401902				
0.1813	-0.0376418				
0.18135	-0.0274484				
0.1814	-0.0210775				
0.18145	-0.0223517				
0.1815	-0.0274484				
0.18155	-0.0185292				
0.1816	-0.0134324				
0.18165	-0.0045132				
0.1817	0.00440605				
0.18175	0.00822859				
0.1818	0.0145995				
0.18185	0.0209704				
0.1819	0.0286154				
0.18195	0.0286154				
0.182	0.0349863				
0.18205	0.0349863				
0.1821	0.0388089				
0.18215	0.0413572				
0.1822	0.0426314				
0.18225	0.0413572				
0.1823	0.040083				
0.18235	0.0375347				
0.1824	0.0362605				
0.18245	0.0298896				
0.1825	0.0260671				
0.18255	0.018422				
0.1826	0.0120511				
0.18265	0.00822859				
0.1827	0.00313188				
0.18275	-0.00323902				
0.1828	-0.00706155				
0.18285	-0.0121583				
0.1829	-0.0198033				
0.18295	-0.0236259				
0.183	-0.0261742				
0.18305	-0.0312709				
0.1831	-0.0299968				
0.18315	-0.0299968				
0.1832	-0.0325451				
0.18325	-0.0299968				
0.1833	-0.0299968				
0.18335	-0.0261742				
0.1834	-0.0223517				
0.18345	-0.0210775				
0.1835	-0.0210775				
0.18355	-0.0185292				
0.1836	-0.00706155				
0.18365	-0.00323902				
0.1837	0.000583518				
0.18375	0.00822859				
0.1838	0.0120511				
0.18385	0.0145995				
0.1839	0.0171478				
0.18395	0.0196962				
0.184	0.0222446				
0.18405	0.0260671				
0.1841	0.0286154				
0.18415	0.0311638				
0.1842	0.0311638				
0.18425	0.0286154				
0.1843	0.0286154				
0.18435	0.0235187				
0.1844	0.0209704				
0.18445	0.0158737				
0.1845	0.0171478				
0.18455	0.0158737				
0.1846	0.0133253				
0.18465	0.0120511				
0.1847	0.00695441				
0.18475	0.00313188				
0.1848	-0.00196484				
0.18485	-0.00196484				
0.1849	-0.00833573				
0.18495	-0.00578737				
0.185	-0.00706155				
0.18505	-0.00833573				
0.1851	-0.0108841				
0.18515	-0.00578737				
0.1852	-0.00069066				
0.18525	-0.0045132				
0.1853	-0.0045132				
0.18535	-0.00706155				
0.1854	-0.00323902				
0.18545	0.000583518				
0.1855	0.00440605				
0.18555	0.00568023				
0.1856	0.0107769				
0.18565	0.0171478				
0.1857	0.018422				
0.18575	0.018422				
0.1858	0.018422				
0.18585	0.0222446				
0.1859	0.0222446				
0.18595	0.0247929				
0.186	0.0235187				
0.18605	0.0247929				
0.1861	0.0286154				
0.18615	0.0273413				
0.1862	0.0235187				
0.18625	0.0222446				
0.1863	0.018422				
0.18635	0.018422				
0.1864	0.0171478				
0.18645	0.0158737				
0.1865	0.0120511				
0.18655	0.0120511				
0.1866	0.0133253				
0.18665	0.00695441				
0.1867	0.00822859				
0.18675	0.00695441				
0.1868	0.00568023				
0.18685	0.00313188				
0.1869	0.00440605				
0.18695	0.00440605				
0.187	0.00568023				
0.18705	0.00695441				
0.1871	0.00695441				
0.18715	0.000583518				
0.1872	-0.00196484				
0.18725	-0.00196484				
0.1873	0.000583518				
0.18735	-0.00323902				
0.1874	0.000583518				
0.18745	-0.00323902				
0.1875	0.0018577				
0.18755	0.00440605				
0.1876	0.000583518				
0.18765	-0.00196484				
0.1877	-0.0045132				
0.18775	-0.00069066				
0.1878	0.0018577				
0.18785	0.00440605				
0.1879	0.00695441				
0.18795	0.00950277				
0.188	0.0107769				
0.18805	0.0107769				
0.1881	0.0107769				
0.18815	0.00950277				
0.1882	0.00568023				
0.18825	0.00822859				
0.1883	0.0133253				
0.18835	0.0133253				
0.1884	0.0107769				
0.18845	0.0107769				
0.1885	0.0107769				
0.18855	0.00695441				
0.1886	0.00822859				
0.18865	0.00440605				
0.1887	0.00440605				
0.18875	0.00313188				
0.1888	0.00313188				
0.18885	-0.00196484				
0.1889	0.000583518				
0.18895	-0.00069066				
0.189	-0.00196484				
0.18905	-0.00323902				
0.1891	-0.00960991				
0.18915	-0.00960991				
0.1892	-0.0134324				
0.18925	-0.0134324				
0.1893	-0.0134324				
0.18935	-0.00960991				
0.1894	-0.0134324				
0.18945	-0.0134324				
0.1895	-0.0223517				
0.18955	-0.0223517				
0.1896	-0.0185292				
0.18965	-0.0210775				
0.1897	-0.0223517				
0.18975	-0.0236259				
0.1898	-0.0223517				
0.18985	-0.0198033				
0.1899	-0.0223517				
0.18995	-0.0198033				
0.19	-0.0185292				
0.19005	-0.017255				
0.1901	-0.017255				
0.19015	-0.0147066				
0.1902	-0.00960991				
0.19025	-0.00833573				
0.1903	-0.00196484				
0.19035	0.000583518				
0.1904	0.00313188				
0.19045	0.00313188				
0.1905	0.00440605				
0.19055	0.00440605				
0.1906	0.00440605				
0.19065	0.00950277				
0.1907	0.0133253				
0.19075	0.0133253				
0.1908	0.018422				
0.19085	0.018422				
0.1909	0.0133253				
0.19095	0.0120511				
0.191	0.0120511				
0.19105	0.00822859				
0.1911	0.00695441				
0.19115	0.00313188				
0.1912	-0.00069066				
0.19125	-0.00706155				
0.1913	-0.00833573				
0.19135	-0.00960991				
0.1914	-0.017255				
0.19145	-0.0223517				
0.1915	-0.0274484				
0.19155	-0.0274484				
0.1916	-0.0299968				
0.19165	-0.0274484				
0.1917	-0.0363677				
0.19175	-0.0325451				
0.1918	-0.0299968				
0.19185	-0.0299968				
0.1919	-0.0312709				
0.19195	-0.0287226				
0.192	-0.0261742				
0.19205	-0.0236259				
0.1921	-0.0185292				
0.19215	-0.0159808				
0.1922	-0.0121583				
0.19225	-0.00323902				
0.1923	0.0018577				
0.19235	0.00440605				
0.1924	0.00822859				
0.19245	0.00695441				
0.1925	0.0145995				
0.19255	0.0158737				
0.1926	0.0235187				
0.19265	0.0260671				
0.1927	0.0298896				
0.19275	0.0337122				
0.1928	0.0349863				
0.19285	0.032438				
0.1929	0.0311638				
0.19295	0.0247929				
0.193	0.0235187				
0.19305	0.0222446				
0.1931	0.0171478				
0.19315	0.0133253				
0.1932	0.00440605				
0.19325	-0.00196484				
0.1933	-0.00706155				
0.19335	-0.0147066				
0.1934	-0.0198033				
0.19345	-0.0287226				
0.1935	-0.0363677				
0.19355	-0.0376418				
0.1936	-0.038916				
0.19365	-0.038916				
0.1937	-0.0440127				
0.19375	-0.0478353				
0.1938	-0.0491094				
0.19385	-0.0440127				
0.1939	-0.0440127				
0.19395	-0.0401902				
0.194	-0.0363677				
0.19405	-0.0287226				
0.1941	-0.0185292				
0.19415	-0.0121583				
0.1942	-0.00578737				
0.19425	-0.00196484				
0.1943	0.00695441				
0.19435	0.0133253				
0.1944	0.0158737				
0.19445	0.0222446				
0.1945	0.0286154				
0.19455	0.0337122				
0.1946	0.0388089				
0.19465	0.0362605				
0.1947	0.040083				
0.19475	0.0388089				
0.1948	0.0388089				
0.19485	0.032438				
0.1949	0.0311638				
0.19495	0.0298896				
0.195	0.0247929				
0.19505	0.0222446				
0.1951	0.0235187				
0.19515	0.0133253				
0.1952	0.00568023				
0.19525	-0.00323902				
0.1953	-0.0134324				
0.19535	-0.017255				
0.1954	-0.0236259				
0.19545	-0.0249				
0.1955	-0.0274484				
0.19555	-0.0325451				
0.1956	-0.0376418				
0.19565	-0.0414644				
0.1957	-0.038916				
0.19575	-0.0401902				
0.1958	-0.0440127				
0.19585	-0.0427385				
0.1959	-0.0363677				
0.19595	-0.0299968				
0.196	-0.0261742				
0.19605	-0.0223517				
0.1961	-0.0198033				
0.19615	-0.0147066				
0.1962	-0.00833573				
0.19625	-0.00196484				
0.1963	0.00695441				
0.19635	0.0158737				
0.1964	0.0209704				
0.19645	0.0286154				
0.1965	0.0311638				
0.19655	0.0362605				
0.1966	0.0362605				
0.19665	0.0426314				
0.1967	0.0439056				
0.19675	0.0439056				
0.1968	0.0426314				
0.19685	0.0464539				
0.1969	0.0451798				
0.19695	0.0439056				
0.197	0.0413572				
0.19705	0.0375347				
0.1971	0.0337122				
0.19715	0.0273413				
0.1972	0.018422				
0.19725	0.0133253				
0.1973	0.00568023				
0.19735	0.000583518				
0.1974	-0.0045132				
0.19745	-0.00578737				
0.1975	-0.00960991				
0.19755	-0.0210775				
0.1976	-0.0261742				
0.19765	-0.0312709				
0.1977	-0.0325451				
0.19775	-0.0350935				
0.1978	-0.0401902				
0.19785	-0.0376418				
0.1979	-0.0312709				
0.19795	-0.0274484				
0.198	-0.0249				
0.19805	-0.0198033				
0.1981	-0.0185292				
0.19815	-0.0134324				
0.1982	-0.0045132				
0.19825	0.000583518				
0.1983	0.00568023				
0.19835	0.0171478				
0.1984	0.0273413				
0.19845	0.0298896				
0.1985	0.0337122				
0.19855	0.0349863				
0.1986	0.0388089				
0.19865	0.0413572				
0.1987	0.0477281				
0.19875	0.0515507				
0.1988	0.0515507				
0.19885	0.0502765				
0.1989	0.0477281				
0.19895	0.0464539				
0.199	0.040083				
0.19905	0.032438				
0.1991	0.0247929				
0.19915	0.0222446				
0.1992	0.0133253				
0.19925	0.00822859				
0.1993	0.0018577				
0.19935	-0.00578737				
0.1994	-0.0134324				
0.19945	-0.0210775				
0.1995	-0.0249				
0.19955	-0.0350935				
0.1996	-0.0414644				
0.19965	-0.0427385				
0.1997	-0.0440127				
0.19975	-0.0440127				
0.1998	-0.0414644				
0.19985	-0.0440127				
0.1999	-0.0465611				
0.19995	-0.038916				
