Time - soundlvl	Amplitude - soundlvl	Unnamed: 2	Unnamed: 3	Frequency (Hz) - soundlvl (Power Spectrum)	Amplitude - soundlvl (Power Spectrum)
0.0	0.841418			0.0	0.726733
5e-05	0.833766			5.0	0.366236
0.0001	0.843969			10.0	1.6529e-05
0.00015	0.831215			15.0	1.05921e-06
0.0002	0.84907			20.0	6.38778e-08
0.00025	0.833766			25.0	3.14741e-08
0.0003	0.843969			30.0	1.09099e-08
0.00035	0.841418			35.0	5.60628e-08
0.0004	0.843969			40.0	8.32307e-09
0.00045	0.833766			45.0	3.0461e-08
0.0005	0.841418			50.0	1.359e-08
0.00055	0.833766			55.0	3.74648e-08
0.0006	0.846519			60.0	3.55733e-08
0.00065	0.831215			65.0	9.59042e-09
0.0007	0.836316			70.0	7.58596e-09
0.00075	0.833766			75.0	2.09461e-08
0.0008	0.846519			80.0	1.05071e-08
0.00085	0.833766			85.0	2.38197e-08
0.0009	0.838867			90.0	2.87739e-09
0.00095	0.831215			95.0	1.75892e-08
0.001	0.846519			100.0	5.01753e-09
0.00105	0.831215			105.0	1.83764e-09
0.0011	0.841418			110.0	2.32147e-09
0.00115	0.836316			115.0	8.32757e-09
0.0012	0.841418			120.0	2.61347e-08
0.00125	0.838867			125.0	1.52179e-08
0.0013	0.833766			130.0	1.29726e-08
0.00135	0.836316			135.0	2.02984e-08
0.0014	0.828664			140.0	2.80843e-08
0.00145	0.838867			145.0	3.15625e-08
0.0015	0.833766			150.0	3.39356e-08
0.00155	0.843969			155.0	3.84386e-09
0.0016	0.833766			160.0	4.32854e-09
0.00165	0.836316			165.0	4.55368e-09
0.0017	0.833766			170.0	1.56283e-09
0.00175	0.836316			175.0	1.71144e-08
0.0018	0.833766			180.0	3.48349e-08
0.00185	0.843969			185.0	2.38765e-09
0.0019	0.846519			190.0	6.08092e-09
0.00195	0.836316			195.0	4.37034e-10
0.002	0.84907			200.0	1.81553e-09
0.00205	0.833766			205.0	1.87287e-08
0.0021	0.838867			210.0	4.14093e-10
0.00215	0.838867			215.0	7.21098e-09
0.0022	0.841418			220.0	1.37528e-09
0.00225	0.841418			225.0	6.18835e-09
0.0023	0.828664			230.0	2.76811e-08
0.00235	0.843969			235.0	3.00851e-08
0.0024	0.841418			240.0	1.84215e-08
0.00245	0.831215			245.0	1.19024e-08
0.0025	0.836316			250.0	1.1481e-08
0.00255	0.833766			255.0	1.56976e-08
0.0026	0.838867			260.0	1.12762e-09
0.00265	0.833766			265.0	5.33355e-08
0.0027	0.843969			270.0	1.93132e-08
0.00275	0.833766			275.0	1.64396e-08
0.0028	0.833766			280.0	5.73027e-09
0.00285	0.828664			285.0	2.42055e-09
0.0029	0.833766			290.0	8.13329e-09
0.00295	0.841418			295.0	1.11948e-08
0.003	0.833766			300.0	4.92858e-08
0.00305	0.833766			305.0	8.71736e-08
0.0031	0.833766			310.0	1.58879e-08
0.00315	0.833766			315.0	4.30884e-11
0.0032	0.843969			320.0	1.41788e-08
0.00325	0.836316			325.0	1.74733e-08
0.0033	0.838867			330.0	1.68548e-08
0.00335	0.836316			335.0	1.96622e-08
0.0034	0.833766			340.0	1.48913e-08
0.00345	0.84907			345.0	4.63379e-10
0.0035	0.828664			350.0	3.67255e-08
0.00355	0.836316			355.0	5.44101e-08
0.0036	0.843969			360.0	1.46164e-08
0.00365	0.833766			365.0	2.09128e-09
0.0037	0.841418			370.0	1.43152e-08
0.00375	0.836316			375.0	3.08097e-08
0.0038	0.841418			380.0	1.03992e-08
0.00385	0.841418			385.0	9.95291e-09
0.0039	0.833766			390.0	1.79618e-08
0.00395	0.843969			395.0	8.96858e-09
0.004	0.841418			400.0	5.10655e-09
0.00405	0.836316			405.0	1.36075e-09
0.0041	0.833766			410.0	3.44924e-09
0.00415	0.831215			415.0	2.71638e-08
0.0042	0.838867			420.0	1.16442e-08
0.00425	0.833766			425.0	3.28393e-08
0.0043	0.831215			430.0	1.25488e-08
0.00435	0.84907			435.0	3.36849e-08
0.0044	0.843969			440.0	3.13156e-08
0.00445	0.841418			445.0	2.81154e-08
0.0045	0.843969			450.0	2.76185e-08
0.00455	0.831215			455.0	1.65175e-09
0.0046	0.843969			460.0	1.16679e-09
0.00465	0.833766			465.0	2.10347e-08
0.0047	0.831215			470.0	3.24733e-08
0.00475	0.843969			475.0	3.12791e-09
0.0048	0.833766			480.0	3.88003e-09
0.00485	0.833766			485.0	1.36441e-08
0.0049	0.841418			490.0	4.33452e-08
0.00495	0.843969			495.0	3.74499e-09
0.005	0.841418			500.0	6.16487e-09
0.00505	0.846519			505.0	3.93731e-09
0.0051	0.833766			510.0	1.33872e-08
0.00515	0.828664			515.0	3.06494e-08
0.0052	0.833766			520.0	8.9763e-09
0.00525	0.823562			525.0	2.15106e-08
0.0053	0.833766			530.0	3.3602e-08
0.00535	0.841418			535.0	9.86898e-09
0.0054	0.836316			540.0	3.69696e-08
0.00545	0.841418			545.0	2.62676e-08
0.0055	0.836316			550.0	2.6199e-08
0.00555	0.833766			555.0	8.71138e-09
0.0056	0.833766			560.0	1.21976e-08
0.00565	0.833766			565.0	3.526e-08
0.0057	0.831215			570.0	3.81765e-08
0.00575	0.841418			575.0	1.61215e-08
0.0058	0.833766			580.0	9.79473e-10
0.00585	0.828664			585.0	1.93643e-09
0.0059	0.838867			590.0	3.66522e-08
0.00595	0.833766			595.0	3.33012e-08
0.006	0.836316			600.0	1.03694e-08
0.00605	0.838867			605.0	2.95684e-09
0.0061	0.833766			610.0	6.21862e-09
0.00615	0.833766			615.0	1.05975e-09
0.0062	0.851621			620.0	9.03294e-09
0.00625	0.836316			625.0	2.37011e-08
0.0063	0.841418			630.0	9.95083e-10
0.00635	0.836316			635.0	1.4234e-09
0.0064	0.828664			640.0	3.07863e-08
0.00645	0.833766			645.0	1.97863e-08
0.0065	0.836316			650.0	1.10357e-09
0.00655	0.841418			655.0	4.86226e-09
0.0066	0.841418			660.0	1.09592e-08
0.00665	0.838867			665.0	5.80383e-10
0.0067	0.831215			670.0	7.34478e-09
0.00675	0.828664			675.0	2.15691e-08
0.0068	0.838867			680.0	7.69936e-09
0.00685	0.833766			685.0	2.58811e-10
0.0069	0.833766			690.0	2.21783e-09
0.00695	0.841418			695.0	1.68709e-08
0.007	0.838867			700.0	1.01044e-08
0.00705	0.831215			705.0	3.14141e-09
0.0071	0.841418			710.0	3.97212e-09
0.00715	0.823562			715.0	7.05267e-09
0.0072	0.833766			720.0	3.47749e-08
0.00725	0.838867			725.0	2.63078e-08
0.0073	0.833766			730.0	1.10688e-09
0.00735	0.826113			735.0	3.11025e-09
0.0074	0.828664			740.0	5.79436e-09
0.00745	0.833766			745.0	1.00415e-08
0.0075	0.833766			750.0	2.89849e-08
0.00755	0.836316			755.0	1.7834e-08
0.0076	0.833766			760.0	1.57357e-08
0.00765	0.828664			765.0	6.12956e-09
0.0077	0.836316			770.0	9.26009e-09
0.00775	0.843969			775.0	1.50635e-08
0.0078	0.838867			780.0	2.30798e-09
0.00785	0.833766			785.0	2.80849e-08
0.0079	0.841418			790.0	4.8347e-08
0.00795	0.833766			795.0	5.05846e-08
0.008	0.833766			800.0	1.63541e-08
0.00805	0.838867			805.0	1.64679e-08
0.0081	0.843969			810.0	1.30869e-08
0.00815	0.836316			815.0	2.90135e-09
0.0082	0.843969			820.0	1.78288e-08
0.00825	0.843969			825.0	6.55211e-09
0.0083	0.833766			830.0	2.08426e-08
0.00835	0.833766			835.0	2.26187e-08
0.0084	0.833766			840.0	4.36587e-09
0.00845	0.836316			845.0	1.32161e-08
0.0085	0.833766			850.0	2.26232e-08
0.00855	0.836316			855.0	3.59109e-08
0.0086	0.841418			860.0	8.17129e-09
0.00865	0.833766			865.0	1.6772e-08
0.0087	0.823562			870.0	1.01122e-08
0.00875	0.836316			875.0	2.26913e-08
0.0088	0.843969			880.0	1.04609e-08
0.00885	0.833766			885.0	3.17529e-09
0.0089	0.838867			890.0	2.73443e-09
0.00895	0.843969			895.0	6.59425e-09
0.009	0.838867			900.0	1.96575e-08
0.00905	0.831215			905.0	3.22108e-08
0.0091	0.833766			910.0	3.33173e-08
0.00915	0.836316			915.0	2.00084e-08
0.0092	0.828664			920.0	4.20547e-09
0.00925	0.843969			925.0	1.11205e-08
0.0093	0.84907			930.0	7.69338e-10
0.00935	0.836316			935.0	2.18297e-08
0.0094	0.833766			940.0	2.61046e-08
0.00945	0.833766			945.0	1.44539e-08
0.0095	0.836316			950.0	2.59159e-09
0.00955	0.833766			955.0	5.69334e-09
0.0096	0.833766			960.0	8.62813e-09
0.00965	0.843969			965.0	3.58874e-09
0.0097	0.833766			970.0	1.30558e-08
0.00975	0.833766			975.0	3.10196e-08
0.0098	0.841418			980.0	4.95819e-08
0.00985	0.838867			985.0	4.0715e-08
0.0099	0.836316			990.0	5.62072e-09
0.00995	0.836316			995.0	2.01525e-09
0.01	0.836316			1000.0	1.36287e-09
0.01005	0.836316			1005.0	1.22744e-08
0.0101	0.831215			1010.0	3.89152e-08
0.01015	0.841418			1015.0	2.99759e-08
0.0102	0.838867			1020.0	2.83622e-08
0.01025	0.836316			1025.0	8.77909e-09
0.0103	0.836316			1030.0	1.84666e-08
0.01035	0.841418			1035.0	7.71454e-09
0.0104	0.833766			1040.0	6.44191e-09
0.01045	0.828664			1045.0	1.10301e-08
0.0105	0.838867			1050.0	5.21754e-09
0.01055	0.843969			1055.0	1.5559e-09
0.0106	0.838867			1060.0	6.07258e-10
0.01065	0.833766			1065.0	2.17642e-09
0.0107	0.836316			1070.0	1.40963e-08
0.01075	0.841418			1075.0	2.2765e-08
0.0108	0.833766			1080.0	1.30274e-08
0.01085	0.831215			1085.0	1.97808e-08
0.0109	0.841418			1090.0	1.71435e-08
0.01095	0.833766			1095.0	1.51377e-08
0.011	0.833766			1100.0	6.54469e-09
0.01105	0.836316			1105.0	5.56052e-09
0.0111	0.846519			1110.0	1.48544e-09
0.01115	0.836316			1115.0	6.03251e-09
0.0112	0.838867			1120.0	1.19237e-08
0.01125	0.838867			1125.0	8.25416e-09
0.0113	0.843969			1130.0	1.1423e-08
0.01135	0.841418			1135.0	6.47002e-09
0.0114	0.836316			1140.0	4.02168e-09
0.01145	0.841418			1145.0	1.98493e-09
0.0115	0.833766			1150.0	7.32397e-09
0.01155	0.841418			1155.0	5.75255e-09
0.0116	0.833766			1160.0	1.92737e-09
0.01165	0.833766			1165.0	7.98756e-09
0.0117	0.843969			1170.0	1.46372e-08
0.01175	0.833766			1175.0	9.79044e-09
0.0118	0.838867			1180.0	9.51854e-09
0.01185	0.838867			1185.0	6.70138e-09
0.0119	0.836316			1190.0	1.29719e-08
0.01195	0.833766			1195.0	2.69327e-08
0.012	0.826113			1200.0	3.68209e-08
0.01205	0.841418			1205.0	3.49316e-08
0.0121	0.843969			1210.0	3.5203e-08
0.01215	0.841418			1215.0	2.42296e-08
0.0122	0.833766			1220.0	1.23384e-08
0.01225	0.846519			1225.0	5.14535e-09
0.0123	0.846519			1230.0	4.95131e-09
0.01235	0.836316			1235.0	1.43267e-08
0.0124	0.836316			1240.0	1.98472e-08
0.01245	0.841418			1245.0	1.72548e-08
0.0125	0.841418			1250.0	9.38293e-10
0.01255	0.838867			1255.0	1.14646e-08
0.0126	0.836316			1260.0	5.42401e-09
0.01265	0.836316			1265.0	5.1155e-09
0.0127	0.843969			1270.0	1.16578e-08
0.01275	0.836316			1275.0	1.79604e-08
0.0128	0.828664			1280.0	1.81382e-08
0.01285	0.828664			1285.0	4.21221e-10
0.0129	0.84907			1290.0	3.16868e-09
0.01295	0.843969			1295.0	1.02222e-08
0.013	0.833766			1300.0	7.79972e-09
0.01305	0.843969			1305.0	3.18783e-09
0.0131	0.841418			1310.0	2.01028e-09
0.01315	0.833766			1315.0	5.68241e-09
0.0132	0.828664			1320.0	2.01381e-08
0.01325	0.836316			1325.0	1.58795e-08
0.0133	0.843969			1330.0	8.51763e-09
0.01335	0.833766			1335.0	5.10264e-09
0.0134	0.836316			1340.0	7.98294e-09
0.01345	0.833766			1345.0	9.42836e-09
0.0135	0.84907			1350.0	5.90593e-09
0.01355	0.833766			1355.0	8.94716e-09
0.0136	0.836316			1360.0	1.17782e-08
0.01365	0.833766			1365.0	7.16566e-10
0.0137	0.843969			1370.0	6.84792e-09
0.01375	0.846519			1375.0	7.20626e-09
0.0138	0.838867			1380.0	2.91342e-09
0.01385	0.841418			1385.0	6.15358e-09
0.0139	0.833766			1390.0	1.59416e-09
0.01395	0.843969			1395.0	7.67614e-09
0.014	0.833766			1400.0	3.9407e-09
0.01405	0.831215			1405.0	3.21998e-09
0.0141	0.843969			1410.0	5.91424e-10
0.01415	0.84907			1415.0	6.2575e-09
0.0142	0.843969			1420.0	1.87105e-08
0.01425	0.833766			1425.0	1.11562e-08
0.0143	0.833766			1430.0	5.07265e-09
0.01435	0.838867			1435.0	7.48522e-10
0.0144	0.833766			1440.0	4.73941e-10
0.01445	0.828664			1445.0	5.85848e-09
0.0145	0.831215			1450.0	2.46314e-08
0.01455	0.841418			1455.0	6.37091e-09
0.0146	0.84907			1460.0	1.22901e-08
0.01465	0.836316			1465.0	1.6705e-08
0.0147	0.836316			1470.0	1.34119e-08
0.01475	0.833766			1475.0	4.50622e-09
0.0148	0.841418			1480.0	2.83327e-08
0.01485	0.833766			1485.0	1.83385e-08
0.0149	0.828664			1490.0	2.79499e-08
0.01495	0.836316			1495.0	2.66875e-08
0.015	0.838867			1500.0	1.25613e-08
0.01505	0.843969			1505.0	4.47888e-08
0.0151	0.836316			1510.0	9.52962e-08
0.01515	0.826113			1515.0	3.23035e-08
0.0152	0.831215			1520.0	2.47984e-09
0.01525	0.836316			1525.0	1.93301e-09
0.0153	0.833766			1530.0	2.48716e-09
0.01535	0.833766			1535.0	4.56712e-09
0.0154	0.833766			1540.0	1.77441e-08
0.01545	0.843969			1545.0	2.71694e-09
0.0155	0.838867			1550.0	6.94222e-10
0.01555	0.831215			1555.0	4.60075e-09
0.0156	0.828664			1560.0	2.85107e-08
0.01565	0.833766			1565.0	2.43013e-08
0.0157	0.841418			1570.0	8.15822e-09
0.01575	0.833766			1575.0	1.73925e-08
0.0158	0.836316			1580.0	2.81166e-08
0.01585	0.838867			1585.0	1.4928e-08
0.0159	0.838867			1590.0	4.71066e-10
0.01595	0.843969			1595.0	2.08993e-08
0.016	0.833766			1600.0	4.92312e-08
0.01605	0.833766			1605.0	2.21984e-08
0.0161	0.833766			1610.0	7.52993e-10
0.01615	0.841418			1615.0	4.59154e-09
0.0162	0.843969			1620.0	5.10139e-09
0.01625	0.831215			1625.0	1.81215e-08
0.0163	0.833766			1630.0	2.37404e-08
0.01635	0.838867			1635.0	4.14309e-09
0.0164	0.833766			1640.0	3.30234e-09
0.01645	0.836316			1645.0	7.78913e-10
0.0165	0.831215			1650.0	1.09459e-09
0.01655	0.841418			1655.0	8.49422e-09
0.0166	0.851621			1660.0	3.54964e-09
0.01665	0.841418			1665.0	5.12275e-09
0.0167	0.833766			1670.0	3.97438e-09
0.01675	0.833766			1675.0	1.52727e-08
0.0168	0.838867			1680.0	2.16893e-08
0.01685	0.841418			1685.0	4.92384e-10
0.0169	0.843969			1690.0	1.1224e-08
0.01695	0.838867			1695.0	1.63723e-08
0.017	0.833766			1700.0	8.48404e-09
0.01705	0.833766			1705.0	1.00403e-08
0.0171	0.838867			1710.0	1.07967e-08
0.01715	0.838867			1715.0	1.06361e-08
0.0172	0.833766			1720.0	2.02416e-08
0.01725	0.833766			1725.0	6.8499e-09
0.0173	0.841418			1730.0	9.11225e-10
0.01735	0.846519			1735.0	1.81271e-09
0.0174	0.831215			1740.0	2.43844e-08
0.01745	0.833766			1745.0	1.75394e-08
0.0175	0.841418			1750.0	3.62129e-09
0.01755	0.843969			1755.0	1.90436e-09
0.0176	0.838867			1760.0	2.29027e-09
0.01765	0.836316			1765.0	5.32019e-11
0.0177	0.831215			1770.0	5.0195e-09
0.01775	0.838867			1775.0	3.39696e-09
0.0178	0.841418			1780.0	6.11572e-09
0.01785	0.833766			1785.0	1.77546e-09
0.0179	0.841418			1790.0	7.34013e-09
0.01795	0.843969			1795.0	9.31176e-09
0.018	0.836316			1800.0	3.16928e-10
0.01805	0.836316			1805.0	1.34753e-08
0.0181	0.833766			1810.0	4.3102e-08
0.01815	0.831215			1815.0	5.81297e-09
0.0182	0.836316			1820.0	5.541e-09
0.01825	0.836316			1825.0	2.51977e-09
0.0183	0.843969			1830.0	6.20678e-09
0.01835	0.841418			1835.0	1.15452e-08
0.0184	0.833766			1840.0	3.48854e-10
0.01845	0.833766			1845.0	2.87488e-09
0.0185	0.841418			1850.0	3.76515e-10
0.01855	0.838867			1855.0	1.2568e-09
0.0186	0.841418			1860.0	2.40722e-09
0.01865	0.836316			1865.0	3.00043e-09
0.0187	0.843969			1870.0	2.23333e-08
0.01875	0.846519			1875.0	1.14851e-09
0.0188	0.841418			1880.0	2.33713e-08
0.01885	0.838867			1885.0	1.30682e-09
0.0189	0.833766			1890.0	2.62314e-08
0.01895	0.838867			1895.0	2.80142e-08
0.019	0.841418			1900.0	1.42468e-08
0.01905	0.851621			1905.0	1.83034e-08
0.0191	0.838867			1910.0	8.00329e-09
0.01915	0.833766			1915.0	2.0778e-08
0.0192	0.836316			1920.0	5.70502e-08
0.01925	0.838867			1925.0	3.06746e-08
0.0193	0.841418			1930.0	1.58482e-08
0.01935	0.836316			1935.0	4.29699e-08
0.0194	0.833766			1940.0	9.53063e-10
0.01945	0.838867			1945.0	2.03243e-08
0.0195	0.841418			1950.0	1.61972e-09
0.01955	0.841418			1955.0	6.95158e-08
0.0196	0.836316			1960.0	7.12012e-08
0.01965	0.831215			1965.0	6.137e-09
0.0197	0.838867			1970.0	3.78214e-08
0.01975	0.838867			1975.0	3.95171e-08
0.0198	0.838867			1980.0	3.15361e-08
0.01985	0.843969			1985.0	5.37028e-08
0.0199	0.833766			1990.0	4.18218e-08
0.01995	0.838867			1995.0	2.80562e-09
0.02	0.838867			2000.0	5.1654e-09
0.02005	0.843969			2005.0	2.55386e-10
0.0201	0.836316			2010.0	1.29857e-10
0.02015	0.833766			2015.0	3.72127e-09
0.0202	0.831215			2020.0	1.16671e-09
0.02025	0.836316			2025.0	1.96762e-08
0.0203	0.836316			2030.0	1.10533e-08
0.02035	0.833766			2035.0	8.33976e-09
0.0204	0.831215			2040.0	5.22356e-08
0.02045	0.833766			2045.0	3.29012e-08
0.0205	0.836316			2050.0	1.00775e-08
0.02055	0.843969			2055.0	2.655e-08
0.0206	0.843969			2060.0	8.78833e-09
0.02065	0.833766			2065.0	1.01369e-08
0.0207	0.828664			2070.0	6.82402e-09
0.02075	0.838867			2075.0	3.66914e-08
0.0208	0.843969			2080.0	5.1339e-09
0.02085	0.846519			2085.0	7.35061e-08
0.0209	0.843969			2090.0	5.11144e-08
0.02095	0.828664			2095.0	1.62661e-08
0.021	0.828664			2100.0	5.50066e-08
0.02105	0.828664			2105.0	2.74781e-07
0.0211	0.838867			2110.0	2.15238e-07
0.02115	0.831215			2115.0	1.91191e-07
0.0212	0.841418			2120.0	7.18483e-07
0.02125	0.836316			2125.0	1.28613e-06
0.0213	0.846519			2130.0	4.67748e-07
0.02135	0.843969			2135.0	5.60688e-07
0.0214	0.843969			2140.0	1.86257e-06
0.02145	0.836316			2145.0	1.47195e-06
0.0215	0.828664			2150.0	2.52605e-07
0.02155	0.836316			2155.0	2.959e-07
0.0216	0.838867			2160.0	1.07703e-06
0.02165	0.851621			2165.0	1.05394e-06
0.0217	0.838867			2170.0	4.16551e-08
0.02175	0.833766			2175.0	5.55235e-08
0.0218	0.833766			2180.0	6.9685e-08
0.02185	0.828664			2185.0	2.15369e-07
0.0219	0.841418			2190.0	1.97433e-07
0.02195	0.84907			2195.0	8.97301e-08
0.022	0.836316			2200.0	8.44102e-08
0.02205	0.833766			2205.0	1.31528e-07
0.0221	0.828664			2210.0	1.29273e-07
0.02215	0.833766			2215.0	1.00632e-07
0.0222	0.843969			2220.0	7.20332e-08
0.02225	0.843969			2225.0	2.05247e-08
0.0223	0.831215			2230.0	5.57801e-08
0.02235	0.846519			2235.0	8.34134e-08
0.0224	0.841418			2240.0	8.00995e-09
0.02245	0.843969			2245.0	2.09361e-08
0.0225	0.841418			2250.0	6.3884e-09
0.02255	0.833766			2255.0	7.77958e-09
0.0226	0.831215			2260.0	4.53057e-08
0.02265	0.841418			2265.0	8.68997e-08
0.0227	0.846519			2270.0	8.60683e-08
0.02275	0.854172			2275.0	5.201e-08
0.0228	0.843969			2280.0	2.58495e-08
0.02285	0.831215			2285.0	5.98997e-08
0.0229	0.831215			2290.0	1.29e-09
0.02295	0.833766			2295.0	7.81754e-09
0.023	0.833766			2300.0	3.16221e-09
0.02305	0.841418			2305.0	2.32981e-08
0.0231	0.831215			2310.0	2.68404e-08
0.02315	0.833766			2315.0	7.18129e-08
0.0232	0.843969			2320.0	5.47664e-08
0.02325	0.838867			2325.0	6.52582e-09
0.0233	0.841418			2330.0	7.80865e-09
0.02335	0.841418			2335.0	1.01824e-07
0.0234	0.836316			2340.0	7.44582e-08
0.02345	0.836316			2345.0	4.06488e-08
0.0235	0.833766			2350.0	1.76894e-07
0.02355	0.851621			2355.0	5.30366e-08
0.0236	0.843969			2360.0	1.89033e-08
0.02365	0.838867			2365.0	7.14339e-08
0.0237	0.836316			2370.0	6.64264e-08
0.02375	0.84907			2375.0	9.4008e-08
0.0238	0.828664			2380.0	2.04941e-08
0.02385	0.846519			2385.0	3.16294e-08
0.0239	0.84907			2390.0	1.92041e-08
0.02395	0.843969			2395.0	1.24287e-07
0.024	0.836316			2400.0	5.39452e-08
0.02405	0.833766			2405.0	8.6381e-08
0.0241	0.841418			2410.0	1.52704e-07
0.02415	0.843969			2415.0	2.88238e-08
0.0242	0.833766			2420.0	3.41201e-08
0.02425	0.843969			2425.0	3.14248e-08
0.0243	0.833766			2430.0	1.48317e-07
0.02435	0.846519			2435.0	4.42947e-08
0.0244	0.843969			2440.0	1.31444e-08
0.02445	0.843969			2445.0	1.19386e-08
0.0245	0.843969			2450.0	3.30396e-08
0.02455	0.831215			2455.0	2.49854e-07
0.0246	0.838867			2460.0	2.41087e-07
0.02465	0.838867			2465.0	1.29e-09
0.0247	0.851621			2470.0	1.40631e-07
0.02475	0.841418			2475.0	1.12888e-07
0.0248	0.841418			2480.0	2.87698e-08
0.02485	0.841418			2485.0	5.06979e-08
0.0249	0.828664			2490.0	6.30665e-08
0.02495	0.836316			2495.0	3.47875e-08
0.025	0.838867			2500.0	3.99623e-08
0.02505	0.84907			2505.0	9.8508e-08
0.0251	0.851621			2510.0	3.20179e-07
0.02515	0.841418			2515.0	6.0894e-07
0.0252	0.836316			2520.0	8.45485e-08
0.02525	0.833766			2525.0	4.98493e-08
0.0253	0.836316			2530.0	3.95657e-09
0.02535	0.838867			2535.0	1.27722e-08
0.0254	0.851621			2540.0	2.03748e-08
0.02545	0.841418			2545.0	2.09204e-08
0.0255	0.836316			2550.0	2.11694e-08
0.02555	0.836316			2555.0	4.32207e-08
0.0256	0.838867			2560.0	1.17014e-07
0.02565	0.841418			2565.0	6.73059e-08
0.0257	0.846519			2570.0	1.01527e-07
0.02575	0.838867			2575.0	1.43256e-08
0.0258	0.836316			2580.0	1.68119e-08
0.02585	0.838867			2585.0	4.37743e-08
0.0259	0.838867			2590.0	2.09968e-08
0.02595	0.846519			2595.0	3.06185e-07
0.026	0.846519			2600.0	3.1655e-07
0.02605	0.836316			2605.0	4.76489e-08
0.0261	0.841418			2610.0	4.97493e-08
0.02615	0.836316			2615.0	3.55759e-08
0.0262	0.838867			2620.0	6.76953e-09
0.02625	0.843969			2625.0	5.9256e-08
0.0263	0.841418			2630.0	5.66286e-08
0.02635	0.846519			2635.0	1.79519e-08
0.0264	0.831215			2640.0	3.7339e-08
0.02645	0.831215			2645.0	1.07602e-08
0.0265	0.841418			2650.0	7.26584e-08
0.02655	0.843969			2655.0	2.79638e-08
0.0266	0.843969			2660.0	1.64851e-10
0.02665	0.846519			2665.0	6.10255e-08
0.0267	0.836316			2670.0	1.67688e-07
0.02675	0.836316			2675.0	6.18107e-08
0.0268	0.836316			2680.0	6.19786e-08
0.02685	0.836316			2685.0	4.27412e-08
0.0269	0.84907			2690.0	1.04514e-08
0.02695	0.828664			2695.0	1.43532e-08
0.027	0.843969			2700.0	2.69637e-08
0.02705	0.833766			2705.0	6.6833e-08
0.0271	0.843969			2710.0	1.46446e-08
0.02715	0.841418			2715.0	1.16453e-08
0.0272	0.843969			2720.0	1.89259e-08
0.02725	0.836316			2725.0	3.22906e-08
0.0273	0.841418			2730.0	7.6922e-08
0.02735	0.841418			2735.0	1.07615e-07
0.0274	0.841418			2740.0	4.7419e-08
0.02745	0.843969			2745.0	6.11311e-09
0.0275	0.841418			2750.0	4.55603e-08
0.02755	0.841418			2755.0	8.22719e-09
0.0276	0.838867			2760.0	5.35608e-09
0.02765	0.836316			2765.0	3.28961e-08
0.0277	0.833766			2770.0	7.696e-09
0.02775	0.838867			2775.0	8.23234e-09
0.0278	0.851621			2780.0	1.75783e-09
0.02785	0.846519			2785.0	5.53774e-09
0.0279	0.838867			2790.0	5.02608e-08
0.02795	0.833766			2795.0	3.92497e-08
0.028	0.838867			2800.0	2.90838e-09
0.02805	0.841418			2805.0	1.37583e-08
0.0281	0.833766			2810.0	1.61455e-08
0.02815	0.843969			2815.0	1.41214e-08
0.0282	0.841418			2820.0	1.3403e-08
0.02825	0.833766			2825.0	1.27136e-08
0.0283	0.831215			2830.0	1.18206e-08
0.02835	0.838867			2835.0	4.53342e-08
0.0284	0.846519			2840.0	1.86081e-08
0.02845	0.843969			2845.0	5.7283e-08
0.0285	0.836316			2850.0	1.43316e-08
0.02855	0.841418			2855.0	2.10172e-08
0.0286	0.833766			2860.0	1.60485e-08
0.02865	0.833766			2865.0	3.39122e-08
0.0287	0.836316			2870.0	7.08779e-09
0.02875	0.843969			2875.0	1.41701e-08
0.0288	0.846519			2880.0	4.69783e-08
0.02885	0.843969			2885.0	6.18386e-08
0.0289	0.838867			2890.0	4.36321e-08
0.02895	0.836316			2895.0	1.68762e-08
0.029	0.841418			2900.0	6.83501e-09
0.02905	0.838867			2905.0	1.44687e-08
0.0291	0.833766			2910.0	1.1015e-08
0.02915	0.843969			2915.0	5.14644e-09
0.0292	0.843969			2920.0	6.84973e-09
0.02925	0.833766			2925.0	1.17103e-08
0.0293	0.841418			2930.0	5.84305e-09
0.02935	0.851621			2935.0	1.21725e-08
0.0294	0.843969			2940.0	6.99163e-09
0.02945	0.841418			2945.0	2.29983e-09
0.0295	0.838867			2950.0	1.66655e-08
0.02955	0.838867			2955.0	4.87507e-08
0.0296	0.831215			2960.0	4.25342e-08
0.02965	0.836316			2965.0	6.87209e-08
0.0297	0.841418			2970.0	4.11944e-08
0.02975	0.833766			2975.0	4.78463e-09
0.0298	0.846519			2980.0	5.40976e-10
0.02985	0.841418			2985.0	1.12139e-08
0.0299	0.828664			2990.0	3.39746e-08
0.02995	0.833766			2995.0	5.07084e-08
0.03	0.833766			3000.0	2.3357e-08
0.03005	0.838867			3005.0	6.99553e-09
0.0301	0.851621			3010.0	1.57933e-08
0.03015	0.854172			3015.0	9.08149e-09
0.0302	0.838867			3020.0	2.90786e-08
0.03025	0.841418			3025.0	3.92962e-08
0.0303	0.826113			3030.0	2.07792e-08
0.03035	0.838867			3035.0	6.08073e-09
0.0304	0.833766			3040.0	5.8005e-09
0.03045	0.846519			3045.0	4.40728e-08
0.0305	0.854172			3050.0	2.94667e-08
0.03055	0.851621			3055.0	2.13956e-09
0.0306	0.836316			3060.0	9.36271e-09
0.03065	0.836316			3065.0	4.36974e-08
0.0307	0.838867			3070.0	2.59169e-08
0.03075	0.831215			3075.0	3.93634e-10
0.0308	0.841418			3080.0	9.3733e-09
0.03085	0.838867			3085.0	6.80737e-09
0.0309	0.836316			3090.0	2.24392e-08
0.03095	0.851621			3095.0	3.33759e-08
0.031	0.843969			3100.0	6.74015e-09
0.03105	0.843969			3105.0	6.42567e-10
0.0311	0.843969			3110.0	1.08604e-09
0.03115	0.841418			3115.0	4.8315e-09
0.0312	0.836316			3120.0	3.38076e-08
0.03125	0.838867			3125.0	5.33143e-08
0.0313	0.836316			3130.0	1.06327e-08
0.03135	0.841418			3135.0	1.08207e-08
0.0314	0.838867			3140.0	2.22365e-08
0.03145	0.843969			3145.0	2.99205e-09
0.0315	0.843969			3150.0	8.69391e-09
0.03155	0.843969			3155.0	1.52776e-10
0.0316	0.838867			3160.0	9.53118e-09
0.03165	0.838867			3165.0	3.54555e-08
0.0317	0.838867			3170.0	2.03127e-08
0.03175	0.838867			3175.0	5.4299e-09
0.0318	0.851621			3180.0	3.61643e-09
0.03185	0.841418			3185.0	1.35178e-08
0.0319	0.846519			3190.0	3.12503e-09
0.03195	0.836316			3195.0	7.98362e-10
0.032	0.833766			3200.0	1.151e-08
0.03205	0.841418			3205.0	1.9388e-08
0.0321	0.843969			3210.0	7.9532e-09
0.03215	0.854172			3215.0	2.18488e-08
0.0322	0.84907			3220.0	3.06249e-08
0.03225	0.851621			3225.0	2.11953e-09
0.0323	0.836316			3230.0	8.52956e-09
0.03235	0.841418			3235.0	5.89311e-09
0.0324	0.841418			3240.0	4.57969e-09
0.03245	0.846519			3245.0	8.75079e-10
0.0325	0.843969			3250.0	3.36876e-10
0.03255	0.84907			3255.0	9.60867e-09
0.0326	0.843969			3260.0	3.26963e-09
0.03265	0.838867			3265.0	1.04923e-08
0.0327	0.833766			3270.0	6.64338e-08
0.03275	0.841418			3275.0	7.14233e-08
0.0328	0.838867			3280.0	8.38659e-09
0.03285	0.84907			3285.0	1.43422e-08
0.0329	0.854172			3290.0	2.40941e-09
0.03295	0.833766			3295.0	3.12973e-09
0.033	0.831215			3300.0	3.92592e-10
0.03305	0.838867			3305.0	4.27029e-09
0.0331	0.851621			3310.0	1.44874e-08
0.03315	0.836316			3315.0	4.29436e-09
0.0332	0.846519			3320.0	1.06118e-09
0.03325	0.854172			3325.0	7.45017e-09
0.0333	0.841418			3330.0	9.19005e-09
0.03335	0.836316			3335.0	6.07904e-09
0.0334	0.841418			3340.0	1.50993e-08
0.03345	0.833766			3345.0	1.35759e-08
0.0335	0.841418			3350.0	1.71441e-09
0.03355	0.846519			3355.0	2.09522e-08
0.0336	0.838867			3360.0	2.70748e-08
0.03365	0.841418			3365.0	1.85322e-08
0.0337	0.843969			3370.0	2.21407e-09
0.03375	0.838867			3375.0	5.98335e-09
0.0338	0.843969			3380.0	2.74462e-09
0.03385	0.84907			3385.0	4.05757e-09
0.0339	0.846519			3390.0	6.62286e-09
0.03395	0.851621			3395.0	1.81071e-09
0.034	0.843969			3400.0	1.69487e-09
0.03405	0.846519			3405.0	3.09849e-10
0.0341	0.846519			3410.0	1.24043e-09
0.03415	0.843969			3415.0	2.95254e-10
0.0342	0.846519			3420.0	9.58436e-10
0.03425	0.84907			3425.0	4.73535e-09
0.0343	0.841418			3430.0	9.23801e-09
0.03435	0.843969			3435.0	8.74645e-09
0.0344	0.833766			3440.0	6.22981e-09
0.03445	0.836316			3445.0	8.32803e-10
0.0345	0.841418			3450.0	4.06348e-09
0.03455	0.843969			3455.0	8.13628e-09
0.0346	0.843969			3460.0	2.202e-09
0.03465	0.841418			3465.0	4.26839e-09
0.0347	0.84907			3470.0	1.56279e-08
0.03475	0.841418			3475.0	3.90912e-08
0.0348	0.833766			3480.0	4.31806e-08
0.03485	0.846519			3485.0	1.41624e-08
0.0349	0.838867			3490.0	7.93171e-09
0.03495	0.846519			3495.0	1.35265e-09
0.035	0.843969			3500.0	4.92098e-09
0.03505	0.843969			3505.0	2.57512e-09
0.0351	0.846519			3510.0	1.38422e-08
0.03515	0.831215			3515.0	2.75023e-09
0.0352	0.843969			3520.0	9.08262e-09
0.03525	0.843969			3525.0	2.71989e-08
0.0353	0.843969			3530.0	2.80129e-08
0.03535	0.84907			3535.0	3.64475e-08
0.0354	0.843969			3540.0	1.77972e-08
0.03545	0.851621			3545.0	9.01509e-09
0.0355	0.838867			3550.0	1.9829e-09
0.03555	0.841418			3555.0	2.48867e-08
0.0356	0.841418			3560.0	1.25085e-08
0.03565	0.843969			3565.0	9.04671e-09
0.0357	0.851621			3570.0	3.83203e-08
0.03575	0.838867			3575.0	2.39856e-09
0.0358	0.843969			3580.0	1.82332e-08
0.03585	0.838867			3585.0	2.48767e-09
0.0359	0.836316			3590.0	5.95932e-09
0.03595	0.84907			3595.0	3.38288e-09
0.036	0.838867			3600.0	9.37177e-10
0.03605	0.846519			3605.0	9.2705e-10
0.0361	0.846519			3610.0	1.78169e-08
0.03615	0.841418			3615.0	2.34777e-08
0.0362	0.846519			3620.0	3.84427e-10
0.03625	0.838867			3625.0	1.15608e-09
0.0363	0.833766			3630.0	1.44197e-08
0.03635	0.84907			3635.0	2.80593e-08
0.0364	0.851621			3640.0	9.18929e-09
0.03645	0.84907			3645.0	6.67618e-10
0.0365	0.843969			3650.0	1.10524e-08
0.03655	0.833766			3655.0	2.73878e-08
0.0366	0.841418			3660.0	1.93423e-08
0.03665	0.843969			3665.0	1.35696e-08
0.0367	0.843969			3670.0	1.78892e-10
0.03675	0.84907			3675.0	4.72252e-09
0.0368	0.843969			3680.0	1.56341e-10
0.03685	0.841418			3685.0	1.88393e-09
0.0369	0.833766			3690.0	2.69221e-09
0.03695	0.843969			3695.0	4.57521e-09
0.037	0.841418			3700.0	1.3955e-10
0.03705	0.841418			3705.0	5.6849e-09
0.0371	0.856723			3710.0	3.59573e-08
0.03715	0.843969			3715.0	2.58987e-08
0.0372	0.841418			3720.0	6.90467e-09
0.03725	0.841418			3725.0	4.04306e-08
0.0373	0.843969			3730.0	1.30563e-08
0.03735	0.841418			3735.0	7.72952e-09
0.0374	0.836316			3740.0	1.98462e-08
0.03745	0.841418			3745.0	2.84727e-08
0.0375	0.854172			3750.0	2.09951e-08
0.03755	0.84907			3755.0	1.3209e-08
0.0376	0.843969			3760.0	5.55923e-09
0.03765	0.838867			3765.0	1.66243e-08
0.0377	0.838867			3770.0	1.77407e-08
0.03775	0.841418			3775.0	1.61465e-08
0.0378	0.84907			3780.0	9.80215e-09
0.03785	0.841418			3785.0	1.19058e-08
0.0379	0.861824			3790.0	8.33091e-09
0.03795	0.84907			3795.0	1.19667e-09
0.038	0.84907			3800.0	2.31133e-09
0.03805	0.841418			3805.0	3.62657e-09
0.0381	0.838867			3810.0	2.79214e-10
0.03815	0.843969			3815.0	7.19202e-09
0.0382	0.856723			3820.0	3.53672e-09
0.03825	0.84907			3825.0	2.58722e-09
0.0383	0.851621			3830.0	3.10935e-09
0.03835	0.846519			3835.0	4.5406e-09
0.0384	0.843969			3840.0	6.27834e-09
0.03845	0.851621			3845.0	2.56756e-09
0.0385	0.84907			3850.0	8.75009e-09
0.03855	0.841418			3855.0	3.0367e-08
0.0386	0.84907			3860.0	3.07567e-08
0.03865	0.843969			3865.0	1.18839e-08
0.0387	0.846519			3870.0	1.59582e-08
0.03875	0.851621			3875.0	2.50862e-08
0.0388	0.841418			3880.0	2.2743e-09
0.03885	0.841418			3885.0	2.09788e-08
0.0389	0.846519			3890.0	2.43159e-08
0.03895	0.838867			3895.0	1.01331e-08
0.039	0.854172			3900.0	2.22074e-08
0.03905	0.846519			3905.0	3.01716e-08
0.0391	0.841418			3910.0	3.7688e-08
0.03915	0.841418			3915.0	1.77749e-08
0.0392	0.841418			3920.0	8.49573e-09
0.03925	0.841418			3925.0	2.05528e-09
0.0393	0.838867			3930.0	1.10601e-08
0.03935	0.843969			3935.0	2.14431e-08
0.0394	0.843969			3940.0	1.4735e-08
0.03945	0.854172			3945.0	1.34106e-08
0.0395	0.854172			3950.0	1.61892e-08
0.03955	0.836316			3955.0	1.92362e-08
0.0396	0.838867			3960.0	1.55192e-08
0.03965	0.836316			3965.0	6.82063e-09
0.0397	0.854172			3970.0	8.04028e-09
0.03975	0.838867			3975.0	6.44259e-10
0.0398	0.851621			3980.0	3.81645e-09
0.03985	0.854172			3985.0	1.07524e-08
0.0399	0.846519			3990.0	2.38472e-08
0.03995	0.851621			3995.0	1.87235e-09
0.04	0.843969			4000.0	1.12257e-08
0.04005	0.836316			4005.0	1.46661e-08
0.0401	0.833766			4010.0	2.95672e-09
0.04015	0.841418			4015.0	5.53314e-09
0.0402	0.846519			4020.0	1.14465e-08
0.04025	0.851621			4025.0	6.51558e-10
0.0403	0.851621			4030.0	7.41336e-09
0.04035	0.843969			4035.0	4.31786e-09
0.0404	0.841418			4040.0	8.32882e-09
0.04045	0.836316			4045.0	4.96241e-09
0.0405	0.843969			4050.0	9.53927e-09
0.04055	0.846519			4055.0	9.59531e-09
0.0406	0.846519			4060.0	1.84924e-09
0.04065	0.846519			4065.0	9.11381e-10
0.0407	0.843969			4070.0	3.56113e-10
0.04075	0.843969			4075.0	1.12052e-09
0.0408	0.838867			4080.0	2.1998e-09
0.04085	0.843969			4085.0	7.02633e-09
0.0409	0.846519			4090.0	5.04876e-09
0.04095	0.854172			4095.0	2.03162e-08
0.041	0.843969			4100.0	7.00975e-09
0.04105	0.851621			4105.0	1.6149e-08
0.0411	0.843969			4110.0	6.32598e-08
0.04115	0.841418			4115.0	3.08334e-08
0.0412	0.833766			4120.0	1.6824e-09
0.04125	0.846519			4125.0	1.01041e-08
0.0413	0.84907			4130.0	1.38371e-08
0.04135	0.843969			4135.0	2.71128e-09
0.0414	0.841418			4140.0	4.18044e-09
0.04145	0.843969			4145.0	3.20206e-09
0.0415	0.838867			4150.0	7.76685e-10
0.04155	0.843969			4155.0	3.13582e-09
0.0416	0.841418			4160.0	1.26368e-08
0.04165	0.843969			4165.0	7.22023e-09
0.0417	0.843969			4170.0	9.42822e-10
0.04175	0.856723			4175.0	7.42933e-09
0.0418	0.84907			4180.0	1.50774e-09
0.04185	0.84907			4185.0	4.16007e-09
0.0419	0.841418			4190.0	1.26079e-08
0.04195	0.841418			4195.0	1.35971e-08
0.042	0.836316			4200.0	6.79397e-09
0.04205	0.84907			4205.0	1.53841e-08
0.0421	0.846519			4210.0	2.66735e-08
0.04215	0.854172			4215.0	2.39044e-09
0.0422	0.854172			4220.0	4.99462e-09
0.04225	0.851621			4225.0	1.0135e-08
0.0423	0.843969			4230.0	2.23585e-08
0.04235	0.836316			4235.0	2.06577e-08
0.0424	0.846519			4240.0	1.40474e-08
0.04245	0.843969			4245.0	1.08701e-09
0.0425	0.851621			4250.0	1.58644e-09
0.04255	0.854172			4255.0	1.77784e-08
0.0426	0.84907			4260.0	5.10031e-09
0.04265	0.838867			4265.0	2.69317e-08
0.0427	0.84907			4270.0	3.88266e-08
0.04275	0.838867			4275.0	3.57449e-08
0.0428	0.84907			4280.0	1.31231e-08
0.04285	0.841418			4285.0	7.17435e-09
0.0429	0.846519			4290.0	4.53762e-09
0.04295	0.864375			4295.0	5.14459e-09
0.043	0.851621			4300.0	2.14417e-08
0.04305	0.84907			4305.0	2.75387e-08
0.0431	0.84907			4310.0	1.31345e-08
0.04315	0.836316			4315.0	1.04593e-08
0.0432	0.838867			4320.0	6.68905e-09
0.04325	0.843969			4325.0	8.40579e-09
0.0433	0.84907			4330.0	2.60511e-09
0.04335	0.854172			4335.0	6.69082e-09
0.0434	0.836316			4340.0	4.85118e-11
0.04345	0.84907			4345.0	6.04767e-10
0.0435	0.838867			4350.0	1.70848e-08
0.04355	0.833766			4355.0	3.16089e-08
0.0436	0.841418			4360.0	2.12274e-08
0.04365	0.851621			4365.0	1.11123e-08
0.0437	0.84907			4370.0	6.4767e-09
0.04375	0.84907			4375.0	1.13688e-09
0.0438	0.851621			4380.0	4.89252e-09
0.04385	0.843969			4385.0	3.16091e-08
0.0439	0.841418			4390.0	3.87023e-08
0.04395	0.841418			4395.0	2.4868e-08
0.044	0.836316			4400.0	3.90414e-09
0.04405	0.84907			4405.0	5.22513e-09
0.0441	0.84907			4410.0	9.29154e-09
0.04415	0.84907			4415.0	1.6039e-08
0.0442	0.84907			4420.0	4.55187e-09
0.04425	0.84907			4425.0	2.34308e-10
0.0443	0.84907			4430.0	7.70738e-09
0.04435	0.836316			4435.0	1.36341e-08
0.0444	0.84907			4440.0	1.31193e-08
0.04445	0.84907			4445.0	9.7824e-09
0.0445	0.851621			4450.0	2.42995e-09
0.04455	0.854172			4455.0	1.97946e-10
0.0446	0.84907			4460.0	7.93966e-10
0.04465	0.854172			4465.0	1.97391e-09
0.0447	0.846519			4470.0	5.79028e-09
0.04475	0.84907			4475.0	3.15468e-08
0.0448	0.843969			4480.0	3.56612e-08
0.04485	0.84907			4485.0	8.16839e-09
0.0449	0.84907			4490.0	3.34551e-09
0.04495	0.854172			4495.0	7.9646e-09
0.045	0.851621			4500.0	6.06507e-09
0.04505	0.84907			4505.0	5.92362e-09
0.0451	0.84907			4510.0	1.82018e-08
0.04515	0.841418			4515.0	1.61942e-08
0.0452	0.846519			4520.0	7.76427e-09
0.04525	0.84907			4525.0	4.66753e-09
0.0453	0.843969			4530.0	3.33445e-09
0.04535	0.854172			4535.0	1.68654e-09
0.0454	0.851621			4540.0	7.29843e-09
0.04545	0.84907			4545.0	1.20256e-08
0.0455	0.84907			4550.0	4.97938e-08
0.04555	0.838867			4555.0	4.75758e-08
0.0456	0.841418			4560.0	7.47629e-09
0.04565	0.851621			4565.0	3.07895e-09
0.0457	0.851621			4570.0	2.96863e-09
0.04575	0.851621			4575.0	1.16086e-08
0.0458	0.851621			4580.0	2.2874e-09
0.04585	0.846519			4585.0	1.72413e-10
0.0459	0.854172			4590.0	1.75432e-08
0.04595	0.841418			4595.0	2.44494e-08
0.046	0.84907			4600.0	8.98398e-09
0.04605	0.846519			4605.0	1.29599e-08
0.0461	0.84907			4610.0	2.59927e-09
0.04615	0.851621			4615.0	2.63336e-08
0.0462	0.854172			4620.0	1.08615e-08
0.04625	0.854172			4625.0	2.19848e-09
0.0463	0.843969			4630.0	4.62802e-09
0.04635	0.841418			4635.0	2.45164e-09
0.0464	0.84907			4640.0	3.06e-08
0.04645	0.84907			4645.0	5.73887e-08
0.0465	0.854172			4650.0	3.96751e-08
0.04655	0.851621			4655.0	2.60515e-08
0.0466	0.856723			4660.0	1.25298e-08
0.04665	0.851621			4665.0	2.60882e-08
0.0467	0.851621			4670.0	2.00776e-08
0.04675	0.841418			4675.0	1.87059e-08
0.0468	0.843969			4680.0	2.32513e-09
0.04685	0.854172			4685.0	1.41299e-08
0.0469	0.854172			4690.0	3.37873e-08
0.04695	0.859273			4695.0	1.21941e-08
0.047	0.861824			4700.0	3.55603e-09
0.04705	0.84907			4705.0	1.2158e-09
0.0471	0.854172			4710.0	2.8196e-09
0.04715	0.84907			4715.0	1.09712e-08
0.0472	0.841418			4720.0	8.88923e-09
0.04725	0.843969			4725.0	1.52781e-08
0.0473	0.851621			4730.0	1.29406e-08
0.04735	0.84907			4735.0	1.25854e-10
0.0474	0.851621			4740.0	7.13612e-10
0.04745	0.851621			4745.0	7.44525e-10
0.0475	0.843969			4750.0	9.0833e-10
0.04755	0.854172			4755.0	3.68096e-10
0.0476	0.84907			4760.0	4.6703e-09
0.04765	0.854172			4765.0	1.884e-09
0.0477	0.856723			4770.0	1.29096e-09
0.04775	0.851621			4775.0	2.78017e-09
0.0478	0.856723			4780.0	5.1045e-09
0.04785	0.856723			4785.0	4.98693e-09
0.0479	0.851621			4790.0	8.16208e-09
0.04795	0.84907			4795.0	2.41545e-08
0.048	0.84907			4800.0	1.61917e-08
0.04805	0.854172			4805.0	3.34002e-09
0.0481	0.854172			4810.0	1.1512e-08
0.04815	0.856723			4815.0	1.84009e-08
0.0482	0.854172			4820.0	4.01551e-09
0.04825	0.854172			4825.0	4.96086e-09
0.0483	0.851621			4830.0	2.38192e-08
0.04835	0.84907			4835.0	4.28441e-08
0.0484	0.841418			4840.0	3.8903e-09
0.04845	0.851621			4845.0	3.775e-08
0.0485	0.851621			4850.0	6.79108e-09
0.04855	0.851621			4855.0	1.4859e-08
0.0486	0.851621			4860.0	1.29714e-08
0.04865	0.846519			4865.0	5.95228e-09
0.0487	0.846519			4870.0	8.95925e-09
0.04875	0.843969			4875.0	2.00226e-10
0.0488	0.841418			4880.0	1.50443e-09
0.04885	0.843969			4885.0	5.68783e-10
0.0489	0.856723			4890.0	1.81939e-09
0.04895	0.854172			4895.0	2.65821e-09
0.049	0.84907			4900.0	1.75212e-08
0.04905	0.856723			4905.0	1.55236e-08
0.0491	0.854172			4910.0	8.19635e-09
0.04915	0.846519			4915.0	7.82715e-09
0.0492	0.846519			4920.0	3.06617e-09
0.04925	0.843969			4925.0	5.95176e-09
0.0493	0.84907			4930.0	6.84393e-09
0.04935	0.854172			4935.0	1.3793e-08
0.0494	0.856723			4940.0	3.21774e-08
0.04945	0.851621			4945.0	2.06182e-08
0.0495	0.851621			4950.0	4.1864e-09
0.04955	0.851621			4955.0	1.13528e-08
0.0496	0.838867			4960.0	3.69051e-09
0.04965	0.843969			4965.0	3.36477e-09
0.0497	0.854172			4970.0	2.79648e-08
0.04975	0.856723			4975.0	8.6336e-09
0.0498	0.854172			4980.0	4.33401e-09
0.04985	0.856723			4985.0	3.35846e-09
0.0499	0.84907			4990.0	1.55329e-09
0.04995	0.84907			4995.0	4.64132e-10
0.05	0.841418			5000.0	4.00375e-09
0.05005	0.841418			5005.0	1.17356e-08
0.0501	0.84907			5010.0	2.99853e-09
0.05015	0.846519			5015.0	1.4131e-08
0.0502	0.854172			5020.0	1.73249e-08
0.05025	0.856723			5025.0	3.34031e-09
0.0503	0.859273			5030.0	1.34193e-09
0.05035	0.854172			5035.0	3.80857e-09
0.0504	0.843969			5040.0	7.98611e-09
0.05045	0.851621			5045.0	1.23981e-08
0.0505	0.841418			5050.0	1.7435e-08
0.05055	0.843969			5055.0	9.81534e-09
0.0506	0.84907			5060.0	2.14585e-11
0.05065	0.846519			5065.0	1.75585e-09
0.0507	0.854172			5070.0	1.30586e-08
0.05075	0.854172			5075.0	1.71317e-08
0.0508	0.84907			5080.0	1.49451e-08
0.05085	0.856723			5085.0	3.42125e-09
0.0509	0.851621			5090.0	1.7771e-08
0.05095	0.846519			5095.0	4.11715e-09
0.051	0.851621			5100.0	2.49581e-09
0.05105	0.851621			5105.0	7.01256e-09
0.0511	0.856723			5110.0	1.16483e-08
0.05115	0.864375			5115.0	1.33269e-08
0.0512	0.84907			5120.0	7.64446e-09
0.05125	0.846519			5125.0	9.46399e-09
0.0513	0.851621			5130.0	1.81788e-08
0.05135	0.84907			5135.0	3.75754e-08
0.0514	0.854172			5140.0	3.17604e-08
0.05145	0.851621			5145.0	1.04378e-08
0.0515	0.84907			5150.0	3.61275e-09
0.05155	0.851621			5155.0	3.61951e-10
0.0516	0.854172			5160.0	1.39389e-08
0.05165	0.854172			5165.0	4.18144e-09
0.0517	0.846519			5170.0	6.98996e-09
0.05175	0.851621			5175.0	1.63377e-09
0.0518	0.851621			5180.0	6.43072e-10
0.05185	0.84907			5185.0	1.81961e-09
0.0519	0.859273			5190.0	6.36938e-09
0.05195	0.859273			5195.0	1.79255e-08
0.052	0.84907			5200.0	7.60769e-09
0.05205	0.851621			5205.0	2.47957e-09
0.0521	0.843969			5210.0	4.30658e-08
0.05215	0.851621			5215.0	4.14608e-08
0.0522	0.843969			5220.0	2.48179e-08
0.05225	0.854172			5225.0	4.50234e-09
0.0523	0.851621			5230.0	7.78446e-09
0.05235	0.851621			5235.0	1.04658e-08
0.0524	0.851621			5240.0	3.39021e-09
0.05245	0.84907			5245.0	6.00184e-09
0.0525	0.851621			5250.0	3.36791e-09
0.05255	0.84907			5255.0	1.55328e-08
0.0526	0.84907			5260.0	2.70659e-08
0.05265	0.856723			5265.0	1.16854e-09
0.0527	0.851621			5270.0	1.97197e-08
0.05275	0.854172			5275.0	3.02881e-08
0.0528	0.851621			5280.0	3.18833e-09
0.05285	0.854172			5285.0	1.18004e-08
0.0529	0.851621			5290.0	3.75526e-09
0.05295	0.859273			5295.0	7.24281e-09
0.053	0.851621			5300.0	2.21146e-08
0.05305	0.851621			5305.0	1.15804e-08
0.0531	0.84907			5310.0	4.81654e-10
0.05315	0.84907			5315.0	2.72508e-08
0.0532	0.854172			5320.0	1.84262e-08
0.05325	0.864375			5325.0	4.86189e-10
0.0533	0.859273			5330.0	5.91565e-09
0.05335	0.851621			5335.0	9.5434e-09
0.0534	0.851621			5340.0	2.74308e-08
0.05345	0.84907			5345.0	3.16011e-08
0.0535	0.841418			5350.0	1.14632e-09
0.05355	0.854172			5355.0	9.35998e-09
0.0536	0.846519			5360.0	1.6119e-08
0.05365	0.856723			5365.0	1.35171e-08
0.0537	0.864375			5370.0	2.4894e-09
0.05375	0.851621			5375.0	3.86287e-09
0.0538	0.84907			5380.0	3.7415e-09
0.05385	0.84907			5385.0	2.75839e-08
0.0539	0.851621			5390.0	1.97275e-08
0.05395	0.84907			5395.0	2.90857e-09
0.054	0.854172			5400.0	2.83719e-09
0.05405	0.859273			5405.0	1.69344e-08
0.0541	0.854172			5410.0	1.99299e-08
0.05415	0.856723			5415.0	1.78743e-08
0.0542	0.854172			5420.0	9.958e-09
0.05425	0.851621			5425.0	2.81903e-09
0.0543	0.836316			5430.0	8.69979e-09
0.05435	0.851621			5435.0	6.47328e-08
0.0544	0.854172			5440.0	3.05369e-08
0.05445	0.84907			5445.0	2.66863e-09
0.0545	0.859273			5450.0	3.20144e-08
0.05455	0.851621			5455.0	1.57189e-08
0.0546	0.851621			5460.0	1.08102e-09
0.05465	0.856723			5465.0	6.05555e-10
0.0547	0.851621			5470.0	1.88352e-08
0.05475	0.843969			5475.0	2.78401e-08
0.0548	0.843969			5480.0	6.6441e-09
0.05485	0.846519			5485.0	1.69851e-09
0.0549	0.859273			5490.0	1.76019e-08
0.05495	0.861824			5495.0	3.51939e-08
0.055	0.859273			5500.0	4.73383e-09
0.05505	0.84907			5505.0	5.31621e-11
0.0551	0.838867			5510.0	4.74449e-09
0.05515	0.838867			5515.0	1.50258e-08
0.0552	0.846519			5520.0	1.32316e-08
0.05525	0.854172			5525.0	7.60917e-09
0.0553	0.859273			5530.0	8.46863e-09
0.05535	0.856723			5535.0	2.44851e-08
0.0554	0.859273			5540.0	1.46267e-08
0.05545	0.851621			5545.0	2.50921e-10
0.0555	0.846519			5550.0	1.68293e-08
0.05555	0.843969			5555.0	2.42601e-08
0.0556	0.846519			5560.0	4.71697e-09
0.05565	0.84907			5565.0	1.37717e-08
0.0557	0.856723			5570.0	2.89317e-09
0.05575	0.854172			5575.0	6.13094e-10
0.0558	0.854172			5580.0	4.74904e-09
0.05585	0.851621			5585.0	1.87188e-08
0.0559	0.846519			5590.0	1.00542e-08
0.05595	0.841418			5595.0	6.06113e-10
0.056	0.838867			5600.0	1.46047e-08
0.05605	0.84907			5605.0	1.27505e-08
0.0561	0.854172			5610.0	1.10717e-08
0.05615	0.854172			5615.0	1.60613e-08
0.0562	0.854172			5620.0	1.15534e-08
0.05625	0.84907			5625.0	3.74368e-09
0.0563	0.841418			5630.0	1.06403e-09
0.05635	0.846519			5635.0	2.03393e-09
0.0564	0.841418			5640.0	1.09935e-08
0.05645	0.851621			5645.0	5.27891e-09
0.0565	0.851621			5650.0	6.77525e-09
0.05655	0.854172			5655.0	9.72414e-09
0.0566	0.84907			5660.0	5.51425e-09
0.05665	0.856723			5665.0	2.28426e-09
0.0567	0.843969			5670.0	1.57631e-08
0.05675	0.859273			5675.0	2.79644e-08
0.0568	0.843969			5680.0	1.00738e-08
0.05685	0.854172			5685.0	6.37244e-09
0.0569	0.854172			5690.0	3.17514e-08
0.05695	0.854172			5695.0	1.236e-08
0.057	0.861824			5700.0	1.43704e-08
0.05705	0.859273			5705.0	2.59155e-08
0.0571	0.856723			5710.0	1.14736e-08
0.05715	0.861824			5715.0	4.90416e-09
0.0572	0.854172			5720.0	2.61416e-09
0.05725	0.854172			5725.0	3.52125e-09
0.0573	0.854172			5730.0	1.28434e-08
0.05735	0.854172			5735.0	1.2016e-08
0.0574	0.84907			5740.0	1.82001e-09
0.05745	0.856723			5745.0	3.4207e-08
0.0575	0.856723			5750.0	2.70975e-08
0.05755	0.854172			5755.0	4.62186e-08
0.0576	0.851621			5760.0	3.29701e-08
0.05765	0.84907			5765.0	3.43989e-10
0.0577	0.846519			5770.0	1.93682e-09
0.05775	0.84907			5775.0	1.20071e-08
0.0578	0.856723			5780.0	5.34157e-09
0.05785	0.854172			5785.0	3.04349e-09
0.0579	0.854172			5790.0	1.49063e-08
0.05795	0.84907			5795.0	9.78503e-09
0.058	0.851621			5800.0	1.9005e-09
0.05805	0.851621			5805.0	5.3515e-09
0.0581	0.838867			5810.0	1.29038e-08
0.05815	0.851621			5815.0	9.18481e-09
0.0582	0.854172			5820.0	4.83382e-10
0.05825	0.859273			5825.0	7.6795e-09
0.0583	0.856723			5830.0	1.5046e-08
0.05835	0.856723			5835.0	8.62962e-09
0.0584	0.851621			5840.0	1.02611e-09
0.05845	0.84907			5845.0	5.66604e-09
0.0585	0.836316			5850.0	6.53843e-09
0.05855	0.851621			5855.0	1.24422e-08
0.0586	0.856723			5860.0	2.70826e-08
0.05865	0.864375			5865.0	3.43585e-08
0.0587	0.859273			5870.0	2.02783e-08
0.05875	0.854172			5875.0	2.55685e-08
0.0588	0.854172			5880.0	1.32775e-08
0.05885	0.84907			5885.0	6.27376e-09
0.0589	0.84907			5890.0	1.46381e-08
0.05895	0.84907			5895.0	4.38412e-09
0.059	0.854172			5900.0	1.71954e-09
0.05905	0.859273			5905.0	1.86426e-09
0.0591	0.856723			5910.0	1.88049e-08
0.05915	0.856723			5915.0	6.39385e-09
0.0592	0.859273			5920.0	8.7611e-09
0.05925	0.851621			5925.0	3.19552e-08
0.0593	0.851621			5930.0	2.80712e-09
0.05935	0.846519			5935.0	1.91679e-08
0.0594	0.856723			5940.0	4.57646e-08
0.05945	0.859273			5945.0	1.82836e-08
0.0595	0.854172			5950.0	2.73759e-08
0.05955	0.854172			5955.0	6.32596e-08
0.0596	0.859273			5960.0	1.89184e-08
0.05965	0.851621			5965.0	2.91176e-09
0.0597	0.843969			5970.0	2.38557e-08
0.05975	0.84907			5975.0	9.51553e-09
0.0598	0.854172			5980.0	5.84633e-09
0.05985	0.856723			5985.0	9.16678e-09
0.0599	0.854172			5990.0	1.41729e-09
0.05995	0.856723			5995.0	9.72039e-09
0.06	0.854172			6000.0	1.26077e-08
0.06005	0.856723			6005.0	4.40783e-10
0.0601	0.843969			6010.0	1.55621e-10
0.06015	0.84907			6015.0	7.86339e-09
0.0602	0.856723			6020.0	2.25276e-08
0.06025	0.854172			6025.0	6.9721e-09
0.0603	0.861824			6030.0	1.37292e-08
0.06035	0.854172			6035.0	6.07109e-08
0.0604	0.861824			6040.0	6.88267e-08
0.06045	0.843969			6045.0	2.13436e-08
0.0605	0.854172			6050.0	5.51005e-09
0.06055	0.854172			6055.0	8.85688e-10
0.0606	0.851621			6060.0	4.15624e-10
0.06065	0.84907			6065.0	9.22964e-09
0.0607	0.846519			6070.0	3.76132e-08
0.06075	0.856723			6075.0	2.62138e-08
0.0608	0.859273			6080.0	1.5657e-08
0.06085	0.854172			6085.0	3.99566e-09
0.0609	0.854172			6090.0	4.91374e-09
0.06095	0.859273			6095.0	1.3845e-08
0.061	0.851621			6100.0	1.57532e-08
0.06105	0.851621			6105.0	1.83885e-08
0.0611	0.851621			6110.0	2.85061e-08
0.06115	0.84907			6115.0	1.66718e-09
0.0612	0.854172			6120.0	1.84381e-09
0.06125	0.859273			6125.0	6.52896e-09
0.0613	0.864375			6130.0	7.78014e-09
0.06135	0.864375			6135.0	8.69745e-10
0.0614	0.854172			6140.0	1.66512e-08
0.06145	0.84907			6145.0	9.60642e-09
0.0615	0.846519			6150.0	2.53218e-10
0.06155	0.854172			6155.0	2.34826e-10
0.0616	0.851621			6160.0	7.54938e-10
0.06165	0.861824			6165.0	7.99286e-09
0.0617	0.859273			6170.0	1.86184e-08
0.06175	0.864375			6175.0	1.38092e-08
0.0618	0.854172			6180.0	1.0629e-08
0.06185	0.854172			6185.0	3.1414e-09
0.0619	0.854172			6190.0	2.14041e-08
0.06195	0.84907			6195.0	8.39059e-09
0.062	0.856723			6200.0	3.26123e-09
0.06205	0.856723			6205.0	5.44346e-09
0.0621	0.854172			6210.0	2.68805e-08
0.06215	0.861824			6215.0	2.07906e-08
0.0622	0.856723			6220.0	5.1386e-08
0.06225	0.861824			6225.0	4.84919e-08
0.0623	0.854172			6230.0	2.45751e-08
0.06235	0.851621			6235.0	1.4766e-08
0.0624	0.854172			6240.0	1.14463e-09
0.06245	0.861824			6245.0	2.68928e-09
0.0625	0.861824			6250.0	1.48103e-08
0.06255	0.856723			6255.0	8.27849e-10
0.0626	0.854172			6260.0	2.35209e-08
0.06265	0.856723			6265.0	1.48098e-08
0.0627	0.846519			6270.0	8.29423e-09
0.06275	0.856723			6275.0	1.24847e-08
0.0628	0.84907			6280.0	2.05803e-08
0.06285	0.851621			6285.0	3.70182e-08
0.0629	0.861824			6290.0	1.27017e-08
0.06295	0.854172			6295.0	1.86412e-09
0.063	0.859273			6300.0	2.23722e-09
0.06305	0.851621			6305.0	5.39703e-09
0.0631	0.854172			6310.0	1.92141e-09
0.06315	0.854172			6315.0	9.30246e-10
0.0632	0.854172			6320.0	3.03708e-10
0.06325	0.84907			6325.0	1.7366e-08
0.0633	0.843969			6330.0	4.36885e-08
0.06335	0.854172			6335.0	8.4691e-09
0.0634	0.854172			6340.0	1.28321e-08
0.06345	0.851621			6345.0	1.33612e-08
0.0635	0.856723			6350.0	9.02796e-09
0.06355	0.851621			6355.0	4.06676e-09
0.0636	0.854172			6360.0	6.55279e-10
0.06365	0.861824			6365.0	5.43252e-09
0.0637	0.851621			6370.0	8.58344e-09
0.06375	0.84907			6375.0	2.623e-08
0.0638	0.846519			6380.0	2.17045e-08
0.06385	0.84907			6385.0	1.07521e-08
0.0639	0.856723			6390.0	2.8552e-08
0.06395	0.861824			6395.0	1.33098e-08
0.064	0.864375			6400.0	1.4848e-09
0.06405	0.861824			6405.0	4.25627e-09
0.0641	0.851621			6410.0	2.9747e-09
0.06415	0.859273			6415.0	4.45364e-09
0.0642	0.851621			6420.0	7.48346e-09
0.06425	0.84907			6425.0	4.50264e-09
0.0643	0.856723			6430.0	4.74001e-08
0.06435	0.872027			6435.0	2.20187e-08
0.0644	0.866926			6440.0	4.04022e-09
0.06445	0.869477			6445.0	1.0455e-08
0.0645	0.851621			6450.0	2.74986e-08
0.06455	0.851621			6455.0	7.27799e-08
0.0646	0.843969			6460.0	1.06321e-07
0.06465	0.851621			6465.0	1.05596e-07
0.0647	0.856723			6470.0	6.58816e-08
0.06475	0.864375			6475.0	2.79697e-08
0.0648	0.866926			6480.0	2.36321e-08
0.06485	0.864375			6485.0	1.2721e-08
0.0649	0.854172			6490.0	2.63925e-09
0.06495	0.856723			6495.0	2.05177e-09
0.065	0.851621			6500.0	1.85876e-08
0.06505	0.851621			6505.0	9.76417e-09
0.0651	0.851621			6510.0	1.16738e-09
0.06515	0.859273			6515.0	5.44805e-09
0.0652	0.864375			6520.0	1.48043e-08
0.06525	0.864375			6525.0	3.55439e-08
0.0653	0.861824			6530.0	4.79876e-08
0.06535	0.859273			6535.0	3.64718e-08
0.0654	0.856723			6540.0	3.8413e-08
0.06545	0.854172			6545.0	8.98644e-09
0.0655	0.84907			6550.0	2.48497e-08
0.06555	0.84907			6555.0	6.4002e-09
0.0656	0.854172			6560.0	8.82828e-09
0.06565	0.859273			6565.0	1.13611e-08
0.0657	0.861824			6570.0	1.86632e-08
0.06575	0.854172			6575.0	1.81407e-08
0.0658	0.843969			6580.0	5.73079e-09
0.06585	0.851621			6585.0	1.00951e-09
0.0659	0.859273			6590.0	9.04515e-09
0.06595	0.851621			6595.0	2.95196e-08
0.066	0.854172			6600.0	2.88205e-09
0.06605	0.859273			6605.0	8.3919e-09
0.0661	0.856723			6610.0	7.37616e-09
0.06615	0.851621			6615.0	5.64084e-09
0.0662	0.859273			6620.0	8.43836e-09
0.06625	0.856723			6625.0	4.86336e-09
0.0663	0.864375			6630.0	3.28794e-08
0.06635	0.851621			6635.0	1.13789e-08
0.0664	0.851621			6640.0	6.58944e-09
0.06645	0.854172			6645.0	4.10861e-08
0.0665	0.854172			6650.0	9.93933e-09
0.06655	0.851621			6655.0	5.45124e-09
0.0666	0.854172			6660.0	3.03664e-09
0.06665	0.859273			6665.0	1.67663e-08
0.0667	0.854172			6670.0	5.15644e-08
0.06675	0.856723			6675.0	2.12261e-08
0.0668	0.861824			6680.0	2.2014e-08
0.06685	0.856723			6685.0	1.27467e-08
0.0669	0.851621			6690.0	9.39445e-10
0.06695	0.856723			6695.0	7.55288e-09
0.067	0.854172			6700.0	4.95389e-09
0.06705	0.856723			6705.0	1.85132e-08
0.0671	0.856723			6710.0	2.3461e-09
0.06715	0.854172			6715.0	1.47028e-08
0.0672	0.854172			6720.0	2.38548e-08
0.06725	0.851621			6725.0	5.0856e-09
0.0673	0.856723			6730.0	2.01135e-09
0.06735	0.851621			6735.0	9.98985e-09
0.0674	0.854172			6740.0	5.58397e-09
0.06745	0.861824			6745.0	3.73399e-09
0.0675	0.854172			6750.0	3.10697e-10
0.06755	0.866926			6755.0	9.06865e-09
0.0676	0.866926			6760.0	1.00988e-08
0.06765	0.854172			6765.0	3.03387e-09
0.0677	0.859273			6770.0	2.84206e-09
0.06775	0.854172			6775.0	1.28252e-09
0.0678	0.854172			6780.0	5.67965e-10
0.06785	0.859273			6785.0	1.61387e-08
0.0679	0.851621			6790.0	1.44193e-08
0.06795	0.861824			6795.0	1.40325e-09
0.068	0.861824			6800.0	8.40049e-09
0.06805	0.861824			6805.0	1.42349e-08
0.0681	0.859273			6810.0	7.05588e-09
0.06815	0.854172			6815.0	5.20597e-09
0.0682	0.851621			6820.0	5.66999e-09
0.06825	0.851621			6825.0	4.12278e-09
0.0683	0.859273			6830.0	1.64219e-09
0.06835	0.856723			6835.0	5.21409e-09
0.0684	0.859273			6840.0	1.15981e-08
0.06845	0.869477			6845.0	5.41403e-10
0.0685	0.864375			6850.0	9.70942e-09
0.06855	0.859273			6855.0	1.87841e-08
0.0686	0.854172			6860.0	1.19509e-09
0.06865	0.851621			6865.0	2.14622e-09
0.0687	0.854172			6870.0	7.89239e-10
0.06875	0.854172			6875.0	1.7422e-09
0.0688	0.856723			6880.0	6.19284e-09
0.06885	0.861824			6885.0	1.78423e-09
0.0689	0.864375			6890.0	2.43062e-09
0.06895	0.861824			6895.0	2.25951e-08
0.069	0.854172			6900.0	1.59745e-08
0.06905	0.859273			6905.0	2.21259e-09
0.0691	0.851621			6910.0	1.16324e-11
0.06915	0.854172			6915.0	4.9191e-09
0.0692	0.856723			6920.0	4.43964e-09
0.06925	0.854172			6925.0	1.24237e-08
0.0693	0.856723			6930.0	8.89838e-09
0.06935	0.866926			6935.0	2.19203e-09
0.0694	0.854172			6940.0	2.26573e-09
0.06945	0.856723			6945.0	1.51029e-08
0.0695	0.851621			6950.0	2.80631e-08
0.06955	0.854172			6955.0	3.17041e-08
0.0696	0.859273			6960.0	8.48449e-09
0.06965	0.851621			6965.0	1.20912e-09
0.0697	0.856723			6970.0	8.57771e-09
0.06975	0.854172			6975.0	7.97756e-09
0.0698	0.856723			6980.0	1.17479e-08
0.06985	0.864375			6985.0	3.93232e-09
0.0699	0.859273			6990.0	1.27675e-08
0.06995	0.856723			6995.0	9.44898e-09
0.07	0.861824			7000.0	3.62476e-09
0.07005	0.854172			7005.0	6.76287e-09
0.0701	0.854172			7010.0	2.62855e-08
0.07015	0.856723			7015.0	4.75916e-09
0.0702	0.864375			7020.0	1.61775e-09
0.07025	0.866926			7025.0	8.0507e-10
0.0703	0.861824			7030.0	1.31204e-09
0.07035	0.856723			7035.0	9.64118e-09
0.0704	0.861824			7040.0	2.99476e-08
0.07045	0.851621			7045.0	2.29862e-08
0.0705	0.854172			7050.0	1.0774e-08
0.07055	0.861824			7055.0	2.50156e-08
0.0706	0.869477			7060.0	3.21982e-08
0.07065	0.854172			7065.0	2.12813e-08
0.0707	0.864375			7070.0	7.99017e-09
0.07075	0.864375			7075.0	7.32755e-10
0.0708	0.859273			7080.0	3.77988e-10
0.07085	0.861824			7085.0	1.67641e-09
0.0709	0.856723			7090.0	5.63887e-09
0.07095	0.854172			7095.0	4.13895e-10
0.071	0.854172			7100.0	1.50518e-08
0.07105	0.864375			7105.0	9.55174e-09
0.0711	0.859273			7110.0	9.50196e-09
0.07115	0.854172			7115.0	1.4707e-08
0.0712	0.864375			7120.0	7.92229e-10
0.07125	0.872027			7125.0	8.50561e-10
0.0713	0.859273			7130.0	3.96068e-09
0.07135	0.859273			7135.0	7.98586e-09
0.0714	0.851621			7140.0	2.0937e-08
0.07145	0.854172			7145.0	1.76995e-08
0.0715	0.861824			7150.0	4.13348e-09
0.07155	0.861824			7155.0	5.03329e-09
0.0716	0.859273			7160.0	2.01558e-08
0.07165	0.866926			7165.0	1.15614e-08
0.0717	0.856723			7170.0	3.10477e-09
0.07175	0.856723			7175.0	2.3501e-08
0.0718	0.856723			7180.0	9.71123e-09
0.07185	0.854172			7185.0	2.02766e-08
0.0719	0.84907			7190.0	2.36896e-08
0.07195	0.856723			7195.0	1.57225e-08
0.072	0.854172			7200.0	5.92688e-10
0.07205	0.859273			7205.0	2.02963e-09
0.0721	0.869477			7210.0	9.12823e-11
0.07215	0.869477			7215.0	2.23079e-09
0.0722	0.869477			7220.0	3.14763e-10
0.07225	0.859273			7225.0	1.07064e-08
0.0723	0.854172			7230.0	1.02233e-08
0.07235	0.84907			7235.0	9.08522e-09
0.0724	0.851621			7240.0	1.20964e-08
0.07245	0.856723			7245.0	9.66645e-09
0.0725	0.861824			7250.0	8.87825e-10
0.07255	0.872027			7255.0	9.77565e-09
0.0726	0.864375			7260.0	6.55261e-09
0.07265	0.866926			7265.0	5.24975e-09
0.0727	0.856723			7270.0	6.30421e-09
0.07275	0.851621			7275.0	6.26883e-09
0.0728	0.854172			7280.0	4.55939e-09
0.07285	0.856723			7285.0	4.1984e-09
0.0729	0.861824			7290.0	4.09148e-09
0.07295	0.861824			7295.0	9.03518e-09
0.073	0.864375			7300.0	2.58823e-10
0.07305	0.866926			7305.0	1.47309e-09
0.0731	0.864375			7310.0	1.0521e-09
0.07315	0.856723			7315.0	2.00117e-08
0.0732	0.864375			7320.0	3.49038e-08
0.07325	0.851621			7325.0	6.54185e-09
0.0733	0.851621			7330.0	2.11131e-09
0.07335	0.856723			7335.0	3.04031e-09
0.0734	0.859273			7340.0	2.66763e-09
0.07345	0.872027			7345.0	4.79527e-09
0.0735	0.864375			7350.0	2.32564e-08
0.07355	0.861824			7355.0	6.65613e-08
0.0736	0.854172			7360.0	3.05318e-08
0.07365	0.864375			7365.0	1.16859e-08
0.0737	0.856723			7370.0	1.04656e-08
0.07375	0.856723			7375.0	1.38776e-08
0.0738	0.854172			7380.0	2.21077e-09
0.07385	0.854172			7385.0	1.03367e-08
0.0739	0.854172			7390.0	6.39699e-09
0.07395	0.859273			7395.0	1.46378e-09
0.074	0.861824			7400.0	8.44673e-09
0.07405	0.869477			7405.0	2.72358e-09
0.0741	0.866926			7410.0	8.5005e-10
0.07415	0.861824			7415.0	4.43867e-09
0.0742	0.84907			7420.0	1.06873e-08
0.07425	0.864375			7425.0	3.72211e-09
0.0743	0.851621			7430.0	7.97443e-10
0.07435	0.861824			7435.0	2.40122e-08
0.0744	0.864375			7440.0	1.50103e-08
0.07445	0.856723			7445.0	3.28774e-09
0.0745	0.859273			7450.0	3.40161e-09
0.07455	0.861824			7455.0	9.61433e-09
0.0746	0.851621			7460.0	1.43926e-08
0.07465	0.84907			7465.0	1.03218e-08
0.0747	0.854172			7470.0	1.76862e-08
0.07475	0.861824			7475.0	2.01243e-09
0.0748	0.861824			7480.0	2.44469e-08
0.07485	0.864375			7485.0	1.77608e-09
0.0749	0.859273			7490.0	7.24456e-09
0.07495	0.859273			7495.0	4.88393e-09
0.075	0.854172			7500.0	7.27702e-10
0.07505	0.854172			7505.0	1.74744e-10
0.0751	0.859273			7510.0	2.60187e-09
0.07515	0.854172			7515.0	1.54116e-08
0.0752	0.856723			7520.0	7.10639e-09
0.07525	0.856723			7525.0	5.81217e-09
0.0753	0.861824			7530.0	1.74704e-08
0.07535	0.864375			7535.0	1.002e-08
0.0754	0.856723			7540.0	9.56474e-09
0.07545	0.859273			7545.0	3.65971e-08
0.0755	0.854172			7550.0	1.02553e-08
0.07555	0.851621			7555.0	3.15209e-09
0.0756	0.854172			7560.0	9.60015e-09
0.07565	0.854172			7565.0	1.0973e-08
0.0757	0.869477			7570.0	1.21878e-08
0.07575	0.864375			7575.0	1.57262e-08
0.0758	0.861824			7580.0	1.42708e-08
0.07585	0.864375			7585.0	9.04448e-09
0.0759	0.856723			7590.0	6.29817e-09
0.07595	0.854172			7595.0	4.17172e-09
0.076	0.851621			7600.0	2.83214e-08
0.07605	0.851621			7605.0	1.71492e-08
0.0761	0.859273			7610.0	3.11864e-09
0.07615	0.861824			7615.0	1.98774e-09
0.0762	0.864375			7620.0	4.51539e-09
0.07625	0.864375			7625.0	5.14777e-09
0.0763	0.846519			7630.0	1.85631e-09
0.07635	0.856723			7635.0	6.86603e-09
0.0764	0.856723			7640.0	7.68521e-08
0.07645	0.851621			7645.0	5.29628e-08
0.0765	0.854172			7650.0	4.6972e-09
0.07655	0.854172			7655.0	1.16619e-08
0.0766	0.861824			7660.0	5.42012e-09
0.07665	0.864375			7665.0	1.36604e-08
0.0767	0.861824			7670.0	2.02823e-08
0.07675	0.866926			7675.0	9.03875e-09
0.0768	0.864375			7680.0	1.59264e-08
0.07685	0.864375			7685.0	1.0172e-08
0.0769	0.864375			7690.0	3.02881e-09
0.07695	0.851621			7695.0	1.47905e-09
0.077	0.851621			7700.0	1.26762e-08
0.07705	0.854172			7705.0	1.66899e-08
0.0771	0.851621			7710.0	1.20658e-09
0.07715	0.854172			7715.0	8.76075e-10
0.0772	0.864375			7720.0	1.32622e-08
0.07725	0.864375			7725.0	6.18707e-09
0.0773	0.856723			7730.0	1.11233e-10
0.07735	0.856723			7735.0	2.71289e-09
0.0774	0.856723			7740.0	3.55166e-09
0.07745	0.854172			7745.0	6.83944e-09
0.0775	0.854172			7750.0	1.47264e-08
0.07755	0.856723			7755.0	2.18858e-09
0.0776	0.861824			7760.0	8.37386e-09
0.07765	0.864375			7765.0	6.60423e-09
0.0777	0.856723			7770.0	2.92552e-09
0.07775	0.864375			7775.0	9.57465e-10
0.0778	0.854172			7780.0	1.92563e-09
0.07785	0.851621			7785.0	1.52231e-08
0.0779	0.854172			7790.0	2.98251e-08
0.07795	0.861824			7795.0	6.67863e-08
0.078	0.859273			7800.0	8.21127e-09
0.07805	0.864375			7805.0	2.76573e-08
0.0781	0.856723			7810.0	4.67688e-09
0.07815	0.856723			7815.0	1.3731e-08
0.0782	0.859273			7820.0	6.72607e-09
0.07825	0.859273			7825.0	8.22865e-09
0.0783	0.854172			7830.0	2.69911e-08
0.07835	0.851621			7835.0	8.69468e-09
0.0784	0.861824			7840.0	2.76698e-08
0.07845	0.856723			7845.0	3.56617e-08
0.0785	0.864375			7850.0	1.5895e-08
0.07855	0.864375			7855.0	4.42158e-08
0.0786	0.864375			7860.0	3.82278e-08
0.07865	0.859273			7865.0	1.00889e-08
0.0787	0.851621			7870.0	9.6777e-09
0.07875	0.854172			7875.0	1.69847e-08
0.0788	0.856723			7880.0	1.59439e-08
0.07885	0.84907			7885.0	9.44087e-09
0.0789	0.856723			7890.0	8.37595e-10
0.07895	0.856723			7895.0	9.92072e-09
0.079	0.859273			7900.0	1.16557e-08
0.07905	0.854172			7905.0	1.35416e-09
0.0791	0.856723			7910.0	3.96621e-08
0.07915	0.859273			7915.0	9.96136e-08
0.0792	0.851621			7920.0	3.11982e-08
0.07925	0.854172			7925.0	2.20715e-09
0.0793	0.861824			7930.0	3.96517e-09
0.07935	0.854172			7935.0	2.69989e-08
0.0794	0.864375			7940.0	2.5394e-08
0.07945	0.864375			7945.0	4.57766e-10
0.0795	0.864375			7950.0	4.17869e-09
0.07955	0.856723			7955.0	1.62011e-10
0.0796	0.859273			7960.0	2.06703e-09
0.07965	0.861824			7965.0	1.33793e-08
0.0797	0.861824			7970.0	7.12923e-08
0.07975	0.859273			7975.0	2.93323e-08
0.0798	0.854172			7980.0	7.71365e-10
0.07985	0.851621			7985.0	1.5324e-08
0.0799	0.854172			7990.0	2.75856e-08
0.07995	0.866926			7995.0	4.33153e-08
0.08	0.866926			8000.0	5.69873e-08
0.08005	0.861824			8005.0	2.23064e-08
0.0801	0.859273			8010.0	1.04558e-08
0.08015	0.851621			8015.0	2.37005e-08
0.0802	0.859273			8020.0	1.67007e-08
0.08025	0.854172			8025.0	9.18207e-10
0.0803	0.864375			8030.0	7.07852e-10
0.08035	0.864375			8035.0	4.29439e-09
0.0804	0.872027			8040.0	1.75389e-09
0.08045	0.864375			8045.0	7.85354e-09
0.0805	0.856723			8050.0	4.09529e-09
0.08055	0.851621			8055.0	1.8985e-09
0.0806	0.854172			8060.0	9.29298e-09
0.08065	0.851621			8065.0	3.01399e-09
0.0807	0.861824			8070.0	9.44284e-09
0.08075	0.864375			8075.0	9.07775e-09
0.0808	0.864375			8080.0	7.76218e-09
0.08085	0.866926			8085.0	5.25082e-09
0.0809	0.864375			8090.0	1.88019e-10
0.08095	0.864375			8095.0	6.27578e-09
0.081	0.861824			8100.0	1.93588e-08
0.08105	0.859273			8105.0	7.26326e-09
0.0811	0.851621			8110.0	4.38922e-10
0.08115	0.851621			8115.0	2.67645e-09
0.0812	0.856723			8120.0	6.32773e-09
0.08125	0.856723			8125.0	5.36006e-08
0.0813	0.854172			8130.0	4.9382e-08
0.08135	0.864375			8135.0	8.25711e-09
0.0814	0.851621			8140.0	1.29122e-08
0.08145	0.861824			8145.0	6.19864e-09
0.0815	0.866926			8150.0	3.58881e-09
0.08155	0.856723			8155.0	2.74824e-08
0.0816	0.856723			8160.0	4.87287e-08
0.08165	0.854172			8165.0	3.40629e-08
0.0817	0.859273			8170.0	1.91181e-08
0.08175	0.856723			8175.0	6.28377e-09
0.0818	0.856723			8180.0	3.10017e-09
0.08185	0.864375			8185.0	1.8573e-08
0.0819	0.854172			8190.0	1.57577e-08
0.08195	0.859273			8195.0	9.46346e-09
0.082	0.854172			8200.0	1.84528e-09
0.08205	0.859273			8205.0	1.10089e-08
0.0821	0.84907			8210.0	2.29086e-08
0.08215	0.854172			8215.0	1.40556e-08
0.0822	0.854172			8220.0	1.78838e-09
0.08225	0.859273			8225.0	1.04472e-08
0.0823	0.864375			8230.0	1.32397e-08
0.08235	0.861824			8235.0	1.44513e-08
0.0824	0.856723			8240.0	8.9196e-09
0.08245	0.854172			8245.0	8.82808e-10
0.0825	0.854172			8250.0	3.83505e-09
0.08255	0.84907			8255.0	2.68142e-09
0.0826	0.854172			8260.0	4.82661e-09
0.08265	0.859273			8265.0	6.95168e-09
0.0827	0.861824			8270.0	3.02266e-09
0.08275	0.866926			8275.0	3.5481e-09
0.0828	0.864375			8280.0	1.00883e-08
0.08285	0.864375			8285.0	9.0946e-09
0.0829	0.846519			8290.0	1.36789e-09
0.08295	0.859273			8295.0	3.31353e-09
0.083	0.859273			8300.0	1.58384e-08
0.08305	0.856723			8305.0	1.18508e-08
0.0831	0.854172			8310.0	2.00026e-09
0.08315	0.854172			8315.0	1.21518e-08
0.0832	0.861824			8320.0	4.76125e-09
0.08325	0.854172			8325.0	8.45569e-10
0.0833	0.856723			8330.0	4.7812e-09
0.08335	0.861824			8335.0	9.5037e-09
0.0834	0.861824			8340.0	3.12228e-10
0.08345	0.864375			8345.0	9.66903e-09
0.0835	0.851621			8350.0	1.1687e-08
0.08355	0.861824			8355.0	6.10699e-09
0.0836	0.864375			8360.0	2.0172e-08
0.08365	0.856723			8365.0	2.50136e-08
0.0837	0.864375			8370.0	1.01027e-08
0.08375	0.864375			8375.0	4.10279e-10
0.0838	0.854172			8380.0	1.71299e-09
0.08385	0.859273			8385.0	3.71064e-10
0.0839	0.856723			8390.0	4.56686e-09
0.08395	0.854172			8395.0	2.79389e-09
0.084	0.851621			8400.0	4.15298e-09
0.08405	0.856723			8405.0	9.10565e-09
0.0841	0.861824			8410.0	5.91029e-09
0.08415	0.856723			8415.0	2.09446e-09
0.0842	0.861824			8420.0	1.21207e-09
0.08425	0.859273			8425.0	4.7798e-09
0.0843	0.856723			8430.0	9.91524e-09
0.08435	0.859273			8435.0	9.85744e-09
0.0844	0.84907			8440.0	6.52525e-09
0.08445	0.854172			8445.0	8.66991e-09
0.0845	0.854172			8450.0	2.69368e-09
0.08455	0.84907			8455.0	5.21724e-09
0.0846	0.854172			8460.0	1.80084e-09
0.08465	0.864375			8465.0	5.84771e-09
0.0847	0.866926			8470.0	1.35839e-09
0.08475	0.856723			8475.0	2.73661e-09
0.0848	0.854172			8480.0	6.6464e-10
0.08485	0.864375			8485.0	8.71959e-09
0.0849	0.854172			8490.0	2.80161e-09
0.08495	0.856723			8495.0	4.02911e-08
0.085	0.864375			8500.0	2.94477e-08
0.08505	0.859273			8505.0	1.03647e-08
0.0851	0.859273			8510.0	6.13636e-09
0.08515	0.864375			8515.0	1.25762e-08
0.0852	0.861824			8520.0	9.634e-09
0.08525	0.864375			8525.0	1.75295e-09
0.0853	0.854172			8530.0	9.64373e-09
0.08535	0.854172			8535.0	1.22598e-08
0.0854	0.851621			8540.0	3.41797e-08
0.08545	0.854172			8545.0	1.35405e-08
0.0855	0.864375			8550.0	8.27509e-09
0.08555	0.869477			8555.0	2.88911e-09
0.0856	0.866926			8560.0	1.37573e-09
0.08565	0.856723			8565.0	3.40083e-09
0.0857	0.859273			8570.0	1.3288e-08
0.08575	0.851621			8575.0	5.20588e-09
0.0858	0.846519			8580.0	2.47682e-09
0.08585	0.851621			8585.0	3.68273e-11
0.0859	0.861824			8590.0	8.55511e-09
0.08595	0.859273			8595.0	3.3336e-08
0.086	0.866926			8600.0	3.10146e-08
0.08605	0.864375			8605.0	1.00105e-08
0.0861	0.856723			8610.0	1.15211e-10
0.08615	0.859273			8615.0	1.15447e-08
0.0862	0.846519			8620.0	8.97715e-09
0.08625	0.851621			8625.0	1.96948e-08
0.0863	0.856723			8630.0	2.44336e-08
0.08635	0.861824			8635.0	4.79345e-09
0.0864	0.859273			8640.0	5.48621e-09
0.08645	0.861824			8645.0	2.95561e-10
0.0865	0.861824			8650.0	3.80524e-09
0.08655	0.854172			8655.0	4.71194e-09
0.0866	0.864375			8660.0	8.23208e-09
0.08665	0.859273			8665.0	1.96848e-08
0.0867	0.861824			8670.0	9.88649e-12
0.08675	0.861824			8675.0	1.78851e-09
0.0868	0.864375			8680.0	4.68173e-09
0.08685	0.861824			8685.0	1.49246e-09
0.0869	0.861824			8690.0	3.0629e-09
0.08695	0.866926			8695.0	5.13519e-09
0.087	0.869477			8700.0	3.36605e-09
0.08705	0.856723			8705.0	6.83285e-09
0.0871	0.861824			8710.0	4.02738e-09
0.08715	0.859273			8715.0	1.91959e-09
0.0872	0.846519			8720.0	8.49573e-10
0.08725	0.854172			8725.0	5.97013e-09
0.0873	0.856723			8730.0	2.51636e-08
0.08735	0.854172			8735.0	6.55059e-08
0.0874	0.869477			8740.0	2.43287e-08
0.08745	0.864375			8745.0	5.75458e-09
0.0875	0.864375			8750.0	2.2096e-08
0.08755	0.859273			8755.0	5.798e-09
0.0876	0.856723			8760.0	8.06543e-09
0.08765	0.851621			8765.0	1.69306e-08
0.0877	0.854172			8770.0	1.61983e-08
0.08775	0.859273			8775.0	1.87829e-08
0.0878	0.859273			8780.0	1.25838e-09
0.08785	0.864375			8785.0	1.54935e-08
0.0879	0.864375			8790.0	1.00683e-08
0.08795	0.872027			8795.0	1.94203e-09
0.088	0.864375			8800.0	1.14762e-08
0.08805	0.854172			8805.0	1.95697e-08
0.0881	0.84907			8810.0	4.49447e-08
0.08815	0.84907			8815.0	4.06596e-08
0.0882	0.846519			8820.0	4.77487e-09
0.08825	0.859273			8825.0	2.59257e-08
0.0883	0.864375			8830.0	3.46144e-08
0.08835	0.869477			8835.0	1.02386e-09
0.0884	0.864375			8840.0	2.4986e-09
0.08845	0.861824			8845.0	1.76892e-08
0.0885	0.854172			8850.0	1.27263e-08
0.08855	0.854172			8855.0	6.98117e-09
0.0886	0.851621			8860.0	9.91765e-09
0.08865	0.861824			8865.0	2.91892e-09
0.0887	0.859273			8870.0	1.02121e-08
0.08875	0.864375			8875.0	2.13323e-08
0.0888	0.861824			8880.0	1.934e-08
0.08885	0.854172			8885.0	2.23621e-08
0.0889	0.854172			8890.0	1.31653e-10
0.08895	0.859273			8895.0	2.88714e-08
0.089	0.861824			8900.0	1.09876e-08
0.08905	0.851621			8905.0	1.0346e-10
0.0891	0.856723			8910.0	4.47642e-09
0.08915	0.854172			8915.0	1.02521e-08
0.0892	0.856723			8920.0	2.15689e-08
0.08925	0.84907			8925.0	5.69181e-09
0.0893	0.864375			8930.0	8.04768e-09
0.08935	0.864375			8935.0	4.75456e-09
0.0894	0.854172			8940.0	5.7612e-09
0.08945	0.854172			8945.0	3.86236e-09
0.0895	0.856723			8950.0	1.29161e-09
0.08955	0.856723			8955.0	1.83397e-09
0.0896	0.851621			8960.0	8.85527e-10
0.08965	0.841418			8965.0	3.09432e-10
0.0897	0.856723			8970.0	2.37789e-09
0.08975	0.856723			8975.0	3.79208e-09
0.0898	0.861824			8980.0	5.70227e-09
0.08985	0.864375			8985.0	1.17857e-09
0.0899	0.856723			8990.0	3.79227e-09
0.08995	0.859273			8995.0	2.01442e-09
0.09	0.854172			9000.0	1.42597e-08
0.09005	0.856723			9005.0	2.12645e-08
0.0901	0.854172			9010.0	1.81077e-08
0.09015	0.859273			9015.0	3.54148e-09
0.0902	0.854172			9020.0	3.83576e-09
0.09025	0.861824			9025.0	1.05714e-08
0.0903	0.864375			9030.0	1.82187e-08
0.09035	0.869477			9035.0	8.84235e-09
0.0904	0.859273			9040.0	3.86415e-09
0.09045	0.859273			9045.0	5.86166e-10
0.0905	0.846519			9050.0	1.22237e-09
0.09055	0.846519			9055.0	1.39591e-09
0.0906	0.851621			9060.0	1.41061e-09
0.09065	0.854172			9065.0	8.82457e-09
0.0907	0.856723			9070.0	1.19031e-08
0.09075	0.866926			9075.0	2.27252e-08
0.0908	0.864375			9080.0	1.59592e-08
0.09085	0.861824			9085.0	8.92323e-09
0.0909	0.856723			9090.0	1.4454e-09
0.09095	0.861824			9095.0	1.49704e-09
0.091	0.846519			9100.0	9.31679e-10
0.09105	0.854172			9105.0	8.31045e-10
0.0911	0.864375			9110.0	1.73999e-09
0.09115	0.859273			9115.0	7.81615e-09
0.0912	0.854172			9120.0	3.62397e-09
0.09125	0.864375			9125.0	3.49396e-09
0.0913	0.864375			9130.0	1.77076e-08
0.09135	0.84907			9135.0	1.38495e-08
0.0914	0.854172			9140.0	3.45603e-09
0.09145	0.84907			9145.0	5.8714e-10
0.0915	0.856723			9150.0	7.67169e-11
0.09155	0.861824			9155.0	2.37367e-09
0.0916	0.854172			9160.0	4.67472e-09
0.09165	0.859273			9165.0	1.19388e-08
0.0917	0.864375			9170.0	1.34876e-08
0.09175	0.861824			9175.0	6.53652e-09
0.0918	0.864375			9180.0	7.62489e-09
0.09185	0.851621			9185.0	4.78001e-10
0.0919	0.854172			9190.0	8.06486e-09
0.09195	0.856723			9195.0	4.12246e-09
0.092	0.854172			9200.0	5.12763e-09
0.09205	0.861824			9205.0	5.98022e-09
0.0921	0.854172			9210.0	9.08927e-09
0.09215	0.864375			9215.0	5.92005e-09
0.0922	0.854172			9220.0	8.05391e-09
0.09225	0.851621			9225.0	1.94713e-08
0.0923	0.856723			9230.0	1.77063e-08
0.09235	0.854172			9235.0	1.14516e-08
0.0924	0.856723			9240.0	7.25344e-09
0.09245	0.851621			9245.0	1.01093e-08
0.0925	0.851621			9250.0	1.1167e-08
0.09255	0.854172			9255.0	7.91713e-09
0.0926	0.861824			9260.0	5.46932e-09
0.09265	0.864375			9265.0	5.53291e-09
0.0927	0.854172			9270.0	1.48399e-08
0.09275	0.856723			9275.0	2.54056e-09
0.0928	0.859273			9280.0	1.37576e-08
0.09285	0.856723			9285.0	1.82572e-08
0.0929	0.843969			9290.0	8.32761e-09
0.09295	0.851621			9295.0	4.44515e-09
0.093	0.854172			9300.0	3.34007e-09
0.09305	0.859273			9305.0	1.66386e-08
0.0931	0.864375			9310.0	3.37032e-09
0.09315	0.859273			9315.0	8.59647e-10
0.0932	0.861824			9320.0	1.82121e-09
0.09325	0.859273			9325.0	4.92554e-09
0.0933	0.851621			9330.0	3.90926e-08
0.09335	0.851621			9335.0	2.12669e-08
0.0934	0.854172			9340.0	2.1011e-09
0.09345	0.861824			9345.0	4.94594e-10
0.0935	0.864375			9350.0	1.22455e-08
0.09355	0.864375			9355.0	1.53827e-09
0.0936	0.861824			9360.0	7.23165e-09
0.09365	0.856723			9365.0	2.20323e-08
0.0937	0.854172			9370.0	1.25758e-08
0.09375	0.859273			9375.0	7.41746e-09
0.0938	0.851621			9380.0	2.84633e-08
0.09385	0.851621			9385.0	5.75865e-09
0.0939	0.854172			9390.0	1.84718e-08
0.09395	0.859273			9395.0	7.62611e-09
0.094	0.856723			9400.0	1.48317e-09
0.09405	0.864375			9405.0	3.16622e-09
0.0941	0.864375			9410.0	3.76301e-09
0.09415	0.859273			9415.0	2.11233e-09
0.0942	0.856723			9420.0	2.07954e-10
0.09425	0.854172			9425.0	9.718e-09
0.0943	0.84907			9430.0	2.95092e-08
0.09435	0.854172			9435.0	1.22256e-08
0.0944	0.854172			9440.0	4.33056e-09
0.09445	0.864375			9445.0	3.43047e-08
0.0945	0.859273			9450.0	1.52049e-08
0.09455	0.859273			9455.0	3.89348e-09
0.0946	0.859273			9460.0	1.44656e-09
0.09465	0.856723			9465.0	1.40661e-08
0.0947	0.84907			9470.0	9.50886e-09
0.09475	0.84907			9475.0	2.20973e-09
0.0948	0.854172			9480.0	1.25068e-09
0.09485	0.861824			9485.0	1.61109e-09
0.0949	0.861824			9490.0	1.03858e-09
0.09495	0.861824			9495.0	3.81446e-09
0.095	0.854172			9500.0	8.25808e-09
0.09505	0.856723			9505.0	2.79171e-09
0.0951	0.856723			9510.0	6.08696e-10
0.09515	0.854172			9515.0	2.31904e-09
0.0952	0.854172			9520.0	3.96077e-09
0.09525	0.851621			9525.0	1.24809e-08
0.0953	0.84907			9530.0	2.71973e-08
0.09535	0.851621			9535.0	2.22621e-08
0.0954	0.851621			9540.0	1.62786e-08
0.09545	0.864375			9545.0	1.75728e-09
0.0955	0.861824			9550.0	1.81996e-09
0.09555	0.864375			9555.0	6.39117e-09
0.0956	0.864375			9560.0	5.75682e-09
0.09565	0.856723			9565.0	1.70774e-08
0.0957	0.859273			9570.0	3.79987e-08
0.09575	0.854172			9575.0	4.38943e-09
0.0958	0.854172			9580.0	2.07676e-08
0.09585	0.861824			9585.0	4.15466e-08
0.0959	0.859273			9590.0	2.02707e-08
0.09595	0.864375			9595.0	1.14231e-09
0.096	0.864375			9600.0	9.81549e-09
0.09605	0.859273			9605.0	1.21568e-08
0.0961	0.859273			9610.0	8.26935e-09
0.09615	0.84907			9615.0	4.56248e-12
0.0962	0.846519			9620.0	1.5053e-08
0.09625	0.851621			9625.0	1.77555e-08
0.0963	0.854172			9630.0	1.26127e-08
0.09635	0.856723			9635.0	3.88908e-09
0.0964	0.856723			9640.0	8.08774e-11
0.09645	0.856723			9645.0	3.63047e-09
0.0965	0.856723			9650.0	9.74285e-09
0.09655	0.84907			9655.0	1.11294e-08
0.0966	0.84907			9660.0	1.87749e-09
0.09665	0.841418			9665.0	4.81249e-09
0.0967	0.854172			9670.0	1.68413e-09
0.09675	0.854172			9675.0	5.98128e-09
0.0968	0.856723			9680.0	4.55666e-11
0.09685	0.866926			9685.0	5.46823e-09
0.0969	0.859273			9690.0	2.43542e-08
0.09695	0.859273			9695.0	4.16238e-08
0.097	0.851621			9700.0	8.03395e-09
0.09705	0.854172			9705.0	8.94349e-09
0.0971	0.851621			9710.0	7.50882e-09
0.09715	0.856723			9715.0	2.74873e-09
0.0972	0.859273			9720.0	4.14113e-09
0.09725	0.854172			9725.0	2.1964e-09
0.0973	0.851621			9730.0	9.89862e-09
0.09735	0.859273			9735.0	6.24518e-09
0.0974	0.859273			9740.0	2.97026e-09
0.09745	0.854172			9745.0	9.95801e-09
0.0975	0.859273			9750.0	1.40939e-08
0.09755	0.861824			9755.0	1.18216e-11
0.0976	0.856723			9760.0	2.28899e-08
0.09765	0.851621			9765.0	6.1758e-08
0.0977	0.854172			9770.0	4.67428e-08
0.09775	0.851621			9775.0	3.16778e-08
0.0978	0.859273			9780.0	8.24502e-09
0.09785	0.856723			9785.0	3.62372e-10
0.0979	0.859273			9790.0	2.2789e-09
0.09795	0.864375			9795.0	2.67499e-08
0.098	0.859273			9800.0	3.33028e-08
0.09805	0.856723			9805.0	1.02024e-08
0.0981	0.851621			9810.0	1.53729e-09
0.09815	0.84907			9815.0	4.14636e-09
0.0982	0.854172			9820.0	1.06442e-08
0.09825	0.854172			9825.0	9.13032e-10
0.0983	0.856723			9830.0	1.27502e-09
0.09835	0.861824			9835.0	1.06708e-08
0.0984	0.864375			9840.0	2.60515e-08
0.09845	0.854172			9845.0	2.82602e-08
0.0985	0.846519			9850.0	5.87337e-09
0.09855	0.84907			9855.0	1.04161e-09
0.0986	0.846519			9860.0	6.7079e-09
0.09865	0.854172			9865.0	2.64111e-09
0.0987	0.864375			9870.0	4.51803e-09
0.09875	0.864375			9875.0	8.65223e-10
0.0988	0.856723			9880.0	2.3329e-08
0.09885	0.854172			9885.0	2.33562e-08
0.0989	0.859273			9890.0	1.13383e-08
0.09895	0.84907			9895.0	4.7269e-09
0.099	0.84907			9900.0	1.27279e-08
0.09905	0.854172			9905.0	1.73788e-08
0.0991	0.854172			9910.0	9.41148e-09
0.09915	0.851621			9915.0	2.07837e-10
0.0992	0.861824			9920.0	1.15464e-09
0.09925	0.864375			9925.0	4.63891e-09
0.0993	0.851621			9930.0	2.69453e-10
0.09935	0.854172			9935.0	4.64387e-10
0.0994	0.854172			9940.0	4.52017e-09
0.09945	0.856723			9945.0	1.08609e-08
0.0995	0.854172			9950.0	1.01237e-08
0.09955	0.854172			9955.0	2.5857e-09
0.0996	0.854172			9960.0	4.29451e-09
0.09965	0.859273			9965.0	9.91005e-09
0.0997	0.861824			9970.0	5.53296e-09
0.09975	0.854172			9975.0	5.96487e-09
0.0998	0.856723			9980.0	2.75029e-09
0.09985	0.854172			9985.0	1.95159e-08
0.0999	0.856723			9990.0	2.82142e-08
0.09995	0.854172			9995.0	1.32548e-08
0.1	0.846519				
0.10005	0.856723				
0.1001	0.859273				
0.10015	0.856723				
0.1002	0.864375				
0.10025	0.861824				
0.1003	0.854172				
0.10035	0.84907				
0.1004	0.846519				
0.10045	0.84907				
0.1005	0.854172				
0.10055	0.856723				
0.1006	0.861824				
0.10065	0.859273				
0.1007	0.864375				
0.10075	0.856723				
0.1008	0.856723				
0.10085	0.84907				
0.1009	0.851621				
0.10095	0.854172				
0.101	0.861824				
0.10105	0.859273				
0.1011	0.854172				
0.10115	0.854172				
0.1012	0.861824				
0.10125	0.856723				
0.1013	0.851621				
0.10135	0.846519				
0.1014	0.856723				
0.10145	0.864375				
0.1015	0.851621				
0.10155	0.864375				
0.1016	0.859273				
0.10165	0.856723				
0.1017	0.856723				
0.10175	0.854172				
0.1018	0.84907				
0.10185	0.84907				
0.1019	0.854172				
0.10195	0.859273				
0.102	0.861824				
0.10205	0.851621				
0.1021	0.859273				
0.10215	0.856723				
0.1022	0.859273				
0.10225	0.859273				
0.1023	0.851621				
0.10235	0.84907				
0.1024	0.854172				
0.10245	0.856723				
0.1025	0.856723				
0.10255	0.861824				
0.1026	0.864375				
0.10265	0.859273				
0.1027	0.856723				
0.10275	0.84907				
0.1028	0.851621				
0.10285	0.851621				
0.1029	0.854172				
0.10295	0.856723				
0.103	0.856723				
0.10305	0.859273				
0.1031	0.856723				
0.10315	0.854172				
0.1032	0.854172				
0.10325	0.846519				
0.1033	0.851621				
0.10335	0.859273				
0.1034	0.856723				
0.10345	0.854172				
0.1035	0.856723				
0.10355	0.864375				
0.1036	0.856723				
0.10365	0.84907				
0.1037	0.84907				
0.10375	0.851621				
0.1038	0.859273				
0.10385	0.859273				
0.1039	0.856723				
0.10395	0.859273				
0.104	0.859273				
0.10405	0.854172				
0.1041	0.859273				
0.10415	0.84907				
0.1042	0.84907				
0.10425	0.861824				
0.1043	0.861824				
0.10435	0.851621				
0.1044	0.854172				
0.10445	0.856723				
0.1045	0.856723				
0.10455	0.854172				
0.1046	0.861824				
0.10465	0.846519				
0.1047	0.854172				
0.10475	0.866926				
0.1048	0.856723				
0.10485	0.859273				
0.1049	0.854172				
0.10495	0.859273				
0.105	0.854172				
0.10505	0.856723				
0.1051	0.864375				
0.10515	0.846519				
0.1052	0.851621				
0.10525	0.84907				
0.1053	0.84907				
0.10535	0.851621				
0.1054	0.861824				
0.10545	0.851621				
0.1055	0.861824				
0.10555	0.84907				
0.1056	0.851621				
0.10565	0.843969				
0.1057	0.851621				
0.10575	0.846519				
0.1058	0.854172				
0.10585	0.859273				
0.1059	0.861824				
0.10595	0.856723				
0.106	0.851621				
0.10605	0.846519				
0.1061	0.84907				
0.10615	0.84907				
0.1062	0.854172				
0.10625	0.854172				
0.1063	0.854172				
0.10635	0.861824				
0.1064	0.854172				
0.10645	0.84907				
0.1065	0.843969				
0.10655	0.846519				
0.1066	0.851621				
0.10665	0.84907				
0.1067	0.861824				
0.10675	0.861824				
0.1068	0.861824				
0.10685	0.856723				
0.1069	0.854172				
0.10695	0.84907				
0.107	0.84907				
0.10705	0.854172				
0.1071	0.861824				
0.10715	0.859273				
0.1072	0.869477				
0.10725	0.864375				
0.1073	0.856723				
0.10735	0.856723				
0.1074	0.84907				
0.10745	0.856723				
0.1075	0.841418				
0.10755	0.859273				
0.1076	0.856723				
0.10765	0.861824				
0.1077	0.859273				
0.10775	0.856723				
0.1078	0.843969				
0.10785	0.851621				
0.1079	0.851621				
0.10795	0.854172				
0.108	0.851621				
0.10805	0.854172				
0.1081	0.84907				
0.10815	0.856723				
0.1082	0.854172				
0.10825	0.851621				
0.1083	0.861824				
0.10835	0.84907				
0.1084	0.84907				
0.10845	0.864375				
0.1085	0.856723				
0.10855	0.84907				
0.1086	0.854172				
0.10865	0.854172				
0.1087	0.854172				
0.10875	0.856723				
0.1088	0.854172				
0.10885	0.846519				
0.1089	0.843969				
0.10895	0.854172				
0.109	0.854172				
0.10905	0.856723				
0.1091	0.861824				
0.10915	0.854172				
0.1092	0.854172				
0.10925	0.851621				
0.1093	0.841418				
0.10935	0.84907				
0.1094	0.851621				
0.10945	0.851621				
0.1095	0.859273				
0.10955	0.854172				
0.1096	0.861824				
0.10965	0.856723				
0.1097	0.854172				
0.10975	0.84907				
0.1098	0.846519				
0.10985	0.851621				
0.1099	0.851621				
0.10995	0.851621				
0.11	0.861824				
0.11005	0.859273				
0.1101	0.854172				
0.11015	0.851621				
0.1102	0.851621				
0.11025	0.84907				
0.1103	0.84907				
0.11035	0.854172				
0.1104	0.854172				
0.11045	0.856723				
0.1105	0.859273				
0.11055	0.854172				
0.1106	0.859273				
0.11065	0.854172				
0.1107	0.851621				
0.11075	0.841418				
0.1108	0.851621				
0.11085	0.843969				
0.1109	0.854172				
0.11095	0.851621				
0.111	0.854172				
0.11105	0.854172				
0.1111	0.856723				
0.11115	0.854172				
0.1112	0.84907				
0.11125	0.846519				
0.1113	0.843969				
0.11135	0.856723				
0.1114	0.854172				
0.11145	0.856723				
0.1115	0.861824				
0.11155	0.854172				
0.1116	0.851621				
0.11165	0.846519				
0.1117	0.84907				
0.11175	0.84907				
0.1118	0.851621				
0.11185	0.856723				
0.1119	0.856723				
0.11195	0.856723				
0.112	0.854172				
0.11205	0.851621				
0.1121	0.841418				
0.11215	0.851621				
0.1122	0.851621				
0.11225	0.851621				
0.1123	0.856723				
0.11235	0.859273				
0.1124	0.859273				
0.11245	0.84907				
0.1125	0.854172				
0.11255	0.84907				
0.1126	0.843969				
0.11265	0.856723				
0.1127	0.843969				
0.11275	0.84907				
0.1128	0.856723				
0.11285	0.861824				
0.1129	0.841418				
0.11295	0.851621				
0.113	0.854172				
0.11305	0.854172				
0.1131	0.851621				
0.11315	0.843969				
0.1132	0.84907				
0.11325	0.854172				
0.1133	0.864375				
0.11335	0.861824				
0.1134	0.856723				
0.11345	0.856723				
0.1135	0.84907				
0.11355	0.843969				
0.1136	0.854172				
0.11365	0.854172				
0.1137	0.859273				
0.11375	0.856723				
0.1138	0.859273				
0.11385	0.856723				
0.1139	0.851621				
0.11395	0.843969				
0.114	0.836316				
0.11405	0.84907				
0.1141	0.856723				
0.11415	0.854172				
0.1142	0.864375				
0.11425	0.859273				
0.1143	0.84907				
0.11435	0.846519				
0.1144	0.846519				
0.11445	0.84907				
0.1145	0.854172				
0.11455	0.854172				
0.1146	0.856723				
0.11465	0.854172				
0.1147	0.84907				
0.11475	0.846519				
0.1148	0.854172				
0.11485	0.846519				
0.1149	0.846519				
0.11495	0.846519				
0.115	0.84907				
0.11505	0.841418				
0.1151	0.854172				
0.11515	0.854172				
0.1152	0.854172				
0.11525	0.854172				
0.1153	0.854172				
0.11535	0.851621				
0.1154	0.84907				
0.11545	0.856723				
0.1155	0.84907				
0.11555	0.851621				
0.1156	0.854172				
0.11565	0.856723				
0.1157	0.856723				
0.11575	0.851621				
0.1158	0.851621				
0.11585	0.846519				
0.1159	0.84907				
0.11595	0.84907				
0.116	0.856723				
0.11605	0.859273				
0.1161	0.861824				
0.11615	0.856723				
0.1162	0.846519				
0.11625	0.846519				
0.1163	0.841418				
0.11635	0.84907				
0.1164	0.854172				
0.11645	0.854172				
0.1165	0.859273				
0.11655	0.854172				
0.1166	0.851621				
0.11665	0.851621				
0.1167	0.854172				
0.11675	0.851621				
0.1168	0.84907				
0.11685	0.851621				
0.1169	0.846519				
0.11695	0.854172				
0.117	0.856723				
0.11705	0.854172				
0.1171	0.84907				
0.11715	0.854172				
0.1172	0.843969				
0.11725	0.84907				
0.1173	0.851621				
0.11735	0.846519				
0.1174	0.854172				
0.11745	0.859273				
0.1175	0.851621				
0.11755	0.851621				
0.1176	0.843969				
0.11765	0.843969				
0.1177	0.84907				
0.11775	0.851621				
0.1178	0.851621				
0.11785	0.859273				
0.1179	0.856723				
0.11795	0.851621				
0.118	0.84907				
0.11805	0.843969				
0.1181	0.851621				
0.11815	0.846519				
0.1182	0.84907				
0.11825	0.84907				
0.1183	0.84907				
0.11835	0.856723				
0.1184	0.854172				
0.11845	0.843969				
0.1185	0.856723				
0.11855	0.851621				
0.1186	0.851621				
0.11865	0.841418				
0.1187	0.851621				
0.11875	0.84907				
0.1188	0.84907				
0.11885	0.854172				
0.1189	0.846519				
0.11895	0.84907				
0.119	0.851621				
0.11905	0.841418				
0.1191	0.851621				
0.11915	0.851621				
0.1192	0.854172				
0.11925	0.854172				
0.1193	0.851621				
0.11935	0.851621				
0.1194	0.851621				
0.11945	0.851621				
0.1195	0.846519				
0.11955	0.841418				
0.1196	0.84907				
0.11965	0.854172				
0.1197	0.854172				
0.11975	0.854172				
0.1198	0.84907				
0.11985	0.854172				
0.1199	0.851621				
0.11995	0.854172				
0.12	0.838867				
0.12005	0.851621				
0.1201	0.854172				
0.12015	0.854172				
0.1202	0.851621				
0.12025	0.854172				
0.1203	0.84907				
0.12035	0.854172				
0.1204	0.84907				
0.12045	0.846519				
0.1205	0.854172				
0.12055	0.84907				
0.1206	0.84907				
0.12065	0.854172				
0.1207	0.856723				
0.12075	0.859273				
0.1208	0.851621				
0.12085	0.854172				
0.1209	0.843969				
0.12095	0.84907				
0.121	0.856723				
0.12105	0.851621				
0.1211	0.861824				
0.12115	0.856723				
0.1212	0.851621				
0.12125	0.84907				
0.1213	0.846519				
0.12135	0.846519				
0.1214	0.854172				
0.12145	0.84907				
0.1215	0.856723				
0.12155	0.854172				
0.1216	0.84907				
0.12165	0.851621				
0.1217	0.854172				
0.12175	0.84907				
0.1218	0.856723				
0.12185	0.846519				
0.1219	0.843969				
0.12195	0.838867				
0.122	0.843969				
0.12205	0.846519				
0.1221	0.856723				
0.12215	0.861824				
0.1222	0.854172				
0.12225	0.854172				
0.1223	0.843969				
0.12235	0.838867				
0.1224	0.84907				
0.12245	0.843969				
0.1225	0.843969				
0.12255	0.864375				
0.1226	0.861824				
0.12265	0.851621				
0.1227	0.846519				
0.12275	0.841418				
0.1228	0.843969				
0.12285	0.836316				
0.1229	0.84907				
0.12295	0.843969				
0.123	0.84907				
0.12305	0.856723				
0.1231	0.854172				
0.12315	0.846519				
0.1232	0.838867				
0.12325	0.843969				
0.1233	0.843969				
0.12335	0.854172				
0.1234	0.864375				
0.12345	0.859273				
0.1235	0.854172				
0.12355	0.843969				
0.1236	0.84907				
0.12365	0.841418				
0.1237	0.84907				
0.12375	0.854172				
0.1238	0.859273				
0.12385	0.854172				
0.1239	0.84907				
0.12395	0.843969				
0.124	0.84907				
0.12405	0.851621				
0.1241	0.846519				
0.12415	0.846519				
0.1242	0.846519				
0.12425	0.856723				
0.1243	0.843969				
0.12435	0.851621				
0.1244	0.859273				
0.12445	0.84907				
0.1245	0.843969				
0.12455	0.851621				
0.1246	0.84907				
0.12465	0.84907				
0.1247	0.84907				
0.12475	0.84907				
0.1248	0.854172				
0.12485	0.843969				
0.1249	0.851621				
0.12495	0.856723				
0.125	0.851621				
0.12505	0.843969				
0.1251	0.843969				
0.12515	0.851621				
0.1252	0.851621				
0.12525	0.851621				
0.1253	0.854172				
0.12535	0.859273				
0.1254	0.854172				
0.12545	0.84907				
0.1255	0.846519				
0.12555	0.843969				
0.1256	0.841418				
0.12565	0.851621				
0.1257	0.851621				
0.12575	0.854172				
0.1258	0.854172				
0.12585	0.84907				
0.1259	0.851621				
0.12595	0.841418				
0.126	0.843969				
0.12605	0.841418				
0.1261	0.84907				
0.12615	0.851621				
0.1262	0.851621				
0.12625	0.859273				
0.1263	0.851621				
0.12635	0.84907				
0.1264	0.846519				
0.12645	0.84907				
0.1265	0.843969				
0.12655	0.843969				
0.1266	0.854172				
0.12665	0.846519				
0.1267	0.854172				
0.12675	0.854172				
0.1268	0.846519				
0.12685	0.84907				
0.1269	0.841418				
0.12695	0.843969				
0.127	0.841418				
0.12705	0.84907				
0.1271	0.846519				
0.12715	0.864375				
0.1272	0.854172				
0.12725	0.854172				
0.1273	0.84907				
0.12735	0.854172				
0.1274	0.846519				
0.12745	0.843969				
0.1275	0.84907				
0.12755	0.843969				
0.1276	0.851621				
0.12765	0.851621				
0.1277	0.84907				
0.12775	0.846519				
0.1278	0.84907				
0.12785	0.843969				
0.1279	0.843969				
0.12795	0.851621				
0.128	0.841418				
0.12805	0.846519				
0.1281	0.856723				
0.12815	0.851621				
0.1282	0.851621				
0.12825	0.843969				
0.1283	0.838867				
0.12835	0.843969				
0.1284	0.843969				
0.12845	0.851621				
0.1285	0.851621				
0.12855	0.854172				
0.1286	0.84907				
0.12865	0.854172				
0.1287	0.851621				
0.12875	0.838867				
0.1288	0.846519				
0.12885	0.851621				
0.1289	0.84907				
0.12895	0.843969				
0.129	0.851621				
0.12905	0.854172				
0.1291	0.843969				
0.12915	0.851621				
0.1292	0.851621				
0.12925	0.846519				
0.1293	0.843969				
0.12935	0.843969				
0.1294	0.851621				
0.12945	0.84907				
0.1295	0.854172				
0.12955	0.854172				
0.1296	0.851621				
0.12965	0.841418				
0.1297	0.841418				
0.12975	0.843969				
0.1298	0.84907				
0.12985	0.851621				
0.1299	0.84907				
0.12995	0.859273				
0.13	0.859273				
0.13005	0.854172				
0.1301	0.836316				
0.13015	0.846519				
0.1302	0.84907				
0.13025	0.841418				
0.1303	0.856723				
0.13035	0.851621				
0.1304	0.851621				
0.13045	0.84907				
0.1305	0.846519				
0.13055	0.843969				
0.1306	0.843969				
0.13065	0.851621				
0.1307	0.846519				
0.13075	0.833766				
0.1308	0.846519				
0.13085	0.843969				
0.1309	0.854172				
0.13095	0.856723				
0.131	0.854172				
0.13105	0.851621				
0.1311	0.856723				
0.13115	0.843969				
0.1312	0.843969				
0.13125	0.843969				
0.1313	0.851621				
0.13135	0.856723				
0.1314	0.854172				
0.13145	0.851621				
0.1315	0.846519				
0.13155	0.833766				
0.1316	0.841418				
0.13165	0.838867				
0.1317	0.841418				
0.13175	0.851621				
0.1318	0.846519				
0.13185	0.854172				
0.1319	0.846519				
0.13195	0.846519				
0.132	0.851621				
0.13205	0.841418				
0.1321	0.851621				
0.13215	0.84907				
0.1322	0.84907				
0.13225	0.859273				
0.1323	0.859273				
0.13235	0.851621				
0.1324	0.84907				
0.13245	0.856723				
0.1325	0.843969				
0.13255	0.846519				
0.1326	0.851621				
0.13265	0.84907				
0.1327	0.851621				
0.13275	0.84907				
0.1328	0.846519				
0.13285	0.854172				
0.1329	0.854172				
0.13295	0.841418				
0.133	0.843969				
0.13305	0.843969				
0.1331	0.84907				
0.13315	0.841418				
0.1332	0.854172				
0.13325	0.856723				
0.1333	0.841418				
0.13335	0.856723				
0.1334	0.843969				
0.13345	0.846519				
0.1335	0.841418				
0.13355	0.84907				
0.1336	0.851621				
0.13365	0.854172				
0.1337	0.851621				
0.13375	0.851621				
0.1338	0.84907				
0.13385	0.843969				
0.1339	0.841418				
0.13395	0.846519				
0.134	0.841418				
0.13405	0.843969				
0.1341	0.846519				
0.13415	0.859273				
0.1342	0.846519				
0.13425	0.846519				
0.1343	0.843969				
0.13435	0.851621				
0.1344	0.841418				
0.13445	0.843969				
0.1345	0.854172				
0.13455	0.851621				
0.1346	0.846519				
0.13465	0.851621				
0.1347	0.854172				
0.13475	0.851621				
0.1348	0.851621				
0.13485	0.843969				
0.1349	0.851621				
0.13495	0.843969				
0.135	0.84907				
0.13505	0.84907				
0.1351	0.843969				
0.13515	0.843969				
0.1352	0.84907				
0.13525	0.84907				
0.1353	0.841418				
0.13535	0.836316				
0.1354	0.843969				
0.13545	0.841418				
0.1355	0.84907				
0.13555	0.846519				
0.1356	0.846519				
0.13565	0.854172				
0.1357	0.84907				
0.13575	0.843969				
0.1358	0.843969				
0.13585	0.846519				
0.1359	0.846519				
0.13595	0.851621				
0.136	0.854172				
0.13605	0.854172				
0.1361	0.843969				
0.13615	0.851621				
0.1362	0.854172				
0.13625	0.843969				
0.1363	0.846519				
0.13635	0.843969				
0.1364	0.84907				
0.13645	0.859273				
0.1365	0.851621				
0.13655	0.851621				
0.1366	0.846519				
0.13665	0.841418				
0.1367	0.841418				
0.13675	0.843969				
0.1368	0.851621				
0.13685	0.851621				
0.1369	0.856723				
0.13695	0.84907				
0.137	0.843969				
0.13705	0.84907				
0.1371	0.84907				
0.13715	0.846519				
0.1372	0.84907				
0.13725	0.84907				
0.1373	0.841418				
0.13735	0.851621				
0.1374	0.84907				
0.13745	0.854172				
0.1375	0.84907				
0.13755	0.84907				
0.1376	0.846519				
0.13765	0.836316				
0.1377	0.84907				
0.13775	0.843969				
0.1378	0.843969				
0.13785	0.859273				
0.1379	0.856723				
0.13795	0.846519				
0.138	0.851621				
0.13805	0.843969				
0.1381	0.838867				
0.13815	0.836316				
0.1382	0.841418				
0.13825	0.843969				
0.1383	0.854172				
0.13835	0.859273				
0.1384	0.859273				
0.13845	0.851621				
0.1385	0.843969				
0.13855	0.838867				
0.1386	0.836316				
0.13865	0.84907				
0.1387	0.851621				
0.13875	0.854172				
0.1388	0.854172				
0.13885	0.856723				
0.1389	0.846519				
0.13895	0.843969				
0.139	0.836316				
0.13905	0.851621				
0.1391	0.84907				
0.13915	0.84907				
0.1392	0.84907				
0.13925	0.854172				
0.1393	0.851621				
0.13935	0.854172				
0.1394	0.843969				
0.13945	0.833766				
0.1395	0.833766				
0.13955	0.841418				
0.1396	0.843969				
0.13965	0.846519				
0.1397	0.854172				
0.13975	0.846519				
0.1398	0.851621				
0.13985	0.838867				
0.1399	0.841418				
0.13995	0.846519				
0.14	0.84907				
0.14005	0.846519				
0.1401	0.846519				
0.14015	0.84907				
0.1402	0.851621				
0.14025	0.841418				
0.1403	0.846519				
0.14035	0.843969				
0.1404	0.851621				
0.14045	0.846519				
0.1405	0.851621				
0.14055	0.851621				
0.1406	0.838867				
0.14065	0.846519				
0.1407	0.84907				
0.14075	0.846519				
0.1408	0.846519				
0.14085	0.846519				
0.1409	0.841418				
0.14095	0.851621				
0.141	0.84907				
0.14105	0.843969				
0.1411	0.856723				
0.14115	0.851621				
0.1412	0.846519				
0.14125	0.851621				
0.1413	0.841418				
0.14135	0.846519				
0.1414	0.843969				
0.14145	0.833766				
0.1415	0.841418				
0.14155	0.851621				
0.1416	0.854172				
0.14165	0.846519				
0.1417	0.846519				
0.14175	0.851621				
0.1418	0.843969				
0.14185	0.836316				
0.1419	0.841418				
0.14195	0.843969				
0.142	0.841418				
0.14205	0.851621				
0.1421	0.854172				
0.14215	0.854172				
0.1422	0.846519				
0.14225	0.843969				
0.1423	0.843969				
0.14235	0.843969				
0.1424	0.843969				
0.14245	0.854172				
0.1425	0.851621				
0.14255	0.84907				
0.1426	0.846519				
0.14265	0.851621				
0.1427	0.846519				
0.14275	0.841418				
0.1428	0.838867				
0.14285	0.846519				
0.1429	0.843969				
0.14295	0.854172				
0.143	0.856723				
0.14305	0.84907				
0.1431	0.843969				
0.14315	0.841418				
0.1432	0.836316				
0.14325	0.846519				
0.1433	0.843969				
0.14335	0.846519				
0.1434	0.846519				
0.14345	0.854172				
0.1435	0.843969				
0.14355	0.843969				
0.1436	0.846519				
0.14365	0.838867				
0.1437	0.843969				
0.14375	0.841418				
0.1438	0.84907				
0.14385	0.851621				
0.1439	0.843969				
0.14395	0.846519				
0.144	0.846519				
0.14405	0.846519				
0.1441	0.84907				
0.14415	0.843969				
0.1442	0.84907				
0.14425	0.854172				
0.1443	0.851621				
0.14435	0.846519				
0.1444	0.851621				
0.14445	0.854172				
0.1445	0.854172				
0.14455	0.843969				
0.1446	0.851621				
0.14465	0.843969				
0.1447	0.841418				
0.14475	0.84907				
0.1448	0.843969				
0.14485	0.84907				
0.1449	0.854172				
0.14495	0.856723				
0.145	0.84907				
0.14505	0.843969				
0.1451	0.841418				
0.14515	0.841418				
0.1452	0.841418				
0.14525	0.843969				
0.1453	0.846519				
0.14535	0.838867				
0.1454	0.846519				
0.14545	0.843969				
0.1455	0.843969				
0.14555	0.846519				
0.1456	0.846519				
0.14565	0.843969				
0.1457	0.851621				
0.14575	0.851621				
0.1458	0.84907				
0.14585	0.846519				
0.1459	0.846519				
0.14595	0.851621				
0.146	0.843969				
0.14605	0.84907				
0.1461	0.843969				
0.14615	0.84907				
0.1462	0.838867				
0.14625	0.854172				
0.1463	0.851621				
0.14635	0.854172				
0.1464	0.851621				
0.14645	0.854172				
0.1465	0.841418				
0.14655	0.836316				
0.1466	0.84907				
0.14665	0.854172				
0.1467	0.851621				
0.14675	0.856723				
0.1468	0.846519				
0.14685	0.843969				
0.1469	0.836316				
0.14695	0.841418				
0.147	0.841418				
0.14705	0.846519				
0.1471	0.851621				
0.14715	0.84907				
0.1472	0.84907				
0.14725	0.843969				
0.1473	0.838867				
0.14735	0.843969				
0.1474	0.846519				
0.14745	0.843969				
0.1475	0.84907				
0.14755	0.851621				
0.1476	0.84907				
0.14765	0.84907				
0.1477	0.856723				
0.14775	0.859273				
0.1478	0.84907				
0.14785	0.843969				
0.1479	0.841418				
0.14795	0.838867				
0.148	0.838867				
0.14805	0.846519				
0.1481	0.846519				
0.14815	0.846519				
0.1482	0.851621				
0.14825	0.843969				
0.1483	0.841418				
0.14835	0.846519				
0.1484	0.838867				
0.14845	0.846519				
0.1485	0.841418				
0.14855	0.851621				
0.1486	0.856723				
0.14865	0.854172				
0.1487	0.84907				
0.14875	0.851621				
0.1488	0.84907				
0.14885	0.84907				
0.1489	0.843969				
0.14895	0.836316				
0.149	0.846519				
0.14905	0.841418				
0.1491	0.851621				
0.14915	0.854172				
0.1492	0.841418				
0.14925	0.851621				
0.1493	0.84907				
0.14935	0.833766				
0.1494	0.838867				
0.14945	0.841418				
0.1495	0.841418				
0.14955	0.84907				
0.1496	0.851621				
0.14965	0.856723				
0.1497	0.851621				
0.14975	0.841418				
0.1498	0.843969				
0.14985	0.838867				
0.1499	0.843969				
0.14995	0.851621				
0.15	0.84907				
0.15005	0.843969				
0.1501	0.843969				
0.15015	0.84907				
0.1502	0.846519				
0.15025	0.843969				
0.1503	0.843969				
0.15035	0.84907				
0.1504	0.841418				
0.15045	0.84907				
0.1505	0.846519				
0.15055	0.84907				
0.1506	0.851621				
0.15065	0.84907				
0.1507	0.84907				
0.15075	0.854172				
0.1508	0.84907				
0.15085	0.841418				
0.1509	0.84907				
0.15095	0.843969				
0.151	0.843969				
0.15105	0.854172				
0.1511	0.854172				
0.15115	0.84907				
0.1512	0.846519				
0.15125	0.841418				
0.1513	0.841418				
0.15135	0.843969				
0.1514	0.843969				
0.15145	0.851621				
0.1515	0.846519				
0.15155	0.84907				
0.1516	0.854172				
0.15165	0.846519				
0.1517	0.843969				
0.15175	0.841418				
0.1518	0.838867				
0.15185	0.854172				
0.1519	0.84907				
0.15195	0.859273				
0.152	0.851621				
0.15205	0.851621				
0.1521	0.846519				
0.15215	0.841418				
0.1522	0.841418				
0.15225	0.84907				
0.1523	0.843969				
0.15235	0.851621				
0.1524	0.846519				
0.15245	0.854172				
0.1525	0.851621				
0.15255	0.841418				
0.1526	0.846519				
0.15265	0.841418				
0.1527	0.851621				
0.15275	0.851621				
0.1528	0.846519				
0.15285	0.846519				
0.1529	0.856723				
0.15295	0.854172				
0.153	0.84907				
0.15305	0.851621				
0.1531	0.851621				
0.15315	0.843969				
0.1532	0.846519				
0.15325	0.84907				
0.1533	0.841418				
0.15335	0.854172				
0.1534	0.851621				
0.15345	0.854172				
0.1535	0.851621				
0.15355	0.843969				
0.1536	0.843969				
0.15365	0.836316				
0.1537	0.841418				
0.15375	0.84907				
0.1538	0.851621				
0.15385	0.859273				
0.1539	0.851621				
0.15395	0.851621				
0.154	0.851621				
0.15405	0.846519				
0.1541	0.843969				
0.15415	0.843969				
0.1542	0.851621				
0.15425	0.84907				
0.1543	0.856723				
0.15435	0.851621				
0.1544	0.854172				
0.15445	0.851621				
0.1545	0.851621				
0.15455	0.841418				
0.1546	0.846519				
0.15465	0.843969				
0.1547	0.846519				
0.15475	0.851621				
0.1548	0.851621				
0.15485	0.841418				
0.1549	0.854172				
0.15495	0.843969				
0.155	0.84907				
0.15505	0.843969				
0.1551	0.843969				
0.15515	0.84907				
0.1552	0.84907				
0.15525	0.854172				
0.1553	0.856723				
0.15535	0.859273				
0.1554	0.859273				
0.15545	0.854172				
0.1555	0.851621				
0.15555	0.84907				
0.1556	0.846519				
0.15565	0.843969				
0.1557	0.841418				
0.15575	0.851621				
0.1558	0.851621				
0.15585	0.854172				
0.1559	0.864375				
0.15595	0.861824				
0.156	0.843969				
0.15605	0.843969				
0.1561	0.841418				
0.15615	0.84907				
0.1562	0.854172				
0.15625	0.84907				
0.1563	0.84907				
0.15635	0.84907				
0.1564	0.851621				
0.15645	0.846519				
0.1565	0.841418				
0.15655	0.838867				
0.1566	0.843969				
0.15665	0.84907				
0.1567	0.854172				
0.15675	0.854172				
0.1568	0.843969				
0.15685	0.843969				
0.1569	0.841418				
0.15695	0.838867				
0.157	0.833766				
0.15705	0.856723				
0.1571	0.854172				
0.15715	0.859273				
0.1572	0.851621				
0.15725	0.854172				
0.1573	0.843969				
0.15735	0.838867				
0.1574	0.843969				
0.15745	0.84907				
0.1575	0.854172				
0.15755	0.846519				
0.1576	0.856723				
0.15765	0.846519				
0.1577	0.843969				
0.15775	0.841418				
0.1578	0.838867				
0.15785	0.843969				
0.1579	0.851621				
0.15795	0.851621				
0.158	0.854172				
0.15805	0.851621				
0.1581	0.84907				
0.15815	0.851621				
0.1582	0.846519				
0.15825	0.851621				
0.1583	0.851621				
0.15835	0.84907				
0.1584	0.84907				
0.15845	0.851621				
0.1585	0.854172				
0.15855	0.846519				
0.1586	0.843969				
0.15865	0.846519				
0.1587	0.843969				
0.15875	0.846519				
0.1588	0.856723				
0.15885	0.851621				
0.1589	0.851621				
0.15895	0.851621				
0.159	0.856723				
0.15905	0.843969				
0.1591	0.84907				
0.15915	0.84907				
0.1592	0.846519				
0.15925	0.836316				
0.1593	0.854172				
0.15935	0.84907				
0.1594	0.851621				
0.15945	0.854172				
0.1595	0.854172				
0.15955	0.854172				
0.1596	0.84907				
0.15965	0.846519				
0.1597	0.843969				
0.15975	0.84907				
0.1598	0.851621				
0.15985	0.84907				
0.1599	0.856723				
0.15995	0.861824				
0.16	0.846519				
0.16005	0.846519				
0.1601	0.843969				
0.16015	0.846519				
0.1602	0.84907				
0.16025	0.843969				
0.1603	0.84907				
0.16035	0.859273				
0.1604	0.854172				
0.16045	0.84907				
0.1605	0.841418				
0.16055	0.84907				
0.1606	0.843969				
0.16065	0.84907				
0.1607	0.84907				
0.16075	0.84907				
0.1608	0.861824				
0.16085	0.843969				
0.1609	0.851621				
0.16095	0.843969				
0.161	0.846519				
0.16105	0.846519				
0.1611	0.841418				
0.16115	0.846519				
0.1612	0.84907				
0.16125	0.841418				
0.1613	0.84907				
0.16135	0.851621				
0.1614	0.854172				
0.16145	0.851621				
0.1615	0.843969				
0.16155	0.851621				
0.1616	0.841418				
0.16165	0.838867				
0.1617	0.841418				
0.16175	0.843969				
0.1618	0.851621				
0.16185	0.851621				
0.1619	0.84907				
0.16195	0.843969				
0.162	0.846519				
0.16205	0.838867				
0.1621	0.841418				
0.16215	0.841418				
0.1622	0.846519				
0.16225	0.846519				
0.1623	0.851621				
0.16235	0.856723				
0.1624	0.84907				
0.16245	0.84907				
0.1625	0.84907				
0.16255	0.841418				
0.1626	0.84907				
0.16265	0.851621				
0.1627	0.84907				
0.16275	0.854172				
0.1628	0.856723				
0.16285	0.861824				
0.1629	0.854172				
0.16295	0.851621				
0.163	0.841418				
0.16305	0.84907				
0.1631	0.851621				
0.16315	0.856723				
0.1632	0.856723				
0.16325	0.856723				
0.1633	0.84907				
0.16335	0.851621				
0.1634	0.843969				
0.16345	0.843969				
0.1635	0.846519				
0.16355	0.851621				
0.1636	0.854172				
0.16365	0.851621				
0.1637	0.854172				
0.16375	0.846519				
0.1638	0.841418				
0.16385	0.843969				
0.1639	0.84907				
0.16395	0.841418				
0.164	0.851621				
0.16405	0.84907				
0.1641	0.846519				
0.16415	0.854172				
0.1642	0.851621				
0.16425	0.846519				
0.1643	0.846519				
0.16435	0.843969				
0.1644	0.841418				
0.16445	0.861824				
0.1645	0.843969				
0.16455	0.856723				
0.1646	0.851621				
0.16465	0.856723				
0.1647	0.854172				
0.16475	0.856723				
0.1648	0.838867				
0.16485	0.841418				
0.1649	0.851621				
0.16495	0.841418				
0.165	0.846519				
0.16505	0.856723				
0.1651	0.861824				
0.16515	0.854172				
0.1652	0.851621				
0.16525	0.843969				
0.1653	0.836316				
0.16535	0.843969				
0.1654	0.851621				
0.16545	0.846519				
0.1655	0.846519				
0.16555	0.861824				
0.1656	0.854172				
0.16565	0.841418				
0.1657	0.851621				
0.16575	0.843969				
0.1658	0.843969				
0.16585	0.84907				
0.1659	0.84907				
0.16595	0.843969				
0.166	0.851621				
0.16605	0.854172				
0.1661	0.84907				
0.16615	0.851621				
0.1662	0.846519				
0.16625	0.843969				
0.1663	0.843969				
0.16635	0.851621				
0.1664	0.84907				
0.16645	0.846519				
0.1665	0.851621				
0.16655	0.856723				
0.1666	0.851621				
0.16665	0.854172				
0.1667	0.843969				
0.16675	0.84907				
0.1668	0.854172				
0.16685	0.846519				
0.1669	0.851621				
0.16695	0.854172				
0.167	0.854172				
0.16705	0.856723				
0.1671	0.846519				
0.16715	0.846519				
0.1672	0.843969				
0.16725	0.841418				
0.1673	0.854172				
0.16735	0.84907				
0.1674	0.843969				
0.16745	0.851621				
0.1675	0.84907				
0.16755	0.84907				
0.1676	0.84907				
0.16765	0.846519				
0.1677	0.84907				
0.16775	0.846519				
0.1678	0.851621				
0.16785	0.854172				
0.1679	0.854172				
0.16795	0.851621				
0.168	0.846519				
0.16805	0.843969				
0.1681	0.841418				
0.16815	0.841418				
0.1682	0.854172				
0.16825	0.84907				
0.1683	0.84907				
0.16835	0.846519				
0.1684	0.864375				
0.16845	0.854172				
0.1685	0.846519				
0.16855	0.841418				
0.1686	0.851621				
0.16865	0.836316				
0.1687	0.843969				
0.16875	0.854172				
0.1688	0.856723				
0.16885	0.854172				
0.1689	0.851621				
0.16895	0.84907				
0.169	0.841418				
0.16905	0.846519				
0.1691	0.846519				
0.16915	0.846519				
0.1692	0.856723				
0.16925	0.864375				
0.1693	0.854172				
0.16935	0.84907				
0.1694	0.843969				
0.16945	0.84907				
0.1695	0.846519				
0.16955	0.84907				
0.1696	0.84907				
0.16965	0.851621				
0.1697	0.851621				
0.16975	0.856723				
0.1698	0.854172				
0.16985	0.851621				
0.1699	0.84907				
0.16995	0.846519				
0.17	0.84907				
0.17005	0.846519				
0.1701	0.846519				
0.17015	0.851621				
0.1702	0.856723				
0.17025	0.851621				
0.1703	0.854172				
0.17035	0.84907				
0.1704	0.841418				
0.17045	0.846519				
0.1705	0.846519				
0.17055	0.854172				
0.1706	0.856723				
0.17065	0.854172				
0.1707	0.854172				
0.17075	0.84907				
0.1708	0.84907				
0.17085	0.843969				
0.1709	0.846519				
0.17095	0.851621				
0.171	0.841418				
0.17105	0.856723				
0.1711	0.846519				
0.17115	0.846519				
0.1712	0.846519				
0.17125	0.836316				
0.1713	0.838867				
0.17135	0.846519				
0.1714	0.851621				
0.17145	0.843969				
0.1715	0.851621				
0.17155	0.84907				
0.1716	0.843969				
0.17165	0.846519				
0.1717	0.841418				
0.17175	0.843969				
0.1718	0.84907				
0.17185	0.84907				
0.1719	0.841418				
0.17195	0.851621				
0.172	0.851621				
0.17205	0.841418				
0.1721	0.846519				
0.17215	0.841418				
0.1722	0.838867				
0.17225	0.841418				
0.1723	0.851621				
0.17235	0.838867				
0.1724	0.843969				
0.17245	0.854172				
0.1725	0.836316				
0.17255	0.84907				
0.1726	0.851621				
0.17265	0.854172				
0.1727	0.851621				
0.17275	0.84907				
0.1728	0.851621				
0.17285	0.854172				
0.1729	0.854172				
0.17295	0.859273				
0.173	0.854172				
0.17305	0.854172				
0.1731	0.84907				
0.17315	0.836316				
0.1732	0.838867				
0.17325	0.843969				
0.1733	0.843969				
0.17335	0.859273				
0.1734	0.861824				
0.17345	0.859273				
0.1735	0.854172				
0.17355	0.843969				
0.1736	0.843969				
0.17365	0.841418				
0.1737	0.843969				
0.17375	0.854172				
0.1738	0.859273				
0.17385	0.856723				
0.1739	0.854172				
0.17395	0.851621				
0.174	0.851621				
0.17405	0.841418				
0.1741	0.843969				
0.17415	0.84907				
0.1742	0.84907				
0.17425	0.856723				
0.1743	0.854172				
0.17435	0.854172				
0.1744	0.851621				
0.17445	0.84907				
0.1745	0.851621				
0.17455	0.843969				
0.1746	0.851621				
0.17465	0.851621				
0.1747	0.84907				
0.17475	0.856723				
0.1748	0.851621				
0.17485	0.843969				
0.1749	0.84907				
0.17495	0.846519				
0.175	0.843969				
0.17505	0.854172				
0.1751	0.851621				
0.17515	0.859273				
0.1752	0.843969				
0.17525	0.851621				
0.1753	0.84907				
0.17535	0.84907				
0.1754	0.843969				
0.17545	0.846519				
0.1755	0.851621				
0.17555	0.84907				
0.1756	0.856723				
0.17565	0.84907				
0.1757	0.851621				
0.17575	0.851621				
0.1758	0.854172				
0.17585	0.846519				
0.1759	0.838867				
0.17595	0.851621				
0.176	0.851621				
0.17605	0.856723				
0.1761	0.851621				
0.17615	0.851621				
0.1762	0.851621				
0.17625	0.859273				
0.1763	0.84907				
0.17635	0.846519				
0.1764	0.836316				
0.17645	0.851621				
0.1765	0.856723				
0.17655	0.854172				
0.1766	0.854172				
0.17665	0.851621				
0.1767	0.851621				
0.17675	0.84907				
0.1768	0.84907				
0.17685	0.843969				
0.1769	0.843969				
0.17695	0.856723				
0.177	0.854172				
0.17705	0.861824				
0.1771	0.854172				
0.17715	0.84907				
0.1772	0.846519				
0.17725	0.841418				
0.1773	0.843969				
0.17735	0.854172				
0.1774	0.856723				
0.17745	0.851621				
0.1775	0.859273				
0.17755	0.854172				
0.1776	0.843969				
0.17765	0.851621				
0.1777	0.843969				
0.17775	0.84907				
0.1778	0.841418				
0.17785	0.851621				
0.1779	0.84907				
0.17795	0.856723				
0.178	0.856723				
0.17805	0.843969				
0.1781	0.854172				
0.17815	0.84907				
0.1782	0.84907				
0.17825	0.843969				
0.1783	0.84907				
0.17835	0.851621				
0.1784	0.846519				
0.17845	0.851621				
0.1785	0.859273				
0.17855	0.84907				
0.1786	0.856723				
0.17865	0.851621				
0.1787	0.84907				
0.17875	0.851621				
0.1788	0.84907				
0.17885	0.851621				
0.1789	0.856723				
0.17895	0.851621				
0.179	0.859273				
0.17905	0.851621				
0.1791	0.846519				
0.17915	0.843969				
0.1792	0.851621				
0.17925	0.856723				
0.1793	0.854172				
0.17935	0.856723				
0.1794	0.846519				
0.17945	0.841418				
0.1795	0.854172				
0.17955	0.841418				
0.1796	0.854172				
0.17965	0.843969				
0.1797	0.861824				
0.17975	0.859273				
0.1798	0.861824				
0.17985	0.84907				
0.1799	0.856723				
0.17995	0.84907				
0.18	0.861824				
0.18005	0.851621				
0.1801	0.854172				
0.18015	0.854172				
0.1802	0.84907				
0.18025	0.854172				
0.1803	0.851621				
0.18035	0.856723				
0.1804	0.843969				
0.18045	0.841418				
0.1805	0.843969				
0.18055	0.843969				
0.1806	0.846519				
0.18065	0.854172				
0.1807	0.854172				
0.18075	0.854172				
0.1808	0.854172				
0.18085	0.846519				
0.1809	0.851621				
0.18095	0.843969				
0.181	0.846519				
0.18105	0.854172				
0.1811	0.856723				
0.18115	0.861824				
0.1812	0.854172				
0.18125	0.856723				
0.1813	0.84907				
0.18135	0.841418				
0.1814	0.84907				
0.18145	0.84907				
0.1815	0.854172				
0.18155	0.854172				
0.1816	0.854172				
0.18165	0.84907				
0.1817	0.841418				
0.18175	0.851621				
0.1818	0.856723				
0.18185	0.843969				
0.1819	0.854172				
0.18195	0.851621				
0.182	0.851621				
0.18205	0.854172				
0.1821	0.854172				
0.18215	0.84907				
0.1822	0.861824				
0.18225	0.846519				
0.1823	0.851621				
0.18235	0.851621				
0.1824	0.854172				
0.18245	0.854172				
0.1825	0.854172				
0.18255	0.84907				
0.1826	0.854172				
0.18265	0.851621				
0.1827	0.851621				
0.18275	0.836316				
0.1828	0.846519				
0.18285	0.851621				
0.1829	0.84907				
0.18295	0.861824				
0.183	0.861824				
0.18305	0.84907				
0.1831	0.84907				
0.18315	0.854172				
0.1832	0.84907				
0.18325	0.843969				
0.1833	0.846519				
0.18335	0.851621				
0.1834	0.856723				
0.18345	0.854172				
0.1835	0.84907				
0.18355	0.851621				
0.1836	0.856723				
0.18365	0.84907				
0.1837	0.843969				
0.18375	0.843969				
0.1838	0.854172				
0.18385	0.84907				
0.1839	0.854172				
0.18395	0.856723				
0.184	0.859273				
0.18405	0.851621				
0.1841	0.843969				
0.18415	0.846519				
0.1842	0.843969				
0.18425	0.84907				
0.1843	0.854172				
0.18435	0.854172				
0.1844	0.861824				
0.18445	0.854172				
0.1845	0.851621				
0.18455	0.851621				
0.1846	0.836316				
0.18465	0.84907				
0.1847	0.854172				
0.18475	0.859273				
0.1848	0.851621				
0.18485	0.854172				
0.1849	0.856723				
0.18495	0.851621				
0.185	0.854172				
0.18505	0.841418				
0.1851	0.846519				
0.18515	0.851621				
0.1852	0.851621				
0.18525	0.851621				
0.1853	0.856723				
0.18535	0.854172				
0.1854	0.84907				
0.18545	0.851621				
0.1855	0.846519				
0.18555	0.84907				
0.1856	0.843969				
0.18565	0.854172				
0.1857	0.84907				
0.18575	0.859273				
0.1858	0.854172				
0.18585	0.859273				
0.1859	0.851621				
0.18595	0.851621				
0.186	0.84907				
0.18605	0.846519				
0.1861	0.843969				
0.18615	0.84907				
0.1862	0.859273				
0.18625	0.854172				
0.1863	0.856723				
0.18635	0.851621				
0.1864	0.851621				
0.18645	0.836316				
0.1865	0.841418				
0.18655	0.851621				
0.1866	0.854172				
0.18665	0.84907				
0.1867	0.864375				
0.18675	0.84907				
0.1868	0.854172				
0.18685	0.851621				
0.1869	0.843969				
0.18695	0.84907				
0.187	0.846519				
0.18705	0.851621				
0.1871	0.851621				
0.18715	0.856723				
0.1872	0.856723				
0.18725	0.846519				
0.1873	0.84907				
0.18735	0.856723				
0.1874	0.846519				
0.18745	0.851621				
0.1875	0.851621				
0.18755	0.843969				
0.1876	0.851621				
0.18765	0.851621				
0.1877	0.864375				
0.18775	0.861824				
0.1878	0.851621				
0.18785	0.841418				
0.1879	0.843969				
0.18795	0.843969				
0.188	0.851621				
0.18805	0.843969				
0.1881	0.84907				
0.18815	0.854172				
0.1882	0.856723				
0.18825	0.856723				
0.1883	0.851621				
0.18835	0.843969				
0.1884	0.841418				
0.18845	0.851621				
0.1885	0.854172				
0.18855	0.854172				
0.1886	0.864375				
0.18865	0.859273				
0.1887	0.846519				
0.18875	0.846519				
0.1888	0.843969				
0.18885	0.843969				
0.1889	0.84907				
0.18895	0.856723				
0.189	0.851621				
0.18905	0.84907				
0.1891	0.851621				
0.18915	0.854172				
0.1892	0.854172				
0.18925	0.836316				
0.1893	0.851621				
0.18935	0.851621				
0.1894	0.84907				
0.18945	0.851621				
0.1895	0.859273				
0.18955	0.854172				
0.1896	0.856723				
0.18965	0.851621				
0.1897	0.854172				
0.18975	0.84907				
0.1898	0.841418				
0.18985	0.856723				
0.1899	0.851621				
0.18995	0.84907				
0.19	0.854172				
0.19005	0.854172				
0.1901	0.846519				
0.19015	0.854172				
0.1902	0.854172				
0.19025	0.843969				
0.1903	0.846519				
0.19035	0.84907				
0.1904	0.84907				
0.19045	0.84907				
0.1905	0.846519				
0.19055	0.859273				
0.1906	0.854172				
0.19065	0.854172				
0.1907	0.851621				
0.19075	0.84907				
0.1908	0.846519				
0.19085	0.851621				
0.1909	0.854172				
0.19095	0.856723				
0.191	0.861824				
0.19105	0.84907				
0.1911	0.854172				
0.19115	0.851621				
0.1912	0.836316				
0.19125	0.84907				
0.1913	0.841418				
0.19135	0.854172				
0.1914	0.856723				
0.19145	0.856723				
0.1915	0.851621				
0.19155	0.854172				
0.1916	0.854172				
0.19165	0.856723				
0.1917	0.841418				
0.19175	0.851621				
0.1918	0.84907				
0.19185	0.854172				
0.1919	0.859273				
0.19195	0.859273				
0.192	0.843969				
0.19205	0.851621				
0.1921	0.84907				
0.19215	0.846519				
0.1922	0.843969				
0.19225	0.851621				
0.1923	0.851621				
0.19235	0.84907				
0.1924	0.856723				
0.19245	0.851621				
0.1925	0.843969				
0.19255	0.84907				
0.1926	0.84907				
0.19265	0.841418				
0.1927	0.846519				
0.19275	0.851621				
0.1928	0.854172				
0.19285	0.856723				
0.1929	0.84907				
0.19295	0.851621				
0.193	0.851621				
0.19305	0.856723				
0.1931	0.846519				
0.19315	0.846519				
0.1932	0.851621				
0.19325	0.851621				
0.1933	0.851621				
0.19335	0.84907				
0.1934	0.856723				
0.19345	0.856723				
0.1935	0.861824				
0.19355	0.846519				
0.1936	0.854172				
0.19365	0.84907				
0.1937	0.851621				
0.19375	0.851621				
0.1938	0.851621				
0.19385	0.856723				
0.1939	0.851621				
0.19395	0.84907				
0.194	0.84907				
0.19405	0.843969				
0.1941	0.846519				
0.19415	0.84907				
0.1942	0.84907				
0.19425	0.854172				
0.1943	0.861824				
0.19435	0.846519				
0.1944	0.846519				
0.19445	0.851621				
0.1945	0.84907				
0.19455	0.841418				
0.1946	0.846519				
0.19465	0.851621				
0.1947	0.846519				
0.19475	0.854172				
0.1948	0.854172				
0.19485	0.856723				
0.1949	0.851621				
0.19495	0.859273				
0.195	0.851621				
0.19505	0.836316				
0.1951	0.843969				
0.19515	0.851621				
0.1952	0.84907				
0.19525	0.856723				
0.1953	0.856723				
0.19535	0.84907				
0.1954	0.851621				
0.19545	0.846519				
0.1955	0.843969				
0.19555	0.843969				
0.1956	0.851621				
0.19565	0.854172				
0.1957	0.854172				
0.19575	0.856723				
0.1958	0.854172				
0.19585	0.84907				
0.1959	0.846519				
0.19595	0.861824				
0.196	0.843969				
0.19605	0.84907				
0.1961	0.843969				
0.19615	0.84907				
0.1962	0.861824				
0.19625	0.854172				
0.1963	0.854172				
0.19635	0.851621				
0.1964	0.84907				
0.19645	0.843969				
0.1965	0.843969				
0.19655	0.843969				
0.1966	0.84907				
0.19665	0.861824				
0.1967	0.854172				
0.19675	0.854172				
0.1968	0.84907				
0.19685	0.851621				
0.1969	0.843969				
0.19695	0.843969				
0.197	0.84907				
0.19705	0.846519				
0.1971	0.856723				
0.19715	0.84907				
0.1972	0.851621				
0.19725	0.84907				
0.1973	0.84907				
0.19735	0.846519				
0.1974	0.851621				
0.19745	0.854172				
0.1975	0.854172				
0.19755	0.843969				
0.1976	0.84907				
0.19765	0.854172				
0.1977	0.84907				
0.19775	0.854172				
0.1978	0.838867				
0.19785	0.84907				
0.1979	0.841418				
0.19795	0.856723				
0.198	0.843969				
0.19805	0.846519				
0.1981	0.843969				
0.19815	0.854172				
0.1982	0.846519				
0.19825	0.846519				
0.1983	0.843969				
0.19835	0.846519				
0.1984	0.841418				
0.19845	0.846519				
0.1985	0.851621				
0.19855	0.843969				
0.1986	0.854172				
0.19865	0.854172				
0.1987	0.856723				
0.19875	0.851621				
0.1988	0.854172				
0.19885	0.843969				
0.1989	0.846519				
0.19895	0.846519				
0.199	0.854172				
0.19905	0.854172				
0.1991	0.856723				
0.19915	0.84907				
0.1992	0.84907				
0.19925	0.84907				
0.1993	0.841418				
0.19935	0.843969				
0.1994	0.851621				
0.19945	0.854172				
0.1995	0.84907				
0.19955	0.854172				
0.1996	0.854172				
0.19965	0.843969				
0.1997	0.846519				
0.19975	0.851621				
0.1998	0.846519				
0.19985	0.84907				
0.1999	0.843969				
0.19995	0.846519				
