Time - soundlvl	Amplitude - soundlvl	Unnamed: 2	Unnamed: 3	Frequency (Hz) - soundlvl (Power Spectrum)	Amplitude - soundlvl (Power Spectrum)
0.0	1.35668			0.0	1.93574
5e-05	1.42555			5.0	0.967729
0.0001	1.43575			10.0	1.40414e-08
0.00015	1.40004			15.0	2.6173e-09
0.0002	1.31842			20.0	1.35505e-08
0.00025	1.35413			25.0	1.37379e-08
0.0003	1.34648			30.0	1.55747e-08
0.00035	1.39749			35.0	1.88639e-08
0.0004	1.43575			40.0	7.84873e-09
0.00045	1.4332			45.0	5.99164e-09
0.0005	1.33117			50.0	6.42933e-09
0.00055	1.31076			55.0	3.58083e-09
0.0006	1.31587			60.0	3.23005e-08
0.00065	1.34393			65.0	1.79138e-08
0.0007	1.33882			70.0	3.26395e-08
0.00075	1.36178			75.0	6.02231e-08
0.0008	1.34393			80.0	7.14115e-08
0.00085	1.35158			85.0	1.25934e-07
0.0009	1.33372			90.0	2.15673e-07
0.00095	1.34393			95.0	4.36136e-07
0.001	1.32862			100.0	1.26747e-07
0.00105	1.33627			105.0	2.22808e-09
0.0011	1.38474			110.0	1.02024e-09
0.00115	1.40514			115.0	2.34785e-08
0.0012	1.4281			120.0	7.43683e-08
0.00125	1.44341			125.0	4.02196e-08
0.0013	1.43575			130.0	3.87036e-08
0.00135	1.4128			135.0	5.99091e-08
0.0014	1.4179			140.0	1.78861e-07
0.00145	1.45871			145.0	1.51434e-07
0.0015	1.46636			150.0	3.04092e-07
0.00155	1.46381			155.0	8.55421e-07
0.0016	1.48677			160.0	5.84227e-07
0.00165	1.44086			165.0	1.25242e-07
0.0017	1.42045			170.0	2.62554e-07
0.00175	1.40514			175.0	2.93922e-07
0.0018	1.43575			180.0	3.32728e-08
0.00185	1.4383			185.0	8.08263e-08
0.0019	1.4332			190.0	3.33489e-07
0.00195	1.40004			195.0	4.94916e-08
0.002	1.36688			200.0	6.13115e-08
0.00205	1.38729			205.0	3.71381e-07
0.0021	1.38729			210.0	1.48379e-06
0.00215	1.40004			215.0	6.29777e-07
0.0022	1.4077			220.0	1.6734e-08
0.00225	1.38984			225.0	4.52802e-08
0.0023	1.40259			230.0	5.79216e-07
0.00235	1.38984			235.0	1.95933e-06
0.0024	1.36433			240.0	6.263e-06
0.00245	1.35413			245.0	4.68405e-05
0.0025	1.43065			250.0	0.00041258
0.00255	1.4332			255.0	0.00088679
0.0026	1.4332			260.0	0.000544188
0.00265	1.42555			265.0	0.000223587
0.0027	1.42555			270.0	1.75923e-05
0.00275	1.45106			275.0	2.41623e-05
0.0028	1.40514			280.0	9.4344e-06
0.00285	1.37453			285.0	1.3949e-05
0.0029	1.37453			290.0	2.0582e-06
0.00295	1.37709			295.0	3.56236e-06
0.003	1.46891			300.0	4.42482e-06
0.00305	1.46636			305.0	4.61493e-07
0.0031	1.41025			310.0	4.12419e-06
0.00315	1.34903			315.0	2.16277e-06
0.0032	1.33882			320.0	5.5834e-07
0.00325	1.33372			325.0	4.43079e-07
0.0033	1.36433			330.0	1.26373e-06
0.00335	1.4128			335.0	1.4146e-06
0.0034	1.39749			340.0	3.17849e-07
0.00345	1.38474			345.0	3.16211e-06
0.0035	1.35413			350.0	7.24871e-06
0.00355	1.32862			355.0	8.28689e-06
0.0036	1.32607			360.0	8.23842e-06
0.00365	1.31332			365.0	9.20465e-06
0.0037	1.34137			370.0	1.17829e-05
0.00375	1.423			375.0	1.44674e-05
0.0038	1.43575			380.0	2.64092e-05
0.00385	1.39749			385.0	1.58103e-05
0.0039	1.33372			390.0	1.60072e-05
0.00395	1.32097			395.0	4.08785e-05
0.004	1.33627			400.0	1.96612e-05
0.00405	1.37964			405.0	6.72063e-06
0.0041	1.4128			410.0	4.50811e-07
0.00415	1.38474			415.0	4.27621e-06
0.0042	1.35413			420.0	1.21205e-06
0.00425	1.37198			425.0	1.74243e-06
0.0043	1.32862			430.0	2.79582e-06
0.00435	1.32097			435.0	4.14547e-06
0.0044	1.36433			440.0	7.82037e-06
0.00445	1.34393			445.0	1.06146e-05
0.0045	1.35413			450.0	6.64358e-06
0.00455	1.33117			455.0	4.75131e-06
0.0046	1.33372			460.0	4.83891e-06
0.00465	1.34393			465.0	1.55542e-05
0.0047	1.33117			470.0	2.8215e-06
0.00475	1.32607			475.0	4.42585e-06
0.0048	1.34903			480.0	6.81189e-06
0.00485	1.37964			485.0	6.19885e-06
0.0049	1.4179			490.0	2.05244e-05
0.00495	1.44851			495.0	1.65775e-05
0.005	1.38474			500.0	3.80292e-05
0.00505	1.38729			505.0	0.000245009
0.0051	1.40514			510.0	0.000247343
0.00515	1.44086			515.0	0.000103576
0.0052	1.45616			520.0	5.28027e-05
0.00525	1.47912			525.0	3.73148e-05
0.0053	1.46636			530.0	8.89226e-06
0.00535	1.48167			535.0	8.77863e-06
0.0054	1.45616			540.0	8.2027e-08
0.00545	1.42555			545.0	1.1145e-06
0.0055	1.43065			550.0	1.4952e-06
0.00555	1.4383			555.0	8.39945e-08
0.0056	1.4332			560.0	5.391e-07
0.00565	1.44086			565.0	2.60437e-06
0.0057	1.42555			570.0	8.76803e-06
0.00575	1.423			575.0	5.94379e-06
0.0058	1.41025			580.0	2.58901e-06
0.00585	1.40004			585.0	4.24849e-06
0.0059	1.38729			590.0	1.11938e-05
0.00595	1.41535			595.0	6.01984e-06
0.006	1.43575			600.0	5.31296e-07
0.00605	1.423			605.0	1.71133e-06
0.0061	1.38984			610.0	1.98592e-06
0.00615	1.423			615.0	4.22312e-07
0.0062	1.4383			620.0	3.86076e-06
0.00625	1.4281			625.0	2.56472e-06
0.0063	1.40514			630.0	2.87807e-06
0.00635	1.4128			635.0	7.00033e-07
0.0064	1.46126			640.0	2.68347e-06
0.00645	1.47146			645.0	1.65268e-06
0.0065	1.40514			650.0	1.489e-06
0.00655	1.33882			655.0	7.38603e-07
0.0066	1.36688			660.0	5.34744e-07
0.00665	1.40259			665.0	6.19505e-07
0.0067	1.40004			670.0	1.65727e-06
0.00675	1.39239			675.0	3.80685e-07
0.0068	1.32862			680.0	1.33117e-07
0.00685	1.30311			685.0	4.75756e-07
0.0069	1.30311			690.0	3.2369e-07
0.00695	1.28526			695.0	4.06714e-06
0.007	1.31332			700.0	8.37879e-06
0.00705	1.32097			705.0	1.88139e-06
0.0071	1.32607			710.0	3.04431e-06
0.00715	1.28526			715.0	1.30754e-06
0.0072	1.33117			720.0	2.81969e-06
0.00725	1.33372			725.0	7.01151e-06
0.0073	1.31076			730.0	6.73961e-06
0.00735	1.31332			735.0	6.52676e-06
0.0074	1.38474			740.0	6.87455e-06
0.00745	1.40259			745.0	1.17459e-05
0.0075	1.40514			750.0	3.58922e-05
0.00755	1.38984			755.0	0.000137947
0.0076	1.35158			760.0	0.000211169
0.00765	1.35158			765.0	0.000158163
0.0077	1.36688			770.0	0.000149979
0.00775	1.4128			775.0	0.000126909
0.0078	1.4332			780.0	0.000174015
0.00785	1.38474			785.0	0.000102714
0.0079	1.38474			790.0	3.78287e-05
0.00795	1.42555			795.0	2.14441e-05
0.008	1.40004			800.0	1.15375e-05
0.00805	1.39494			805.0	4.01438e-06
0.0081	1.42555			810.0	6.45057e-06
0.00815	1.45361			815.0	6.42309e-06
0.0082	1.4332			820.0	1.54006e-07
0.00825	1.42555			825.0	9.27762e-07
0.0083	1.43575			830.0	1.68248e-06
0.00835	1.38474			835.0	6.15869e-07
0.0084	1.37198			840.0	3.30212e-07
0.00845	1.41025			845.0	2.0288e-07
0.0085	1.42555			850.0	3.71002e-07
0.00855	1.43575			855.0	2.75456e-07
0.0086	1.42555			860.0	4.09672e-07
0.00865	1.42555			865.0	5.78503e-07
0.0087	1.37198			870.0	2.36947e-07
0.00875	1.39239			875.0	1.00701e-07
0.0088	1.4281			880.0	1.90609e-07
0.00885	1.41535			885.0	2.62651e-07
0.0089	1.37964			890.0	1.69635e-07
0.00895	1.41025			895.0	4.73681e-08
0.009	1.4128			900.0	2.15725e-09
0.00905	1.40004			905.0	3.10418e-09
0.0091	1.34137			910.0	4.93971e-08
0.00915	1.32862			915.0	1.04433e-08
0.0092	1.31332			920.0	5.44006e-08
0.00925	1.34648			925.0	1.19965e-07
0.0093	1.38474			930.0	1.01394e-07
0.00935	1.36943			935.0	3.98343e-08
0.0094	1.32862			940.0	2.73183e-08
0.00945	1.33117			945.0	1.03913e-07
0.0095	1.32607			950.0	6.79868e-09
0.00955	1.31332			955.0	7.58172e-08
0.0096	1.38474			960.0	3.17906e-07
0.00965	1.44596			965.0	6.90193e-07
0.0097	1.41535			970.0	8.35913e-07
0.00975	1.37709			975.0	4.19961e-07
0.0098	1.42555			980.0	6.08877e-07
0.00985	1.44086			985.0	5.20822e-07
0.0099	1.45616			990.0	3.44954e-07
0.00995	1.47146			995.0	1.81968e-06
0.01	1.49952			1000.0	2.10106e-06
0.01005	1.49697			1005.0	3.35911e-06
0.0101	1.54289			1010.0	8.21775e-06
0.01015	1.51993			1015.0	1.50793e-05
0.0102	1.44851			1020.0	1.44309e-05
0.01025	1.40514			1025.0	1.13639e-05
0.0103	1.44851			1030.0	8.25624e-06
0.01035	1.45361			1035.0	5.76737e-06
0.0104	1.47146			1040.0	1.53959e-06
0.01045	1.45616			1045.0	9.87593e-07
0.0105	1.42555			1050.0	2.43426e-07
0.01055	1.37453			1055.0	3.41808e-07
0.0106	1.34393			1060.0	2.64337e-07
0.01065	1.32607			1065.0	2.86936e-07
0.0107	1.34137			1070.0	5.12184e-07
0.01075	1.34648			1075.0	3.86678e-07
0.0108	1.35923			1080.0	1.16315e-07
0.01085	1.32352			1085.0	1.28497e-07
0.0109	1.30056			1090.0	8.70336e-07
0.01095	1.28781			1095.0	8.75416e-07
0.011	1.2776			1100.0	3.83622e-07
0.01105	1.26995			1105.0	4.19712e-07
0.0111	1.31587			1110.0	1.50455e-07
0.01115	1.37453			1115.0	3.66178e-08
0.0112	1.37709			1120.0	9.43017e-08
0.01125	1.35668			1125.0	5.08051e-08
0.0113	1.32097			1130.0	1.08418e-07
0.01135	1.31332			1135.0	1.50689e-07
0.0114	1.37453			1140.0	2.3288e-08
0.01145	1.4128			1145.0	1.20313e-07
0.0115	1.37453			1150.0	3.41745e-07
0.01155	1.37964			1155.0	8.2881e-09
0.0116	1.4128			1160.0	3.37428e-08
0.01165	1.39239			1165.0	1.33436e-07
0.0117	1.37198			1170.0	3.76737e-07
0.01175	1.35413			1175.0	2.4308e-07
0.0118	1.36943			1180.0	8.34117e-08
0.01185	1.38474			1185.0	7.90181e-08
0.0119	1.37964			1190.0	1.90957e-08
0.01195	1.39494			1195.0	5.60948e-08
0.012	1.37453			1200.0	6.24492e-08
0.01205	1.36178			1205.0	3.53179e-07
0.0121	1.34137			1210.0	8.73153e-07
0.01215	1.34137			1215.0	1.1211e-06
0.0122	1.39239			1220.0	3.81663e-07
0.01225	1.43575			1225.0	2.40606e-07
0.0123	1.43065			1230.0	1.45664e-08
0.01235	1.4077			1235.0	2.1184e-07
0.0124	1.37198			1240.0	4.24743e-07
0.01245	1.4077			1245.0	1.07116e-06
0.0125	1.423			1250.0	5.87408e-07
0.01255	1.4128			1255.0	7.53053e-07
0.0126	1.43065			1260.0	9.88341e-07
0.01265	1.45616			1265.0	3.4963e-08
0.0127	1.39494			1270.0	1.98016e-07
0.01275	1.45106			1275.0	5.31759e-07
0.0128	1.44086			1280.0	6.36286e-07
0.01285	1.42045			1285.0	2.46354e-07
0.0129	1.40514			1290.0	1.66489e-07
0.01295	1.40514			1295.0	6.35703e-07
0.013	1.37453			1300.0	2.65484e-07
0.01305	1.43575			1305.0	1.30741e-08
0.0131	1.43065			1310.0	4.00312e-08
0.01315	1.40514			1315.0	2.48516e-07
0.0132	1.37453			1320.0	1.40517e-07
0.01325	1.35158			1325.0	3.79998e-07
0.0133	1.4179			1330.0	6.05813e-07
0.01335	1.45361			1335.0	1.86746e-08
0.0134	1.39239			1340.0	2.70444e-07
0.01345	1.39749			1345.0	6.22963e-08
0.0135	1.40004			1350.0	2.86472e-07
0.01355	1.37709			1355.0	1.39076e-07
0.0136	1.44086			1360.0	1.83915e-07
0.01365	1.43575			1365.0	6.68576e-08
0.0137	1.42555			1370.0	3.30625e-08
0.01375	1.43575			1375.0	1.95244e-07
0.0138	1.45106			1380.0	9.42263e-08
0.01385	1.45616			1385.0	1.07376e-07
0.0139	1.44341			1390.0	9.90552e-08
0.01395	1.4128			1395.0	2.39798e-08
0.014	1.40514			1400.0	1.76611e-09
0.01405	1.36943			1405.0	7.50912e-08
0.0141	1.40514			1410.0	2.71303e-07
0.01415	1.44851			1415.0	1.2638e-07
0.0142	1.47657			1420.0	9.16285e-09
0.01425	1.39494			1425.0	5.85717e-08
0.0143	1.29801			1430.0	9.44211e-08
0.01435	1.28526			1435.0	2.05017e-07
0.0144	1.32862			1440.0	1.41683e-07
0.01445	1.37453			1445.0	1.74827e-07
0.0145	1.38474			1450.0	5.28007e-08
0.01455	1.35413			1455.0	1.38169e-07
0.0146	1.30056			1460.0	3.67414e-07
0.01465	1.30566			1465.0	1.18802e-07
0.0147	1.36433			1470.0	2.31308e-08
0.01475	1.31587			1475.0	1.27833e-07
0.0148	1.32097			1480.0	1.02796e-07
0.01485	1.37964			1485.0	4.64553e-08
0.0149	1.38219			1490.0	2.22903e-07
0.01495	1.34393			1495.0	1.70365e-07
0.015	1.36943			1500.0	2.10623e-07
0.01505	1.35923			1505.0	2.54332e-07
0.0151	1.33372			1510.0	2.99542e-07
0.01515	1.38729			1515.0	3.07683e-07
0.0152	1.39749			1520.0	1.42521e-07
0.01525	1.36688			1525.0	1.53432e-07
0.0153	1.37964			1530.0	9.81643e-08
0.01535	1.40004			1535.0	4.38317e-07
0.0154	1.38219			1540.0	1.31557e-06
0.01545	1.37964			1545.0	1.06389e-06
0.0155	1.38219			1550.0	8.04059e-07
0.01555	1.4128			1555.0	1.63926e-07
0.0156	1.4077			1560.0	1.44669e-07
0.01565	1.36433			1565.0	2.38425e-08
0.0157	1.39239			1570.0	2.27387e-08
0.01575	1.40259			1575.0	4.03996e-08
0.0158	1.36178			1580.0	4.79088e-08
0.01585	1.34393			1585.0	8.95381e-08
0.0159	1.37453			1590.0	2.48082e-08
0.01595	1.42045			1595.0	1.16764e-07
0.016	1.4179			1600.0	2.49047e-08
0.01605	1.39239			1605.0	1.38551e-07
0.0161	1.36433			1610.0	5.59605e-09
0.01615	1.38474			1615.0	8.19459e-08
0.0162	1.41025			1620.0	4.10769e-08
0.01625	1.423			1625.0	2.85841e-08
0.0163	1.4281			1630.0	5.81744e-11
0.01635	1.44596			1635.0	4.56394e-08
0.0164	1.44341			1640.0	4.85436e-09
0.01645	1.44341			1645.0	5.76174e-08
0.0165	1.42555			1650.0	3.80985e-07
0.01655	1.38219			1655.0	4.06491e-07
0.0166	1.39749			1660.0	3.38603e-08
0.01665	1.42045			1665.0	9.54958e-09
0.0167	1.40259			1670.0	4.4354e-08
0.01675	1.43065			1675.0	1.50608e-08
0.0168	1.4281			1680.0	6.88675e-09
0.01685	1.36433			1685.0	9.88794e-08
0.0169	1.36433			1690.0	1.91846e-07
0.01695	1.38474			1695.0	5.1521e-08
0.017	1.38984			1700.0	2.91407e-07
0.01705	1.38474			1705.0	7.71222e-07
0.0171	1.37453			1710.0	7.01454e-07
0.01715	1.40514			1715.0	2.03454e-07
0.0172	1.43065			1720.0	5.89624e-08
0.01725	1.43065			1725.0	1.36005e-08
0.0173	1.39494			1730.0	7.12345e-08
0.01735	1.35923			1735.0	2.75457e-07
0.0174	1.42045			1740.0	2.8836e-07
0.01745	1.4332			1745.0	4.31702e-07
0.0175	1.44596			1750.0	2.01257e-06
0.01755	1.43575			1755.0	2.52307e-06
0.0176	1.38219			1760.0	2.07221e-06
0.01765	1.38474			1765.0	2.26108e-06
0.0177	1.41025			1770.0	1.0129e-06
0.01775	1.44596			1775.0	3.0761e-07
0.0178	1.42555			1780.0	8.49202e-07
0.01785	1.423			1785.0	1.27171e-06
0.0179	1.35413			1790.0	2.43859e-06
0.01795	1.36433			1795.0	2.62196e-06
0.018	1.35923			1800.0	1.89245e-06
0.01805	1.36433			1805.0	1.5255e-06
0.0181	1.40004			1810.0	1.1102e-06
0.01815	1.36688			1815.0	2.68205e-07
0.0182	1.35413			1820.0	2.14807e-08
0.01825	1.34648			1825.0	9.03541e-08
0.0183	1.35668			1830.0	1.59178e-08
0.01835	1.39239			1835.0	1.65616e-08
0.0184	1.35668			1840.0	8.72118e-08
0.01845	1.32352			1845.0	6.96867e-08
0.0185	1.39239			1850.0	3.37044e-08
0.01855	1.34393			1855.0	1.50189e-07
0.0186	1.37964			1860.0	3.91475e-07
0.01865	1.46636			1865.0	5.51888e-08
0.0187	1.40004			1870.0	4.56612e-08
0.01875	1.36433			1875.0	2.86329e-08
0.0188	1.39749			1880.0	2.32829e-08
0.01885	1.35158			1885.0	1.48412e-07
0.0189	1.38474			1890.0	2.32274e-07
0.01895	1.40004			1895.0	1.31187e-07
0.019	1.4128			1900.0	2.31445e-07
0.01905	1.40004			1905.0	1.26424e-07
0.0191	1.35923			1910.0	2.07831e-08
0.01915	1.32607			1915.0	2.48432e-07
0.0192	1.37709			1920.0	5.86701e-08
0.01925	1.35923			1925.0	5.40091e-08
0.0193	1.32607			1930.0	4.0139e-08
0.01935	1.32607			1935.0	1.62278e-08
0.0194	1.34393			1940.0	1.30168e-07
0.01945	1.34393			1945.0	1.40056e-07
0.0195	1.33627			1950.0	5.3778e-08
0.01955	1.29801			1955.0	1.52871e-07
0.0196	1.37198			1960.0	3.4323e-07
0.01965	1.4281			1965.0	1.23057e-07
0.0197	1.36433			1970.0	6.25634e-09
0.01975	1.33627			1975.0	5.53595e-08
0.0198	1.38219			1980.0	2.02725e-07
0.01985	1.37453			1985.0	1.30739e-07
0.0199	1.37964			1990.0	4.49668e-08
0.01995	1.37709			1995.0	4.59055e-08
0.02	1.38984			2000.0	6.39865e-07
0.02005	1.4383			2005.0	1.03626e-06
0.0201	1.44086			2010.0	2.37008e-07
0.02015	1.4128			2015.0	1.45781e-08
0.0202	1.4332			2020.0	1.76932e-07
0.02025	1.42555			2025.0	1.79931e-07
0.0203	1.4077			2030.0	1.30023e-07
0.02035	1.44596			2035.0	8.14277e-08
0.0204	1.44341			2040.0	2.6869e-07
0.02045	1.42555			2045.0	1.07052e-06
0.0205	1.45361			2050.0	1.44182e-06
0.02055	1.45361			2055.0	1.35564e-06
0.0206	1.43065			2060.0	9.17715e-07
0.02065	1.41535			2065.0	3.17301e-07
0.0207	1.44596			2070.0	1.24129e-08
0.02075	1.45871			2075.0	1.14485e-07
0.0208	1.4332			2080.0	2.39903e-07
0.02085	1.43065			2085.0	8.1795e-08
0.0209	1.44851			2090.0	8.18799e-08
0.02095	1.44341			2095.0	2.53303e-07
0.021	1.36433			2100.0	1.89399e-08
0.02105	1.39494			2105.0	3.34107e-08
0.0211	1.4383			2110.0	2.00097e-07
0.02115	1.46636			2115.0	3.82565e-07
0.0212	1.46636			2120.0	6.6817e-07
0.02125	1.39239			2125.0	1.10917e-06
0.0213	1.40259			2130.0	9.41457e-08
0.02135	1.44596			2135.0	3.2456e-08
0.0214	1.4281			2140.0	7.83536e-09
0.02145	1.40259			2145.0	2.78654e-07
0.0215	1.38729			2150.0	8.19153e-07
0.02155	1.37709			2155.0	1.11341e-06
0.0216	1.37964			2160.0	2.30114e-07
0.02165	1.4077			2165.0	7.08212e-08
0.0217	1.41025			2170.0	7.48799e-07
0.02175	1.37198			2175.0	6.84422e-07
0.0218	1.31842			2180.0	3.70238e-07
0.02185	1.31076			2185.0	2.78946e-07
0.0219	1.33882			2190.0	3.85958e-08
0.02195	1.38474			2195.0	1.62109e-07
0.022	1.38474			2200.0	2.12905e-07
0.02205	1.36178			2205.0	2.20319e-07
0.0221	1.34393			2210.0	4.16975e-07
0.02215	1.32352			2215.0	1.73696e-07
0.0222	1.34903			2220.0	9.18e-08
0.02225	1.33372			2225.0	3.36349e-07
0.0223	1.36433			2230.0	1.78347e-07
0.02235	1.38984			2235.0	1.24837e-07
0.0224	1.38984			2240.0	1.4468e-07
0.02245	1.38474			2245.0	4.93684e-08
0.0225	1.37198			2250.0	2.58477e-08
0.02255	1.32862			2255.0	3.37798e-07
0.0226	1.32352			2260.0	5.48765e-07
0.02265	1.38474			2265.0	1.3094e-07
0.0227	1.4077			2270.0	1.11134e-06
0.02275	1.37453			2275.0	4.66272e-07
0.0228	1.34137			2280.0	4.27566e-07
0.02285	1.33627			2285.0	1.10053e-06
0.0229	1.35923			2290.0	2.30195e-07
0.02295	1.35413			2295.0	3.29845e-08
0.023	1.36178			2300.0	5.31677e-08
0.02305	1.37453			2305.0	1.49258e-07
0.0231	1.35668			2310.0	5.69032e-08
0.02315	1.33882			2315.0	9.02793e-07
0.0232	1.33882			2320.0	1.97065e-06
0.02325	1.36688			2325.0	1.05469e-06
0.0233	1.35923			2330.0	8.11933e-08
0.02335	1.35668			2335.0	4.20289e-07
0.0234	1.38984			2340.0	2.3391e-07
0.02345	1.4332			2345.0	2.56372e-07
0.0235	1.42555			2350.0	3.92306e-07
0.02355	1.40514			2355.0	2.66716e-07
0.0236	1.41535			2360.0	1.42245e-06
0.02365	1.42555			2365.0	7.77397e-07
0.0237	1.44086			2370.0	2.32081e-07
0.02375	1.43065			2375.0	4.77921e-07
0.0238	1.45106			2380.0	3.93957e-07
0.02385	1.45106			2385.0	1.29583e-07
0.0239	1.43065			2390.0	2.94814e-07
0.02395	1.40259			2395.0	1.40896e-07
0.024	1.43575			2400.0	9.25807e-08
0.02405	1.44086			2405.0	2.88925e-07
0.0241	1.39239			2410.0	4.55269e-07
0.02415	1.4128			2415.0	5.68762e-07
0.0242	1.40004			2420.0	6.03347e-07
0.02425	1.37198			2425.0	1.08933e-06
0.0243	1.38984			2430.0	3.99354e-07
0.02435	1.40514			2435.0	2.7122e-07
0.0244	1.38474			2440.0	8.24505e-07
0.02445	1.4128			2445.0	8.32432e-07
0.0245	1.40514			2450.0	3.21376e-07
0.02455	1.38729			2455.0	1.04121e-06
0.0246	1.41535			2460.0	2.18494e-07
0.02465	1.4179			2465.0	3.92416e-07
0.0247	1.4077			2470.0	4.59316e-07
0.02475	1.38474			2475.0	2.35862e-07
0.0248	1.40514			2480.0	4.46577e-07
0.02485	1.43575			2485.0	9.88782e-07
0.0249	1.45361			2490.0	6.07444e-07
0.02495	1.4128			2495.0	2.9367e-07
0.025	1.42045			2500.0	3.14274e-07
0.02505	1.45106			2505.0	7.01215e-07
0.0251	1.46636			2510.0	4.87593e-06
0.02515	1.46891			2515.0	6.01768e-06
0.0252	1.423			2520.0	2.973e-06
0.02525	1.41025			2525.0	2.79046e-07
0.0253	1.41535			2530.0	2.14346e-08
0.02535	1.45106			2535.0	2.17095e-07
0.0254	1.49442			2540.0	7.51349e-07
0.02545	1.43575			2545.0	7.71971e-07
0.0255	1.36688			2550.0	7.56504e-07
0.02555	1.37198			2555.0	9.56718e-07
0.0256	1.38984			2560.0	2.04081e-06
0.02565	1.34648			2565.0	3.18265e-06
0.0257	1.37964			2570.0	1.73446e-06
0.02575	1.38474			2575.0	1.23595e-06
0.0258	1.33117			2580.0	4.46545e-07
0.02585	1.33882			2585.0	8.19888e-07
0.0259	1.35158			2590.0	3.25812e-06
0.02595	1.34393			2595.0	1.06572e-06
0.026	1.30821			2600.0	1.72316e-08
0.02605	1.30566			2605.0	3.44414e-07
0.0261	1.36433			2610.0	4.34659e-07
0.02615	1.38474			2615.0	8.13974e-07
0.0262	1.37198			2620.0	1.16954e-06
0.02625	1.34393			2625.0	1.03768e-06
0.0263	1.31076			2630.0	2.58899e-06
0.02635	1.33882			2635.0	5.96067e-06
0.0264	1.36178			2640.0	2.58144e-06
0.02645	1.37198			2645.0	5.75908e-07
0.0265	1.35158			2650.0	2.75773e-06
0.02655	1.30056			2655.0	6.20169e-07
0.0266	1.31587			2660.0	7.68486e-06
0.02665	1.32352			2665.0	8.1054e-06
0.0267	1.34903			2670.0	1.99196e-05
0.02675	1.35668			2675.0	1.54688e-05
0.0268	1.33372			2680.0	3.21542e-06
0.02685	1.30056			2685.0	2.14091e-06
0.0269	1.37198			2690.0	1.56773e-05
0.02695	1.37709			2695.0	1.31442e-05
0.027	1.33882			2700.0	7.86957e-06
0.02705	1.38474			2705.0	4.85849e-06
0.0271	1.36433			2710.0	1.04735e-06
0.02715	1.35923			2715.0	2.37328e-06
0.0272	1.4179			2720.0	1.93476e-06
0.02725	1.45871			2725.0	1.23148e-07
0.0273	1.43575			2730.0	5.51929e-07
0.02735	1.4179			2735.0	8.40214e-07
0.0274	1.39494			2740.0	1.61993e-06
0.02745	1.41535			2745.0	9.62626e-07
0.0275	1.46636			2750.0	1.26076e-06
0.02755	1.47402			2755.0	2.63743e-06
0.0276	1.42555			2760.0	4.1706e-06
0.02765	1.43575			2765.0	1.04861e-05
0.0277	1.46381			2770.0	1.06177e-05
0.02775	1.44341			2775.0	3.80404e-06
0.0278	1.4077			2780.0	1.14863e-06
0.02785	1.4179			2785.0	2.08971e-06
0.0279	1.42555			2790.0	1.29783e-06
0.02795	1.40514			2795.0	2.64422e-07
0.028	1.4128			2800.0	6.07159e-07
0.02805	1.4332			2805.0	9.3141e-07
0.0281	1.41025			2810.0	1.60432e-07
0.02815	1.4128			2815.0	1.14164e-06
0.0282	1.40004			2820.0	3.14941e-06
0.02825	1.43065			2825.0	6.39099e-06
0.0283	1.41535			2830.0	7.63759e-06
0.02835	1.42555			2835.0	5.01674e-06
0.0284	1.43575			2840.0	1.85534e-06
0.02845	1.42555			2845.0	5.07008e-08
0.0285	1.4128			2850.0	1.62011e-06
0.02855	1.41535			2855.0	2.53849e-06
0.0286	1.45871			2860.0	2.10518e-06
0.02865	1.48422			2865.0	6.43193e-07
0.0287	1.47402			2870.0	2.04647e-07
0.02875	1.40514			2875.0	3.8065e-07
0.0288	1.42045			2880.0	1.74659e-07
0.02885	1.47146			2885.0	3.10442e-07
0.0289	1.49697			2890.0	2.21437e-06
0.02895	1.43065			2895.0	4.6495e-06
0.029	1.36943			2900.0	1.66172e-06
0.02905	1.33372			2905.0	1.77091e-07
0.0291	1.38219			2910.0	1.09638e-07
0.02915	1.42045			2915.0	3.27753e-07
0.0292	1.4179			2920.0	4.08567e-07
0.02925	1.37964			2925.0	1.61029e-08
0.0293	1.31332			2930.0	3.3831e-07
0.02935	1.28016			2935.0	7.80263e-07
0.0294	1.30566			2940.0	3.70228e-06
0.02945	1.32097			2945.0	3.5861e-06
0.0295	1.36433			2950.0	2.60222e-06
0.02955	1.34903			2955.0	2.83813e-06
0.0296	1.31076			2960.0	1.12747e-06
0.02965	1.28271			2965.0	2.76403e-06
0.0297	1.32097			2970.0	3.30176e-06
0.02975	1.31332			2975.0	8.368e-07
0.0298	1.29801			2980.0	1.94093e-07
0.02985	1.29801			2985.0	7.79085e-07
0.0299	1.4383			2990.0	3.01522e-06
0.02995	1.43065			2995.0	1.92051e-06
0.03	1.33372			3000.0	1.24398e-06
0.03005	1.31587			3005.0	2.37666e-06
0.0301	1.37709			3010.0	1.35099e-06
0.03015	1.40004			3015.0	4.12142e-06
0.0302	1.41025			3020.0	1.0025e-05
0.03025	1.44086			3025.0	1.0256e-05
0.0303	1.40259			3030.0	1.82825e-06
0.03035	1.36688			3035.0	6.3423e-07
0.0304	1.36688			3040.0	7.20528e-07
0.03045	1.36433			3045.0	5.61982e-07
0.0305	1.36178			3050.0	9.95738e-07
0.03055	1.423			3055.0	1.85728e-06
0.0306	1.41535			3060.0	1.3732e-06
0.03065	1.35923			3065.0	6.70638e-07
0.0307	1.37964			3070.0	1.45222e-06
0.03075	1.38984			3075.0	1.59047e-06
0.0308	1.35158			3080.0	3.82553e-06
0.03085	1.36943			3085.0	5.18579e-06
0.0309	1.37964			3090.0	4.84876e-06
0.03095	1.38474			3095.0	1.52789e-06
0.031	1.4281			3100.0	1.25111e-07
0.03105	1.44851			3105.0	7.47893e-07
0.0311	1.43575			3110.0	1.17484e-07
0.03115	1.40514			3115.0	1.93801e-07
0.0312	1.37964			3120.0	8.72957e-07
0.03125	1.40514			3125.0	4.02756e-07
0.0313	1.44596			3130.0	1.18964e-07
0.03135	1.42045			3135.0	7.0896e-07
0.0314	1.43575			3140.0	1.3356e-07
0.03145	1.4128			3145.0	1.8392e-06
0.0315	1.38474			3150.0	7.98807e-07
0.03155	1.37964			3155.0	5.38263e-07
0.0316	1.39494			3160.0	2.71831e-06
0.03165	1.37964			3165.0	1.34719e-06
0.0317	1.37964			3170.0	9.26824e-07
0.03175	1.39494			3175.0	7.23293e-07
0.0318	1.38984			3180.0	2.21556e-07
0.03185	1.38474			3185.0	9.78626e-07
0.0319	1.38219			3190.0	1.87953e-06
0.03195	1.37964			3195.0	1.07922e-06
0.032	1.40004			3200.0	3.8172e-06
0.03205	1.42555			3205.0	4.1026e-06
0.0321	1.43065			3210.0	9.36288e-07
0.03215	1.4128			3215.0	5.89633e-08
0.0322	1.423			3220.0	3.52299e-07
0.03225	1.423			3225.0	1.14261e-06
0.0323	1.44341			3230.0	5.12456e-07
0.03235	1.47912			3235.0	4.05271e-07
0.0324	1.47912			3240.0	7.43818e-08
0.03245	1.43575			3245.0	1.16505e-06
0.0325	1.46126			3250.0	1.14642e-06
0.03255	1.48422			3255.0	1.2056e-06
0.0326	1.48677			3260.0	3.60639e-06
0.03265	1.46891			3265.0	1.99913e-06
0.0327	1.4179			3270.0	1.02032e-06
0.03275	1.39239			3275.0	7.4789e-06
0.0328	1.42045			3280.0	3.14584e-06
0.03285	1.43065			3285.0	1.23979e-06
0.0329	1.43575			3290.0	9.78135e-07
0.03295	1.4332			3295.0	1.41848e-07
0.033	1.36943			3300.0	1.40333e-06
0.03305	1.29291			3305.0	1.81587e-06
0.0331	1.28016			3310.0	2.45836e-08
0.03315	1.32862			3315.0	7.12325e-07
0.0332	1.38474			3320.0	1.19914e-07
0.03325	1.37198			3325.0	8.72498e-07
0.0333	1.31076			3330.0	1.94057e-06
0.03335	1.26485			3335.0	1.77039e-06
0.0334	1.29546			3340.0	2.92716e-06
0.03345	1.32097			3345.0	4.22097e-06
0.0335	1.31332			3350.0	1.07149e-06
0.03355	1.30311			3355.0	4.66849e-06
0.0336	1.35158			3360.0	4.31446e-06
0.03365	1.38984			3365.0	1.56547e-06
0.0337	1.36943			3370.0	1.15042e-07
0.03375	1.32352			3375.0	7.89018e-07
0.0338	1.32607			3380.0	1.30228e-06
0.03385	1.33117			3385.0	4.31572e-07
0.0339	1.37964			3390.0	2.25726e-07
0.03395	1.42555			3395.0	6.42314e-07
0.034	1.38984			3400.0	1.16876e-06
0.03405	1.36178			3405.0	1.68262e-07
0.0341	1.38219			3410.0	2.06928e-07
0.03415	1.37453			3415.0	5.99227e-07
0.0342	1.35668			3420.0	1.24729e-06
0.03425	1.37453			3425.0	1.98793e-06
0.0343	1.38984			3430.0	1.65693e-06
0.03435	1.37453			3435.0	1.01015e-06
0.0344	1.40259			3440.0	1.02984e-07
0.03445	1.40004			3445.0	1.11826e-06
0.0345	1.36943			3450.0	5.46017e-07
0.03455	1.37453			3455.0	2.79533e-06
0.0346	1.38474			3460.0	1.34697e-06
0.03465	1.40004			3465.0	1.22809e-07
0.0347	1.46636			3470.0	7.05761e-07
0.03475	1.44086			3475.0	3.7202e-07
0.0348	1.4332			3480.0	8.12631e-08
0.03485	1.45361			3485.0	7.2205e-07
0.0349	1.44596			3490.0	3.00889e-07
0.03495	1.39749			3495.0	2.84833e-07
0.035	1.43575			3500.0	9.773e-08
0.03505	1.44596			3505.0	2.76807e-07
0.0351	1.44596			3510.0	1.83682e-07
0.03515	1.46636			3515.0	9.60031e-07
0.0352	1.44341			3520.0	1.58824e-06
0.03525	1.38984			3525.0	6.2361e-08
0.0353	1.40259			3530.0	5.70135e-07
0.03535	1.40259			3535.0	6.29813e-08
0.0354	1.36943			3540.0	7.06056e-07
0.03545	1.38984			3545.0	5.3435e-07
0.0355	1.39494			3550.0	8.68101e-07
0.03555	1.36433			3555.0	1.09992e-06
0.0356	1.32862			3560.0	6.40972e-07
0.03565	1.33372			3565.0	1.89203e-08
0.0357	1.34648			3570.0	3.64671e-07
0.03575	1.35413			3575.0	3.52572e-07
0.0358	1.39494			3580.0	2.36522e-07
0.03585	1.423			3585.0	1.74101e-07
0.0359	1.43575			3590.0	9.57854e-07
0.03595	1.38984			3595.0	1.85756e-06
0.036	1.37198			3600.0	1.4484e-06
0.03605	1.39239			3605.0	6.88625e-08
0.0361	1.4332			3610.0	9.44044e-07
0.03615	1.46636			3615.0	1.34621e-06
0.0362	1.44341			3620.0	1.28e-06
0.03625	1.41535			3625.0	1.06134e-06
0.0363	1.46126			3630.0	9.77926e-07
0.03635	1.48167			3635.0	1.2531e-06
0.0364	1.46126			3640.0	8.70331e-07
0.03645	1.43575			3645.0	1.28048e-06
0.0365	1.39749			3650.0	3.04581e-06
0.03655	1.41535			3655.0	3.753e-06
0.0366	1.45361			3660.0	1.98306e-06
0.03665	1.44851			3665.0	2.65324e-06
0.0367	1.45616			3670.0	4.11005e-06
0.03675	1.41535			3675.0	3.7267e-06
0.0368	1.35158			3680.0	2.6585e-06
0.03685	1.35158			3685.0	9.38132e-07
0.0369	1.36943			3690.0	1.66302e-06
0.03695	1.38474			3695.0	2.19538e-06
0.037	1.44341			3700.0	2.65716e-06
0.03705	1.38474			3705.0	5.61318e-07
0.0371	1.35413			3710.0	1.64618e-05
0.03715	1.34648			3715.0	1.80534e-05
0.0372	1.36433			3720.0	3.78641e-06
0.03725	1.35158			3725.0	7.72539e-07
0.0373	1.35413			3730.0	3.17589e-06
0.03735	1.37964			3735.0	7.01116e-08
0.0374	1.4128			3740.0	2.05786e-06
0.03745	1.36433			3745.0	1.43669e-06
0.0375	1.31842			3750.0	1.68804e-06
0.03755	1.32352			3755.0	1.68925e-06
0.0376	1.35923			3760.0	5.67639e-06
0.03765	1.38984			3765.0	2.32506e-05
0.0377	1.39494			3770.0	1.66883e-05
0.03775	1.33882			3775.0	3.86559e-06
0.0378	1.32097			3780.0	1.93785e-06
0.03785	1.32607			3785.0	1.27881e-05
0.0379	1.30311			3790.0	6.68308e-06
0.03795	1.26485			3795.0	1.30793e-06
0.038	1.31587			3800.0	4.63332e-07
0.03805	1.34648			3805.0	4.62573e-07
0.0381	1.35158			3810.0	4.66639e-06
0.03815	1.31076			3815.0	4.17021e-06
0.0382	1.32862			3820.0	2.48951e-07
0.03825	1.33117			3825.0	6.51805e-06
0.0383	1.32607			3830.0	9.41519e-06
0.03835	1.34648			3835.0	4.36762e-08
0.0384	1.38729			3840.0	5.88552e-06
0.03845	1.43575			3845.0	1.39976e-05
0.0385	1.44851			3850.0	1.45812e-05
0.03855	1.45361			3855.0	3.23485e-06
0.0386	1.44851			3860.0	6.73445e-06
0.03865	1.42045			3865.0	6.07998e-06
0.0387	1.44086			3870.0	1.20185e-06
0.03875	1.47146			3875.0	1.10718e-06
0.0388	1.46636			3880.0	6.33878e-07
0.03885	1.49442			3885.0	1.74459e-06
0.0389	1.46636			3890.0	2.2966e-06
0.03895	1.4077			3895.0	1.91918e-07
0.039	1.40004			3900.0	1.25706e-06
0.03905	1.423			3905.0	4.0559e-07
0.0391	1.38729			3910.0	5.52987e-07
0.03915	1.41535			3915.0	1.78352e-07
0.0392	1.43575			3920.0	2.09564e-07
0.03925	1.38219			3925.0	9.95053e-07
0.0393	1.40514			3930.0	2.22616e-06
0.03935	1.37964			3935.0	1.7813e-06
0.0394	1.36178			3940.0	1.28046e-06
0.03945	1.36178			3945.0	4.77276e-06
0.0395	1.40259			3950.0	2.23452e-06
0.03955	1.41025			3955.0	1.12429e-06
0.0396	1.44341			3960.0	2.26211e-06
0.03965	1.4128			3965.0	2.51226e-06
0.0397	1.39239			3970.0	2.08027e-06
0.03975	1.37198			3975.0	2.56526e-06
0.0398	1.38729			3980.0	9.26924e-07
0.03985	1.35668			3985.0	2.1539e-07
0.0399	1.40004			3990.0	1.99413e-06
0.03995	1.48167			3995.0	2.67262e-06
0.04	1.50718			4000.0	8.43323e-07
0.04005	1.44086			4005.0	3.62871e-07
0.0401	1.39749			4010.0	1.12756e-06
0.04015	1.40259			4015.0	2.31932e-06
0.0402	1.44086			4020.0	5.82499e-06
0.04025	1.46126			4025.0	3.66253e-06
0.0403	1.44086			4030.0	4.79087e-07
0.04035	1.38984			4035.0	4.45472e-07
0.0404	1.37709			4040.0	8.44618e-07
0.04045	1.36688			4045.0	3.19289e-06
0.0405	1.40514			4050.0	2.91562e-06
0.04055	1.38984			4055.0	1.89155e-07
0.0406	1.35668			4060.0	1.12653e-06
0.04065	1.34393			4065.0	2.95368e-06
0.0407	1.36178			4070.0	1.18834e-06
0.04075	1.32862			4075.0	7.15132e-08
0.0408	1.37709			4080.0	9.03166e-07
0.04085	1.40004			4085.0	1.29765e-06
0.0409	1.33882			4090.0	6.21845e-07
0.04095	1.33117			4095.0	2.16799e-06
0.041	1.36433			4100.0	2.61505e-06
0.04105	1.38474			4105.0	1.86896e-06
0.0411	1.37198			4110.0	1.51786e-06
0.04115	1.32352			4115.0	2.52456e-06
0.0412	1.39494			4120.0	1.17069e-06
0.04125	1.42045			4125.0	1.65633e-07
0.0413	1.38474			4130.0	1.40848e-07
0.04135	1.33882			4135.0	5.68988e-07
0.0414	1.33882			4140.0	4.88614e-07
0.04145	1.35668			4145.0	3.70365e-08
0.0415	1.40514			4150.0	8.5193e-07
0.04155	1.39239			4155.0	8.56195e-07
0.0416	1.34393			4160.0	1.78568e-07
0.04165	1.29801			4165.0	3.16339e-07
0.0417	1.31842			4170.0	2.25496e-07
0.04175	1.31076			4175.0	2.67381e-07
0.0418	1.32862			4180.0	1.17707e-06
0.04185	1.37198			4185.0	1.15689e-06
0.0419	1.39494			4190.0	8.26682e-07
0.04195	1.30311			4195.0	1.55147e-06
0.042	1.30311			4200.0	3.85985e-06
0.04205	1.36178			4205.0	2.30851e-06
0.0421	1.38474			4210.0	8.20275e-07
0.04215	1.37453			4215.0	2.85009e-06
0.0422	1.38474			4220.0	1.13028e-06
0.04225	1.40514			4225.0	8.64333e-07
0.0423	1.45106			4230.0	2.23929e-06
0.04235	1.46891			4235.0	1.50802e-06
0.0424	1.44596			4240.0	6.89578e-07
0.04245	1.44086			4245.0	8.08181e-07
0.0425	1.45616			4250.0	4.41094e-07
0.04255	1.46636			4255.0	5.55305e-07
0.0426	1.47912			4260.0	1.55243e-06
0.04265	1.48932			4265.0	7.2794e-07
0.0427	1.45361			4270.0	7.52132e-07
0.04275	1.43575			4275.0	7.95673e-07
0.0428	1.40004			4280.0	1.89796e-07
0.04285	1.42555			4285.0	5.75703e-07
0.0429	1.47402			4290.0	8.74056e-09
0.04295	1.423			4295.0	6.13719e-07
0.043	1.39239			4300.0	8.94054e-07
0.04305	1.36433			4305.0	3.32785e-07
0.0431	1.37198			4310.0	8.73943e-08
0.04315	1.38474			4315.0	4.56805e-08
0.0432	1.35413			4320.0	2.45566e-08
0.04325	1.37453			4325.0	2.11798e-07
0.0433	1.40004			4330.0	2.57137e-08
0.04335	1.4128			4335.0	3.92422e-07
0.0434	1.4179			4340.0	1.64911e-07
0.04345	1.39494			4345.0	1.14885e-06
0.0435	1.37198			4350.0	7.67982e-07
0.04355	1.37964			4355.0	9.44527e-07
0.0436	1.37709			4360.0	5.05124e-07
0.04365	1.39494			4365.0	4.53764e-07
0.0437	1.46891			4370.0	3.53187e-07
0.04375	1.50463			4375.0	4.43722e-07
0.0438	1.43575			4380.0	9.10262e-07
0.04385	1.40259			4385.0	6.16151e-07
0.0439	1.40514			4390.0	1.46773e-07
0.04395	1.41025			4395.0	1.87379e-07
0.044	1.44086			4400.0	9.18624e-07
0.04405	1.4128			4405.0	6.75629e-07
0.0441	1.38984			4410.0	1.74873e-07
0.04415	1.38219			4415.0	8.02392e-08
0.0442	1.40514			4420.0	8.73292e-08
0.04425	1.4128			4425.0	4.91986e-08
0.0443	1.38474			4430.0	3.95931e-08
0.04435	1.34393			4435.0	1.92024e-09
0.0444	1.32352			4440.0	4.4713e-08
0.04445	1.31842			4445.0	9.4279e-08
0.0445	1.34903			4450.0	1.29746e-07
0.04455	1.40514			4455.0	4.18409e-07
0.0446	1.39749			4460.0	4.45311e-07
0.04465	1.34393			4465.0	1.6666e-06
0.0447	1.33372			4470.0	3.11361e-06
0.04475	1.41025			4475.0	4.8174e-07
0.0448	1.423			4480.0	2.0908e-07
0.04485	1.36688			4485.0	1.92223e-08
0.0449	1.34648			4490.0	4.46667e-07
0.04495	1.36943			4495.0	5.52895e-08
0.045	1.38474			4500.0	3.15179e-08
0.04505	1.37453			4505.0	1.22237e-06
0.0451	1.34137			4510.0	1.74504e-06
0.04515	1.37198			4515.0	7.33091e-07
0.0452	1.38729			4520.0	9.09077e-07
0.04525	1.38729			4525.0	1.04111e-06
0.0453	1.37964			4530.0	1.00738e-06
0.04535	1.36433			4535.0	2.80596e-07
0.0454	1.34137			4540.0	1.17366e-06
0.04545	1.34903			4545.0	1.8575e-06
0.0455	1.34903			4550.0	2.23174e-06
0.04555	1.34393			4555.0	1.34506e-06
0.0456	1.39494			4560.0	3.772e-07
0.04565	1.40004			4565.0	3.16445e-07
0.0457	1.31076			4570.0	1.57309e-07
0.04575	1.31076			4575.0	1.14926e-06
0.0458	1.33117			4580.0	5.38619e-07
0.04585	1.36943			4585.0	3.67133e-07
0.0459	1.41025			4590.0	4.65632e-08
0.04595	1.35413			4595.0	9.99987e-07
0.046	1.38474			4600.0	9.70641e-07
0.04605	1.42555			4605.0	1.11157e-07
0.0461	1.423			4610.0	5.17889e-07
0.04615	1.39749			4615.0	1.38522e-06
0.0462	1.4281			4620.0	2.19166e-06
0.04625	1.40259			4625.0	1.55565e-06
0.0463	1.43575			4630.0	6.58662e-07
0.04635	1.45361			4635.0	6.76233e-07
0.0464	1.44086			4640.0	1.0814e-06
0.04645	1.44341			4645.0	1.25907e-07
0.0465	1.43575			4650.0	5.4574e-08
0.04655	1.38729			4655.0	5.55952e-08
0.0466	1.35923			4660.0	6.95692e-08
0.04665	1.37709			4665.0	1.16599e-07
0.0467	1.38219			4670.0	1.26888e-07
0.04675	1.38219			4675.0	1.02845e-06
0.0468	1.37198			4680.0	1.31414e-06
0.04685	1.35668			4685.0	2.57055e-07
0.0469	1.36178			4690.0	6.58422e-07
0.04695	1.36688			4695.0	6.47688e-07
0.047	1.37964			4700.0	1.17789e-06
0.04705	1.38219			4705.0	2.66712e-06
0.0471	1.38984			4710.0	2.59201e-06
0.04715	1.43065			4715.0	2.3466e-06
0.0472	1.45616			4720.0	1.48607e-06
0.04725	1.44851			4725.0	9.06772e-08
0.0473	1.42045			4730.0	3.26181e-07
0.04735	1.42555			4735.0	1.08943e-09
0.0474	1.47146			4740.0	2.59026e-10
0.04745	1.50463			4745.0	5.18506e-08
0.0475	1.52758			4750.0	5.01713e-07
0.04755	1.50207			4755.0	2.75005e-07
0.0476	1.46381			4760.0	1.15731e-06
0.04765	1.46126			4765.0	2.51489e-06
0.0477	1.47402			4770.0	3.77673e-07
0.04775	1.48677			4775.0	1.20809e-06
0.0478	1.47402			4780.0	1.56881e-06
0.04785	1.44596			4785.0	6.48663e-07
0.0479	1.39239			4790.0	5.04863e-07
0.04795	1.41025			4795.0	2.17996e-07
0.048	1.4332			4800.0	5.98605e-07
0.04805	1.40004			4805.0	3.20187e-07
0.0481	1.33882			4810.0	3.2987e-07
0.04815	1.31842			4815.0	8.88313e-07
0.0482	1.33372			4820.0	4.16035e-07
0.04825	1.33117			4825.0	2.80296e-07
0.0483	1.35668			4830.0	3.1934e-07
0.04835	1.33117			4835.0	9.03655e-07
0.0484	1.28781			4840.0	1.36537e-06
0.04845	1.25975			4845.0	3.72153e-07
0.0485	1.31332			4850.0	3.66619e-07
0.04855	1.34393			4855.0	5.92876e-07
0.0486	1.34648			4860.0	2.18497e-07
0.04865	1.33882			4865.0	6.16106e-07
0.0487	1.33627			4870.0	1.78054e-07
0.04875	1.36433			4875.0	4.60054e-08
0.0488	1.35668			4880.0	1.89189e-07
0.04885	1.34393			4885.0	4.16651e-07
0.0489	1.34648			4890.0	5.61018e-07
0.04895	1.31332			4895.0	1.8264e-07
0.049	1.32352			4900.0	2.8999e-07
0.04905	1.38984			4905.0	1.27935e-07
0.0491	1.38219			4910.0	5.20964e-08
0.04915	1.32607			4915.0	5.61052e-07
0.0492	1.30821			4920.0	1.5206e-06
0.04925	1.31842			4925.0	5.07063e-07
0.0493	1.31332			4930.0	2.78741e-07
0.04935	1.36433			4935.0	4.68885e-07
0.0494	1.37709			4940.0	2.02216e-07
0.04945	1.37198			4945.0	6.28574e-08
0.0495	1.37964			4950.0	1.26859e-07
0.04955	1.38729			4955.0	1.73208e-08
0.0496	1.35413			4960.0	6.36204e-07
0.04965	1.35413			4965.0	4.37327e-07
0.0497	1.37709			4970.0	5.18719e-08
0.04975	1.4077			4975.0	3.86733e-09
0.0498	1.45616			4980.0	1.22729e-08
0.04985	1.48422			4985.0	1.43666e-08
0.0499	1.48422			4990.0	5.84031e-08
0.04995	1.4332			4995.0	9.98133e-08
0.05	1.42045			5000.0	2.30203e-07
0.05005	1.44341			5005.0	3.13272e-08
0.0501	1.47912			5010.0	6.08885e-08
0.05015	1.47912			5015.0	7.66127e-08
0.0502	1.48422			5020.0	1.96343e-08
0.05025	1.44851			5025.0	1.63917e-07
0.0503	1.44341			5030.0	3.29817e-07
0.05035	1.42555			5035.0	1.03494e-07
0.0504	1.39749			5040.0	3.69836e-07
0.05045	1.38984			5045.0	2.2409e-07
0.0505	1.39239			5050.0	1.35649e-07
0.05055	1.37453			5055.0	2.08534e-07
0.0506	1.38219			5060.0	3.48304e-07
0.05065	1.36688			5065.0	6.51242e-07
0.0507	1.36178			5070.0	3.8804e-07
0.05075	1.37964			5075.0	1.10649e-07
0.0508	1.37198			5080.0	2.56501e-07
0.05085	1.37964			5085.0	2.46499e-07
0.0509	1.39239			5090.0	1.83263e-07
0.05095	1.4281			5095.0	3.574e-07
0.051	1.42555			5100.0	3.20948e-08
0.05105	1.40004			5105.0	1.17099e-07
0.0511	1.38729			5110.0	3.58716e-07
0.05115	1.4281			5115.0	2.56975e-08
0.0512	1.47657			5120.0	8.82699e-08
0.05125	1.48677			5125.0	1.76696e-07
0.0513	1.47912			5130.0	3.99876e-07
0.05135	1.47146			5135.0	8.72956e-07
0.0514	1.45361			5140.0	6.79643e-07
0.05145	1.49697			5145.0	2.28024e-07
0.0515	1.46891			5150.0	4.23237e-07
0.05155	1.42045			5155.0	1.1141e-06
0.0516	1.39494			5160.0	1.39764e-06
0.05165	1.38474			5165.0	1.29975e-07
0.0517	1.43575			5170.0	1.76964e-07
0.05175	1.46126			5175.0	1.51819e-07
0.0518	1.37198			5180.0	3.2202e-07
0.05185	1.31332			5185.0	4.51594e-07
0.0519	1.32352			5190.0	1.20685e-07
0.05195	1.30056			5195.0	7.90503e-09
0.052	1.33117			5200.0	1.43637e-07
0.05205	1.37198			5205.0	7.98402e-07
0.0521	1.36178			5210.0	7.0959e-07
0.05215	1.32352			5215.0	7.57219e-07
0.0522	1.30566			5220.0	1.77824e-07
0.05225	1.28271			5225.0	5.83229e-07
0.0523	1.34393			5230.0	3.35186e-07
0.05235	1.36178			5235.0	4.81856e-07
0.0524	1.35158			5240.0	9.82067e-08
0.05245	1.38729			5245.0	1.37555e-07
0.0525	1.39749			5250.0	1.34322e-07
0.05255	1.37709			5255.0	1.93669e-08
0.0526	1.36688			5260.0	1.11053e-07
0.05265	1.33627			5265.0	3.64467e-07
0.0527	1.36178			5270.0	4.41654e-08
0.05275	1.4179			5275.0	2.23946e-08
0.0528	1.4128			5280.0	1.07421e-07
0.05285	1.36178			5285.0	8.8075e-08
0.0529	1.35413			5290.0	1.08469e-06
0.05295	1.32352			5295.0	1.56522e-06
0.053	1.31332			5300.0	8.59881e-07
0.05305	1.34648			5305.0	2.29161e-07
0.0531	1.34903			5310.0	3.72973e-07
0.05315	1.34137			5315.0	1.02549e-06
0.0532	1.36688			5320.0	7.20814e-07
0.05325	1.33882			5325.0	8.49362e-08
0.0533	1.34903			5330.0	2.2431e-07
0.05335	1.35413			5335.0	1.3326e-07
0.0534	1.34648			5340.0	1.6435e-07
0.05345	1.35158			5345.0	5.78896e-07
0.0535	1.39494			5350.0	2.68233e-07
0.05355	1.42555			5355.0	4.72049e-07
0.0536	1.45616			5360.0	8.9692e-08
0.05365	1.46891			5365.0	2.83413e-08
0.0537	1.4281			5370.0	9.17844e-09
0.05375	1.41535			5375.0	7.84188e-09
0.0538	1.41535			5380.0	2.843e-08
0.05385	1.47146			5385.0	2.70595e-08
0.0539	1.48422			5390.0	9.12682e-08
0.05395	1.47912			5395.0	5.84188e-08
0.054	1.45106			5400.0	3.66864e-07
0.05405	1.45106			5405.0	5.23368e-07
0.0541	1.43065			5410.0	4.49228e-07
0.05415	1.4179			5415.0	4.51377e-07
0.0542	1.38474			5420.0	1.73197e-07
0.05425	1.40259			5425.0	1.48466e-07
0.0543	1.40514			5430.0	7.38693e-08
0.05435	1.41535			5435.0	6.98233e-08
0.0544	1.39494			5440.0	3.03208e-07
0.05445	1.36688			5445.0	6.8397e-07
0.0545	1.35923			5450.0	3.76507e-07
0.05455	1.34137			5455.0	1.94474e-07
0.0546	1.37453			5460.0	3.0809e-07
0.05465	1.43575			5465.0	5.11345e-07
0.0547	1.44086			5470.0	2.08284e-07
0.05475	1.43575			5475.0	3.95797e-08
0.0548	1.40004			5480.0	1.13619e-07
0.05485	1.38984			5485.0	4.04254e-07
0.0549	1.39749			5490.0	3.55581e-07
0.05495	1.40514			5495.0	1.86803e-07
0.055	1.42555			5500.0	5.73049e-07
0.05505	1.49697			5505.0	4.66758e-07
0.0551	1.47912			5510.0	1.67494e-07
0.05515	1.42555			5515.0	1.33517e-08
0.0552	1.40259			5520.0	7.69517e-08
0.05525	1.44086			5525.0	2.82012e-07
0.0553	1.46636			5530.0	1.80749e-07
0.05535	1.45361			5535.0	9.19083e-08
0.0554	1.38729			5540.0	4.55585e-07
0.05545	1.35413			5545.0	1.05053e-06
0.0555	1.35668			5550.0	7.37282e-07
0.05555	1.35413			5555.0	3.43658e-07
0.0556	1.39239			5560.0	5.69111e-07
0.05565	1.38729			5565.0	1.11434e-06
0.0557	1.34137			5570.0	7.30091e-07
0.05575	1.30566			5575.0	4.64471e-07
0.0558	1.32352			5580.0	3.17963e-07
0.05585	1.34137			5585.0	2.63992e-08
0.0559	1.35923			5590.0	1.3741e-07
0.05595	1.36688			5595.0	5.30779e-07
0.056	1.32097			5600.0	7.52002e-07
0.05605	1.30566			5605.0	4.58642e-07
0.0561	1.34137			5610.0	3.32672e-07
0.05615	1.39494			5615.0	2.19405e-07
0.0562	1.35923			5620.0	8.53243e-07
0.05625	1.36178			5625.0	8.8796e-07
0.0563	1.36688			5630.0	3.14979e-08
0.05635	1.39494			5635.0	3.66358e-07
0.0564	1.39239			5640.0	1.35398e-07
0.05645	1.34393			5645.0	2.76322e-08
0.0565	1.34393			5650.0	3.51794e-07
0.05655	1.4179			5655.0	5.97116e-07
0.0566	1.4128			5660.0	4.88703e-07
0.05665	1.39494			5665.0	9.97689e-07
0.0567	1.35923			5670.0	5.48831e-07
0.05675	1.30821			5675.0	9.50803e-08
0.0568	1.33372			5680.0	4.77629e-08
0.05685	1.38474			5685.0	5.36545e-07
0.0569	1.40259			5690.0	9.65806e-07
0.05695	1.36433			5695.0	9.9304e-08
0.057	1.35413			5700.0	2.65622e-07
0.05705	1.31332			5705.0	6.70937e-07
0.0571	1.31842			5710.0	8.27248e-07
0.05715	1.37198			5715.0	1.02345e-06
0.0572	1.40004			5720.0	3.44418e-07
0.05725	1.41025			5725.0	2.30125e-07
0.0573	1.38729			5730.0	7.80731e-08
0.05735	1.42555			5735.0	4.19781e-08
0.0574	1.45361			5740.0	1.70119e-07
0.05745	1.46126			5745.0	2.36963e-07
0.0575	1.4281			5750.0	2.6062e-08
0.05755	1.43065			5755.0	5.36648e-07
0.0576	1.47146			5760.0	1.2837e-06
0.05765	1.48167			5765.0	1.15953e-06
0.0577	1.46126			5770.0	6.54205e-07
0.05775	1.48422			5775.0	3.93354e-07
0.0578	1.44596			5780.0	4.06474e-07
0.05785	1.40514			5785.0	5.36944e-07
0.0579	1.4128			5790.0	3.16865e-07
0.05795	1.40259			5795.0	4.44045e-07
0.058	1.36433			5800.0	8.2231e-07
0.05805	1.35923			5805.0	1.1438e-06
0.0581	1.38984			5810.0	2.97662e-07
0.05815	1.38729			5815.0	1.50671e-07
0.0582	1.38474			5820.0	3.91047e-07
0.05825	1.36688			5825.0	2.00264e-07
0.0583	1.35923			5830.0	3.04779e-08
0.05835	1.37198			5835.0	8.3846e-07
0.0584	1.4128			5840.0	2.27639e-06
0.05845	1.42555			5845.0	2.34575e-06
0.0585	1.41535			5850.0	7.93073e-07
0.05855	1.39494			5855.0	1.87476e-08
0.0586	1.43065			5860.0	1.20924e-08
0.05865	1.40514			5865.0	4.3703e-08
0.0587	1.35413			5870.0	2.78467e-07
0.05875	1.44596			5875.0	1.05624e-07
0.0588	1.49442			5880.0	2.9476e-08
0.05885	1.44086			5885.0	1.08113e-07
0.0589	1.44086			5890.0	6.86303e-07
0.05895	1.44086			5895.0	4.97294e-07
0.059	1.45616			5900.0	5.95162e-07
0.05905	1.47402			5905.0	8.25129e-07
0.0591	1.42045			5910.0	3.9188e-07
0.05915	1.35413			5915.0	2.16882e-07
0.0592	1.37198			5920.0	8.31311e-07
0.05925	1.4179			5925.0	2.57211e-07
0.0593	1.40004			5930.0	5.33638e-07
0.05935	1.35158			5935.0	1.36849e-06
0.0594	1.33372			5940.0	5.95904e-07
0.05945	1.34137			5945.0	6.32946e-08
0.0595	1.35923			5950.0	4.35308e-07
0.05955	1.34393			5955.0	9.3376e-07
0.0596	1.35413			5960.0	1.06465e-08
0.05965	1.37964			5965.0	1.22917e-07
0.0597	1.32097			5970.0	3.24647e-07
0.05975	1.30056			5975.0	2.25487e-07
0.0598	1.32352			5980.0	1.36655e-07
0.05985	1.38474			5985.0	2.09376e-07
0.0599	1.38984			5990.0	1.55835e-06
0.05995	1.35668			5995.0	9.57669e-07
0.06	1.35413			6000.0	3.93601e-07
0.06005	1.33882			6005.0	2.24806e-07
0.0601	1.37453			6010.0	1.91278e-06
0.06015	1.38474			6015.0	2.51703e-06
0.0602	1.36688			6020.0	9.19874e-07
0.06025	1.34903			6025.0	1.67411e-08
0.0603	1.37453			6030.0	2.7287e-07
0.06035	1.40259			6035.0	6.06945e-07
0.0604	1.34137			6040.0	5.17096e-07
0.06045	1.34137			6045.0	6.44733e-08
0.0605	1.32352			6050.0	1.31671e-08
0.06055	1.33372			6055.0	3.18449e-07
0.0606	1.32097			6060.0	7.02934e-07
0.06065	1.35158			6065.0	3.95175e-07
0.0607	1.32097			6070.0	5.40403e-07
0.06075	1.32352			6075.0	6.09623e-07
0.0608	1.33372			6080.0	4.19691e-07
0.06085	1.32097			6085.0	9.39045e-08
0.0609	1.35158			6090.0	3.68293e-07
0.06095	1.36943			6095.0	1.38575e-06
0.061	1.38729			6100.0	8.71772e-07
0.06105	1.37453			6105.0	5.21362e-07
0.0611	1.38729			6110.0	4.3024e-08
0.06115	1.46636			6115.0	2.86665e-07
0.0612	1.46891			6120.0	7.55213e-07
0.06125	1.44086			6125.0	1.32558e-06
0.0613	1.46636			6130.0	7.16735e-07
0.06135	1.47402			6135.0	1.99514e-07
0.0614	1.49187			6140.0	1.80027e-07
0.06145	1.50207			6145.0	2.52657e-07
0.0615	1.52758			6150.0	5.58231e-08
0.06155	1.47146			6155.0	1.14976e-09
0.0616	1.44086			6160.0	4.3854e-08
0.06165	1.45361			6165.0	5.20412e-08
0.0617	1.46381			6170.0	1.27011e-07
0.06175	1.45616			6175.0	3.02522e-07
0.0618	1.44851			6180.0	1.18649e-07
0.06185	1.42045			6185.0	1.99386e-07
0.0619	1.39749			6190.0	9.97272e-07
0.06195	1.37964			6195.0	7.3313e-07
0.062	1.36433			6200.0	2.87355e-07
0.06205	1.35923			6205.0	1.49194e-07
0.0621	1.33372			6210.0	2.43912e-08
0.06215	1.37709			6215.0	3.08845e-08
0.0622	1.4128			6220.0	1.69181e-08
0.06225	1.40259			6225.0	3.33604e-08
0.0623	1.4179			6230.0	1.1537e-07
0.06235	1.42555			6235.0	6.58917e-08
0.0624	1.37964			6240.0	2.81359e-07
0.06245	1.40259			6245.0	4.5846e-07
0.0625	1.423			6250.0	5.42817e-07
0.06255	1.44086			6255.0	2.77267e-07
0.0626	1.43575			6260.0	4.70999e-07
0.06265	1.40514			6265.0	4.45448e-07
0.0627	1.4077			6270.0	4.31352e-07
0.06275	1.4383			6275.0	3.49623e-07
0.0628	1.44086			6280.0	3.57474e-07
0.06285	1.38474			6285.0	2.89703e-08
0.0629	1.36433			6290.0	5.64593e-08
0.06295	1.42555			6295.0	6.41271e-08
0.063	1.44596			6300.0	1.1617e-07
0.06305	1.4383			6305.0	6.46133e-09
0.0631	1.34137			6310.0	7.87752e-08
0.06315	1.30821			6315.0	8.32119e-08
0.0632	1.31842			6320.0	4.08142e-08
0.06325	1.38219			6325.0	6.25433e-08
0.0633	1.43575			6330.0	1.59797e-07
0.06335	1.40259			6335.0	9.22073e-08
0.0634	1.31332			6340.0	2.4688e-07
0.06345	1.28271			6345.0	5.17377e-07
0.0635	1.30311			6350.0	4.57578e-08
0.06355	1.33882			6355.0	2.74085e-08
0.0636	1.36433			6360.0	1.03223e-08
0.06365	1.36943			6365.0	1.37494e-07
0.0637	1.33372			6370.0	2.78562e-07
0.06375	1.35668			6375.0	7.71168e-08
0.0638	1.37964			6380.0	9.94534e-08
0.06385	1.37453			6385.0	2.17279e-07
0.0639	1.32352			6390.0	7.36085e-08
0.06395	1.30821			6395.0	6.59814e-08
0.064	1.38729			6400.0	2.63841e-07
0.06405	1.43575			6405.0	3.31474e-07
0.0641	1.42045			6410.0	5.11461e-07
0.06415	1.35668			6415.0	3.04563e-07
0.0642	1.34137			6420.0	1.4159e-07
0.06425	1.36178			6425.0	1.41182e-07
0.0643	1.39494			6430.0	3.04237e-08
0.06435	1.35668			6435.0	2.16503e-07
0.0644	1.30821			6440.0	5.43616e-08
0.06445	1.32607			6445.0	1.34115e-07
0.0645	1.35668			6450.0	4.24843e-07
0.06455	1.35158			6455.0	7.7626e-07
0.0646	1.35413			6460.0	2.50873e-07
0.06465	1.35158			6465.0	2.28165e-07
0.0647	1.35413			6470.0	4.28858e-08
0.06475	1.33882			6475.0	9.35788e-08
0.0648	1.40514			6480.0	3.65221e-07
0.06485	1.43575			6485.0	2.68515e-07
0.0649	1.39749			6490.0	1.72429e-07
0.06495	1.36178			6495.0	4.98445e-07
0.065	1.40514			6500.0	5.29526e-07
0.06505	1.45361			6505.0	6.57754e-08
0.0651	1.47402			6510.0	2.39719e-08
0.06515	1.50973			6515.0	1.3971e-07
0.0652	1.47657			6520.0	3.1241e-07
0.06525	1.4179			6525.0	3.13304e-08
0.0653	1.45616			6530.0	1.05661e-07
0.06535	1.47657			6535.0	2.61873e-07
0.0654	1.44086			6540.0	4.21619e-07
0.06545	1.43575			6545.0	6.86673e-07
0.0655	1.46636			6550.0	3.48636e-07
0.06555	1.423			6555.0	4.12934e-07
0.0656	1.40514			6560.0	4.7874e-07
0.06565	1.4128			6565.0	7.54017e-07
0.0657	1.40514			6570.0	4.18009e-07
0.06575	1.37964			6575.0	1.90645e-08
0.0658	1.38984			6580.0	7.05833e-08
0.06585	1.37198			6585.0	7.23857e-08
0.0659	1.36433			6590.0	1.437e-08
0.06595	1.40514			6595.0	2.2846e-07
0.066	1.423			6600.0	3.2012e-07
0.06605	1.37453			6605.0	2.97969e-07
0.0661	1.38219			6610.0	5.74221e-08
0.06615	1.43065			6615.0	4.849e-07
0.0662	1.42555			6620.0	3.18526e-07
0.06625	1.42045			6625.0	2.08796e-07
0.0663	1.48422			6630.0	6.62414e-08
0.06635	1.47657			6635.0	6.43832e-08
0.0664	1.4281			6640.0	9.37783e-08
0.06645	1.45616			6645.0	3.77836e-08
0.0665	1.41535			6650.0	1.60185e-07
0.06655	1.35413			6655.0	2.89966e-07
0.0666	1.4332			6660.0	6.50903e-08
0.06665	1.50973			6665.0	5.17093e-07
0.0667	1.47657			6670.0	1.07785e-07
0.06675	1.4179			6675.0	2.29747e-07
0.0668	1.38474			6680.0	2.38357e-07
0.06685	1.43575			6685.0	4.21556e-08
0.0669	1.44341			6690.0	5.94208e-08
0.06695	1.38219			6695.0	2.37574e-07
0.067	1.33117			6700.0	1.86143e-08
0.06705	1.35923			6705.0	5.2453e-07
0.0671	1.36433			6710.0	3.30492e-07
0.06715	1.40004			6715.0	7.94837e-08
0.0672	1.40259			6720.0	6.80791e-08
0.06725	1.30566			6725.0	2.20908e-08
0.0673	1.24189			6730.0	8.36509e-08
0.06735	1.29546			6735.0	1.22456e-07
0.0674	1.33372			6740.0	1.99314e-07
0.06745	1.33117			6745.0	1.02187e-07
0.0675	1.35413			6750.0	2.31156e-07
0.06755	1.29291			6755.0	5.75239e-08
0.0676	1.2725			6760.0	1.028e-07
0.06765	1.30311			6765.0	3.00414e-08
0.0677	1.34137			6770.0	4.76362e-08
0.06775	1.32097			6775.0	3.90813e-07
0.0678	1.34648			6780.0	3.04764e-07
0.06785	1.34393			6785.0	2.08738e-08
0.0679	1.34648			6790.0	1.77942e-07
0.06795	1.40004			6795.0	6.50374e-08
0.068	1.37198			6800.0	8.96218e-07
0.06805	1.30311			6805.0	8.90652e-07
0.0681	1.34137			6810.0	2.19094e-07
0.06815	1.36433			6815.0	4.0912e-08
0.0682	1.40004			6820.0	4.70864e-09
0.06825	1.39749			6825.0	2.81568e-08
0.0683	1.34137			6830.0	2.49119e-08
0.06835	1.36433			6835.0	2.12271e-07
0.0684	1.4179			6840.0	2.12403e-07
0.06845	1.43575			6845.0	5.16511e-08
0.0685	1.38729			6850.0	5.97854e-07
0.06855	1.38474			6855.0	2.48468e-07
0.0686	1.38219			6860.0	1.12977e-07
0.06865	1.42555			6865.0	1.81079e-07
0.0687	1.45361			6870.0	3.65459e-07
0.06875	1.52248			6875.0	6.35521e-07
0.0688	1.46126			6880.0	5.66349e-07
0.06885	1.37453			6885.0	8.99312e-08
0.0689	1.4332			6890.0	2.48489e-07
0.06895	1.50973			6895.0	8.10696e-08
0.069	1.50207			6900.0	1.38987e-07
0.06905	1.47912			6905.0	2.15225e-07
0.0691	1.44086			6910.0	7.73138e-08
0.06915	1.38474			6915.0	6.36033e-08
0.0692	1.41535			6920.0	4.5244e-08
0.06925	1.47402			6925.0	1.64309e-07
0.0693	1.43065			6930.0	1.69042e-07
0.06935	1.38219			6935.0	2.04899e-07
0.0694	1.35158			6940.0	1.2871e-07
0.06945	1.34648			6945.0	8.81172e-08
0.0695	1.31332			6950.0	2.58791e-07
0.06955	1.34903			6955.0	3.81109e-08
0.0696	1.35923			6960.0	1.88498e-07
0.06965	1.31076			6965.0	3.55961e-07
0.0697	1.33372			6970.0	3.50031e-07
0.06975	1.36178			6975.0	6.59954e-07
0.0698	1.33882			6980.0	6.22796e-07
0.06985	1.34137			6985.0	2.31645e-07
0.0699	1.32607			6990.0	1.12004e-07
0.06995	1.35668			6995.0	1.57736e-08
0.07	1.40514			7000.0	3.87355e-07
0.07005	1.46891			7005.0	8.75604e-07
0.0701	1.46126			7010.0	8.05099e-07
0.07015	1.43575			7015.0	1.37229e-07
0.0702	1.42555			7020.0	2.45126e-07
0.07025	1.4383			7025.0	2.36975e-07
0.0703	1.48677			7030.0	5.05917e-08
0.07035	1.50718			7035.0	1.33498e-08
0.0704	1.47912			7040.0	3.53286e-08
0.07045	1.4332			7045.0	1.7576e-07
0.0705	1.4179			7050.0	3.81496e-08
0.07055	1.46636			7055.0	6.98625e-08
0.0706	1.51483			7060.0	2.93438e-07
0.07065	1.45871			7065.0	1.68851e-07
0.0707	1.40514			7070.0	6.21383e-08
0.07075	1.4179			7075.0	2.70658e-07
0.0708	1.44086			7080.0	1.33741e-07
0.07085	1.47146			7085.0	3.60823e-07
0.0709	1.45106			7090.0	1.24609e-07
0.07095	1.33882			7095.0	4.73673e-09
0.071	1.27505			7100.0	3.50586e-08
0.07105	1.35158			7105.0	7.26576e-08
0.0711	1.46891			7110.0	6.20939e-09
0.07115	1.46636			7115.0	1.99159e-08
0.0712	1.37964			7120.0	2.35559e-07
0.07125	1.30566			7125.0	9.28883e-08
0.0713	1.28526			7130.0	6.30084e-08
0.07135	1.32097			7135.0	6.17276e-08
0.0714	1.35413			7140.0	4.53765e-08
0.07145	1.39239			7145.0	4.05241e-08
0.0715	1.34903			7150.0	1.19966e-08
0.07155	1.33372			7155.0	4.8857e-08
0.0716	1.33117			7160.0	5.59045e-08
0.07165	1.35668			7165.0	5.35974e-08
0.0717	1.27505			7170.0	6.47743e-08
0.07175	1.28016			7175.0	1.14393e-07
0.0718	1.30821			7180.0	3.04421e-07
0.07185	1.35413			7185.0	3.10572e-07
0.0719	1.36688			7190.0	2.05519e-07
0.07195	1.33117			7195.0	1.07482e-07
0.072	1.2623			7200.0	1.58019e-07
0.07205	1.24955			7205.0	1.97435e-07
0.0721	1.29291			7210.0	3.74569e-07
0.07215	1.34903			7215.0	4.60914e-07
0.0722	1.31587			7220.0	4.36499e-08
0.07225	1.29036			7225.0	3.0702e-08
0.0723	1.32607			7230.0	2.92411e-09
0.07235	1.31587			7235.0	9.05987e-08
0.0724	1.31842			7240.0	1.54917e-07
0.07245	1.39239			7245.0	5.94405e-08
0.0725	1.39749			7250.0	6.23953e-08
0.07255	1.33882			7255.0	4.28901e-07
0.0726	1.40004			7260.0	8.69498e-08
0.07265	1.49697			7265.0	1.8114e-07
0.0727	1.45616			7270.0	5.30672e-08
0.07275	1.4383			7275.0	1.56855e-08
0.0728	1.44341			7280.0	9.73081e-09
0.07285	1.47146			7285.0	4.22892e-08
0.0729	1.51738			7290.0	2.15106e-07
0.07295	1.52248			7295.0	4.58236e-07
0.073	1.50463			7300.0	3.15369e-07
0.07305	1.48677			7305.0	9.5124e-09
0.0731	1.48932			7310.0	3.99785e-08
0.07315	1.45361			7315.0	5.87516e-08
0.0732	1.423			7320.0	1.32085e-07
0.07325	1.38474			7325.0	8.38444e-09
0.0733	1.4077			7330.0	3.23674e-08
0.07335	1.4179			7335.0	9.40858e-08
0.0734	1.37964			7340.0	9.13624e-09
0.07345	1.37453			7345.0	8.16079e-09
0.0735	1.35923			7350.0	7.62175e-09
0.07355	1.33372			7355.0	7.81832e-08
0.0736	1.32862			7360.0	2.60431e-09
0.07365	1.34903			7365.0	3.6327e-08
0.0737	1.35158			7370.0	3.31357e-08
0.07375	1.37709			7375.0	1.68917e-08
0.0738	1.40004			7380.0	3.90911e-08
0.07385	1.423			7385.0	1.26714e-07
0.0739	1.42045			7390.0	5.09497e-08
0.07395	1.45361			7395.0	4.20333e-09
0.074	1.47146			7400.0	7.51537e-09
0.07405	1.51738			7405.0	7.32113e-08
0.0741	1.50973			7410.0	1.02532e-07
0.07415	1.50718			7415.0	1.12396e-07
0.0742	1.48677			7420.0	1.27211e-07
0.07425	1.45616			7425.0	1.47376e-07
0.0743	1.44341			7430.0	4.3009e-08
0.07435	1.46891			7435.0	1.08837e-07
0.0744	1.48932			7440.0	4.31706e-08
0.07445	1.46891			7445.0	6.77203e-08
0.0745	1.45106			7450.0	1.06502e-07
0.07455	1.39239			7455.0	8.83495e-08
0.0746	1.423			7460.0	7.20916e-08
0.07465	1.423			7465.0	8.64777e-09
0.0747	1.40004			7470.0	2.90018e-08
0.07475	1.36178			7475.0	1.62031e-09
0.0748	1.30311			7480.0	7.86666e-09
0.07485	1.28271			7485.0	5.49928e-08
0.0749	1.35668			7490.0	9.93248e-08
0.07495	1.4179			7495.0	7.07709e-08
0.075	1.34137			7500.0	1.87388e-08
0.07505	1.23169			7505.0	4.40945e-09
0.0751	1.21383			7510.0	1.31809e-08
0.07515	1.27505			7515.0	5.54509e-08
0.0752	1.31842			7520.0	8.31044e-09
0.07525	1.37198			7525.0	4.84356e-08
0.0753	1.35158			7530.0	8.79282e-08
0.07535	1.29546			7535.0	3.21932e-07
0.0754	1.2674			7540.0	2.13261e-07
0.07545	1.30056			7545.0	2.07469e-08
0.0755	1.31076			7550.0	4.08485e-09
0.07555	1.33117			7555.0	2.63776e-08
0.0756	1.35413			7560.0	4.63237e-08
0.07565	1.35923			7565.0	1.6372e-07
0.0757	1.33117			7570.0	3.59679e-07
0.07575	1.37964			7575.0	1.04039e-07
0.0758	1.34648			7580.0	2.16325e-08
0.07585	1.29801			7585.0	1.07487e-07
0.0759	1.32862			7590.0	3.44148e-08
0.07595	1.36178			7595.0	4.12116e-09
0.076	1.33372			7600.0	5.66407e-08
0.07605	1.32352			7605.0	8.98723e-08
0.0761	1.32862			7610.0	3.29315e-09
0.07615	1.32862			7615.0	2.81674e-08
0.0762	1.35923			7620.0	1.13246e-07
0.07625	1.37964			7625.0	9.97301e-08
0.0763	1.41025			7630.0	4.02558e-08
0.07635	1.4128			7635.0	2.09137e-08
0.0764	1.39494			7640.0	2.01491e-08
0.07645	1.47912			7645.0	3.29818e-08
0.0765	1.50207			7650.0	5.47507e-08
0.07655	1.44851			7655.0	2.0343e-08
0.0766	1.4383			7660.0	1.60478e-08
0.07665	1.47657			7665.0	5.8754e-08
0.0767	1.51483			7670.0	6.29069e-08
0.07675	1.54034			7675.0	5.35922e-08
0.0768	1.55819			7680.0	1.90766e-08
0.07685	1.52503			7685.0	1.95352e-09
0.0769	1.47657			7690.0	3.56984e-08
0.07695	1.44851			7695.0	6.52874e-08
0.077	1.46381			7700.0	8.76898e-08
0.07705	1.44596			7705.0	3.07451e-08
0.0771	1.46381			7710.0	2.56418e-08
0.07715	1.4383			7715.0	2.51901e-08
0.0772	1.37709			7720.0	6.79659e-08
0.07725	1.35668			7725.0	1.17242e-07
0.0773	1.36178			7730.0	1.30161e-07
0.07735	1.34648			7735.0	2.11417e-07
0.0774	1.35923			7740.0	1.3039e-07
0.07745	1.34393			7745.0	7.37441e-08
0.0775	1.32862			7750.0	7.05474e-08
0.07755	1.36688			7755.0	1.08473e-07
0.0776	1.37709			7760.0	4.60011e-08
0.07765	1.35923			7765.0	2.70509e-08
0.0777	1.33882			7770.0	5.29044e-08
0.07775	1.39239			7775.0	3.55013e-08
0.0778	1.4383			7780.0	9.1666e-09
0.07785	1.47657			7785.0	4.4765e-08
0.0779	1.46636			7790.0	6.98495e-08
0.07795	1.45616			7795.0	1.3425e-08
0.078	1.43065			7800.0	2.19732e-09
0.07805	1.44086			7805.0	1.14674e-08
0.0781	1.44596			7810.0	1.57931e-08
0.07815	1.46126			7815.0	7.77766e-09
0.0782	1.44851			7820.0	4.03144e-08
0.07825	1.46636			7825.0	2.55566e-08
0.0783	1.46126			7830.0	6.00309e-08
0.07835	1.4128			7835.0	4.45555e-08
0.0784	1.4077			7840.0	2.60465e-09
0.07845	1.39239			7845.0	8.08031e-08
0.0785	1.41535			7850.0	1.33084e-07
0.07855	1.44341			7855.0	1.11137e-07
0.0786	1.4128			7860.0	4.43075e-08
0.07865	1.31587			7865.0	1.25456e-09
0.0787	1.30311			7870.0	4.14209e-08
0.07875	1.36688			7875.0	6.13193e-08
0.0788	1.39749			7880.0	3.73407e-08
0.07885	1.39749			7885.0	7.10649e-08
0.0789	1.34393			7890.0	1.16932e-07
0.07895	1.32097			7895.0	6.64998e-08
0.079	1.31842			7900.0	2.37443e-09
0.07905	1.36688			7905.0	6.93863e-08
0.0791	1.37198			7910.0	6.03341e-08
0.07915	1.34648			7915.0	4.43669e-08
0.0792	1.31332			7920.0	3.71659e-10
0.07925	1.33372			7925.0	3.03784e-08
0.0793	1.33117			7930.0	1.64573e-07
0.07935	1.30056			7935.0	2.19588e-07
0.0794	1.31842			7940.0	1.33742e-07
0.07945	1.33882			7945.0	1.45053e-09
0.0795	1.36178			7950.0	9.97677e-09
0.07955	1.35158			7955.0	2.95204e-08
0.0796	1.32097			7960.0	1.35934e-08
0.07965	1.29036			7965.0	6.36305e-08
0.0797	1.29546			7970.0	3.70861e-08
0.07975	1.28781			7975.0	2.04439e-08
0.0798	1.31332			7980.0	7.62966e-09
0.07985	1.31842			7985.0	7.8311e-09
0.0799	1.30821			7990.0	1.2234e-08
0.07995	1.28781			7995.0	1.41288e-09
0.08	1.29291			8000.0	1.5306e-08
0.08005	1.29801			8005.0	1.014e-07
0.0801	1.32352			8010.0	2.91138e-08
0.08015	1.35923			8015.0	8.71118e-08
0.0802	1.36688			8020.0	1.06719e-07
0.08025	1.38984			8025.0	7.77302e-08
0.0803	1.38219			8030.0	8.36067e-08
0.08035	1.39494			8035.0	2.31548e-08
0.0804	1.42555			8040.0	2.38988e-08
0.08045	1.4383			8045.0	3.49885e-08
0.0805	1.44596			8050.0	2.42898e-08
0.08055	1.52503			8055.0	6.36492e-08
0.0806	1.54034			8060.0	9.23122e-08
0.08065	1.50207			8065.0	5.46473e-08
0.0807	1.50973			8070.0	2.82399e-08
0.08075	1.49952			8075.0	3.94803e-08
0.0808	1.45616			8080.0	4.37837e-08
0.08085	1.46891			8085.0	3.1117e-08
0.0809	1.50463			8090.0	6.72152e-08
0.08095	1.47402			8095.0	3.15647e-08
0.081	1.46381			8100.0	3.49511e-08
0.08105	1.39494			8105.0	1.23016e-07
0.0811	1.36688			8110.0	9.75548e-08
0.08115	1.39239			8115.0	2.07875e-09
0.0812	1.43065			8120.0	4.57925e-08
0.08125	1.4128			8125.0	5.61612e-08
0.0813	1.37964			8130.0	1.81789e-08
0.08135	1.37453			8135.0	1.42558e-07
0.0814	1.39239			8140.0	5.61553e-08
0.08145	1.40259			8145.0	2.50752e-09
0.0815	1.40259			8150.0	6.28034e-09
0.08155	1.43575			8155.0	4.84876e-09
0.0816	1.45616			8160.0	1.09494e-09
0.08165	1.48422			8165.0	1.01658e-07
0.0817	1.48677			8170.0	7.56164e-08
0.08175	1.48932			8175.0	2.90602e-08
0.0818	1.46636			8180.0	2.00029e-08
0.08185	1.48167			8185.0	2.40973e-08
0.0819	1.46636			8190.0	3.98236e-08
0.08195	1.46636			8195.0	6.16322e-08
0.082	1.47912			8200.0	7.71229e-08
0.08205	1.44086			8205.0	1.68167e-07
0.0821	1.40259			8210.0	2.07297e-07
0.08215	1.37964			8215.0	9.40738e-08
0.0822	1.39749			8220.0	5.99344e-08
0.08225	1.423			8225.0	4.37208e-08
0.0823	1.42045			8230.0	1.04357e-07
0.08235	1.36433			8235.0	1.39243e-07
0.0824	1.31332			8240.0	6.59696e-08
0.08245	1.30821			8245.0	7.80722e-08
0.0825	1.36178			8250.0	4.24202e-08
0.08255	1.38219			8255.0	4.93163e-09
0.0826	1.31332			8260.0	7.25052e-09
0.08265	1.24955			8265.0	1.89104e-09
0.0827	1.2674			8270.0	1.30825e-08
0.08275	1.39494			8275.0	2.71448e-08
0.0828	1.43065			8280.0	2.96047e-08
0.08285	1.36943			8285.0	1.29282e-08
0.0829	1.29291			8290.0	7.26848e-09
0.08295	1.2623			8295.0	4.91727e-09
0.083	1.31842			8300.0	1.26787e-08
0.08305	1.39239			8305.0	9.82938e-09
0.0831	1.44086			8310.0	6.88021e-10
0.08315	1.37709			8315.0	1.89435e-09
0.0832	1.28271			8320.0	3.07792e-08
0.08325	1.2623			8325.0	1.1609e-07
0.0833	1.30821			8330.0	8.04716e-08
0.08335	1.32097			8335.0	8.90713e-08
0.0834	1.30311			8340.0	7.87155e-08
0.08345	1.33882			8345.0	2.35826e-08
0.0835	1.33627			8350.0	8.20614e-08
0.08355	1.32352			8355.0	1.87429e-08
0.0836	1.29291			8360.0	3.49088e-08
0.08365	1.2776			8365.0	4.5417e-08
0.0837	1.26485			8370.0	3.71318e-08
0.08375	1.29291			8375.0	8.25573e-08
0.0838	1.35158			8380.0	2.53842e-07
0.08385	1.34393			8385.0	6.15301e-08
0.0839	1.32097			8390.0	1.25365e-08
0.08395	1.33882			8395.0	2.23811e-08
0.084	1.35668			8400.0	3.77615e-08
0.08405	1.33882			8405.0	1.15431e-07
0.0841	1.423			8410.0	5.80503e-08
0.08415	1.45616			8415.0	8.06143e-08
0.0842	1.45871			8420.0	1.09729e-07
0.08425	1.47402			8425.0	6.24199e-09
0.0843	1.48932			8430.0	2.23952e-07
0.08435	1.48932			8435.0	9.21124e-08
0.0844	1.51738			8440.0	2.2891e-08
0.08445	1.51228			8445.0	1.1345e-08
0.0845	1.51738			8450.0	1.80874e-08
0.08455	1.55564			8455.0	5.5564e-08
0.0846	1.54799			8460.0	1.35516e-07
0.08465	1.53523			8465.0	1.41177e-07
0.0847	1.51738			8470.0	1.18926e-08
0.08475	1.47402			8475.0	2.66586e-08
0.0848	1.45106			8480.0	2.42507e-08
0.08485	1.43065			8485.0	1.27705e-08
0.0849	1.37964			8490.0	7.7765e-10
0.08495	1.39239			8495.0	1.81536e-08
0.085	1.40004			8500.0	1.50153e-08
0.08505	1.37453			8505.0	4.5079e-08
0.0851	1.34393			8510.0	1.17482e-08
0.08515	1.32352			8515.0	3.96506e-08
0.0852	1.31587			8520.0	6.72411e-09
0.08525	1.33372			8525.0	1.72418e-08
0.0853	1.35413			8530.0	3.10255e-08
0.08535	1.34648			8535.0	4.15075e-10
0.0854	1.35923			8540.0	6.88392e-08
0.08545	1.41025			8545.0	9.00846e-08
0.0855	1.423			8550.0	2.04974e-08
0.08555	1.39494			8555.0	6.14547e-08
0.0856	1.4281			8560.0	1.44908e-07
0.08565	1.46636			8565.0	1.13936e-07
0.0857	1.52248			8570.0	3.99496e-08
0.08575	1.50207			8575.0	2.57959e-08
0.0858	1.47146			8580.0	1.86848e-08
0.08585	1.47657			8585.0	5.31721e-08
0.0859	1.45106			8590.0	8.20135e-08
0.08595	1.40259			8595.0	1.16028e-07
0.086	1.38729			8600.0	5.16965e-08
0.08605	1.4179			8605.0	4.26702e-09
0.0861	1.45871			8610.0	2.55068e-09
0.08615	1.42555			8615.0	1.43133e-09
0.0862	1.37964			8620.0	9.26579e-09
0.08625	1.38474			8625.0	5.69324e-09
0.0863	1.40259			8630.0	1.76827e-08
0.08635	1.37964			8635.0	1.27136e-08
0.0864	1.33372			8640.0	1.33358e-07
0.08645	1.36433			8645.0	5.63757e-08
0.0865	1.37198			8650.0	2.58483e-10
0.08655	1.35923			8655.0	2.46644e-08
0.0866	1.33882			8660.0	1.3199e-07
0.08665	1.37453			8665.0	1.06396e-07
0.0867	1.40514			8670.0	8.63639e-08
0.08675	1.36433			8675.0	2.02908e-07
0.0868	1.33372			8680.0	2.77653e-07
0.08685	1.34903			8685.0	1.34548e-07
0.0869	1.37198			8690.0	3.10652e-09
0.08695	1.37709			8695.0	1.46002e-07
0.087	1.39494			8700.0	3.43355e-07
0.08705	1.32352			8705.0	1.83989e-07
0.0871	1.2725			8710.0	1.14998e-07
0.08715	1.32607			8715.0	1.83031e-07
0.0872	1.34393			8720.0	1.75215e-07
0.08725	1.33882			8725.0	1.84193e-07
0.0873	1.29036			8730.0	2.58723e-07
0.08735	1.29036			8735.0	1.13353e-07
0.0874	1.28271			8740.0	2.15339e-09
0.08745	1.30821			8745.0	3.85767e-08
0.0875	1.27505			8750.0	1.45632e-08
0.08755	1.2521			8755.0	3.99156e-08
0.0876	1.28271			8760.0	6.48238e-08
0.08765	1.26995			8765.0	2.21462e-08
0.0877	1.25975			8770.0	4.07183e-08
0.08775	1.2776			8775.0	4.93204e-08
0.0878	1.30566			8780.0	1.16657e-08
0.08785	1.34393			8785.0	1.53658e-08
0.0879	1.33117			8790.0	4.80477e-10
0.08795	1.33627			8795.0	7.28931e-10
0.088	1.38729			8800.0	3.12303e-09
0.08805	1.46126			8805.0	8.52885e-09
0.0881	1.46126			8810.0	3.43762e-08
0.08815	1.44596			8815.0	3.35432e-08
0.0882	1.45106			8820.0	4.16017e-08
0.08825	1.47146			8825.0	3.60174e-08
0.0883	1.50718			8830.0	3.70526e-08
0.08835	1.52248			8835.0	1.67956e-08
0.0884	1.55309			8840.0	3.22158e-08
0.08845	1.52248			8845.0	2.91659e-08
0.0885	1.50207			8850.0	2.75246e-08
0.08855	1.51738			8855.0	2.02551e-08
0.0886	1.53523			8860.0	2.06373e-08
0.08865	1.48677			8865.0	2.13907e-08
0.0887	1.48422			8870.0	4.47265e-08
0.08875	1.46381			8875.0	1.22113e-07
0.0888	1.43575			8880.0	8.88911e-08
0.08885	1.423			8885.0	5.148e-08
0.0889	1.39749			8890.0	3.43322e-08
0.08895	1.36688			8895.0	1.54164e-08
0.089	1.34648			8900.0	2.75972e-09
0.08905	1.35923			8905.0	7.08015e-08
0.0891	1.37453			8910.0	1.86488e-07
0.08915	1.38729			8915.0	2.06672e-07
0.0892	1.37709			8920.0	2.00393e-07
0.08925	1.38729			8925.0	6.82639e-08
0.0893	1.38219			8930.0	1.49297e-08
0.08935	1.36688			8935.0	1.19778e-08
0.0894	1.4281			8940.0	1.91384e-08
0.08945	1.44596			8945.0	1.30388e-08
0.0895	1.47912			8950.0	1.08997e-08
0.08955	1.49442			8955.0	3.83909e-08
0.0896	1.51228			8960.0	2.85265e-08
0.08965	1.49187			8965.0	2.31425e-08
0.0897	1.48677			8970.0	1.15857e-07
0.08975	1.48422			8975.0	8.30954e-08
0.0898	1.44086			8980.0	2.93791e-08
0.08985	1.423			8985.0	3.86179e-08
0.0899	1.47657			8990.0	4.96729e-08
0.08995	1.46381			8995.0	3.91273e-08
0.09	1.41535			9000.0	1.43719e-09
0.09005	1.34393			9005.0	1.0355e-09
0.0901	1.34393			9010.0	6.05648e-08
0.09015	1.36688			9015.0	1.40877e-07
0.0902	1.36943			9020.0	8.5681e-08
0.09025	1.37453			9025.0	5.12443e-08
0.0903	1.37198			9030.0	2.37733e-08
0.09035	1.28526			9035.0	4.68415e-08
0.0904	1.24444			9040.0	1.01098e-09
0.09045	1.28781			9045.0	3.04601e-09
0.0905	1.34393			9050.0	5.08836e-09
0.09055	1.37709			9055.0	2.78013e-08
0.0906	1.34393			9060.0	2.99198e-08
0.09065	1.28526			9065.0	2.41768e-08
0.0907	1.29291			9070.0	5.24061e-08
0.09075	1.32607			9075.0	1.32533e-09
0.0908	1.34137			9080.0	1.14422e-07
0.09085	1.34137			9085.0	2.91162e-07
0.0909	1.34393			9090.0	1.1335e-07
0.09095	1.31587			9095.0	3.23743e-08
0.091	1.31842			9100.0	9.25405e-08
0.09105	1.36433			9105.0	1.73439e-08
0.0911	1.36433			9110.0	1.57657e-09
0.09115	1.32097			9115.0	6.88083e-09
0.0912	1.31076			9120.0	1.31433e-08
0.09125	1.35413			9125.0	7.6078e-08
0.0913	1.37709			9130.0	1.45082e-08
0.09135	1.35923			9135.0	1.81159e-07
0.0914	1.34393			9140.0	1.45331e-08
0.09145	1.31076			9145.0	2.72488e-08
0.0915	1.31842			9150.0	1.94338e-08
0.09155	1.34903			9155.0	4.44274e-08
0.0916	1.34903			9160.0	7.39773e-08
0.09165	1.34137			9165.0	1.36392e-07
0.0917	1.31587			9170.0	1.24548e-07
0.09175	1.31842			9175.0	2.10039e-07
0.0918	1.37709			9180.0	2.49634e-07
0.09185	1.38984			9185.0	1.22862e-07
0.0919	1.36433			9190.0	2.36015e-08
0.09195	1.37964			9195.0	4.16516e-08
0.092	1.4281			9200.0	8.09893e-08
0.09205	1.45361			9205.0	1.23753e-07
0.0921	1.423			9210.0	1.0447e-07
0.09215	1.4332			9215.0	1.02543e-08
0.0922	1.46636			9220.0	1.49147e-07
0.09225	1.47657			9225.0	1.75449e-07
0.0923	1.49952			9230.0	2.3795e-08
0.09235	1.48422			9235.0	1.82773e-08
0.0924	1.49697			9240.0	7.98479e-09
0.09245	1.49187			9245.0	2.81283e-08
0.0925	1.45106			9250.0	8.09606e-08
0.09255	1.44086			9255.0	1.19186e-07
0.0926	1.48677			9260.0	9.8878e-08
0.09265	1.47146			9265.0	2.37141e-08
0.0927	1.41025			9270.0	1.25496e-07
0.09275	1.38984			9275.0	7.88036e-08
0.0928	1.38729			9280.0	2.30592e-08
0.09285	1.38984			9285.0	1.1459e-09
0.0929	1.40514			9290.0	8.35459e-08
0.09295	1.37453			9295.0	8.70364e-08
0.093	1.36433			9300.0	1.85733e-07
0.09305	1.37198			9305.0	1.68429e-07
0.0931	1.37198			9310.0	8.06702e-08
0.09315	1.38219			9315.0	7.55543e-08
0.0932	1.40004			9320.0	1.20239e-08
0.09325	1.42045			9325.0	4.13718e-08
0.0933	1.44851			9330.0	6.01427e-08
0.09335	1.44596			9335.0	8.9044e-08
0.0934	1.45361			9340.0	6.31313e-08
0.09345	1.50718			9345.0	8.43814e-09
0.0935	1.48932			9350.0	1.06365e-07
0.09355	1.49697			9355.0	1.47902e-08
0.0936	1.46126			9360.0	6.1984e-08
0.09365	1.44086			9365.0	4.48441e-08
0.0937	1.47912			9370.0	2.8285e-08
0.09375	1.45361			9375.0	2.39423e-07
0.0938	1.45871			9380.0	3.02742e-07
0.09385	1.43065			9385.0	2.74093e-07
0.0939	1.38219			9390.0	9.21418e-08
0.09395	1.37709			9395.0	9.26389e-08
0.094	1.44851			9400.0	5.60312e-08
0.09405	1.41025			9405.0	6.2216e-08
0.0941	1.36688			9410.0	6.63808e-08
0.09415	1.35413			9415.0	5.26192e-08
0.0942	1.36688			9420.0	2.87414e-08
0.09425	1.33627			9425.0	5.06354e-09
0.0943	1.31332			9430.0	1.35598e-08
0.09435	1.36688			9435.0	4.40106e-08
0.0944	1.40004			9440.0	5.55982e-08
0.09445	1.36433			9445.0	3.63854e-08
0.0945	1.35158			9450.0	2.04341e-08
0.09455	1.33627			9455.0	1.03466e-09
0.0946	1.33882			9460.0	3.49033e-08
0.09465	1.34903			9465.0	7.69134e-08
0.0947	1.40259			9470.0	7.27479e-09
0.09475	1.36433			9475.0	4.47144e-08
0.0948	1.33372			9480.0	1.46037e-07
0.09485	1.31332			9485.0	1.78404e-07
0.0949	1.32607			9490.0	1.26802e-07
0.09495	1.33882			9495.0	5.27202e-08
0.095	1.33372			9500.0	1.53992e-09
0.09505	1.33372			9505.0	2.31275e-08
0.0951	1.33372			9510.0	5.33338e-09
0.09515	1.31332			9515.0	1.04323e-08
0.0952	1.34393			9520.0	4.6146e-08
0.09525	1.31332			9525.0	3.06547e-08
0.0953	1.28271			9530.0	3.0926e-08
0.09535	1.2572			9535.0	6.46043e-08
0.0954	1.31332			9540.0	1.06469e-07
0.09545	1.31332			9545.0	1.0158e-07
0.0955	1.28016			9550.0	1.77087e-07
0.09555	1.2776			9555.0	3.98019e-08
0.0956	1.26485			9560.0	4.40906e-08
0.09565	1.29036			9565.0	7.98818e-08
0.0957	1.31587			9570.0	3.32707e-08
0.09575	1.33882			9575.0	1.66008e-08
0.0958	1.37198			9580.0	5.51612e-08
0.09585	1.38729			9585.0	4.45641e-08
0.0959	1.39239			9590.0	8.04055e-08
0.09595	1.4179			9595.0	4.48658e-08
0.096	1.45871			9600.0	7.79279e-08
0.09605	1.46636			9605.0	1.79043e-08
0.0961	1.46381			9610.0	4.27542e-08
0.09615	1.49697			9615.0	9.15491e-09
0.0962	1.51228			9620.0	1.39332e-08
0.09625	1.52248			9625.0	1.11696e-09
0.0963	1.55819			9630.0	3.65731e-08
0.09635	1.55054			9635.0	7.54856e-08
0.0964	1.48677			9640.0	1.04311e-08
0.09645	1.49697			9645.0	2.77435e-08
0.0965	1.53523			9650.0	6.03491e-09
0.09655	1.49187			9655.0	6.80471e-09
0.0966	1.44341			9660.0	1.22967e-07
0.09665	1.4128			9665.0	1.41661e-07
0.0967	1.42045			9670.0	1.41177e-07
0.09675	1.44086			9675.0	9.52503e-08
0.0968	1.4281			9680.0	1.1317e-08
0.09685	1.41025			9685.0	3.28148e-08
0.0969	1.39494			9690.0	3.62781e-09
0.09695	1.36178			9695.0	6.07315e-08
0.097	1.38984			9700.0	5.52173e-08
0.09705	1.41535			9705.0	2.91474e-08
0.0971	1.41025			9710.0	1.66445e-08
0.09715	1.44086			9715.0	2.83759e-08
0.0972	1.42045			9720.0	6.15664e-08
0.09725	1.39494			9725.0	5.21396e-08
0.0973	1.4332			9730.0	1.05902e-07
0.09735	1.47146			9735.0	6.6942e-08
0.0974	1.45361			9740.0	3.56255e-08
0.09745	1.44341			9745.0	3.33173e-08
0.0975	1.42555			9750.0	6.16404e-08
0.09755	1.39494			9755.0	2.41582e-08
0.0976	1.42045			9760.0	1.74989e-07
0.09765	1.41535			9765.0	1.64485e-07
0.0977	1.38984			9770.0	8.51241e-08
0.09775	1.37964			9775.0	3.73678e-08
0.0978	1.37964			9780.0	7.05875e-08
0.09785	1.37453			9785.0	8.8072e-08
0.0979	1.33882			9790.0	9.39828e-09
0.09795	1.33882			9795.0	1.15857e-08
0.098	1.36433			9800.0	4.28673e-08
0.09805	1.35668			9805.0	1.81296e-08
0.0981	1.35158			9810.0	4.56159e-08
0.09815	1.35158			9815.0	1.79804e-07
0.0982	1.30056			9820.0	3.72398e-08
0.09825	1.28271			9825.0	3.14049e-09
0.0983	1.34393			9830.0	8.70742e-09
0.09835	1.38984			9835.0	5.68708e-08
0.0984	1.38984			9840.0	1.11419e-07
0.09845	1.36688			9845.0	8.6761e-08
0.0985	1.31842			9850.0	4.52674e-08
0.09855	1.31332			9855.0	3.45764e-08
0.0986	1.35413			9860.0	4.28756e-08
0.09865	1.40514			9865.0	1.26754e-07
0.0987	1.41025			9870.0	5.81201e-08
0.09875	1.33882			9875.0	1.63329e-08
0.0988	1.32607			9880.0	4.77749e-08
0.09885	1.37709			9885.0	1.54429e-07
0.0989	1.36433			9890.0	7.21658e-08
0.09895	1.30311			9895.0	4.56681e-08
0.099	1.29801			9900.0	9.13724e-08
0.09905	1.36943			9905.0	1.85473e-07
0.0991	1.37453			9910.0	1.16676e-07
0.09915	1.36178			9915.0	1.18307e-07
0.0992	1.30311			9920.0	3.61256e-08
0.09925	1.29801			9925.0	3.83048e-08
0.0993	1.29546			9930.0	1.80604e-07
0.09935	1.36178			9935.0	5.77838e-08
0.0994	1.33882			9940.0	1.61385e-08
0.09945	1.33117			9945.0	2.68954e-08
0.0995	1.34137			9950.0	1.15187e-08
0.09955	1.36688			9955.0	6.07117e-08
0.0996	1.34393			9960.0	7.61679e-08
0.09965	1.33117			9965.0	8.65087e-08
0.0997	1.40514			9970.0	3.93628e-08
0.09975	1.41025			9975.0	3.95547e-08
0.0998	1.4281			9980.0	7.11192e-08
0.09985	1.43065			9985.0	2.40797e-07
0.0999	1.44596			9990.0	4.67724e-08
0.09995	1.44851			9995.0	2.1497e-09
0.1	1.44086				
0.10005	1.46891				
0.1001	1.51738				
0.10015	1.49187				
0.1002	1.46891				
0.10025	1.49952				
0.1003	1.47912				
0.10035	1.44341				
0.1004	1.44086				
0.10045	1.4179				
0.1005	1.4077				
0.10055	1.40514				
0.1006	1.39239				
0.10065	1.36688				
0.1007	1.34137				
0.10075	1.37453				
0.1008	1.37198				
0.10085	1.38219				
0.1009	1.37964				
0.10095	1.38219				
0.101	1.41025				
0.10105	1.42555				
0.1011	1.43575				
0.10115	1.45106				
0.1012	1.44596				
0.10125	1.46891				
0.1013	1.48932				
0.10135	1.45871				
0.1014	1.45361				
0.10145	1.44596				
0.1015	1.44596				
0.10155	1.423				
0.1016	1.44086				
0.10165	1.4383				
0.1017	1.41535				
0.10175	1.4179				
0.1018	1.43575				
0.10185	1.41535				
0.1019	1.4077				
0.10195	1.37198				
0.102	1.34393				
0.10205	1.34393				
0.1021	1.36688				
0.10215	1.38984				
0.1022	1.39494				
0.10225	1.37453				
0.1023	1.34903				
0.10235	1.35158				
0.1024	1.35413				
0.10245	1.37198				
0.1025	1.37709				
0.10255	1.35413				
0.1026	1.34393				
0.10265	1.33372				
0.1027	1.35923				
0.10275	1.32862				
0.1028	1.27505				
0.10285	1.29291				
0.1029	1.34393				
0.10295	1.32862				
0.103	1.30566				
0.10305	1.25465				
0.1031	1.23424				
0.10315	1.26995				
0.1032	1.29546				
0.10325	1.27505				
0.1033	1.2674				
0.10335	1.29546				
0.1034	1.31076				
0.10345	1.30821				
0.1035	1.31076				
0.10355	1.32352				
0.1036	1.37964				
0.10365	1.38984				
0.1037	1.44596				
0.10375	1.42045				
0.1038	1.40514				
0.10385	1.43575				
0.1039	1.43065				
0.10395	1.4332				
0.104	1.44341				
0.10405	1.49187				
0.1041	1.53523				
0.10415	1.51483				
0.1042	1.47657				
0.10425	1.48167				
0.1043	1.47912				
0.10435	1.45616				
0.1044	1.43575				
0.10445	1.44851				
0.1045	1.45106				
0.10455	1.44596				
0.1046	1.40259				
0.10465	1.38474				
0.1047	1.39494				
0.10475	1.43065				
0.1048	1.42555				
0.10485	1.41025				
0.1049	1.38729				
0.10495	1.4077				
0.105	1.45871				
0.10505	1.46891				
0.1051	1.48422				
0.10515	1.50718				
0.1052	1.49187				
0.10525	1.48422				
0.1053	1.48167				
0.10535	1.48422				
0.1054	1.47146				
0.10545	1.44851				
0.1055	1.41025				
0.10555	1.4332				
0.1056	1.423				
0.10565	1.43065				
0.1057	1.38474				
0.10575	1.36943				
0.1058	1.35413				
0.10585	1.35158				
0.1059	1.33372				
0.10595	1.31076				
0.106	1.28016				
0.10605	1.29291				
0.1061	1.2776				
0.10615	1.35413				
0.1062	1.39239				
0.10625	1.33882				
0.1063	1.26995				
0.10635	1.28016				
0.1064	1.34137				
0.10645	1.39749				
0.1065	1.41025				
0.10655	1.34393				
0.1066	1.29801				
0.10665	1.29801				
0.1067	1.33882				
0.10675	1.32607				
0.1068	1.29546				
0.10685	1.33627				
0.1069	1.38729				
0.10695	1.38984				
0.107	1.29546				
0.10705	1.26995				
0.1071	1.29801				
0.10715	1.35413				
0.1072	1.39494				
0.10725	1.32352				
0.1073	1.30566				
0.10735	1.35923				
0.1074	1.36688				
0.10745	1.36433				
0.1075	1.39494				
0.10755	1.40004				
0.1076	1.423				
0.10765	1.45616				
0.1077	1.44596				
0.10775	1.45616				
0.1078	1.47146				
0.10785	1.46381				
0.1079	1.46381				
0.10795	1.46126				
0.108	1.49187				
0.10805	1.51738				
0.1081	1.47657				
0.10815	1.4281				
0.1082	1.45361				
0.10825	1.42555				
0.1083	1.39494				
0.10835	1.4077				
0.1084	1.4128				
0.10845	1.36433				
0.1085	1.35413				
0.10855	1.37709				
0.1086	1.38474				
0.10865	1.41535				
0.1087	1.36433				
0.10875	1.36178				
0.1088	1.4077				
0.10885	1.40004				
0.1089	1.42555				
0.10895	1.45106				
0.109	1.43575				
0.10905	1.47146				
0.1091	1.48422				
0.10915	1.46126				
0.1092	1.45361				
0.10925	1.52758				
0.1093	1.48932				
0.10935	1.45106				
0.1094	1.44341				
0.10945	1.41535				
0.1095	1.40259				
0.10955	1.40259				
0.1096	1.42555				
0.10965	1.41025				
0.1097	1.40259				
0.10975	1.37198				
0.1098	1.37709				
0.10985	1.37453				
0.1099	1.40514				
0.10995	1.36433				
0.11	1.34393				
0.11005	1.34903				
0.1101	1.33882				
0.11015	1.35413				
0.1102	1.40004				
0.11025	1.41535				
0.1103	1.36943				
0.11035	1.31842				
0.1104	1.29801				
0.11045	1.33117				
0.1105	1.35413				
0.11055	1.35158				
0.1106	1.29801				
0.11065	1.28271				
0.1107	1.31332				
0.11075	1.28271				
0.1108	1.24699				
0.11085	1.23424				
0.1109	1.29291				
0.11095	1.32352				
0.111	1.30056				
0.11105	1.2521				
0.1111	1.22404				
0.11115	1.25975				
0.1112	1.33117				
0.11125	1.34903				
0.1113	1.32862				
0.11135	1.31842				
0.1114	1.33372				
0.11145	1.30566				
0.1115	1.41535				
0.11155	1.44341				
0.1116	1.47146				
0.11165	1.49952				
0.1117	1.53523				
0.11175	1.45616				
0.1118	1.4383				
0.11185	1.46891				
0.1119	1.423				
0.11195	1.45361				
0.112	1.62961				
0.11205	1.58625				
0.1121	1.44596				
0.11215	1.43065				
0.1122	1.44596				
0.11225	1.36433				
0.1123	1.36943				
0.11235	1.47146				
0.1124	1.46381				
0.11245	1.39494				
0.1125	1.37709				
0.11255	1.37453				
0.1126	1.36943				
0.11265	1.36688				
0.1127	1.423				
0.11275	1.43575				
0.1128	1.4077				
0.11285	1.43575				
0.1129	1.47657				
0.11295	1.44851				
0.113	1.38729				
0.11305	1.43065				
0.1131	1.45106				
0.11315	1.46381				
0.1132	1.48932				
0.11325	1.48677				
0.1133	1.44341				
0.11335	1.423				
0.1134	1.4179				
0.11345	1.40514				
0.1135	1.41535				
0.11355	1.4077				
0.1136	1.40259				
0.11365	1.40259				
0.1137	1.38984				
0.11375	1.35158				
0.1138	1.35158				
0.11385	1.41535				
0.1139	1.423				
0.11395	1.40514				
0.114	1.35668				
0.11405	1.28271				
0.1141	1.2725				
0.11415	1.35413				
0.1142	1.41025				
0.11425	1.4077				
0.1143	1.35413				
0.11435	1.29036				
0.1144	1.30056				
0.11445	1.33117				
0.1145	1.37198				
0.11455	1.33372				
0.1146	1.33117				
0.11465	1.34903				
0.1147	1.34393				
0.11475	1.2623				
0.1148	1.22659				
0.11485	1.30311				
0.1149	1.35668				
0.11495	1.35668				
0.115	1.30311				
0.11505	1.2521				
0.1151	1.2521				
0.11515	1.28271				
0.1152	1.32607				
0.11525	1.35158				
0.1153	1.34393				
0.11535	1.35668				
0.1154	1.35413				
0.11545	1.37198				
0.1155	1.42045				
0.11555	1.46636				
0.1156	1.44086				
0.11565	1.44341				
0.1157	1.48932				
0.11575	1.49952				
0.1158	1.50973				
0.11585	1.50718				
0.1159	1.48932				
0.11595	1.51228				
0.116	1.53013				
0.11605	1.48422				
0.1161	1.50463				
0.11615	1.49952				
0.1162	1.46381				
0.11625	1.46891				
0.1163	1.44086				
0.11635	1.40514				
0.1164	1.38474				
0.11645	1.39494				
0.1165	1.39239				
0.11655	1.38219				
0.1166	1.37198				
0.11665	1.40004				
0.1167	1.36688				
0.11675	1.37198				
0.1168	1.37453				
0.11685	1.39239				
0.1169	1.4383				
0.11695	1.41535				
0.117	1.4179				
0.11705	1.41535				
0.1171	1.43575				
0.11715	1.44596				
0.1172	1.4179				
0.11725	1.41535				
0.1173	1.42555				
0.11735	1.42045				
0.1174	1.38984				
0.11745	1.37964				
0.1175	1.37453				
0.11755	1.40514				
0.1176	1.39494				
0.11765	1.36688				
0.1177	1.35923				
0.11775	1.35413				
0.1178	1.36178				
0.11785	1.40259				
0.1179	1.38474				
0.11795	1.33627				
0.118	1.29291				
0.11805	1.30566				
0.1181	1.35923				
0.11815	1.38984				
0.1182	1.38729				
0.11825	1.33372				
0.1183	1.30056				
0.11835	1.33882				
0.1184	1.39494				
0.11845	1.39494				
0.1185	1.34137				
0.11855	1.36433				
0.1186	1.37964				
0.11865	1.36178				
0.1187	1.33372				
0.11875	1.33882				
0.1188	1.37198				
0.11885	1.4077				
0.1189	1.37198				
0.11895	1.34393				
0.119	1.31076				
0.11905	1.30056				
0.1191	1.35158				
0.11915	1.38219				
0.1192	1.38219				
0.11925	1.34137				
0.1193	1.31842				
0.11935	1.34903				
0.1194	1.38984				
0.11945	1.39239				
0.1195	1.38984				
0.11955	1.41025				
0.1196	1.41025				
0.11965	1.4332				
0.1197	1.47146				
0.11975	1.44086				
0.1198	1.423				
0.11985	1.46126				
0.1199	1.51993				
0.11995	1.50463				
0.12	1.48167				
0.12005	1.45361				
0.1201	1.45616				
0.12015	1.47912				
0.1202	1.46636				
0.12025	1.4332				
0.1203	1.38729				
0.12035	1.38219				
0.1204	1.37198				
0.12045	1.41535				
0.1205	1.38729				
0.12055	1.37198				
0.1206	1.38474				
0.12065	1.37709				
0.1207	1.34903				
0.12075	1.38984				
0.1208	1.423				
0.12085	1.41535				
0.1209	1.4281				
0.12095	1.42045				
0.121	1.4332				
0.12105	1.44596				
0.1211	1.43065				
0.12115	1.4128				
0.1212	1.44851				
0.12125	1.45361				
0.1213	1.44596				
0.12135	1.40259				
0.1214	1.39494				
0.12145	1.36433				
0.1215	1.37709				
0.12155	1.38474				
0.1216	1.4077				
0.12165	1.38219				
0.1217	1.36688				
0.12175	1.36943				
0.1218	1.37709				
0.12185	1.38984				
0.1219	1.32862				
0.12195	1.29801				
0.122	1.35923				
0.12205	1.37198				
0.1221	1.37964				
0.12215	1.36178				
0.1222	1.29036				
0.12225	1.29801				
0.1223	1.33882				
0.12235	1.37453				
0.1224	1.37453				
0.12245	1.33117				
0.1225	1.33117				
0.12255	1.35923				
0.1226	1.37964				
0.12265	1.35158				
0.1227	1.30311				
0.12275	1.29036				
0.1228	1.37453				
0.12285	1.44596				
0.1229	1.36688				
0.12295	1.2725				
0.123	1.26485				
0.12305	1.29036				
0.1231	1.36433				
0.12315	1.36943				
0.1232	1.34393				
0.12325	1.32352				
0.1233	1.33882				
0.12335	1.36178				
0.1234	1.35158				
0.12345	1.40259				
0.1235	1.45361				
0.12355	1.45361				
0.1236	1.45616				
0.12365	1.49187				
0.1237	1.48167				
0.12375	1.44596				
0.1238	1.45616				
0.12385	1.52248				
0.1239	1.57095				
0.12395	1.54799				
0.124	1.49442				
0.12405	1.44086				
0.1241	1.45871				
0.12415	1.46891				
0.1242	1.43065				
0.12425	1.42045				
0.1243	1.4128				
0.12435	1.37964				
0.1244	1.34648				
0.12445	1.32607				
0.1245	1.35923				
0.12455	1.34393				
0.1246	1.34648				
0.12465	1.35158				
0.1247	1.37453				
0.12475	1.36178				
0.1248	1.38474				
0.12485	1.37964				
0.1249	1.37709				
0.12495	1.41535				
0.125	1.44596				
0.12505	1.47146				
0.1251	1.44086				
0.12515	1.423				
0.1252	1.42555				
0.12525	1.43575				
0.1253	1.44851				
0.12535	1.4281				
0.1254	1.40514				
0.12545	1.38219				
0.1255	1.36943				
0.12555	1.38474				
0.1256	1.39239				
0.12565	1.37964				
0.1257	1.34137				
0.12575	1.35413				
0.1258	1.40004				
0.12585	1.40514				
0.1259	1.36433				
0.12595	1.29291				
0.126	1.28271				
0.12605	1.31076				
0.1261	1.37709				
0.12615	1.42555				
0.1262	1.37964				
0.12625	1.31587				
0.1263	1.2674				
0.12635	1.30056				
0.1264	1.36688				
0.12645	1.4281				
0.1265	1.39749				
0.12655	1.36688				
0.1266	1.33882				
0.12665	1.35668				
0.1267	1.36433				
0.12675	1.34137				
0.1268	1.34903				
0.12685	1.4332				
0.1269	1.45871				
0.12695	1.38984				
0.127	1.33882				
0.12705	1.29036				
0.1271	1.34393				
0.12715	1.42555				
0.1272	1.44851				
0.12725	1.39494				
0.1273	1.37709				
0.12735	1.38729				
0.1274	1.37964				
0.12745	1.423				
0.1275	1.44341				
0.12755	1.4332				
0.1276	1.43575				
0.12765	1.44596				
0.1277	1.47146				
0.12775	1.4332				
0.1278	1.41025				
0.12785	1.44851				
0.1279	1.44086				
0.12795	1.48932				
0.128	1.48167				
0.12805	1.4281				
0.1281	1.38729				
0.12815	1.39749				
0.1282	1.40259				
0.12825	1.38474				
0.1283	1.39494				
0.12835	1.4077				
0.1284	1.34903				
0.12845	1.34393				
0.1285	1.38219				
0.12855	1.36688				
0.1286	1.34393				
0.12865	1.36688				
0.1287	1.4128				
0.12875	1.4179				
0.1288	1.42045				
0.12885	1.40514				
0.1289	1.39749				
0.12895	1.43065				
0.129	1.46126				
0.12905	1.46636				
0.1291	1.46891				
0.12915	1.44341				
0.1292	1.45616				
0.12925	1.44596				
0.1293	1.44341				
0.12935	1.4077				
0.1294	1.38219				
0.12945	1.38474				
0.1295	1.40004				
0.12955	1.42045				
0.1296	1.38729				
0.12965	1.37198				
0.1297	1.35668				
0.12975	1.35668				
0.1298	1.36943				
0.12985	1.38984				
0.1299	1.36943				
0.12995	1.33117				
0.13	1.32352				
0.13005	1.34393				
0.1301	1.35413				
0.13015	1.36943				
0.1302	1.33117				
0.13025	1.32352				
0.1303	1.32097				
0.13035	1.34137				
0.1304	1.33627				
0.13045	1.35158				
0.1305	1.30311				
0.13055	1.31332				
0.1306	1.34648				
0.13065	1.39239				
0.1307	1.35923				
0.13075	1.28526				
0.1308	1.29546				
0.13085	1.37709				
0.1309	1.41535				
0.13095	1.36433				
0.131	1.34648				
0.13105	1.35413				
0.1311	1.35413				
0.13115	1.36178				
0.1312	1.35923				
0.13125	1.38219				
0.1313	1.35413				
0.13135	1.4128				
0.1314	1.47657				
0.13145	1.50718				
0.1315	1.45361				
0.13155	1.42555				
0.1316	1.44086				
0.13165	1.50718				
0.1317	1.53013				
0.13175	1.51483				
0.1318	1.46636				
0.13185	1.47402				
0.1319	1.47657				
0.13195	1.50463				
0.132	1.49442				
0.13205	1.44341				
0.1321	1.4281				
0.13215	1.42555				
0.1322	1.43065				
0.13225	1.37709				
0.1323	1.34648				
0.13235	1.34648				
0.1324	1.36178				
0.13245	1.34137				
0.1325	1.32352				
0.13255	1.33117				
0.1326	1.32097				
0.13265	1.31076				
0.1327	1.35158				
0.13275	1.38219				
0.1328	1.35413				
0.13285	1.33627				
0.1329	1.35923				
0.13295	1.37964				
0.133	1.39749				
0.13305	1.39494				
0.1331	1.4281				
0.13315	1.40514				
0.1332	1.42045				
0.13325	1.423				
0.1333	1.39749				
0.13335	1.37198				
0.1334	1.36943				
0.13345	1.38729				
0.1335	1.4179				
0.13355	1.44086				
0.1336	1.4281				
0.13365	1.39239				
0.1337	1.41025				
0.13375	1.4179				
0.1338	1.4077				
0.13385	1.37198				
0.1339	1.33372				
0.13395	1.35413				
0.134	1.41535				
0.13405	1.45871				
0.1341	1.39749				
0.13415	1.32862				
0.1342	1.35413				
0.13425	1.35923				
0.1343	1.39239				
0.13435	1.41535				
0.1344	1.40514				
0.13445	1.37198				
0.1345	1.36688				
0.13455	1.35158				
0.1346	1.33117				
0.13465	1.33117				
0.1347	1.38219				
0.13475	1.4077				
0.1348	1.423				
0.13485	1.39749				
0.1349	1.30821				
0.13495	1.28781				
0.135	1.33372				
0.13505	1.38984				
0.1351	1.42555				
0.13515	1.38984				
0.1352	1.34903				
0.13525	1.32607				
0.1353	1.35413				
0.13535	1.38474				
0.1354	1.42045				
0.13545	1.41535				
0.1355	1.45361				
0.13555	1.45361				
0.1356	1.4383				
0.13565	1.43575				
0.1357	1.42045				
0.13575	1.44596				
0.1358	1.45871				
0.13585	1.47657				
0.1359	1.46636				
0.13595	1.46126				
0.136	1.40514				
0.13605	1.39239				
0.1361	1.39749				
0.13615	1.39239				
0.1362	1.37709				
0.13625	1.34903				
0.1363	1.34903				
0.13635	1.32862				
0.1364	1.31332				
0.13645	1.33117				
0.1365	1.33372				
0.13655	1.33882				
0.1366	1.34393				
0.13665	1.34903				
0.1367	1.39239				
0.13675	1.36178				
0.1368	1.36943				
0.13685	1.40259				
0.1369	1.4332				
0.13695	1.46126				
0.137	1.45106				
0.13705	1.4383				
0.1371	1.46636				
0.13715	1.48422				
0.1372	1.45361				
0.13725	1.44341				
0.1373	1.43065				
0.13735	1.423				
0.1374	1.46126				
0.13745	1.44851				
0.1375	1.4128				
0.13755	1.4077				
0.1376	1.4128				
0.13765	1.40004				
0.1377	1.41025				
0.13775	1.42045				
0.1378	1.39494				
0.13785	1.34903				
0.1379	1.32862				
0.13795	1.34903				
0.138	1.39239				
0.13805	1.41025				
0.1381	1.35158				
0.13815	1.37198				
0.1382	1.34903				
0.13825	1.34137				
0.1383	1.36688				
0.13835	1.38984				
0.1384	1.35158				
0.13845	1.33627				
0.1385	1.35413				
0.13855	1.34137				
0.1386	1.30821				
0.13865	1.34137				
0.1387	1.32352				
0.13875	1.36433				
0.1388	1.4128				
0.13885	1.34137				
0.1389	1.30056				
0.13895	1.33117				
0.139	1.32352				
0.13905	1.35413				
0.1391	1.35923				
0.13915	1.32607				
0.1392	1.37198				
0.13925	1.39239				
0.1393	1.37453				
0.13935	1.40259				
0.1394	1.40514				
0.13945	1.41025				
0.1395	1.44341				
0.13955	1.46636				
0.1396	1.46381				
0.13965	1.46891				
0.1397	1.44341				
0.13975	1.46891				
0.1398	1.50207				
0.13985	1.48422				
0.1399	1.45616				
0.13995	1.45616				
0.14	1.46126				
0.14005	1.4332				
0.1401	1.39239				
0.14015	1.38219				
0.1402	1.39494				
0.14025	1.39239				
0.1403	1.33882				
0.14035	1.32862				
0.1404	1.36433				
0.14045	1.36433				
0.1405	1.36178				
0.14055	1.33372				
0.1406	1.34137				
0.14065	1.36943				
0.1407	1.38474				
0.14075	1.38474				
0.1408	1.41025				
0.14085	1.4281				
0.1409	1.4077				
0.14095	1.42555				
0.141	1.44086				
0.14105	1.44596				
0.1411	1.46381				
0.14115	1.47146				
0.1412	1.45871				
0.14125	1.39749				
0.1413	1.38729				
0.14135	1.40259				
0.1414	1.42045				
0.14145	1.423				
0.1415	1.40004				
0.14155	1.36433				
0.1416	1.35668				
0.14165	1.36688				
0.1417	1.44596				
0.14175	1.45361				
0.1418	1.40004				
0.14185	1.39494				
0.1419	1.35923				
0.14195	1.4077				
0.142	1.38729				
0.14205	1.42045				
0.1421	1.42555				
0.14215	1.36433				
0.1422	1.30821				
0.14225	1.34137				
0.1423	1.38729				
0.14235	1.39239				
0.1424	1.36178				
0.14245	1.31842				
0.1425	1.32862				
0.14255	1.39749				
0.1426	1.34137				
0.14265	1.34137				
0.1427	1.33627				
0.14275	1.37453				
0.1428	1.34393				
0.14285	1.33627				
0.1429	1.29546				
0.14295	1.28526				
0.143	1.32097				
0.14305	1.33882				
0.1431	1.32097				
0.14315	1.32862				
0.1432	1.34393				
0.14325	1.34648				
0.1433	1.37198				
0.14335	1.39749				
0.1434	1.4077				
0.14345	1.40259				
0.1435	1.40514				
0.14355	1.45361				
0.1436	1.47912				
0.14365	1.44086				
0.1437	1.40259				
0.14375	1.42555				
0.1438	1.45106				
0.14385	1.44596				
0.1439	1.44851				
0.14395	1.4179				
0.144	1.42555				
0.14405	1.4128				
0.1441	1.38729				
0.14415	1.38474				
0.1442	1.38984				
0.14425	1.38474				
0.1443	1.41535				
0.14435	1.38474				
0.1444	1.38474				
0.14445	1.37198				
0.1445	1.38474				
0.14455	1.38984				
0.1446	1.41025				
0.14465	1.42555				
0.1447	1.4383				
0.14475	1.45106				
0.1448	1.42555				
0.14485	1.42045				
0.1449	1.44596				
0.14495	1.44596				
0.145	1.43575				
0.14505	1.44851				
0.1451	1.40514				
0.14515	1.42555				
0.1452	1.42045				
0.14525	1.38219				
0.1453	1.39494				
0.14535	1.37198				
0.1454	1.41025				
0.14545	1.4128				
0.1455	1.4128				
0.14555	1.43575				
0.1456	1.44086				
0.14565	1.41025				
0.1457	1.40259				
0.14575	1.39494				
0.1458	1.35413				
0.14585	1.38729				
0.1459	1.43065				
0.14595	1.43065				
0.146	1.37453				
0.14605	1.33117				
0.1461	1.34648				
0.14615	1.37964				
0.1462	1.39239				
0.14625	1.36688				
0.1463	1.31842				
0.14635	1.29801				
0.1464	1.30821				
0.14645	1.33372				
0.1465	1.30056				
0.14655	1.2725				
0.1466	1.2623				
0.14665	1.29546				
0.1467	1.33117				
0.14675	1.32352				
0.1468	1.2725				
0.14685	1.27505				
0.1469	1.29291				
0.14695	1.33117				
0.147	1.33627				
0.14705	1.33882				
0.1471	1.33372				
0.14715	1.39494				
0.1472	1.40514				
0.14725	1.40514				
0.1473	1.44596				
0.14735	1.48167				
0.1474	1.48677				
0.14745	1.49952				
0.1475	1.49952				
0.14755	1.47912				
0.1476	1.49697				
0.14765	1.49442				
0.1477	1.51483				
0.14775	1.49697				
0.1478	1.46381				
0.14785	1.44086				
0.1479	1.47657				
0.14795	1.44341				
0.148	1.423				
0.14805	1.42555				
0.1481	1.39749				
0.14815	1.36178				
0.1482	1.34648				
0.14825	1.38474				
0.1483	1.38984				
0.14835	1.36433				
0.1484	1.35413				
0.14845	1.35923				
0.1485	1.37709				
0.14855	1.36178				
0.1486	1.36433				
0.14865	1.41535				
0.1487	1.4077				
0.14875	1.39749				
0.1488	1.4128				
0.14885	1.41535				
0.1489	1.4281				
0.14895	1.42045				
0.149	1.45871				
0.14905	1.46636				
0.1491	1.45361				
0.14915	1.40259				
0.1492	1.4281				
0.14925	1.42555				
0.1493	1.41025				
0.14935	1.43065				
0.1494	1.44086				
0.14945	1.42555				
0.1495	1.39494				
0.14955	1.38474				
0.1496	1.36433				
0.14965	1.41535				
0.1497	1.43065				
0.14975	1.37453				
0.1498	1.32097				
0.14985	1.32097				
0.1499	1.34137				
0.14995	1.38729				
0.15	1.37964				
0.15005	1.28271				
0.1501	1.28271				
0.15015	1.33372				
0.1502	1.34648				
0.15025	1.33627				
0.1503	1.32352				
0.15035	1.30311				
0.1504	1.29291				
0.15045	1.29291				
0.1505	1.31842				
0.15055	1.30311				
0.1506	1.31842				
0.15065	1.35158				
0.1507	1.38474				
0.15075	1.33372				
0.1508	1.31076				
0.15085	1.32607				
0.1509	1.34137				
0.15095	1.37453				
0.151	1.36688				
0.15105	1.40004				
0.1511	1.38219				
0.15115	1.35158				
0.1512	1.36433				
0.15125	1.42045				
0.1513	1.4383				
0.15135	1.45616				
0.1514	1.44851				
0.15145	1.46636				
0.1515	1.49442				
0.15155	1.47402				
0.1516	1.4281				
0.15165	1.47146				
0.1517	1.52503				
0.15175	1.50718				
0.1518	1.47657				
0.15185	1.46636				
0.1519	1.47657				
0.15195	1.47657				
0.152	1.44596				
0.15205	1.45361				
0.1521	1.4383				
0.15215	1.4128				
0.1522	1.40259				
0.15225	1.4383				
0.1523	1.4281				
0.15235	1.41535				
0.1524	1.38474				
0.15245	1.38474				
0.1525	1.39494				
0.15255	1.4179				
0.1526	1.43575				
0.15265	1.38474				
0.1527	1.38984				
0.15275	1.40259				
0.1528	1.42555				
0.15285	1.38984				
0.1529	1.38984				
0.15295	1.4128				
0.153	1.43575				
0.15305	1.41535				
0.1531	1.41535				
0.15315	1.40259				
0.1532	1.36178				
0.15325	1.33882				
0.1533	1.37198				
0.15335	1.37198				
0.1534	1.38474				
0.15345	1.36943				
0.1535	1.32352				
0.15355	1.31842				
0.1536	1.35668				
0.15365	1.40259				
0.1537	1.40514				
0.15375	1.33882				
0.1538	1.2725				
0.15385	1.2572				
0.1539	1.36943				
0.15395	1.423				
0.154	1.38219				
0.15405	1.32352				
0.1541	1.31332				
0.15415	1.32862				
0.1542	1.37198				
0.15425	1.37198				
0.1543	1.35413				
0.15435	1.35158				
0.1544	1.35923				
0.15445	1.34903				
0.1545	1.37198				
0.15455	1.34648				
0.1546	1.33372				
0.15465	1.33117				
0.1547	1.36943				
0.15475	1.38474				
0.1548	1.33372				
0.15485	1.29291				
0.1549	1.32607				
0.15495	1.34393				
0.155	1.35158				
0.15505	1.35158				
0.1551	1.37964				
0.15515	1.35158				
0.1552	1.36688				
0.15525	1.38729				
0.1553	1.39494				
0.15535	1.40514				
0.1554	1.45871				
0.15545	1.45871				
0.1555	1.45616				
0.15555	1.4383				
0.1556	1.44341				
0.15565	1.47657				
0.1557	1.49697				
0.15575	1.49697				
0.1558	1.49442				
0.15585	1.46891				
0.1559	1.48167				
0.15595	1.50463				
0.156	1.45871				
0.15605	1.44341				
0.1561	1.41535				
0.15615	1.4383				
0.1562	1.42555				
0.15625	1.40514				
0.1563	1.40514				
0.15635	1.38729				
0.1564	1.36433				
0.15645	1.36688				
0.1565	1.38219				
0.15655	1.39494				
0.1566	1.4281				
0.15665	1.40259				
0.1567	1.38729				
0.15675	1.41535				
0.1568	1.42555				
0.15685	1.43065				
0.1569	1.41535				
0.15695	1.4128				
0.157	1.44341				
0.15705	1.44851				
0.1571	1.40259				
0.15715	1.38474				
0.1572	1.38729				
0.15725	1.37709				
0.1573	1.39239				
0.15735	1.40259				
0.1574	1.40259				
0.15745	1.37453				
0.1575	1.33627				
0.15755	1.32607				
0.1576	1.37198				
0.15765	1.40259				
0.1577	1.34393				
0.15775	1.29546				
0.1578	1.2623				
0.15785	1.2572				
0.1579	1.31842				
0.15795	1.35923				
0.158	1.31842				
0.15805	1.29801				
0.1581	1.27505				
0.15815	1.31332				
0.1582	1.34648				
0.15825	1.35413				
0.1583	1.35158				
0.15835	1.37964				
0.1584	1.37453				
0.15845	1.36688				
0.1585	1.35923				
0.15855	1.35923				
0.1586	1.38474				
0.15865	1.40259				
0.1587	1.42045				
0.15875	1.42555				
0.1588	1.38729				
0.15885	1.37964				
0.1589	1.37964				
0.15895	1.38984				
0.159	1.37453				
0.15905	1.41535				
0.1591	1.4128				
0.15915	1.38984				
0.1592	1.38984				
0.15925	1.4179				
0.1593	1.40259				
0.15935	1.38984				
0.1594	1.4128				
0.15945	1.46126				
0.1595	1.44851				
0.15955	1.42555				
0.1596	1.4332				
0.15965	1.44086				
0.1597	1.45871				
0.15975	1.45616				
0.1598	1.44851				
0.15985	1.46126				
0.1599	1.47912				
0.15995	1.46381				
0.16	1.4332				
0.16005	1.42045				
0.1601	1.42045				
0.16015	1.4179				
0.1602	1.43065				
0.16025	1.38984				
0.1603	1.42555				
0.16035	1.41535				
0.1604	1.4077				
0.16045	1.4179				
0.1605	1.41025				
0.16055	1.423				
0.1606	1.42555				
0.16065	1.4128				
0.1607	1.45106				
0.16075	1.4281				
0.1608	1.40259				
0.16085	1.41025				
0.1609	1.42045				
0.16095	1.42045				
0.161	1.44596				
0.16105	1.4077				
0.1611	1.40004				
0.16115	1.39239				
0.1612	1.35413				
0.16125	1.37709				
0.1613	1.35413				
0.16135	1.34137				
0.1614	1.36688				
0.16145	1.36943				
0.1615	1.29036				
0.16155	1.26995				
0.1616	1.32097				
0.16165	1.34903				
0.1617	1.33627				
0.16175	1.33117				
0.1618	1.2776				
0.16185	1.26485				
0.1619	1.31076				
0.16195	1.36178				
0.162	1.35923				
0.16205	1.32352				
0.1621	1.32607				
0.16215	1.34648				
0.1622	1.35668				
0.16225	1.36943				
0.1623	1.39239				
0.16235	1.36433				
0.1624	1.38219				
0.16245	1.40259				
0.1625	1.35413				
0.16255	1.34137				
0.1626	1.41535				
0.16265	1.41535				
0.1627	1.38729				
0.16275	1.38474				
0.1628	1.37964				
0.16285	1.37198				
0.1629	1.40004				
0.16295	1.37709				
0.163	1.37453				
0.16305	1.38984				
0.1631	1.40004				
0.16315	1.38729				
0.1632	1.40004				
0.16325	1.4383				
0.1633	1.44596				
0.16335	1.42045				
0.1634	1.44596				
0.16345	1.47657				
0.1635	1.46636				
0.16355	1.48167				
0.1636	1.45361				
0.16365	1.46381				
0.1637	1.49697				
0.16375	1.50463				
0.1638	1.47657				
0.16385	1.46381				
0.1639	1.4332				
0.16395	1.4281				
0.164	1.4077				
0.16405	1.38729				
0.1641	1.4128				
0.16415	1.40514				
0.1642	1.36433				
0.16425	1.32352				
0.1643	1.35923				
0.16435	1.36943				
0.1644	1.36433				
0.16445	1.36433				
0.1645	1.36688				
0.16455	1.36433				
0.1646	1.37453				
0.16465	1.38219				
0.1647	1.41535				
0.16475	1.38729				
0.1648	1.38729				
0.16485	1.42045				
0.1649	1.4383				
0.16495	1.46126				
0.165	1.44341				
0.16505	1.40514				
0.1651	1.41025				
0.16515	1.41535				
0.1652	1.41025				
0.16525	1.39749				
0.1653	1.42555				
0.16535	1.42045				
0.1654	1.39494				
0.16545	1.38474				
0.1655	1.37453				
0.16555	1.38474				
0.1656	1.39494				
0.16565	1.38984				
0.1657	1.32352				
0.16575	1.29036				
0.1658	1.37198				
0.16585	1.36688				
0.1659	1.32607				
0.16595	1.30311				
0.166	1.28781				
0.16605	1.30311				
0.1661	1.31842				
0.16615	1.35413				
0.1662	1.33372				
0.16625	1.2776				
0.1663	1.29291				
0.16635	1.33117				
0.1664	1.34903				
0.16645	1.34393				
0.1665	1.34903				
0.16655	1.36433				
0.1666	1.34393				
0.16665	1.31587				
0.1667	1.31842				
0.16675	1.37453				
0.1668	1.38474				
0.16685	1.36433				
0.1669	1.36688				
0.16695	1.37453				
0.167	1.37198				
0.16705	1.38984				
0.1671	1.39494				
0.16715	1.39494				
0.1672	1.46381				
0.16725	1.47657				
0.1673	1.46381				
0.16735	1.46126				
0.1674	1.48422				
0.16745	1.46891				
0.1675	1.46891				
0.16755	1.46891				
0.1676	1.52248				
0.16765	1.52503				
0.1677	1.48677				
0.16775	1.50463				
0.1678	1.47657				
0.16785	1.45871				
0.1679	1.45871				
0.16795	1.46126				
0.168	1.46636				
0.16805	1.48167				
0.1681	1.39494				
0.16815	1.42555				
0.1682	1.4179				
0.16825	1.37964				
0.1683	1.38219				
0.16835	1.37198				
0.1684	1.33882				
0.16845	1.38474				
0.1685	1.41025				
0.16855	1.34648				
0.1686	1.36688				
0.16865	1.37964				
0.1687	1.39494				
0.16875	1.35413				
0.1688	1.37453				
0.16885	1.38474				
0.1689	1.37453				
0.16895	1.35413				
0.169	1.35158				
0.16905	1.31587				
0.1691	1.30311				
0.16915	1.35158				
0.1692	1.32862				
0.16925	1.31076				
0.1693	1.32607				
0.16935	1.31842				
0.1694	1.33117				
0.16945	1.36433				
0.1695	1.39494				
0.16955	1.40004				
0.1696	1.36178				
0.16965	1.31842				
0.1697	1.34903				
0.16975	1.43575				
0.1698	1.47657				
0.16985	1.41535				
0.1699	1.35923				
0.16995	1.37709				
0.17	1.44341				
0.17005	1.45616				
0.1701	1.44851				
0.17015	1.44341				
0.1702	1.39749				
0.17025	1.40004				
0.1703	1.42555				
0.17035	1.39239				
0.1704	1.38219				
0.17045	1.40514				
0.1705	1.4077				
0.17055	1.35158				
0.1706	1.33882				
0.17065	1.32607				
0.1707	1.30311				
0.17075	1.34648				
0.1708	1.34137				
0.17085	1.26995				
0.1709	1.30566				
0.17095	1.32607				
0.171	1.31587				
0.17105	1.30566				
0.1711	1.35668				
0.17115	1.38729				
0.1712	1.37964				
0.17125	1.34648				
0.1713	1.39749				
0.17135	1.45616				
0.1714	1.42555				
0.17145	1.44086				
0.1715	1.47912				
0.17155	1.49952				
0.1716	1.48422				
0.17165	1.47912				
0.1717	1.46636				
0.17175	1.49697				
0.1718	1.50973				
0.17185	1.50718				
0.1719	1.48422				
0.17195	1.46126				
0.172	1.4332				
0.17205	1.39749				
0.1721	1.4332				
0.17215	1.45871				
0.1722	1.40514				
0.17225	1.39494				
0.1723	1.37964				
0.17235	1.40004				
0.1724	1.40004				
0.17245	1.38984				
0.1725	1.38474				
0.17255	1.43065				
0.1726	1.423				
0.17265	1.41025				
0.1727	1.37964				
0.17275	1.44851				
0.1728	1.43575				
0.17285	1.4281				
0.1729	1.42555				
0.17295	1.37709				
0.173	1.35158				
0.17305	1.39494				
0.1731	1.41535				
0.17315	1.37198				
0.1732	1.34648				
0.17325	1.36178				
0.1733	1.37709				
0.17335	1.33627				
0.1734	1.30311				
0.17345	1.33372				
0.1735	1.32862				
0.17355	1.28781				
0.1736	1.31332				
0.17365	1.36433				
0.1737	1.32097				
0.17375	1.29546				
0.1738	1.30566				
0.17385	1.30056				
0.1739	1.33627				
0.17395	1.37964				
0.174	1.35413				
0.17405	1.36943				
0.1741	1.34137				
0.17415	1.33372				
0.1742	1.37709				
0.17425	1.39494				
0.1743	1.38729				
0.17435	1.37964				
0.1744	1.38984				
0.17445	1.39239				
0.1745	1.37453				
0.17455	1.34648				
0.1746	1.38219				
0.17465	1.4179				
0.1747	1.38474				
0.17475	1.36943				
0.1748	1.38474				
0.17485	1.37964				
0.1749	1.39494				
0.17495	1.37453				
0.175	1.37964				
0.17505	1.45616				
0.1751	1.44596				
0.17515	1.44851				
0.1752	1.46636				
0.17525	1.48677				
0.1753	1.46381				
0.17535	1.45361				
0.1754	1.48422				
0.17545	1.49442				
0.1755	1.52503				
0.17555	1.50463				
0.1756	1.46636				
0.17565	1.43065				
0.1757	1.42555				
0.17575	1.40514				
0.1758	1.44086				
0.17585	1.39494				
0.1759	1.36688				
0.17595	1.36178				
0.176	1.34903				
0.17605	1.35158				
0.1761	1.32862				
0.17615	1.30056				
0.1762	1.29801				
0.17625	1.33372				
0.1763	1.33882				
0.17635	1.32607				
0.1764	1.35413				
0.17645	1.37709				
0.1765	1.38474				
0.17655	1.423				
0.1766	1.45361				
0.17665	1.44086				
0.1767	1.47146				
0.17675	1.44596				
0.1768	1.44086				
0.17685	1.45616				
0.1769	1.47402				
0.17695	1.42045				
0.177	1.41025				
0.17705	1.45361				
0.1771	1.44596				
0.17715	1.39749				
0.1772	1.37709				
0.17725	1.36433				
0.1773	1.423				
0.17735	1.39239				
0.1774	1.33117				
0.17745	1.28016				
0.1775	1.31842				
0.17755	1.32607				
0.1776	1.33627				
0.17765	1.36178				
0.1777	1.31842				
0.17775	1.31332				
0.1778	1.31842				
0.17785	1.36433				
0.1779	1.35923				
0.17795	1.37964				
0.178	1.35668				
0.17805	1.34903				
0.1781	1.36178				
0.17815	1.36688				
0.1782	1.31076				
0.17825	1.33882				
0.1783	1.38729				
0.17835	1.423				
0.1784	1.38984				
0.17845	1.34393				
0.1785	1.36688				
0.17855	1.4077				
0.1786	1.36688				
0.17865	1.32607				
0.1787	1.34393				
0.17875	1.33627				
0.1788	1.35668				
0.17885	1.36178				
0.1789	1.36943				
0.17895	1.4077				
0.179	1.41025				
0.17905	1.42555				
0.1791	1.42555				
0.17915	1.4332				
0.1792	1.45106				
0.17925	1.41535				
0.1793	1.48167				
0.17935	1.52758				
0.1794	1.48932				
0.17945	1.47146				
0.1795	1.51228				
0.17955	1.46126				
0.1796	1.43575				
0.17965	1.4383				
0.1797	1.47146				
0.17975	1.4332				
0.1798	1.37198				
0.17985	1.35668				
0.1799	1.38729				
0.17995	1.38474				
0.18	1.35413				
0.18005	1.32097				
0.1801	1.33372				
0.18015	1.34648				
0.1802	1.36433				
0.18025	1.35668				
0.1803	1.36943				
0.18035	1.40514				
0.1804	1.423				
0.18045	1.4128				
0.1805	1.4332				
0.18055	1.47146				
0.1806	1.47657				
0.18065	1.46381				
0.1807	1.44596				
0.18075	1.4332				
0.1808	1.44596				
0.18085	1.41535				
0.1809	1.39239				
0.18095	1.4179				
0.181	1.42555				
0.18105	1.45871				
0.1811	1.44086				
0.18115	1.36433				
0.1812	1.38984				
0.18125	1.37453				
0.1813	1.31332				
0.18135	1.28781				
0.1814	1.33117				
0.18145	1.34903				
0.1815	1.34648				
0.18155	1.34137				
0.1816	1.32352				
0.18165	1.28526				
0.1817	1.35158				
0.18175	1.41025				
0.1818	1.4128				
0.18185	1.37198				
0.1819	1.34137				
0.18195	1.29291				
0.182	1.36433				
0.18205	1.40259				
0.1821	1.35413				
0.18215	1.35413				
0.1822	1.37198				
0.18225	1.37453				
0.1823	1.39749				
0.18235	1.34393				
0.1824	1.33627				
0.18245	1.39494				
0.1825	1.39239				
0.18255	1.33117				
0.1826	1.30566				
0.18265	1.34137				
0.1827	1.34393				
0.18275	1.36178				
0.1828	1.36178				
0.18285	1.40514				
0.1829	1.423				
0.18295	1.41535				
0.183	1.44086				
0.18305	1.46636				
0.1831	1.46636				
0.18315	1.42045				
0.1832	1.41535				
0.18325	1.48167				
0.1833	1.50207				
0.18335	1.50463				
0.1834	1.47657				
0.18345	1.45871				
0.1835	1.47146				
0.18355	1.46891				
0.1836	1.44596				
0.18365	1.4383				
0.1837	1.42555				
0.18375	1.38729				
0.1838	1.33372				
0.18385	1.33117				
0.1839	1.33627				
0.18395	1.35923				
0.184	1.36943				
0.18405	1.36178				
0.1841	1.35668				
0.18415	1.35158				
0.1842	1.34903				
0.18425	1.37198				
0.1843	1.38474				
0.18435	1.38984				
0.1844	1.40514				
0.18445	1.46636				
0.1845	1.47912				
0.18455	1.4128				
0.1846	1.40514				
0.18465	1.423				
0.1847	1.4179				
0.18475	1.4179				
0.1848	1.39239				
0.18485	1.39494				
0.1849	1.38729				
0.18495	1.4128				
0.185	1.39494				
0.18505	1.34648				
0.1851	1.39494				
0.18515	1.42555				
0.1852	1.40514				
0.18525	1.37709				
0.1853	1.32352				
0.18535	1.28271				
0.1854	1.37964				
0.18545	1.4383				
0.1855	1.42045				
0.18555	1.34903				
0.1856	1.32097				
0.18565	1.37453				
0.1857	1.39749				
0.18575	1.4383				
0.1858	1.4179				
0.18585	1.33882				
0.1859	1.32607				
0.18595	1.33882				
0.186	1.40514				
0.18605	1.37964				
0.1861	1.32352				
0.18615	1.33627				
0.1862	1.40259				
0.18625	1.38729				
0.1863	1.37198				
0.18635	1.30566				
0.1864	1.28016				
0.18645	1.32607				
0.1865	1.35923				
0.18655	1.33117				
0.1866	1.40514				
0.18665	1.37453				
0.1867	1.32862				
0.18675	1.35668				
0.1868	1.40514				
0.18685	1.39494				
0.1869	1.41535				
0.18695	1.39494				
0.187	1.43065				
0.18705	1.48677				
0.1871	1.42045				
0.18715	1.41535				
0.1872	1.46636				
0.18725	1.46126				
0.1873	1.50718				
0.18735	1.45616				
0.1874	1.40514				
0.18745	1.44851				
0.1875	1.46126				
0.18755	1.39749				
0.1876	1.38474				
0.18765	1.40259				
0.1877	1.42045				
0.18775	1.39749				
0.1878	1.36943				
0.18785	1.37709				
0.1879	1.37709				
0.18795	1.38219				
0.188	1.35158				
0.18805	1.36688				
0.1881	1.40004				
0.18815	1.423				
0.1882	1.42555				
0.18825	1.38984				
0.1883	1.4179				
0.18835	1.43575				
0.1884	1.47657				
0.18845	1.47657				
0.1885	1.4332				
0.18855	1.44341				
0.1886	1.41535				
0.18865	1.38984				
0.1887	1.39749				
0.18875	1.4281				
0.1888	1.39239				
0.18885	1.34137				
0.1889	1.36688				
0.18895	1.40004				
0.189	1.39239				
0.18905	1.44851				
0.1891	1.37453				
0.18915	1.2572				
0.1892	1.30311				
0.18925	1.4128				
0.1893	1.37453				
0.18935	1.36178				
0.1894	1.33627				
0.18945	1.30311				
0.1895	1.33372				
0.18955	1.37453				
0.1896	1.35413				
0.18965	1.33372				
0.1897	1.32607				
0.18975	1.30056				
0.1898	1.30821				
0.18985	1.35413				
0.1899	1.39239				
0.18995	1.37964				
0.19	1.33372				
0.19005	1.36688				
0.1901	1.36688				
0.19015	1.32352				
0.1902	1.33627				
0.19025	1.37198				
0.1903	1.38219				
0.19035	1.4179				
0.1904	1.42045				
0.19045	1.32097				
0.1905	1.27505				
0.19055	1.38474				
0.1906	1.42555				
0.19065	1.40259				
0.1907	1.39494				
0.19075	1.41535				
0.1908	1.44596				
0.19085	1.44851				
0.1909	1.42555				
0.19095	1.48167				
0.191	1.46126				
0.19105	1.44596				
0.1911	1.45361				
0.19115	1.50207				
0.1912	1.49442				
0.19125	1.43575				
0.1913	1.38219				
0.19135	1.45361				
0.1914	1.46126				
0.19145	1.38984				
0.1915	1.39749				
0.19155	1.36433				
0.1916	1.38219				
0.19165	1.40004				
0.1917	1.38474				
0.19175	1.40514				
0.1918	1.40259				
0.19185	1.30311				
0.1919	1.33372				
0.19195	1.36943				
0.192	1.37964				
0.19205	1.39239				
0.1921	1.44596				
0.19215	1.4383				
0.1922	1.43575				
0.19225	1.4128				
0.1923	1.46381				
0.19235	1.48167				
0.1924	1.48422				
0.19245	1.45871				
0.1925	1.4128				
0.19255	1.43575				
0.1926	1.44341				
0.19265	1.38984				
0.1927	1.33882				
0.19275	1.38474				
0.1928	1.40514				
0.19285	1.35158				
0.1929	1.29291				
0.19295	1.34393				
0.193	1.4281				
0.19305	1.46126				
0.1931	1.34648				
0.19315	1.28016				
0.1932	1.31076				
0.19325	1.36433				
0.1933	1.38729				
0.19335	1.44341				
0.1934	1.41535				
0.19345	1.30821				
0.1935	1.30311				
0.19355	1.34137				
0.1936	1.42555				
0.19365	1.4281				
0.1937	1.36433				
0.19375	1.35413				
0.1938	1.33372				
0.19385	1.36433				
0.1939	1.33117				
0.19395	1.30056				
0.194	1.34903				
0.19405	1.42045				
0.1941	1.38474				
0.19415	1.31076				
0.1942	1.29036				
0.19425	1.29546				
0.1943	1.31332				
0.19435	1.34648				
0.1944	1.36688				
0.19445	1.33882				
0.1945	1.32352				
0.19455	1.34903				
0.1946	1.38474				
0.19465	1.40514				
0.1947	1.42045				
0.19475	1.4179				
0.1948	1.45106				
0.19485	1.46381				
0.1949	1.48932				
0.19495	1.48167				
0.195	1.46636				
0.19505	1.46891				
0.1951	1.50973				
0.19515	1.50973				
0.1952	1.54799				
0.19525	1.47657				
0.1953	1.45871				
0.19535	1.47657				
0.1954	1.44851				
0.19545	1.43065				
0.1955	1.4077				
0.19555	1.35158				
0.1956	1.34393				
0.19565	1.35413				
0.1957	1.35158				
0.19575	1.35923				
0.1958	1.33117				
0.19585	1.35413				
0.1959	1.38474				
0.19595	1.38729				
0.196	1.36433				
0.19605	1.35158				
0.1961	1.39494				
0.19615	1.4332				
0.1962	1.423				
0.19625	1.42045				
0.1963	1.44341				
0.19635	1.4281				
0.1964	1.42045				
0.19645	1.44341				
0.1965	1.4281				
0.19655	1.40514				
0.1966	1.41025				
0.19665	1.36688				
0.1967	1.37198				
0.19675	1.40514				
0.1968	1.40259				
0.19685	1.35158				
0.1969	1.31587				
0.19695	1.36178				
0.197	1.423				
0.19705	1.4281				
0.1971	1.35668				
0.19715	1.30566				
0.1972	1.29291				
0.19725	1.35923				
0.1973	1.4128				
0.19735	1.42555				
0.1974	1.39749				
0.19745	1.33372				
0.1975	1.31332				
0.19755	1.31076				
0.1976	1.34393				
0.19765	1.37198				
0.1977	1.35413				
0.19775	1.34393				
0.1978	1.35413				
0.19785	1.34393				
0.1979	1.31076				
0.19795	1.33117				
0.198	1.40514				
0.19805	1.42045				
0.1981	1.4128				
0.19815	1.36178				
0.1982	1.29291				
0.19825	1.35413				
0.1983	1.38474				
0.19835	1.38474				
0.1984	1.36433				
0.19845	1.34903				
0.1985	1.37709				
0.19855	1.40004				
0.1986	1.38729				
0.19865	1.42045				
0.1987	1.40004				
0.19875	1.38984				
0.1988	1.423				
0.19885	1.46381				
0.1989	1.46636				
0.19895	1.47657				
0.199	1.4179				
0.19905	1.4332				
0.1991	1.49442				
0.19915	1.46126				
0.1992	1.42555				
0.19925	1.43065				
0.1993	1.4383				
0.19935	1.44086				
0.1994	1.40004				
0.19945	1.35668				
0.1995	1.37453				
0.19955	1.37453				
0.1996	1.35413				
0.19965	1.36943				
0.1997	1.37453				
0.19975	1.39749				
0.1998	1.38729				
0.19985	1.37453				
0.1999	1.40514				
0.19995	1.44596				
