Time - piezo	Amplitude - piezo	Unnamed: 2	Unnamed: 3	Frequency [Hz] - piezo (Power Spectrum)	Amplitude - piezo (Power Spectrum)
0.0	0.00822859			0.0	3.06578e-07
5e-05	0.0145995			5.0	2.95339e-07
0.0001	0.0120511			10.0	3.91502e-08
0.00015	0.018422			15.0	1.15987e-08
0.0002	0.0107769			20.0	2.10903e-09
0.00025	0.0171478			25.0	4.35713e-08
0.0003	0.00950277			30.0	1.68812e-07
0.00035	0.0133253			35.0	8.73044e-08
0.0004	0.00568023			40.0	2.79798e-09
0.00045	0.00950277			45.0	1.79389e-10
0.0005	0.0018577			50.0	2.63255e-09
0.00055	0.00695441			55.0	1.24762e-06
0.0006	-0.00196484			60.0	4.31236e-06
0.00065	0.0018577			65.0	9.55626e-07
0.0007	-0.00578737			70.0	2.40387e-08
0.00075	-0.00323902			75.0	5.0226e-07
0.0008	-0.0134324			80.0	1.57882e-06
0.00085	-0.00960991			85.0	2.83076e-06
0.0009	-0.017255			90.0	3.67709e-06
0.00095	-0.0134324			95.0	1.4987e-06
0.001	-0.0185292			100.0	9.78472e-08
0.00105	-0.0147066			105.0	3.82495e-08
0.0011	-0.0223517			110.0	2.74096e-08
0.00115	-0.0185292			115.0	3.71928e-08
0.0012	-0.0223517			120.0	7.17108e-08
0.00125	-0.017255			125.0	2.45672e-07
0.0013	-0.0236259			130.0	3.94609e-07
0.00135	-0.0210775			135.0	6.9024e-06
0.0014	-0.0223517			140.0	2.55024e-05
0.00145	-0.0210775			145.0	1.623e-05
0.0015	-0.017255			150.0	1.02782e-05
0.00155	-0.0185292			155.0	8.71887e-05
0.0016	-0.017255			160.0	3.52022e-05
0.00165	-0.0198033			165.0	5.56876e-07
0.0017	-0.0134324			170.0	1.71566e-05
0.00175	-0.017255			175.0	2.08664e-05
0.0018	-0.0121583			180.0	3.29512e-06
0.00185	-0.0134324			185.0	9.6855e-07
0.0019	-0.0121583			190.0	7.09487e-07
0.00195	-0.0108841			195.0	1.50063e-07
0.002	-0.00706155			200.0	3.13088e-09
0.00205	-0.00833573			205.0	7.41571e-09
0.0021	-0.00960991			210.0	6.39625e-08
0.00215	-0.00706155			215.0	1.28382e-07
0.0022	-0.0121583			220.0	3.08235e-08
0.00225	-0.00323902			225.0	3.63849e-09
0.0023	-0.00960991			230.0	1.76401e-08
0.00235	-0.00196484			235.0	4.38637e-08
0.0024	-0.0108841			240.0	3.50878e-08
0.00245	-0.00706155			245.0	1.16276e-08
0.0025	-0.0108841			250.0	1.71618e-07
0.00255	-0.00960991			255.0	4.03944e-07
0.0026	-0.00706155			260.0	1.66463e-07
0.00265	-0.0147066			265.0	7.25738e-08
0.0027	-0.00960991			270.0	1.51066e-08
0.00275	-0.0159808			275.0	3.80465e-09
0.0028	-0.0147066			280.0	3.01627e-09
0.00285	-0.0134324			285.0	2.15564e-09
0.0029	-0.0198033			290.0	1.60326e-09
0.00295	-0.0159808			295.0	4.86204e-09
0.003	-0.0185292			300.0	4.81971e-08
0.00305	-0.0147066			305.0	2.65497e-08
0.0031	-0.0147066			310.0	1.00378e-08
0.00315	-0.0198033			315.0	1.3377e-08
0.0032	-0.0159808			320.0	7.55747e-09
0.00325	-0.017255			325.0	1.19162e-08
0.0033	-0.0147066			330.0	1.81113e-08
0.00335	-0.0134324			335.0	1.33548e-08
0.0034	-0.0134324			340.0	1.78277e-08
0.00345	-0.00706155			345.0	4.58549e-08
0.0035	-0.00706155			350.0	1.18114e-08
0.00355	-0.0045132			355.0	3.58376e-09
0.0036	-0.00196484			360.0	2.67074e-10
0.00365	-0.00196484			365.0	1.97314e-09
0.0037	0.00313188			370.0	1.47383e-10
0.00375	0.00440605			375.0	2.02868e-09
0.0038	0.00822859			380.0	1.32539e-09
0.00385	0.0120511			385.0	8.43596e-10
0.0039	0.0120511			390.0	1.36392e-09
0.00395	0.0120511			395.0	1.63023e-09
0.004	0.0133253			400.0	1.37104e-09
0.00405	0.0120511			405.0	5.68648e-09
0.0041	0.018422			410.0	5.10419e-09
0.00415	0.0120511			415.0	3.5834e-09
0.0042	0.0158737			420.0	8.83016e-09
0.00425	0.0145995			425.0	2.64367e-08
0.0043	0.0120511			430.0	1.62943e-08
0.00435	0.0133253			435.0	4.0713e-09
0.0044	0.0120511			440.0	1.72682e-09
0.00445	0.0120511			445.0	5.62458e-08
0.0045	0.00950277			450.0	4.53063e-08
0.00455	0.00695441			455.0	5.73842e-09
0.0046	0.0107769			460.0	2.6078e-08
0.00465	0.00440605			465.0	1.25297e-08
0.0047	0.00695441			470.0	5.26188e-08
0.00475	0.0107769			475.0	1.91977e-07
0.0048	0.00440605			480.0	2.04212e-07
0.00485	0.00695441			485.0	5.13888e-07
0.0049	0.00695441			490.0	2.00162e-07
0.00495	0.00313188			495.0	5.05298e-07
0.005	0.00950277			500.0	1.66805e-06
0.00505	0.00695441			505.0	2.94004e-06
0.0051	0.00313188			510.0	1.66381e-06
0.00515	0.0107769			515.0	5.15322e-07
0.0052	0.00695441			520.0	2.58636e-07
0.00525	0.0107769			525.0	2.84153e-07
0.0053	0.0120511			530.0	7.83199e-07
0.00535	0.00695441			535.0	3.19877e-06
0.0054	0.0120511			540.0	4.25313e-06
0.00545	0.0158737			545.0	5.99036e-06
0.0055	0.0133253			550.0	4.74107e-06
0.00555	0.0209704			555.0	3.93606e-07
0.0056	0.018422			560.0	2.63903e-07
0.00565	0.0209704			565.0	5.08202e-08
0.0057	0.0235187			570.0	1.49245e-07
0.00575	0.0222446			575.0	1.60128e-07
0.0058	0.0235187			580.0	1.01094e-07
0.00585	0.0260671			585.0	2.79779e-07
0.0059	0.0235187			590.0	2.01728e-07
0.00595	0.0247929			595.0	1.2027e-07
0.006	0.0286154			600.0	7.12556e-08
0.00605	0.0209704			605.0	7.666e-08
0.0061	0.0222446			610.0	7.32695e-08
0.00615	0.0209704			615.0	1.54414e-11
0.0062	0.018422			620.0	4.83312e-09
0.00625	0.0235187			625.0	1.03782e-08
0.0063	0.0222446			630.0	1.81646e-09
0.00635	0.018422			635.0	7.99831e-09
0.0064	0.0171478			640.0	2.31157e-08
0.00645	0.018422			645.0	4.38386e-08
0.0065	0.0120511			650.0	4.02807e-08
0.00655	0.0120511			655.0	4.85815e-08
0.0066	0.0107769			660.0	2.00149e-08
0.00665	0.00822859			665.0	9.97158e-09
0.0067	0.0107769			670.0	3.34765e-09
0.00675	0.00695441			675.0	8.50712e-09
0.0068	-0.00069066			680.0	5.00472e-09
0.00685	0.00313188			685.0	1.99581e-09
0.0069	-0.00196484			690.0	8.16762e-11
0.00695	-0.00323902			695.0	7.00872e-11
0.007	-0.00323902			700.0	1.20472e-10
0.00705	-0.00069066			705.0	1.88381e-09
0.0071	-0.00323902			710.0	5.47867e-10
0.00715	-0.00196484			715.0	3.75396e-10
0.0072	0.000583518			720.0	1.40643e-09
0.00725	-0.00323902			725.0	1.31915e-09
0.0073	0.000583518			730.0	3.11082e-09
0.00735	0.00568023			735.0	1.15523e-09
0.0074	-0.00196484			740.0	1.12837e-09
0.00745	0.00440605			745.0	6.41904e-09
0.0075	0.00695441			750.0	1.31878e-08
0.00755	0.0018577			755.0	8.39342e-08
0.0076	0.00568023			760.0	1.9266e-07
0.00765	0.00695441			765.0	1.25463e-07
0.0077	-0.00069066			770.0	1.0999e-07
0.00775	0.00313188			775.0	1.26055e-07
0.0078	0.000583518			780.0	1.78588e-07
0.00785	0.00313188			785.0	1.02824e-07
0.0079	-0.00196484			790.0	8.02372e-09
0.00795	0.0018577			795.0	3.21358e-08
0.008	-0.00323902			800.0	5.72615e-09
0.00805	-0.00706155			805.0	2.45927e-09
0.0081	-0.00323902			810.0	7.71226e-09
0.00815	-0.00706155			815.0	1.52384e-08
0.0082	-0.00833573			820.0	3.90029e-10
0.00825	-0.00706155			825.0	4.47986e-09
0.0083	-0.00833573			830.0	3.12425e-09
0.00835	-0.0147066			835.0	3.66844e-10
0.0084	-0.0134324			840.0	2.47079e-09
0.00845	-0.0134324			845.0	4.1135e-09
0.0085	-0.0159808			850.0	3.08363e-09
0.00855	-0.017255			855.0	4.66424e-09
0.0086	-0.0134324			860.0	2.33192e-09
0.00865	-0.0134324			865.0	2.45026e-09
0.0087	-0.0198033			870.0	4.25376e-09
0.00875	-0.0159808			875.0	2.3753e-09
0.0088	-0.017255			880.0	5.63664e-10
0.00885	-0.0223517			885.0	2.20846e-09
0.0089	-0.0198033			890.0	7.61196e-10
0.00895	-0.0210775			895.0	6.91181e-10
0.009	-0.0210775			900.0	2.68713e-10
0.00905	-0.017255			905.0	2.10402e-09
0.0091	-0.0159808			910.0	1.32754e-09
0.00915	-0.017255			915.0	4.29204e-11
0.0092	-0.0185292			920.0	1.64183e-09
0.00925	-0.0159808			925.0	5.68033e-09
0.0093	-0.017255			930.0	1.01847e-08
0.00935	-0.017255			935.0	7.95946e-09
0.0094	-0.0134324			940.0	3.41138e-09
0.00945	-0.0159808			945.0	9.76834e-10
0.0095	-0.0159808			950.0	3.81542e-10
0.00955	-0.0134324			955.0	1.08406e-10
0.0096	-0.00960991			960.0	1.30313e-10
0.00965	-0.0134324			965.0	3.02283e-10
0.0097	-0.00960991			970.0	9.71039e-10
0.00975	-0.00578737			975.0	2.40948e-10
0.0098	-0.00960991			980.0	2.71477e-10
0.00985	-0.0134324			985.0	2.45229e-09
0.0099	-0.00706155			990.0	8.34799e-10
0.00995	-0.00578737			995.0	1.99469e-09
0.01	-0.00833573			1000.0	4.08524e-09
0.01005	-0.00833573			1005.0	1.09078e-08
0.0101	-0.00706155			1010.0	1.29167e-08
0.01015	-0.0134324			1015.0	1.24945e-08
0.0102	-0.00833573			1020.0	1.52119e-08
0.01025	-0.00960991			1025.0	1.07559e-08
0.0103	-0.00833573			1030.0	1.55684e-09
0.01035	-0.0134324			1035.0	3.46196e-09
0.0104	-0.00960991			1040.0	6.38903e-09
0.01045	-0.00706155			1045.0	7.47264e-09
0.0105	-0.0121583			1050.0	7.24273e-10
0.01055	-0.0134324			1055.0	1.53531e-09
0.0106	-0.0121583			1060.0	2.3817e-10
0.01065	-0.00706155			1065.0	3.31463e-09
0.0107	-0.0108841			1070.0	2.01357e-10
0.01075	-0.00706155			1075.0	1.66772e-09
0.0108	-0.00196484			1080.0	1.37141e-09
0.01085	-0.0045132			1085.0	1.64638e-09
0.0109	-0.00323902			1090.0	3.34051e-09
0.01095	-0.00196484			1095.0	2.33354e-09
0.011	0.0018577			1100.0	4.81889e-11
0.01105	0.00440605			1105.0	1.28116e-09
0.0111	0.00313188			1110.0	1.41488e-09
0.01115	0.0107769			1115.0	5.08903e-10
0.0112	0.00822859			1120.0	2.04798e-09
0.01125	0.0107769			1125.0	1.2142e-09
0.0113	0.0107769			1130.0	9.94709e-10
0.01135	0.0133253			1135.0	2.33736e-09
0.0114	0.0120511			1140.0	3.83366e-11
0.01145	0.0107769			1145.0	9.76827e-10
0.0115	0.0145995			1150.0	1.32211e-09
0.01155	0.0171478			1155.0	5.50484e-10
0.0116	0.0133253			1160.0	1.11513e-10
0.01165	0.0107769			1165.0	4.09598e-09
0.0117	0.018422			1170.0	5.03861e-09
0.01175	0.0145995			1175.0	1.19473e-09
0.0118	0.0120511			1180.0	2.05256e-09
0.01185	0.0133253			1185.0	2.72422e-09
0.0119	0.0133253			1190.0	1.84037e-09
0.01195	0.0158737			1195.0	7.52469e-10
0.012	0.0120511			1200.0	1.54916e-10
0.01205	0.0133253			1205.0	1.50175e-09
0.0121	0.0158737			1210.0	2.38542e-09
0.01215	0.0120511			1215.0	7.15249e-10
0.0122	0.00950277			1220.0	3.70202e-10
0.01225	0.0133253			1225.0	1.90943e-09
0.0123	0.0158737			1230.0	1.18891e-09
0.01235	0.0145995			1235.0	5.30626e-09
0.0124	0.0133253			1240.0	1.17543e-09
0.01245	0.018422			1245.0	3.36741e-11
0.0125	0.0120511			1250.0	2.87673e-09
0.01255	0.0120511			1255.0	3.973e-09
0.0126	0.0145995			1260.0	3.835e-09
0.01265	0.0171478			1265.0	3.34787e-10
0.0127	0.0145995			1270.0	1.26296e-09
0.01275	0.0133253			1275.0	1.29487e-09
0.0128	0.0145995			1280.0	1.28996e-09
0.01285	0.018422			1285.0	2.08515e-09
0.0129	0.0133253			1290.0	2.23318e-09
0.01295	0.0171478			1295.0	5.98178e-10
0.013	0.0158737			1300.0	4.05302e-10
0.01305	0.0171478			1305.0	5.802e-10
0.0131	0.0209704			1310.0	5.05473e-10
0.01315	0.018422			1315.0	1.53161e-10
0.0132	0.0196962			1320.0	5.95554e-10
0.01325	0.0196962			1325.0	2.00846e-09
0.0133	0.018422			1330.0	7.17589e-09
0.01335	0.0209704			1335.0	5.34216e-09
0.0134	0.0222446			1340.0	4.89213e-10
0.01345	0.018422			1345.0	6.58885e-10
0.0135	0.0145995			1350.0	1.70025e-09
0.01355	0.018422			1355.0	2.40183e-09
0.0136	0.0158737			1360.0	2.27677e-09
0.01365	0.0133253			1365.0	7.1345e-10
0.0137	0.00822859			1370.0	5.25929e-09
0.01375	0.0107769			1375.0	5.44596e-09
0.0138	0.0120511			1380.0	5.19582e-09
0.01385	0.00440605			1385.0	1.57997e-09
0.0139	-0.00196484			1390.0	5.51475e-11
0.01395	0.0018577			1395.0	3.30811e-10
0.014	0.000583518			1400.0	3.50939e-09
0.01405	-0.0045132			1405.0	2.22563e-09
0.0141	-0.00706155			1410.0	5.38096e-10
0.01415	-0.00706155			1415.0	1.50707e-09
0.0142	-0.00833573			1420.0	1.53147e-09
0.01425	-0.00960991			1425.0	1.24142e-09
0.0143	-0.017255			1430.0	9.57948e-12
0.01435	-0.0147066			1435.0	2.84264e-09
0.0144	-0.00833573			1440.0	2.2782e-09
0.01445	-0.0159808			1445.0	3.13171e-11
0.0145	-0.0159808			1450.0	9.07055e-10
0.01455	-0.00960991			1455.0	2.93496e-09
0.0146	-0.00833573			1460.0	2.21097e-09
0.01465	-0.0121583			1465.0	2.30655e-09
0.0147	-0.0159808			1470.0	2.98011e-09
0.01475	-0.0121583			1475.0	2.84133e-09
0.0148	-0.00706155			1480.0	1.51329e-09
0.01485	-0.00833573			1485.0	2.01206e-10
0.0149	-0.00833573			1490.0	2.3048e-09
0.01495	-0.00578737			1495.0	1.99354e-09
0.015	-0.00069066			1500.0	1.42564e-09
0.01505	-0.00706155			1505.0	1.06438e-09
0.0151	-0.0108841			1510.0	1.014e-09
0.01515	-0.00833573			1515.0	3.45641e-09
0.0152	-0.00960991			1520.0	3.39916e-09
0.01525	-0.0134324			1525.0	3.30814e-09
0.0153	-0.0134324			1530.0	6.93594e-10
0.01535	-0.017255			1535.0	3.059e-10
0.0154	-0.017255			1540.0	5.60714e-10
0.01545	-0.0185292			1545.0	2.80463e-10
0.0155	-0.0223517			1550.0	1.03244e-09
0.01555	-0.0249			1555.0	1.89516e-09
0.0156	-0.0287226			1560.0	6.63313e-10
0.01565	-0.0261742			1565.0	1.46631e-09
0.0157	-0.0287226			1570.0	5.19333e-09
0.01575	-0.0325451			1575.0	9.43875e-10
0.0158	-0.0312709			1580.0	4.30029e-09
0.01585	-0.0299968			1585.0	4.26275e-09
0.0159	-0.0338193			1590.0	9.46311e-11
0.01595	-0.0376418			1595.0	6.5829e-10
0.016	-0.0363677			1600.0	6.52189e-10
0.01605	-0.0350935			1605.0	3.64852e-09
0.0161	-0.0338193			1610.0	1.99567e-09
0.01615	-0.0338193			1615.0	1.63987e-09
0.0162	-0.0350935			1620.0	3.48453e-09
0.01625	-0.0299968			1625.0	4.87377e-09
0.0163	-0.0274484			1630.0	6.31291e-09
0.01635	-0.0287226			1635.0	1.68789e-09
0.0164	-0.0287226			1640.0	2.73075e-11
0.01645	-0.0249			1645.0	2.99656e-10
0.0165	-0.0198033			1650.0	2.97785e-10
0.01655	-0.0185292			1655.0	4.56565e-10
0.0166	-0.0159808			1660.0	3.36529e-09
0.01665	-0.017255			1665.0	1.77623e-09
0.0167	-0.0134324			1670.0	7.95133e-11
0.01675	-0.00960991			1675.0	6.43111e-10
0.0168	-0.0108841			1680.0	7.12436e-10
0.01685	-0.0108841			1685.0	1.503e-09
0.0169	-0.00578737			1690.0	4.08142e-09
0.01695	0.0018577			1695.0	1.3526e-09
0.017	-0.00069066			1700.0	6.99042e-10
0.01705	-0.00069066			1705.0	1.48055e-10
0.0171	-0.00196484			1710.0	3.42481e-10
0.01715	0.00313188			1715.0	6.41706e-10
0.0172	0.00568023			1720.0	7.80814e-10
0.01725	0.00568023			1725.0	1.23595e-09
0.0173	0.00313188			1730.0	1.13732e-09
0.01735	0.00695441			1735.0	1.58571e-09
0.0174	0.00822859			1740.0	1.14218e-09
0.01745	0.00695441			1745.0	8.77497e-10
0.0175	0.00313188			1750.0	9.80723e-10
0.01755	0.00440605			1755.0	4.65702e-10
0.0176	0.00695441			1760.0	3.87204e-11
0.01765	0.00440605			1765.0	6.01996e-10
0.0177	-0.00069066			1770.0	3.14639e-09
0.01775	0.00440605			1775.0	4.93338e-09
0.0178	0.00568023			1780.0	7.74121e-09
0.01785	0.00822859			1785.0	2.15901e-09
0.0179	0.00695441			1790.0	1.16204e-09
0.01795	0.00313188			1795.0	4.75191e-09
0.018	0.00695441			1800.0	2.27932e-09
0.01805	0.0120511			1805.0	9.33796e-10
0.0181	0.0158737			1810.0	5.5706e-10
0.01815	0.0145995			1815.0	6.26573e-11
0.0182	0.0145995			1820.0	2.46422e-09
0.01825	0.0196962			1825.0	3.50532e-09
0.0183	0.0260671			1830.0	8.53538e-10
0.01835	0.0260671			1835.0	6.98771e-10
0.0184	0.0260671			1840.0	3.71849e-09
0.01845	0.0273413			1845.0	1.95392e-09
0.0185	0.032438			1850.0	4.34247e-10
0.01855	0.040083			1855.0	1.01315e-09
0.0186	0.0362605			1860.0	1.03415e-09
0.01865	0.0375347			1865.0	2.59652e-09
0.0187	0.0388089			1870.0	5.59894e-10
0.01875	0.0439056			1875.0	8.31171e-10
0.0188	0.0426314			1880.0	2.70294e-09
0.01885	0.0426314			1885.0	2.64184e-09
0.0189	0.0388089			1890.0	2.33439e-09
0.01895	0.0426314			1895.0	3.49169e-09
0.019	0.0426314			1900.0	2.17812e-09
0.01905	0.0413572			1905.0	4.10163e-10
0.0191	0.0349863			1910.0	5.77851e-10
0.01915	0.0388089			1915.0	1.02021e-09
0.0192	0.0337122			1920.0	4.31126e-10
0.01925	0.0337122			1925.0	1.08494e-10
0.0193	0.0311638			1930.0	3.68561e-09
0.01935	0.0247929			1935.0	3.01543e-09
0.0194	0.0286154			1940.0	2.38271e-09
0.01945	0.0273413			1945.0	2.92999e-09
0.0195	0.0247929			1950.0	3.51119e-10
0.01955	0.0222446			1955.0	5.64312e-10
0.0196	0.0158737			1960.0	2.83496e-09
0.01965	0.018422			1965.0	5.46896e-10
0.0197	0.018422			1970.0	3.29179e-10
0.01975	0.018422			1975.0	3.86195e-10
0.0198	0.0158737			1980.0	5.30727e-10
0.01985	0.0158737			1985.0	1.97768e-09
0.0199	0.018422			1990.0	2.83314e-09
0.01995	0.018422			1995.0	4.9491e-09
0.02	0.0145995			2000.0	2.89098e-09
0.02005	0.0133253			2005.0	3.28211e-10
0.0201	0.0158737			2010.0	3.73178e-10
0.02015	0.0222446			2015.0	3.14493e-09
0.0202	0.018422			2020.0	4.19786e-09
0.02025	0.018422			2025.0	1.38957e-09
0.0203	0.0171478			2030.0	1.43017e-09
0.02035	0.018422			2035.0	6.47884e-10
0.0204	0.0209704			2040.0	6.73795e-10
0.02045	0.0196962			2045.0	8.22888e-10
0.0205	0.0158737			2050.0	4.84296e-10
0.02055	0.018422			2055.0	4.97315e-10
0.0206	0.018422			2060.0	7.59438e-10
0.02065	0.018422			2065.0	2.91491e-10
0.0207	0.0171478			2070.0	9.67598e-10
0.02075	0.0107769			2075.0	2.30934e-09
0.0208	0.00695441			2080.0	5.90197e-09
0.02085	0.00822859			2085.0	3.99885e-09
0.0209	0.00950277			2090.0	2.6911e-09
0.02095	0.00568023			2095.0	3.947e-09
0.021	0.000583518			2100.0	1.59274e-09
0.02105	-0.0045132			2105.0	1.17418e-09
0.0211	-0.00706155			2110.0	1.70219e-09
0.02115	-0.00706155			2115.0	4.22566e-13
0.0212	-0.00706155			2120.0	3.74163e-10
0.02125	-0.0147066			2125.0	2.62081e-09
0.0213	-0.017255			2130.0	5.16369e-09
0.02135	-0.0210775			2135.0	1.95897e-09
0.0214	-0.0210775			2140.0	1.65615e-09
0.02145	-0.0261742			2145.0	4.26694e-09
0.0215	-0.0312709			2150.0	3.79413e-10
0.02155	-0.0287226			2155.0	1.78834e-09
0.0216	-0.0261742			2160.0	2.46309e-09
0.02165	-0.0299968			2165.0	1.86487e-09
0.0217	-0.0325451			2170.0	3.514e-10
0.02175	-0.0363677			2175.0	7.84629e-10
0.0218	-0.0325451			2180.0	2.01879e-09
0.02185	-0.0299968			2185.0	2.79858e-09
0.0219	-0.0287226			2190.0	3.11927e-09
0.02195	-0.0312709			2195.0	1.04809e-09
0.022	-0.0299968			2200.0	4.19637e-10
0.02205	-0.0274484			2205.0	1.34643e-09
0.0221	-0.0223517			2210.0	1.29763e-08
0.02215	-0.0223517			2215.0	8.4747e-09
0.0222	-0.0236259			2220.0	4.08875e-09
0.02225	-0.0223517			2225.0	5.36119e-09
0.0223	-0.0185292			2230.0	6.02569e-09
0.02235	-0.0159808			2235.0	3.65485e-09
0.0224	-0.017255			2240.0	1.45238e-10
0.02245	-0.0147066			2245.0	4.21429e-09
0.0225	-0.017255			2250.0	8.13625e-09
0.02255	-0.0147066			2255.0	2.32407e-09
0.0226	-0.0121583			2260.0	4.06917e-09
0.02265	-0.017255			2265.0	7.32748e-09
0.0227	-0.0159808			2270.0	2.75256e-09
0.02275	-0.0198033			2275.0	1.58712e-09
0.0228	-0.017255			2280.0	7.42755e-09
0.02285	-0.0159808			2285.0	1.06348e-08
0.0229	-0.017255			2290.0	2.77962e-09
0.02295	-0.0223517			2295.0	3.46143e-10
0.023	-0.0236259			2300.0	1.3654e-09
0.02305	-0.0236259			2305.0	4.87826e-09
0.0231	-0.0223517			2310.0	2.5752e-09
0.02315	-0.0249			2315.0	1.72871e-09
0.0232	-0.0261742			2320.0	9.62809e-09
0.02325	-0.0287226			2325.0	3.76437e-09
0.0233	-0.0274484			2330.0	7.00738e-09
0.02335	-0.0261742			2335.0	1.79044e-08
0.0234	-0.0249			2340.0	1.09505e-08
0.02345	-0.0261742			2345.0	4.9902e-09
0.0235	-0.0236259			2350.0	6.30373e-09
0.02355	-0.0223517			2355.0	5.26874e-09
0.0236	-0.017255			2360.0	1.64137e-10
0.02365	-0.0134324			2365.0	1.68533e-09
0.0237	-0.0134324			2370.0	1.05407e-09
0.02375	-0.0159808			2375.0	5.37148e-10
0.0238	-0.0159808			2380.0	2.1451e-09
0.02385	-0.00960991			2385.0	1.27561e-08
0.0239	-0.00196484			2390.0	7.0652e-09
0.02395	-0.00069066			2395.0	1.62169e-09
0.024	0.0018577			2400.0	8.42565e-09
0.02405	0.000583518			2405.0	2.02814e-08
0.0241	0.00440605			2410.0	2.3475e-08
0.02415	0.00950277			2415.0	1.75085e-08
0.0242	0.0133253			2420.0	2.02528e-09
0.02425	0.0133253			2425.0	1.34793e-10
0.0243	0.0120511			2430.0	5.59961e-10
0.02435	0.0209704			2435.0	4.49729e-09
0.0244	0.0209704			2440.0	2.66691e-08
0.02445	0.0235187			2445.0	2.39002e-08
0.0245	0.0235187			2450.0	2.38829e-09
0.02455	0.0209704			2455.0	4.58349e-09
0.0246	0.018422			2460.0	1.4065e-08
0.02465	0.0222446			2465.0	8.08971e-09
0.0247	0.0260671			2470.0	5.21958e-09
0.02475	0.0260671			2475.0	3.49402e-09
0.0248	0.0222446			2480.0	9.27729e-10
0.02485	0.0209704			2485.0	1.64649e-09
0.0249	0.0222446			2490.0	4.64554e-09
0.02495	0.0235187			2495.0	5.05509e-09
0.025	0.0235187			2500.0	4.62158e-09
0.02505	0.0196962			2505.0	3.95037e-11
0.0251	0.018422			2510.0	1.14285e-09
0.02515	0.0209704			2515.0	1.60374e-09
0.0252	0.0235187			2520.0	1.07889e-08
0.02525	0.0235187			2525.0	3.26045e-08
0.0253	0.0209704			2530.0	8.34829e-09
0.02535	0.0222446			2535.0	1.08444e-09
0.0254	0.0196962			2540.0	1.45869e-10
0.02545	0.0222446			2545.0	1.64947e-09
0.0255	0.0247929			2550.0	4.49741e-09
0.02555	0.0247929			2555.0	8.39506e-09
0.0256	0.0273413			2560.0	2.72183e-09
0.02565	0.0235187			2565.0	2.35715e-09
0.0257	0.0247929			2570.0	9.49407e-10
0.02575	0.0260671			2575.0	8.62073e-10
0.0258	0.0286154			2580.0	9.00877e-10
0.02585	0.0311638			2585.0	6.51329e-09
0.0259	0.0286154			2590.0	1.08025e-08
0.02595	0.032438			2595.0	1.70937e-09
0.026	0.0311638			2600.0	2.78835e-09
0.02605	0.0349863			2605.0	5.50653e-09
0.0261	0.032438			2610.0	2.29213e-09
0.02615	0.0337122			2615.0	3.70365e-10
0.0262	0.0311638			2620.0	5.22128e-09
0.02625	0.0311638			2625.0	5.97214e-09
0.0263	0.0362605			2630.0	1.29674e-09
0.02635	0.0362605			2635.0	4.05945e-11
0.0264	0.0298896			2640.0	2.33e-11
0.02645	0.0273413			2645.0	1.73155e-09
0.0265	0.0286154			2650.0	8.63243e-09
0.02655	0.0247929			2655.0	7.99326e-09
0.0266	0.0235187			2660.0	4.41328e-09
0.02665	0.018422			2665.0	1.74229e-09
0.0267	0.0145995			2670.0	1.42077e-09
0.02675	0.0133253			2675.0	2.93305e-09
0.0268	0.0120511			2680.0	1.82015e-09
0.02685	0.0107769			2685.0	1.32494e-09
0.0269	0.00695441			2690.0	6.72666e-10
0.02695	0.00313188			2695.0	2.46904e-11
0.027	0.000583518			2700.0	1.3984e-10
0.02705	-0.00069066			2705.0	9.12281e-10
0.0271	0.0018577			2710.0	2.2829e-09
0.02715	-0.00323902			2715.0	1.83679e-08
0.0272	-0.00578737			2720.0	2.4714e-08
0.02725	-0.00960991			2725.0	8.66029e-09
0.0273	-0.00706155			2730.0	2.20169e-09
0.02735	-0.00706155			2735.0	2.65841e-09
0.0274	-0.0108841			2740.0	1.98845e-09
0.02745	-0.0121583			2745.0	2.14282e-09
0.0275	-0.0134324			2750.0	3.17937e-10
0.02755	-0.0121583			2755.0	2.65168e-09
0.0276	-0.0134324			2760.0	3.66511e-09
0.02765	-0.0121583			2765.0	8.94599e-09
0.0277	-0.0159808			2770.0	1.40434e-08
0.02775	-0.0159808			2775.0	1.38957e-08
0.0278	-0.0198033			2780.0	6.38627e-09
0.02785	-0.017255			2785.0	1.04988e-08
0.0279	-0.017255			2790.0	1.07174e-08
0.02795	-0.0185292			2795.0	1.17928e-09
0.028	-0.0198033			2800.0	2.09818e-09
0.02805	-0.0249			2805.0	3.32182e-09
0.0281	-0.0236259			2810.0	2.06543e-09
0.02815	-0.0223517			2815.0	2.84478e-09
0.0282	-0.0198033			2820.0	6.16768e-09
0.02825	-0.0261742			2825.0	3.6208e-09
0.0283	-0.0274484			2830.0	3.16163e-09
0.02835	-0.0287226			2835.0	7.81742e-09
0.0284	-0.0287226			2840.0	1.39589e-08
0.02845	-0.0249			2845.0	1.6124e-08
0.0285	-0.0274484			2850.0	1.32075e-08
0.02855	-0.0261742			2855.0	9.84157e-09
0.0286	-0.0325451			2860.0	2.39712e-08
0.02865	-0.0325451			2865.0	3.73081e-08
0.0287	-0.0325451			2870.0	1.68517e-08
0.02875	-0.0287226			2875.0	4.59368e-09
0.0288	-0.0312709			2880.0	2.91529e-09
0.02885	-0.0287226			2885.0	1.39234e-08
0.0289	-0.0325451			2890.0	7.82007e-08
0.02895	-0.0299968			2895.0	1.79066e-07
0.029	-0.0312709			2900.0	2.25441e-07
0.02905	-0.0287226			2905.0	2.30239e-07
0.0291	-0.0299968			2910.0	1.80466e-07
0.02915	-0.0350935			2915.0	1.22425e-07
0.0292	-0.0312709			2920.0	1.22151e-07
0.02925	-0.0325451			2925.0	2.84505e-08
0.0293	-0.0274484			2930.0	1.65358e-08
0.02935	-0.0261742			2935.0	1.25873e-07
0.0294	-0.0287226			2940.0	1.55191e-07
0.02945	-0.0236259			2945.0	3.64009e-08
0.0295	-0.0249			2950.0	3.27474e-08
0.02955	-0.0223517			2955.0	1.36754e-08
0.0296	-0.017255			2960.0	1.49228e-07
0.02965	-0.017255			2965.0	3.22534e-07
0.0297	-0.017255			2970.0	9.35891e-08
0.02975	-0.017255			2975.0	1.21818e-08
0.0298	-0.017255			2980.0	6.00561e-08
0.02985	-0.0134324			2985.0	1.46604e-07
0.0299	-0.00833573			2990.0	3.86874e-08
0.02995	-0.00833573			2995.0	6.14058e-08
0.03	-0.00706155			3000.0	1.5108e-07
0.03005	-0.00833573			3005.0	1.04302e-07
0.0301	-0.00706155			3010.0	1.16123e-08
0.03015	-0.00706155			3015.0	8.71944e-09
0.0302	-0.0045132			3020.0	5.55929e-08
0.03025	-0.00196484			3025.0	2.25423e-08
0.0303	-0.00323902			3030.0	1.44375e-08
0.03035	-0.0045132			3035.0	2.13098e-08
0.0304	-0.00069066			3040.0	1.61654e-08
0.03045	-0.00196484			3045.0	5.82154e-09
0.0305	0.000583518			3050.0	2.10495e-08
0.03055	-0.00069066			3055.0	1.31234e-08
0.0306	-0.00196484			3060.0	1.69449e-09
0.03065	-0.00196484			3065.0	1.93578e-08
0.0307	0.0018577			3070.0	1.76913e-08
0.03075	0.00568023			3075.0	3.66136e-09
0.0308	0.00695441			3080.0	1.56398e-09
0.03085	0.00695441			3085.0	1.53998e-08
0.0309	0.00695441			3090.0	1.77921e-08
0.03095	0.00695441			3095.0	1.50279e-08
0.031	0.0145995			3100.0	5.89091e-09
0.03105	0.0158737			3105.0	1.54984e-08
0.0311	0.0145995			3110.0	1.60005e-09
0.03115	0.0120511			3115.0	6.82651e-09
0.0312	0.0158737			3120.0	2.98935e-09
0.03125	0.0222446			3125.0	9.02367e-10
0.0313	0.0247929			3130.0	4.39779e-09
0.03135	0.0235187			3135.0	7.28869e-09
0.0314	0.0247929			3140.0	1.00576e-10
0.03145	0.0235187			3145.0	1.22275e-09
0.0315	0.0247929			3150.0	5.23039e-09
0.03155	0.0273413			3155.0	6.75048e-09
0.0316	0.0298896			3160.0	9.44385e-09
0.03165	0.0337122			3165.0	5.96627e-09
0.0317	0.0311638			3170.0	4.36946e-09
0.03175	0.0273413			3175.0	1.30395e-08
0.0318	0.0247929			3180.0	7.71301e-09
0.03185	0.0298896			3185.0	2.28961e-09
0.0319	0.0311638			3190.0	1.57601e-09
0.03195	0.0298896			3195.0	3.13172e-10
0.032	0.0311638			3200.0	9.37973e-09
0.03205	0.0273413			3205.0	1.51513e-08
0.0321	0.0273413			3210.0	1.74732e-09
0.03215	0.0286154			3215.0	3.2777e-09
0.0322	0.0286154			3220.0	2.26264e-09
0.03225	0.0286154			3225.0	1.62095e-10
0.0323	0.0222446			3230.0	2.21172e-09
0.03235	0.0222446			3235.0	1.06006e-08
0.0324	0.0235187			3240.0	9.89152e-10
0.03245	0.0260671			3245.0	8.87682e-09
0.0325	0.0311638			3250.0	1.11691e-09
0.03255	0.0235187			3255.0	9.2556e-09
0.0326	0.0209704			3260.0	2.65371e-09
0.03265	0.018422			3265.0	4.94819e-09
0.0327	0.018422			3270.0	2.10756e-09
0.03275	0.0235187			3275.0	2.52911e-09
0.0328	0.0222446			3280.0	7.4919e-10
0.03285	0.0196962			3285.0	2.7309e-09
0.0329	0.0145995			3290.0	6.00898e-09
0.03295	0.0145995			3295.0	8.00031e-09
0.033	0.0145995			3300.0	2.24614e-09
0.03305	0.0145995			3305.0	5.75442e-09
0.0331	0.0158737			3310.0	6.44429e-09
0.03315	0.0120511			3315.0	2.93541e-10
0.0332	0.00822859			3320.0	2.23807e-09
0.03325	0.00950277			3325.0	8.16115e-09
0.0333	0.0107769			3330.0	5.69489e-09
0.03335	0.0133253			3335.0	3.99849e-10
0.0334	0.0120511			3340.0	2.34289e-09
0.03345	0.00695441			3345.0	6.35933e-09
0.0335	0.00695441			3350.0	3.43155e-10
0.03355	0.00695441			3355.0	2.2206e-09
0.0336	0.00695441			3360.0	2.62912e-09
0.03365	0.00950277			3365.0	7.23838e-10
0.0337	0.00440605			3370.0	3.44221e-09
0.03375	-0.00069066			3375.0	5.08031e-09
0.0338	0.000583518			3380.0	1.35502e-10
0.03385	-0.00196484			3385.0	1.67002e-09
0.0339	-0.00069066			3390.0	4.09319e-09
0.03395	-0.00196484			3395.0	8.64374e-09
0.034	-0.00706155			3400.0	1.16725e-08
0.03405	-0.00833573			3405.0	1.93481e-09
0.0341	-0.0147066			3410.0	1.38563e-10
0.03415	-0.0134324			3415.0	2.67868e-09
0.0342	-0.017255			3420.0	8.51407e-09
0.03425	-0.0159808			3425.0	1.38826e-09
0.0343	-0.0185292			3430.0	3.82994e-09
0.03435	-0.0223517			3435.0	1.06726e-09
0.0344	-0.0274484			3440.0	3.64079e-09
0.03445	-0.0236259			3445.0	1.5557e-09
0.0345	-0.0261742			3450.0	1.6519e-09
0.03455	-0.0249			3455.0	1.64117e-09
0.0346	-0.0261742			3460.0	2.7452e-09
0.03465	-0.0287226			3465.0	1.20437e-09
0.0347	-0.0338193			3470.0	1.25851e-11
0.03475	-0.0312709			3475.0	2.91569e-11
0.0348	-0.0249			3480.0	8.09479e-09
0.03485	-0.0274484			3485.0	3.27762e-09
0.0349	-0.0287226			3490.0	4.88978e-10
0.03495	-0.0299968			3495.0	2.11406e-09
0.035	-0.0274484			3500.0	2.9391e-10
0.03505	-0.0274484			3505.0	1.25274e-09
0.0351	-0.0223517			3510.0	4.49388e-10
0.03515	-0.0261742			3515.0	2.06509e-09
0.0352	-0.0236259			3520.0	3.24935e-09
0.03525	-0.0261742			3525.0	2.35957e-10
0.0353	-0.0210775			3530.0	4.6124e-09
0.03535	-0.0198033			3535.0	5.42217e-10
0.0354	-0.017255			3540.0	8.94381e-10
0.03545	-0.0185292			3545.0	1.78538e-09
0.0355	-0.017255			3550.0	2.77179e-10
0.03555	-0.0198033			3555.0	2.06374e-09
0.0356	-0.0147066			3560.0	1.96556e-09
0.03565	-0.0159808			3565.0	6.49739e-10
0.0357	-0.0159808			3570.0	2.03321e-09
0.03575	-0.0159808			3575.0	2.65558e-09
0.0358	-0.0159808			3580.0	3.5358e-09
0.03585	-0.0147066			3585.0	2.60399e-09
0.0359	-0.0159808			3590.0	3.07711e-10
0.03595	-0.017255			3595.0	1.35211e-09
0.036	-0.0134324			3600.0	7.79389e-09
0.03605	-0.0134324			3605.0	6.64521e-09
0.0361	-0.017255			3610.0	3.03933e-10
0.03615	-0.0185292			3615.0	2.42974e-10
0.0362	-0.0134324			3620.0	2.95951e-10
0.03625	-0.0147066			3625.0	3.42134e-10
0.0363	-0.0134324			3630.0	7.50579e-10
0.03635	-0.017255			3635.0	6.40685e-10
0.0364	-0.0159808			3640.0	8.06258e-10
0.03645	-0.017255			3645.0	1.88005e-09
0.0365	-0.017255			3650.0	4.24804e-10
0.03655	-0.0147066			3655.0	2.63224e-09
0.0366	-0.0108841			3660.0	1.36537e-09
0.03665	-0.0121583			3665.0	1.98433e-09
0.0367	-0.0108841			3670.0	2.1961e-09
0.03675	-0.00960991			3675.0	5.13377e-11
0.0368	-0.00833573			3680.0	8.98798e-10
0.03685	-0.00196484			3685.0	2.64937e-09
0.0369	-0.00196484			3690.0	1.20787e-10
0.03695	-0.00196484			3695.0	3.98241e-10
0.037	-0.00196484			3700.0	1.75843e-09
0.03705	0.00313188			3705.0	2.09283e-09
0.0371	0.00950277			3710.0	4.82159e-09
0.03715	0.0145995			3715.0	5.14588e-09
0.0372	0.0158737			3720.0	1.27335e-09
0.03725	0.018422			3725.0	4.12519e-09
0.0373	0.0196962			3730.0	5.05745e-09
0.03735	0.0222446			3735.0	4.50241e-09
0.0374	0.0247929			3740.0	5.43787e-09
0.03745	0.0286154			3745.0	3.52809e-09
0.0375	0.0298896			3750.0	4.988e-09
0.03755	0.0273413			3755.0	3.11829e-09
0.0376	0.0260671			3760.0	4.52959e-09
0.03765	0.0286154			3765.0	1.5046e-09
0.0377	0.0286154			3770.0	1.47514e-09
0.03775	0.0286154			3775.0	5.67062e-10
0.0378	0.0235187			3780.0	3.60886e-09
0.03785	0.0247929			3785.0	9.52919e-09
0.0379	0.018422			3790.0	3.65587e-09
0.03795	0.0209704			3795.0	9.14552e-10
0.038	0.018422			3800.0	2.62599e-09
0.03805	0.0196962			3805.0	6.23765e-11
0.0381	0.0171478			3810.0	8.0683e-09
0.03815	0.0158737			3815.0	7.85658e-09
0.0382	0.0133253			3820.0	1.03814e-09
0.03825	0.0145995			3825.0	9.31355e-10
0.0383	0.0133253			3830.0	7.26749e-10
0.03835	0.0133253			3835.0	8.00102e-10
0.0384	0.0171478			3840.0	7.51001e-10
0.03845	0.0133253			3845.0	5.85037e-10
0.0385	0.0120511			3850.0	1.17465e-09
0.03855	0.0171478			3855.0	7.0954e-09
0.0386	0.0196962			3860.0	2.04286e-09
0.03865	0.0247929			3865.0	6.47919e-10
0.0387	0.0209704			3870.0	1.13434e-09
0.03875	0.0222446			3875.0	5.90813e-10
0.0388	0.0222446			3880.0	3.2293e-10
0.03885	0.0247929			3885.0	3.52762e-10
0.0389	0.0247929			3890.0	7.69063e-10
0.03895	0.0298896			3895.0	1.83895e-09
0.039	0.0286154			3900.0	9.59404e-10
0.03905	0.0311638			3905.0	5.9385e-10
0.0391	0.0286154			3910.0	1.02926e-11
0.03915	0.0273413			3915.0	4.29384e-11
0.0392	0.0273413			3920.0	7.28674e-10
0.03925	0.032438			3925.0	1.51584e-09
0.0393	0.032438			3930.0	8.23613e-09
0.03935	0.0311638			3935.0	3.91666e-09
0.0394	0.0247929			3940.0	8.81701e-10
0.03945	0.0260671			3945.0	4.06242e-09
0.0395	0.0247929			3950.0	1.11894e-09
0.03955	0.0247929			3955.0	2.64051e-09
0.0396	0.0222446			3960.0	8.09956e-09
0.03965	0.0209704			3965.0	2.64602e-09
0.0397	0.0145995			3970.0	2.56922e-11
0.03975	0.0133253			3975.0	1.40031e-09
0.0398	0.0171478			3980.0	1.44146e-09
0.03985	0.0158737			3985.0	1.32777e-09
0.0399	0.0107769			3990.0	4.76402e-09
0.03995	0.00822859			3995.0	1.26056e-09
0.04	0.00313188			4000.0	2.4105e-10
0.04005	0.00568023			4005.0	9.42675e-11
0.0401	0.00313188			4010.0	7.49349e-10
0.04015	0.000583518			4015.0	3.95668e-09
0.0402	0.000583518			4020.0	1.66843e-09
0.04025	-0.00196484			4025.0	8.88602e-10
0.0403	-0.00196484			4030.0	2.22966e-09
0.04035	-0.00196484			4035.0	1.23013e-09
0.0404	-0.00069066			4040.0	6.00786e-10
0.04045	0.00313188			4045.0	1.0646e-09
0.0405	-0.00069066			4050.0	5.57046e-10
0.04055	-0.00196484			4055.0	1.23953e-09
0.0406	-0.00706155			4060.0	1.04175e-09
0.04065	-0.00706155			4065.0	2.17094e-10
0.0407	-0.00196484			4070.0	3.90383e-10
0.04075	0.00313188			4075.0	3.31386e-10
0.0408	0.00440605			4080.0	2.31689e-09
0.04085	0.0018577			4085.0	3.51393e-09
0.0409	-0.00323902			4090.0	1.35358e-10
0.04095	-0.00196484			4095.0	1.7493e-09
0.041	-0.00323902			4100.0	3.28235e-09
0.04105	0.00313188			4105.0	1.71633e-09
0.0411	0.00313188			4110.0	2.01478e-09
0.04115	0.000583518			4115.0	2.3857e-09
0.0412	-0.00069066			4120.0	8.44751e-10
0.04125	-0.0045132			4125.0	3.17394e-10
0.0413	-0.00196484			4130.0	4.08858e-10
0.04135	-0.0045132			4135.0	3.2263e-10
0.0414	-0.00323902			4140.0	3.06184e-10
0.04145	-0.00706155			4145.0	1.40105e-09
0.0415	-0.0121583			4150.0	1.33333e-09
0.04155	-0.0147066			4155.0	8.77911e-10
0.0416	-0.0159808			4160.0	1.53633e-09
0.04165	-0.017255			4165.0	3.5942e-09
0.0417	-0.017255			4170.0	1.34703e-09
0.04175	-0.017255			4175.0	7.07546e-10
0.0418	-0.0185292			4180.0	4.08183e-09
0.04185	-0.0236259			4185.0	1.7843e-09
0.0419	-0.0236259			4190.0	1.19246e-09
0.04195	-0.0236259			4195.0	7.9611e-09
0.042	-0.0210775			4200.0	5.92935e-09
0.04205	-0.0210775			4205.0	8.08996e-10
0.0421	-0.0223517			4210.0	3.01458e-09
0.04215	-0.0198033			4215.0	3.37472e-09
0.0422	-0.0223517			4220.0	7.74816e-10
0.04225	-0.017255			4225.0	4.71865e-10
0.0423	-0.0185292			4230.0	3.6479e-09
0.04235	-0.0159808			4235.0	2.32634e-09
0.0424	-0.017255			4240.0	2.7652e-09
0.04245	-0.0134324			4245.0	3.18164e-09
0.0425	-0.017255			4250.0	2.15784e-10
0.04255	-0.0147066			4255.0	2.78092e-10
0.0426	-0.0121583			4260.0	1.52269e-09
0.04265	-0.00706155			4265.0	6.61847e-09
0.0427	-0.0108841			4270.0	7.23602e-09
0.04275	-0.00960991			4275.0	1.42437e-09
0.0428	-0.0121583			4280.0	1.68251e-09
0.04285	-0.00833573			4285.0	5.73538e-09
0.0429	-0.00706155			4290.0	3.85968e-09
0.04295	-0.00706155			4295.0	8.91125e-09
0.043	-0.00323902			4300.0	8.70055e-09
0.04305	-0.00706155			4305.0	2.38468e-09
0.0431	-0.0121583			4310.0	1.30778e-09
0.04315	-0.0108841			4315.0	8.6891e-10
0.0432	-0.00960991			4320.0	6.78297e-09
0.04325	-0.00833573			4325.0	2.50764e-09
0.0433	-0.00833573			4330.0	5.69431e-10
0.04335	-0.00960991			4335.0	4.20422e-09
0.0434	-0.0121583			4340.0	7.59877e-09
0.04345	-0.0134324			4345.0	6.30073e-09
0.0435	-0.00833573			4350.0	9.03296e-09
0.04355	-0.00960991			4355.0	7.30529e-09
0.0436	-0.00960991			4360.0	1.93924e-09
0.04365	-0.0108841			4365.0	3.73458e-09
0.0437	-0.00960991			4370.0	1.61532e-09
0.04375	-0.0134324			4375.0	6.2863e-10
0.0438	-0.00706155			4380.0	8.00301e-10
0.04385	-0.00706155			4385.0	1.06294e-09
0.0439	-0.00578737			4390.0	4.89587e-10
0.04395	-0.00706155			4395.0	1.20575e-10
0.044	-0.00578737			4400.0	1.44698e-09
0.04405	-0.00833573			4405.0	2.88389e-09
0.0441	-0.00706155			4410.0	4.13906e-10
0.04415	-0.0045132			4415.0	1.08419e-09
0.0442	-0.00196484			4420.0	6.01372e-10
0.04425	0.0018577			4425.0	2.97551e-09
0.0443	0.000583518			4430.0	1.58442e-09
0.04435	-0.0045132			4435.0	4.73257e-10
0.0444	0.000583518			4440.0	7.72223e-10
0.04445	0.000583518			4445.0	3.92846e-11
0.0445	0.00568023			4450.0	2.54714e-09
0.04455	0.0018577			4455.0	6.71395e-09
0.0446	0.00440605			4460.0	9.05284e-09
0.04465	0.00313188			4465.0	3.14578e-09
0.0447	0.00822859			4470.0	1.40741e-09
0.04475	0.00950277			4475.0	7.4084e-10
0.0448	0.0120511			4480.0	1.49703e-09
0.04485	0.0133253			4485.0	2.61738e-09
0.0449	0.0107769			4490.0	2.09839e-10
0.04495	0.0120511			4495.0	3.4541e-10
0.045	0.00822859			4500.0	1.68234e-09
0.04505	0.0107769			4505.0	5.44915e-09
0.0451	0.0120511			4510.0	4.42916e-09
0.04515	0.0120511			4515.0	1.12056e-09
0.0452	0.0133253			4520.0	7.40261e-10
0.04525	0.00822859			4525.0	2.82478e-09
0.0453	0.00695441			4530.0	2.51785e-09
0.04535	0.00568023			4535.0	1.09573e-09
0.0454	0.00695441			4540.0	3.93477e-10
0.04545	0.00822859			4545.0	1.09423e-09
0.0455	0.00822859			4550.0	1.88172e-09
0.04555	0.00440605			4555.0	3.65022e-10
0.0456	0.00313188			4560.0	1.8022e-09
0.04565	0.0018577			4565.0	1.43836e-09
0.0457	0.00313188			4570.0	9.1627e-11
0.04575	0.00440605			4575.0	2.06934e-09
0.0458	0.00440605			4580.0	3.9414e-09
0.04585	0.00313188			4585.0	5.5427e-11
0.0459	0.00568023			4590.0	3.35911e-09
0.04595	0.00313188			4595.0	4.42132e-10
0.046	0.00313188			4600.0	1.11383e-09
0.04605	0.00695441			4605.0	2.32267e-09
0.0461	0.00822859			4610.0	4.52201e-09
0.04615	0.0107769			4615.0	1.19529e-08
0.0462	0.0107769			4620.0	2.51101e-08
0.04625	0.00950277			4625.0	6.11091e-09
0.0463	0.0120511			4630.0	2.77428e-10
0.04635	0.0120511			4635.0	4.68227e-10
0.0464	0.0145995			4640.0	3.53439e-09
0.04645	0.0145995			4645.0	7.59008e-10
0.0465	0.0120511			4650.0	2.00569e-10
0.04655	0.0133253			4655.0	6.79293e-10
0.0466	0.00822859			4660.0	1.58985e-09
0.04665	0.0120511			4665.0	1.1423e-11
0.0467	0.0133253			4670.0	1.90493e-09
0.04675	0.0133253			4675.0	1.19266e-09
0.0468	0.0120511			4680.0	8.45457e-10
0.04685	0.00695441			4685.0	1.46218e-09
0.0469	0.00313188			4690.0	4.24069e-09
0.04695	0.00440605			4695.0	1.89747e-09
0.047	0.00440605			4700.0	1.11215e-09
0.04705	0.00440605			4705.0	4.54112e-09
0.0471	0.00440605			4710.0	6.4657e-09
0.04715	0.00313188			4715.0	1.68878e-09
0.0472	-0.00069066			4720.0	1.14288e-09
0.04725	-0.00196484			4725.0	1.76329e-09
0.0473	0.000583518			4730.0	8.25679e-11
0.04735	-0.00069066			4735.0	1.39025e-09
0.0474	0.000583518			4740.0	2.38022e-09
0.04745	-0.00196484			4745.0	1.59026e-09
0.0475	-0.00578737			4750.0	2.14831e-09
0.04755	-0.00706155			4755.0	3.27259e-10
0.0476	-0.00706155			4760.0	1.63776e-09
0.04765	-0.00323902			4765.0	5.27796e-09
0.0477	-0.00833573			4770.0	1.13346e-08
0.04775	-0.0045132			4775.0	2.85679e-09
0.0478	-0.00323902			4780.0	7.79896e-10
0.04785	-0.00578737			4785.0	1.04862e-09
0.0479	-0.00578737			4790.0	2.30291e-09
0.04795	-0.00578737			4795.0	3.54714e-09
0.048	-0.00196484			4800.0	1.85337e-09
0.04805	0.000583518			4805.0	6.27789e-10
0.0481	-0.00196484			4810.0	4.08906e-09
0.04815	-0.00578737			4815.0	1.23764e-08
0.0482	-0.00833573			4820.0	3.33031e-09
0.04825	-0.00706155			4825.0	1.06891e-09
0.0483	-0.00706155			4830.0	3.89606e-09
0.04835	-0.0045132			4835.0	2.81575e-09
0.0484	-0.0045132			4840.0	2.13583e-09
0.04845	-0.00323902			4845.0	2.98202e-10
0.0485	-0.00578737			4850.0	1.24588e-10
0.04855	-0.00578737			4855.0	1.31141e-09
0.0486	-0.00323902			4860.0	1.90849e-09
0.04865	-0.00196484			4865.0	3.90943e-09
0.0487	-0.00196484			4870.0	3.4943e-09
0.04875	-0.00196484			4875.0	3.45896e-09
0.0488	-0.00323902			4880.0	4.24029e-10
0.04885	-0.00706155			4885.0	4.29738e-10
0.0489	-0.00833573			4890.0	2.77986e-09
0.04895	-0.00706155			4895.0	3.20991e-09
0.049	-0.00706155			4900.0	9.04277e-10
0.04905	-0.00833573			4905.0	2.91865e-09
0.0491	-0.0108841			4910.0	4.75554e-09
0.04915	-0.0121583			4915.0	4.65894e-09
0.0492	-0.017255			4920.0	3.34776e-09
0.04925	-0.017255			4925.0	1.37589e-09
0.0493	-0.017255			4930.0	1.91946e-09
0.04935	-0.0134324			4935.0	8.31182e-10
0.0494	-0.017255			4940.0	1.38925e-10
0.04945	-0.0159808			4945.0	8.91609e-10
0.0495	-0.017255			4950.0	1.34801e-10
0.04955	-0.017255			4955.0	2.38066e-10
0.0496	-0.017255			4960.0	4.65283e-09
0.04965	-0.0147066			4965.0	6.52707e-09
0.0497	-0.0134324			4970.0	1.4852e-09
0.04975	-0.0134324			4975.0	7.17955e-10
0.0498	-0.0134324			4980.0	7.05244e-10
0.04985	-0.0134324			4985.0	3.82349e-10
0.0499	-0.0121583			4990.0	7.92507e-11
0.04995	-0.00960991			4995.0	8.94195e-10
0.05	-0.00833573			5000.0	3.3044e-09
0.05005	-0.0108841			5005.0	2.23467e-09
0.0501	-0.0121583			5010.0	3.71879e-09
0.05015	-0.00960991			5015.0	4.0021e-09
0.0502	-0.00706155			5020.0	6.67582e-09
0.05025	-0.00706155			5025.0	6.57225e-09
0.0503	-0.00323902			5030.0	1.28739e-09
0.05035	-0.00706155			5035.0	8.19162e-09
0.0504	-0.00706155			5040.0	7.31205e-09
0.05045	-0.0121583			5045.0	2.43272e-09
0.0505	-0.00833573			5050.0	2.99718e-09
0.05055	-0.00323902			5055.0	2.36472e-09
0.0506	-0.0045132			5060.0	6.67594e-10
0.05065	-0.00323902			5065.0	4.52972e-09
0.0507	-0.00706155			5070.0	1.76302e-09
0.05075	-0.00960991			5075.0	8.33787e-10
0.0508	-0.00706155			5080.0	7.34579e-10
0.05085	-0.00578737			5085.0	7.20018e-10
0.0509	-0.00578737			5090.0	5.76092e-10
0.05095	-0.00196484			5095.0	2.66994e-10
0.051	-0.00196484			5100.0	7.10998e-11
0.05105	-0.00196484			5105.0	2.29724e-10
0.0511	-0.00196484			5110.0	5.20384e-11
0.05115	-0.00196484			5115.0	1.9904e-10
0.0512	-0.00069066			5120.0	4.74457e-10
0.05125	0.0018577			5125.0	2.26648e-09
0.0513	0.00568023			5130.0	3.21159e-09
0.05135	0.00440605			5135.0	1.7351e-09
0.0514	0.00440605			5140.0	4.71892e-10
0.05145	0.0018577			5145.0	1.72874e-09
0.0515	0.00568023			5150.0	4.18254e-10
0.05155	0.00568023			5155.0	9.03555e-10
0.0516	0.00950277			5160.0	1.5262e-09
0.05165	0.0107769			5165.0	1.92676e-09
0.0517	0.00695441			5170.0	2.37202e-09
0.05175	0.00695441			5175.0	5.3196e-10
0.0518	0.00950277			5180.0	2.93024e-10
0.05185	0.00950277			5185.0	4.26392e-09
0.0519	0.0133253			5190.0	5.98304e-09
0.05195	0.0158737			5195.0	1.78602e-09
0.052	0.0133253			5200.0	1.32437e-10
0.05205	0.0145995			5205.0	1.06248e-09
0.0521	0.0133253			5210.0	4.20077e-09
0.05215	0.0133253			5215.0	9.12867e-09
0.0522	0.018422			5220.0	6.84565e-09
0.05225	0.0209704			5225.0	1.58999e-09
0.0523	0.0209704			5230.0	1.20008e-09
0.05235	0.0196962			5235.0	1.16218e-10
0.0524	0.018422			5240.0	2.16143e-09
0.05245	0.018422			5245.0	1.80299e-09
0.0525	0.0196962			5250.0	4.60336e-10
0.05255	0.0222446			5255.0	1.14724e-09
0.0526	0.0235187			5260.0	2.88822e-09
0.05265	0.0222446			5265.0	2.3177e-09
0.0527	0.0196962			5270.0	4.81671e-10
0.05275	0.0222446			5275.0	2.53083e-10
0.0528	0.018422			5280.0	9.95496e-10
0.05285	0.0209704			5285.0	1.08658e-09
0.0529	0.0209704			5290.0	1.50624e-09
0.05295	0.0235187			5295.0	6.22708e-09
0.053	0.0222446			5300.0	3.17159e-09
0.05305	0.0209704			5305.0	2.05462e-11
0.0531	0.0171478			5310.0	3.74706e-10
0.05315	0.018422			5315.0	1.16924e-09
0.0532	0.0171478			5320.0	2.94572e-09
0.05325	0.0209704			5325.0	1.12703e-09
0.0533	0.0222446			5330.0	3.36834e-10
0.05335	0.0171478			5335.0	1.3542e-09
0.0534	0.0145995			5340.0	1.87526e-09
0.05345	0.0171478			5345.0	1.38878e-09
0.0535	0.018422			5350.0	5.12536e-10
0.05355	0.0235187			5355.0	1.03651e-09
0.0536	0.0196962			5360.0	2.5219e-09
0.05365	0.0196962			5365.0	9.34762e-10
0.0537	0.018422			5370.0	9.20821e-10
0.05375	0.018422			5375.0	2.8419e-09
0.0538	0.0209704			5380.0	7.44958e-10
0.05385	0.0209704			5385.0	3.27504e-10
0.0539	0.0209704			5390.0	5.44542e-10
0.05395	0.018422			5395.0	7.2649e-11
0.054	0.0171478			5400.0	1.06282e-10
0.05405	0.0133253			5405.0	3.56077e-10
0.0541	0.0145995			5410.0	1.53297e-09
0.05415	0.0145995			5415.0	1.76829e-09
0.0542	0.0133253			5420.0	1.40742e-09
0.05425	0.0145995			5425.0	4.28515e-09
0.0543	0.0120511			5430.0	1.69336e-09
0.05435	0.00950277			5435.0	6.47187e-11
0.0544	0.00695441			5440.0	1.25088e-09
0.05445	0.00695441			5445.0	1.23403e-09
0.0545	0.00822859			5450.0	5.64474e-10
0.05455	0.0107769			5455.0	1.6492e-10
0.0546	0.00568023			5460.0	2.11893e-10
0.05465	0.00313188			5465.0	1.62557e-10
0.0547	0.00313188			5470.0	2.3902e-09
0.05475	0.000583518			5475.0	2.19694e-09
0.0548	0.000583518			5480.0	1.40773e-09
0.05485	0.0018577			5485.0	2.74062e-09
0.0549	0.00440605			5490.0	4.3682e-09
0.05495	0.00313188			5495.0	2.53444e-09
0.055	-0.00196484			5500.0	2.40399e-09
0.05505	-0.0045132			5505.0	1.23673e-09
0.0551	-0.00578737			5510.0	1.24364e-09
0.05515	-0.00196484			5515.0	1.47774e-09
0.0552	-0.00069066			5520.0	2.54923e-09
0.05525	-0.00196484			5525.0	9.03735e-09
0.0553	-0.0045132			5530.0	9.28419e-09
0.05535	-0.00706155			5535.0	1.39905e-09
0.0554	-0.00960991			5540.0	6.3518e-10
0.05545	-0.00833573			5545.0	2.52222e-09
0.0555	-0.00960991			5550.0	1.79092e-09
0.05555	-0.00706155			5555.0	9.7909e-11
0.0556	-0.0108841			5560.0	2.00664e-10
0.05565	-0.0134324			5565.0	4.80649e-10
0.0557	-0.017255			5570.0	6.11554e-11
0.05575	-0.0121583			5575.0	3.77876e-10
0.0558	-0.0134324			5580.0	7.84907e-10
0.05585	-0.0121583			5585.0	2.04351e-09
0.0559	-0.017255			5590.0	9.16718e-09
0.05595	-0.0198033			5595.0	5.13475e-09
0.056	-0.0185292			5600.0	2.79571e-09
0.05605	-0.0210775			5605.0	2.10885e-09
0.0561	-0.017255			5610.0	3.31454e-09
0.05615	-0.0159808			5615.0	1.13441e-09
0.0562	-0.0159808			5620.0	2.71318e-09
0.05625	-0.017255			5625.0	2.72742e-09
0.0563	-0.017255			5630.0	1.62388e-10
0.05635	-0.0223517			5635.0	6.13109e-11
0.0564	-0.0198033			5640.0	7.97354e-10
0.05645	-0.0198033			5645.0	1.30423e-09
0.0565	-0.0159808			5650.0	6.58117e-10
0.05655	-0.017255			5655.0	3.99153e-10
0.0566	-0.0185292			5660.0	1.79052e-09
0.05665	-0.0198033			5665.0	1.82233e-09
0.0567	-0.0223517			5670.0	1.65454e-09
0.05675	-0.0185292			5675.0	1.06495e-10
0.0568	-0.0159808			5680.0	1.03791e-09
0.05685	-0.0147066			5685.0	1.49451e-09
0.0569	-0.017255			5690.0	1.35928e-09
0.05695	-0.0185292			5695.0	8.24961e-10
0.057	-0.0185292			5700.0	1.33303e-09
0.05705	-0.0159808			5705.0	1.27168e-09
0.0571	-0.017255			5710.0	1.74587e-10
0.05715	-0.0134324			5715.0	2.5202e-10
0.0572	-0.0121583			5720.0	1.74439e-09
0.05725	-0.0134324			5725.0	2.53753e-09
0.0573	-0.0121583			5730.0	2.4209e-09
0.05735	-0.0121583			5735.0	8.5365e-10
0.0574	-0.00960991			5740.0	1.27531e-09
0.05745	-0.00833573			5745.0	4.18728e-09
0.0575	-0.00578737			5750.0	3.95913e-09
0.05755	-0.0121583			5755.0	1.93524e-09
0.0576	-0.00706155			5760.0	6.27243e-10
0.05765	-0.0108841			5765.0	1.46934e-09
0.0577	-0.00960991			5770.0	2.30397e-09
0.05775	-0.0045132			5775.0	2.75085e-10
0.0578	-0.0045132			5780.0	3.06832e-09
0.05785	-0.00578737			5785.0	4.25485e-09
0.0579	-0.00960991			5790.0	2.64706e-10
0.05795	-0.00833573			5795.0	4.05696e-09
0.058	-0.00833573			5800.0	3.92379e-09
0.05805	-0.00196484			5805.0	3.12723e-10
0.0581	0.00313188			5810.0	8.2879e-10
0.05815	0.0018577			5815.0	5.71834e-10
0.0582	0.000583518			5820.0	1.5613e-11
0.05825	-0.00196484			5825.0	1.96449e-10
0.0583	0.0018577			5830.0	6.60458e-10
0.05835	0.00313188			5835.0	3.12718e-09
0.0584	0.00313188			5840.0	4.26471e-09
0.05845	0.00822859			5845.0	2.7038e-09
0.0585	0.0120511			5850.0	3.44106e-09
0.05855	0.00695441			5855.0	4.0973e-09
0.0586	0.00950277			5860.0	1.53189e-09
0.05865	0.0107769			5865.0	8.32246e-10
0.0587	0.0145995			5870.0	3.36616e-09
0.05875	0.0158737			5875.0	1.0459e-09
0.0588	0.018422			5880.0	4.66024e-10
0.05885	0.018422			5885.0	1.68962e-09
0.0589	0.0196962			5890.0	2.30274e-09
0.05895	0.0171478			5895.0	2.3357e-09
0.059	0.0171478			5900.0	9.6993e-10
0.05905	0.0196962			5905.0	2.32769e-10
0.0591	0.0209704			5910.0	6.2694e-10
0.05915	0.0247929			5915.0	9.25269e-10
0.0592	0.0209704			5920.0	2.58947e-10
0.05925	0.018422			5925.0	1.06743e-09
0.0593	0.018422			5930.0	1.88198e-09
0.05935	0.0209704			5935.0	2.0625e-10
0.0594	0.0196962			5940.0	1.08429e-09
0.05945	0.0222446			5945.0	6.27665e-10
0.0595	0.018422			5950.0	7.97052e-10
0.05955	0.0209704			5955.0	9.94594e-10
0.0596	0.018422			5960.0	1.18594e-10
0.05965	0.018422			5965.0	5.42412e-11
0.0597	0.018422			5970.0	9.65503e-10
0.05975	0.0171478			5975.0	1.04008e-09
0.0598	0.018422			5980.0	3.49957e-10
0.05985	0.018422			5985.0	6.34102e-10
0.0599	0.0196962			5990.0	3.33915e-10
0.05995	0.0171478			5995.0	1.87245e-09
0.06	0.018422			6000.0	3.35062e-10
0.06005	0.018422			6005.0	8.15121e-10
0.0601	0.0196962			6010.0	3.25918e-10
0.06015	0.0196962			6015.0	1.60964e-09
0.0602	0.018422			6020.0	1.34927e-09
0.06025	0.018422			6025.0	2.18476e-09
0.0603	0.0158737			6030.0	3.09046e-10
0.06035	0.0158737			6035.0	1.79697e-09
0.0604	0.0133253			6040.0	1.33122e-09
0.06045	0.018422			6045.0	7.70699e-10
0.0605	0.0158737			6050.0	6.20009e-10
0.06055	0.0120511			6055.0	4.43731e-12
0.0606	0.0107769			6060.0	1.95077e-10
0.06065	0.00950277			6065.0	1.3987e-09
0.0607	0.0120511			6070.0	1.03686e-09
0.06075	0.0107769			6075.0	4.70015e-10
0.0608	0.0120511			6080.0	5.85095e-10
0.06085	0.00822859			6085.0	1.04931e-09
0.0609	0.00822859			6090.0	8.47374e-10
0.06095	0.0018577			6095.0	1.72564e-10
0.061	0.0018577			6100.0	2.65146e-09
0.06105	0.00440605			6105.0	5.13896e-09
0.0611	0.0018577			6110.0	1.4854e-09
0.06115	0.00440605			6115.0	8.76654e-10
0.0612	-0.00196484			6120.0	8.87003e-11
0.06125	-0.00196484			6125.0	2.76044e-09
0.0613	-0.00323902			6130.0	3.34169e-10
0.06135	-0.00578737			6135.0	1.96196e-09
0.0614	-0.00323902			6140.0	3.24158e-09
0.06145	-0.00196484			6145.0	6.2294e-10
0.0615	-0.0045132			6150.0	1.85105e-11
0.06155	-0.00578737			6155.0	8.06243e-10
0.0616	-0.0108841			6160.0	3.49007e-09
0.06165	-0.00960991			6165.0	2.44314e-09
0.0617	-0.0121583			6170.0	6.92104e-10
0.06175	-0.00833573			6175.0	3.18109e-10
0.0618	-0.0121583			6180.0	2.40781e-09
0.06185	-0.0159808			6185.0	9.48732e-10
0.0619	-0.017255			6190.0	4.92887e-10
0.06195	-0.0198033			6195.0	1.15765e-09
0.062	-0.0210775			6200.0	3.536e-11
0.06205	-0.017255			6205.0	1.69361e-09
0.0621	-0.017255			6210.0	1.08016e-09
0.06215	-0.0185292			6215.0	4.88852e-10
0.0622	-0.0223517			6220.0	1.92034e-09
0.06225	-0.0223517			6225.0	4.14717e-11
0.0623	-0.0236259			6230.0	4.79135e-10
0.06235	-0.0223517			6235.0	1.32083e-10
0.0624	-0.0185292			6240.0	3.56296e-11
0.06245	-0.017255			6245.0	7.1158e-10
0.0625	-0.0223517			6250.0	4.68593e-09
0.06255	-0.0198033			6255.0	4.86488e-09
0.0626	-0.0185292			6260.0	2.32796e-09
0.06265	-0.0223517			6265.0	3.15169e-09
0.0627	-0.0236259			6270.0	1.22218e-09
0.06275	-0.0210775			6275.0	8.92912e-10
0.0628	-0.017255			6280.0	2.00498e-09
0.06285	-0.0159808			6285.0	9.77166e-10
0.0629	-0.0185292			6290.0	1.55403e-09
0.06295	-0.0198033			6295.0	5.68384e-10
0.063	-0.0236259			6300.0	1.02308e-10
0.06305	-0.0198033			6305.0	8.99871e-10
0.0631	-0.0198033			6310.0	2.18193e-09
0.06315	-0.0198033			6315.0	1.01352e-10
0.0632	-0.0198033			6320.0	1.16561e-09
0.06325	-0.0210775			6325.0	6.32852e-10
0.0633	-0.0236259			6330.0	1.33139e-09
0.06335	-0.0261742			6335.0	3.82846e-10
0.0634	-0.0236259			6340.0	1.16288e-10
0.06345	-0.0223517			6345.0	4.33561e-10
0.0635	-0.0223517			6350.0	8.83117e-10
0.06355	-0.0236259			6355.0	1.41415e-09
0.0636	-0.0274484			6360.0	1.07914e-09
0.06365	-0.0236259			6365.0	2.90452e-10
0.0637	-0.0210775			6370.0	1.22669e-09
0.06375	-0.0210775			6375.0	3.46286e-10
0.0638	-0.017255			6380.0	1.13539e-10
0.06385	-0.017255			6385.0	9.68347e-11
0.0639	-0.0198033			6390.0	9.0272e-10
0.06395	-0.017255			6395.0	1.66222e-09
0.064	-0.017255			6400.0	2.52462e-09
0.06405	-0.0134324			6405.0	3.2643e-09
0.0641	-0.0121583			6410.0	5.00872e-10
0.06415	-0.00833573			6415.0	1.67979e-09
0.0642	-0.00833573			6420.0	1.52723e-09
0.06425	-0.0108841			6425.0	1.61339e-09
0.0643	-0.0121583			6430.0	3.27934e-09
0.06435	-0.0108841			6435.0	3.70614e-09
0.0644	-0.00706155			6440.0	1.08844e-09
0.06445	-0.0045132			6445.0	5.66584e-10
0.0645	-0.00196484			6450.0	1.98245e-09
0.06455	-0.00323902			6455.0	2.80016e-09
0.0646	-0.00578737			6460.0	1.94135e-09
0.06465	-0.00833573			6465.0	9.79034e-10
0.0647	-0.00069066			6470.0	8.08255e-10
0.06475	-0.00069066			6475.0	3.38001e-10
0.0648	0.0018577			6480.0	4.70229e-10
0.06485	0.00568023			6485.0	1.61165e-09
0.0649	0.00313188			6490.0	9.24312e-10
0.06495	0.0018577			6495.0	3.95967e-10
0.065	0.000583518			6500.0	1.18687e-09
0.06505	0.0018577			6505.0	1.36285e-09
0.0651	0.00822859			6510.0	4.51743e-10
0.06515	0.0107769			6515.0	1.03514e-10
0.0652	0.0145995			6520.0	1.83052e-10
0.06525	0.0145995			6525.0	5.54009e-10
0.0653	0.00950277			6530.0	1.40216e-09
0.06535	0.0133253			6535.0	3.81965e-09
0.0654	0.0107769			6540.0	1.57846e-09
0.06545	0.0158737			6545.0	4.38635e-10
0.0655	0.0133253			6550.0	8.97609e-10
0.06555	0.0120511			6555.0	2.95606e-10
0.0656	0.0120511			6560.0	2.49012e-10
0.06565	0.0145995			6565.0	1.14377e-09
0.0657	0.018422			6570.0	1.29831e-09
0.06575	0.018422			6575.0	7.77398e-10
0.0658	0.0196962			6580.0	1.14396e-09
0.06585	0.018422			6585.0	8.17243e-10
0.0659	0.0171478			6590.0	1.62712e-10
0.06595	0.0171478			6595.0	7.45504e-10
0.066	0.018422			6600.0	1.00194e-10
0.06605	0.0209704			6605.0	3.81791e-10
0.0661	0.0247929			6610.0	9.11814e-11
0.06615	0.0235187			6615.0	7.54247e-10
0.0662	0.0209704			6620.0	8.57924e-10
0.06625	0.0235187			6625.0	2.31287e-10
0.0663	0.0209704			6630.0	2.86171e-10
0.06635	0.018422			6635.0	2.39706e-09
0.0664	0.0209704			6640.0	1.04709e-09
0.06645	0.0222446			6645.0	5.80288e-10
0.0665	0.0260671			6650.0	1.06359e-09
0.06655	0.018422			6655.0	7.06975e-10
0.0666	0.0209704			6660.0	1.07962e-09
0.06665	0.018422			6665.0	3.0011e-10
0.0667	0.0209704			6670.0	4.90139e-11
0.06675	0.0209704			6675.0	1.52751e-09
0.0668	0.0196962			6680.0	2.02766e-09
0.06685	0.0209704			6685.0	1.37173e-09
0.0669	0.018422			6690.0	4.53623e-09
0.06695	0.0196962			6695.0	3.92184e-09
0.067	0.0171478			6700.0	1.04943e-09
0.06705	0.0120511			6705.0	4.69114e-10
0.0671	0.0145995			6710.0	8.50092e-11
0.06715	0.0133253			6715.0	8.7731e-11
0.0672	0.0158737			6720.0	6.23251e-10
0.06725	0.0120511			6725.0	1.71527e-09
0.0673	0.0107769			6730.0	5.7586e-10
0.06735	0.0120511			6735.0	1.12811e-09
0.0674	0.0133253			6740.0	6.06609e-10
0.06745	0.0107769			6745.0	5.5985e-11
0.0675	0.0120511			6750.0	4.70943e-11
0.06755	0.0107769			6755.0	1.74389e-09
0.0676	0.0107769			6760.0	3.43994e-09
0.06765	0.00695441			6765.0	1.13587e-09
0.0677	0.00440605			6770.0	4.46972e-10
0.06775	0.00822859			6775.0	1.48741e-10
0.0678	0.00822859			6780.0	2.19159e-09
0.06785	0.00695441			6785.0	3.79391e-09
0.0679	0.00568023			6790.0	2.95764e-09
0.06795	0.000583518			6795.0	4.44484e-09
0.068	-0.00196484			6800.0	5.73003e-09
0.06805	-0.00196484			6805.0	9.4419e-10
0.0681	-0.00196484			6810.0	5.05126e-12
0.06815	-0.00069066			6815.0	1.18719e-10
0.0682	-0.00323902			6820.0	9.49297e-10
0.06825	-0.00578737			6825.0	4.36146e-10
0.0683	-0.00706155			6830.0	1.77862e-10
0.06835	-0.0121583			6835.0	1.97186e-09
0.0684	-0.0121583			6840.0	2.32205e-09
0.06845	-0.00960991			6845.0	1.07649e-09
0.0685	-0.0121583			6850.0	1.76474e-09
0.06855	-0.0147066			6855.0	1.06535e-09
0.0686	-0.0159808			6860.0	6.62618e-10
0.06865	-0.017255			6865.0	4.00418e-10
0.0687	-0.0147066			6870.0	2.06505e-09
0.06875	-0.0159808			6875.0	2.23934e-09
0.0688	-0.0121583			6880.0	2.97481e-10
0.06885	-0.0121583			6885.0	2.21433e-10
0.0689	-0.0159808			6890.0	4.2647e-10
0.06895	-0.017255			6895.0	1.11615e-09
0.069	-0.0159808			6900.0	1.67631e-09
0.06905	-0.0134324			6905.0	8.3677e-10
0.0691	-0.0134324			6910.0	1.9565e-10
0.06915	-0.0108841			6915.0	8.16917e-10
0.0692	-0.00960991			6920.0	2.46752e-09
0.06925	-0.0121583			6925.0	1.82145e-10
0.0693	-0.0159808			6930.0	5.24422e-10
0.06935	-0.0147066			6935.0	1.53947e-09
0.0694	-0.00960991			6940.0	9.4231e-10
0.06945	-0.0121583			6945.0	3.31398e-11
0.0695	-0.00960991			6950.0	7.85508e-12
0.06955	-0.0121583			6955.0	1.17165e-09
0.0696	-0.0121583			6960.0	2.23682e-09
0.06965	-0.0147066			6965.0	1.24558e-09
0.0697	-0.0159808			6970.0	7.61925e-11
0.06975	-0.0134324			6975.0	4.54606e-10
0.0698	-0.0134324			6980.0	2.82594e-11
0.06985	-0.0121583			6985.0	5.65965e-10
0.0699	-0.0121583			6990.0	1.45131e-09
0.06995	-0.0159808			6995.0	2.87197e-09
0.07	-0.017255			7000.0	3.01011e-09
0.07005	-0.0159808			7005.0	3.04975e-09
0.0701	-0.0147066			7010.0	1.98009e-09
0.07015	-0.0147066			7015.0	1.61202e-09
0.0702	-0.0121583			7020.0	1.77427e-09
0.07025	-0.00960991			7025.0	2.63692e-11
0.0703	-0.0147066			7030.0	5.72179e-10
0.07035	-0.0134324			7035.0	9.21526e-11
0.0704	-0.00706155			7040.0	3.04124e-10
0.07045	-0.00196484			7045.0	2.04441e-09
0.0705	-0.0045132			7050.0	1.84896e-09
0.07055	-0.00196484			7055.0	3.00756e-09
0.0706	-0.00323902			7060.0	1.80459e-09
0.07065	-0.00323902			7065.0	2.876e-09
0.0707	0.0018577			7070.0	2.14841e-09
0.07075	0.00313188			7075.0	1.17436e-09
0.0708	0.00568023			7080.0	1.27302e-09
0.07085	0.00568023			7085.0	7.07844e-10
0.0709	0.00695441			7090.0	1.28121e-09
0.07095	0.00822859			7095.0	2.29351e-09
0.071	0.00695441			7100.0	9.92116e-10
0.07105	0.00568023			7105.0	6.58409e-10
0.0711	0.0120511			7110.0	1.07797e-09
0.07115	0.0120511			7115.0	2.17624e-09
0.0712	0.0133253			7120.0	5.98582e-10
0.07125	0.0120511			7125.0	4.17538e-10
0.0713	0.0120511			7130.0	2.9619e-09
0.07135	0.0133253			7135.0	3.33683e-09
0.0714	0.0158737			7140.0	2.03189e-09
0.07145	0.0171478			7145.0	3.23187e-11
0.0715	0.0196962			7150.0	2.14356e-09
0.07155	0.0209704			7155.0	1.13322e-09
0.0716	0.0209704			7160.0	3.14227e-11
0.07165	0.0196962			7165.0	1.4987e-09
0.0717	0.018422			7170.0	9.38887e-11
0.07175	0.018422			7175.0	1.4008e-09
0.0718	0.0209704			7180.0	2.13904e-09
0.07185	0.0209704			7185.0	9.07361e-11
0.0719	0.0235187			7190.0	3.124e-10
0.07195	0.0222446			7195.0	2.45232e-11
0.072	0.0196962			7200.0	6.81964e-10
0.07205	0.0171478			7205.0	1.69437e-09
0.0721	0.0196962			7210.0	9.72402e-10
0.07215	0.018422			7215.0	3.59601e-11
0.0722	0.0247929			7220.0	1.95462e-09
0.07225	0.0222446			7225.0	2.39411e-09
0.0723	0.0222446			7230.0	1.50149e-09
0.07235	0.018422			7235.0	8.72404e-10
0.0724	0.0171478			7240.0	1.50627e-10
0.07245	0.0171478			7245.0	1.09119e-09
0.0725	0.0171478			7250.0	1.1856e-09
0.07255	0.0209704			7255.0	8.36118e-10
0.0726	0.0222446			7260.0	4.73161e-10
0.07265	0.018422			7265.0	4.40635e-10
0.0727	0.018422			7270.0	9.52959e-10
0.07275	0.0171478			7275.0	1.44042e-09
0.0728	0.0222446			7280.0	1.54914e-10
0.07285	0.0196962			7285.0	8.58768e-11
0.0729	0.0222446			7290.0	4.57497e-10
0.07295	0.0209704			7295.0	3.4937e-10
0.073	0.018422			7300.0	6.43611e-10
0.07305	0.0209704			7305.0	7.5686e-11
0.0731	0.0158737			7310.0	2.24855e-09
0.07315	0.018422			7315.0	2.0582e-09
0.0732	0.0171478			7320.0	3.96607e-10
0.07325	0.0196962			7325.0	2.68247e-10
0.0733	0.0158737			7330.0	6.91713e-10
0.07335	0.0107769			7335.0	5.24227e-10
0.0734	0.00695441			7340.0	2.34262e-10
0.07345	0.00822859			7345.0	1.4498e-09
0.0735	0.0107769			7350.0	2.38814e-09
0.07355	0.00822859			7355.0	2.76486e-09
0.0736	0.0107769			7360.0	2.43553e-09
0.07365	0.00695441			7365.0	1.17437e-09
0.0737	0.00313188			7370.0	1.55144e-09
0.07375	-0.0045132			7375.0	1.53653e-09
0.0738	-0.00323902			7380.0	5.46686e-10
0.07385	0.0018577			7385.0	2.04227e-10
0.0739	0.00313188			7390.0	9.42252e-11
0.07395	0.00313188			7395.0	2.1977e-09
0.074	-0.00196484			7400.0	2.44256e-09
0.07405	-0.00196484			7405.0	1.04961e-09
0.0741	-0.0045132			7410.0	1.58093e-09
0.07415	-0.00578737			7415.0	1.73159e-09
0.0742	-0.00196484			7420.0	1.7762e-09
0.07425	-0.00069066			7425.0	1.82648e-10
0.0743	-0.00196484			7430.0	2.31599e-10
0.07435	-0.00196484			7435.0	8.16476e-10
0.0744	-0.0045132			7440.0	7.46406e-10
0.07445	-0.00833573			7445.0	3.96252e-09
0.0745	-0.00706155			7450.0	5.40015e-09
0.07455	-0.00578737			7455.0	6.66627e-10
0.0746	-0.00833573			7460.0	4.35062e-10
0.07465	-0.00706155			7465.0	9.98755e-10
0.0747	-0.00833573			7470.0	2.73893e-09
0.07475	-0.0108841			7475.0	3.43964e-09
0.0748	-0.0134324			7480.0	2.37853e-09
0.07485	-0.0134324			7485.0	2.35085e-10
0.0749	-0.0121583			7490.0	7.76687e-11
0.07495	-0.0147066			7495.0	1.39577e-09
0.075	-0.017255			7500.0	1.19754e-09
0.07505	-0.0185292			7505.0	4.32785e-10
0.0751	-0.0198033			7510.0	1.11528e-09
0.07515	-0.0198033			7515.0	7.14424e-10
0.0752	-0.0198033			7520.0	4.43218e-09
0.07525	-0.0223517			7525.0	5.19063e-09
0.0753	-0.0198033			7530.0	4.30198e-10
0.07535	-0.0210775			7535.0	1.66189e-09
0.0754	-0.0198033			7540.0	9.68313e-10
0.07545	-0.0223517			7545.0	1.97224e-10
0.0755	-0.0198033			7550.0	1.04443e-09
0.07555	-0.0198033			7555.0	5.47052e-10
0.0756	-0.0223517			7560.0	7.23962e-10
0.07565	-0.0185292			7565.0	9.73272e-10
0.0757	-0.0185292			7570.0	4.87302e-10
0.07575	-0.0185292			7575.0	2.49642e-10
0.0758	-0.017255			7580.0	1.96838e-09
0.07585	-0.0223517			7585.0	2.06585e-09
0.0759	-0.0210775			7590.0	1.17016e-09
0.07595	-0.0198033			7595.0	1.20851e-10
0.076	-0.017255			7600.0	2.49699e-10
0.07605	-0.017255			7605.0	1.89233e-09
0.0761	-0.0198033			7610.0	1.1054e-09
0.07615	-0.0185292			7615.0	8.40076e-10
0.0762	-0.0223517			7620.0	2.88371e-09
0.07625	-0.0210775			7625.0	3.64842e-09
0.0763	-0.0159808			7630.0	1.94561e-09
0.07635	-0.0159808			7635.0	4.36161e-10
0.0764	-0.0134324			7640.0	1.67952e-09
0.07645	-0.0147066			7645.0	2.43918e-09
0.0765	-0.0134324			7650.0	1.13975e-09
0.07655	-0.0147066			7655.0	1.4877e-09
0.0766	-0.0159808			7660.0	2.71081e-09
0.07665	-0.0121583			7665.0	1.94409e-09
0.0767	-0.00960991			7670.0	4.059e-10
0.07675	-0.00706155			7675.0	2.60771e-12
0.0768	-0.00833573			7680.0	4.12242e-10
0.07685	-0.00706155			7685.0	5.05457e-11
0.0769	-0.00833573			7690.0	7.01568e-10
0.07695	-0.00706155			7695.0	1.7617e-09
0.077	-0.00706155			7700.0	6.09226e-10
0.07705	-0.00578737			7705.0	2.61616e-10
0.0771	-0.0045132			7710.0	1.13489e-09
0.07715	-0.00706155			7715.0	2.44842e-09
0.0772	-0.00706155			7720.0	8.73747e-10
0.07725	-0.00706155			7725.0	3.66253e-11
0.0773	-0.00323902			7730.0	1.14121e-09
0.07735	-0.00196484			7735.0	1.53777e-09
0.0774	-0.00323902			7740.0	1.44629e-09
0.07745	-0.00323902			7745.0	2.25712e-09
0.0775	-0.00578737			7750.0	7.92571e-10
0.07755	-0.00323902			7755.0	1.39566e-10
0.0776	0.000583518			7760.0	8.32186e-10
0.07765	0.000583518			7765.0	2.20919e-09
0.0777	0.00440605			7770.0	4.17109e-09
0.07775	0.00822859			7775.0	7.66725e-09
0.0778	0.00695441			7780.0	7.22223e-09
0.07785	0.0107769			7785.0	2.99478e-09
0.0779	0.00822859			7790.0	1.84486e-09
0.07795	0.0120511			7795.0	2.57905e-10
0.078	0.0133253			7800.0	9.414e-10
0.07805	0.0158737			7805.0	3.01352e-09
0.0781	0.018422			7810.0	3.60423e-09
0.07815	0.0196962			7815.0	1.06568e-09
0.0782	0.018422			7820.0	2.78907e-10
0.07825	0.0145995			7825.0	4.1146e-09
0.0783	0.0145995			7830.0	5.79866e-09
0.07835	0.0209704			7835.0	4.38972e-09
0.0784	0.0235187			7840.0	4.46696e-09
0.07845	0.0196962			7845.0	1.02936e-09
0.0785	0.0171478			7850.0	9.19702e-11
0.07855	0.0171478			7855.0	3.87883e-09
0.0786	0.0158737			7860.0	7.88843e-09
0.07865	0.0158737			7865.0	2.06261e-09
0.0787	0.0158737			7870.0	1.30207e-10
0.07875	0.0158737			7875.0	1.19509e-10
0.0788	0.0158737			7880.0	4.1379e-10
0.07885	0.0120511			7885.0	3.60751e-10
0.0789	0.00950277			7890.0	3.00889e-09
0.07895	0.00568023			7895.0	2.89532e-09
0.079	0.00822859			7900.0	3.43905e-09
0.07905	0.00950277			7905.0	5.5801e-09
0.0791	0.0107769			7910.0	1.85933e-09
0.07915	0.0107769			7915.0	6.12422e-10
0.0792	0.00822859			7920.0	2.82763e-09
0.07925	0.00950277			7925.0	4.65342e-10
0.0793	0.00440605			7930.0	1.0276e-09
0.07935	0.00822859			7935.0	5.36781e-09
0.0794	0.00695441			7940.0	8.7896e-09
0.07945	0.0120511			7945.0	5.59622e-09
0.0795	0.0120511			7950.0	9.08403e-10
0.07955	0.00950277			7955.0	1.01429e-09
0.0796	0.00440605			7960.0	7.19527e-10
0.07965	0.00440605			7965.0	1.2826e-09
0.0797	0.00568023			7970.0	1.97529e-09
0.07975	0.00695441			7975.0	7.56206e-09
0.0798	0.00822859			7980.0	4.05324e-09
0.07985	0.00695441			7985.0	4.47686e-10
0.0799	0.00695441			7990.0	5.07192e-10
0.07995	0.000583518			7995.0	3.85054e-10
0.08	0.000583518			8000.0	2.209e-09
0.08005	0.000583518			8005.0	1.40941e-09
0.0801	0.000583518			8010.0	9.30844e-10
0.08015	0.00568023			8015.0	1.00079e-09
0.0802	0.00313188			8020.0	6.66194e-11
0.08025	0.00313188			8025.0	1.66603e-09
0.0803	-0.0045132			8030.0	1.16455e-08
0.08035	-0.00323902			8035.0	9.74354e-09
0.0804	0.0018577			8040.0	2.20984e-09
0.08045	0.0018577			8045.0	1.73713e-09
0.0805	0.0018577			8050.0	7.44095e-10
0.08055	-0.00323902			8055.0	7.27525e-10
0.0806	-0.00578737			8060.0	2.57102e-09
0.08065	-0.0045132			8065.0	2.01787e-10
0.0807	-0.00833573			8070.0	1.64534e-09
0.08075	-0.00323902			8075.0	1.34445e-09
0.0808	-0.00323902			8080.0	2.79419e-10
0.08085	-0.00578737			8085.0	5.98874e-10
0.0809	-0.00706155			8090.0	3.68893e-09
0.08095	-0.00960991			8095.0	1.93004e-09
0.081	-0.0121583			8100.0	1.45864e-10
0.08105	-0.00960991			8105.0	8.5197e-10
0.0811	-0.00960991			8110.0	2.11487e-09
0.08115	-0.00833573			8115.0	3.12043e-09
0.0812	-0.00960991			8120.0	3.66782e-09
0.08125	-0.0134324			8125.0	3.12155e-09
0.0813	-0.0121583			8130.0	1.81298e-09
0.08135	-0.0147066			8135.0	2.94829e-09
0.0814	-0.0134324			8140.0	3.37234e-09
0.08145	-0.0121583			8145.0	1.62955e-09
0.0815	-0.0108841			8150.0	6.88898e-10
0.08155	-0.00706155			8155.0	1.79051e-10
0.0816	-0.00960991			8160.0	9.4232e-10
0.08165	-0.0108841			8165.0	3.82538e-09
0.0817	-0.0134324			8170.0	1.28947e-09
0.08175	-0.0121583			8175.0	5.7919e-10
0.0818	-0.0134324			8180.0	4.3173e-09
0.08185	-0.00578737			8185.0	1.41748e-09
0.0819	-0.00196484			8190.0	1.46851e-10
0.08195	-0.00578737			8195.0	4.47528e-11
0.082	-0.00323902			8200.0	2.89104e-10
0.08205	-0.00196484			8205.0	3.35171e-10
0.0821	0.000583518			8210.0	1.27053e-09
0.08215	0.0018577			8215.0	2.71117e-09
0.0822	0.00313188			8220.0	2.77448e-09
0.08225	0.0018577			8225.0	8.52979e-10
0.0823	0.00313188			8230.0	6.80983e-10
0.08235	0.00440605			8235.0	2.19536e-09
0.0824	0.00313188			8240.0	3.35352e-09
0.08245	0.00313188			8245.0	2.58537e-11
0.0825	0.00440605			8250.0	9.13372e-10
0.08255	0.00822859			8255.0	8.68235e-10
0.0826	0.00568023			8260.0	3.2151e-09
0.08265	0.00313188			8265.0	1.20345e-09
0.0827	0.00568023			8270.0	5.59192e-10
0.08275	0.000583518			8275.0	1.11543e-10
0.0828	0.00822859			8280.0	5.39687e-10
0.08285	0.00568023			8285.0	1.08772e-09
0.0829	0.00440605			8290.0	5.62213e-10
0.08295	0.00313188			8295.0	1.52996e-09
0.083	0.000583518			8300.0	8.29647e-10
0.08305	-0.00069066			8305.0	1.81772e-09
0.0831	0.00313188			8310.0	1.0242e-09
0.08315	0.00313188			8315.0	2.58557e-10
0.0832	0.00695441			8320.0	1.55568e-09
0.08325	0.00695441			8325.0	2.22112e-09
0.0833	0.00440605			8330.0	1.33376e-09
0.08335	0.00440605			8335.0	7.00618e-10
0.0834	0.00313188			8340.0	5.2007e-10
0.08345	0.00695441			8345.0	2.90796e-10
0.0835	0.00568023			8350.0	2.06114e-09
0.08355	0.00695441			8355.0	4.09579e-09
0.0836	0.00822859			8360.0	6.71263e-10
0.08365	0.00822859			8365.0	5.64063e-10
0.0837	0.00568023			8370.0	2.11394e-10
0.08375	0.00822859			8375.0	3.13903e-10
0.0838	0.00695441			8380.0	2.69177e-10
0.08385	0.00822859			8385.0	1.15857e-10
0.0839	0.00695441			8390.0	3.95939e-10
0.08395	0.0120511			8395.0	1.39411e-10
0.084	0.0133253			8400.0	1.19635e-09
0.08405	0.0107769			8405.0	3.5511e-09
0.0841	0.0120511			8410.0	7.5342e-09
0.08415	0.0145995			8415.0	3.50826e-09
0.0842	0.0145995			8420.0	1.30887e-09
0.08425	0.018422			8425.0	1.91657e-10
0.0843	0.018422			8430.0	3.62539e-10
0.08435	0.0158737			8435.0	2.37593e-10
0.0844	0.0133253			8440.0	2.07127e-09
0.08445	0.0145995			8445.0	2.19853e-09
0.0845	0.0171478			8450.0	2.08775e-09
0.08455	0.018422			8455.0	8.57329e-10
0.0846	0.0158737			8460.0	1.86307e-09
0.08465	0.0145995			8465.0	2.11342e-09
0.0847	0.0120511			8470.0	8.20522e-10
0.08475	0.00822859			8475.0	1.1573e-09
0.0848	0.00695441			8480.0	3.10159e-10
0.08485	0.00695441			8485.0	5.7121e-10
0.0849	0.00822859			8490.0	1.92867e-09
0.08495	0.00822859			8495.0	1.9427e-09
0.085	0.00313188			8500.0	8.41085e-10
0.08505	-0.00196484			8505.0	1.81974e-09
0.0851	-0.00323902			8510.0	1.96809e-09
0.08515	-0.00578737			8515.0	2.68648e-10
0.0852	-0.00706155			8520.0	4.59635e-11
0.08525	-0.0045132			8525.0	7.85286e-11
0.0853	-0.00578737			8530.0	1.62776e-09
0.08535	-0.00706155			8535.0	2.79353e-09
0.0854	-0.00706155			8540.0	1.61325e-09
0.08545	-0.0121583			8545.0	1.55198e-09
0.0855	-0.00960991			8550.0	3.38072e-09
0.08555	-0.00833573			8555.0	4.21197e-09
0.0856	-0.00578737			8560.0	1.73331e-09
0.08565	-0.00578737			8565.0	9.18297e-10
0.0857	-0.00706155			8570.0	1.42244e-09
0.08575	-0.00578737			8575.0	4.19502e-10
0.0858	-0.00323902			8580.0	2.23442e-09
0.08585	-0.00323902			8585.0	2.9522e-09
0.0859	-0.00196484			8590.0	2.19095e-09
0.08595	0.000583518			8595.0	1.1733e-09
0.086	0.00695441			8600.0	3.37297e-09
0.08605	0.0018577			8605.0	2.9326e-09
0.0861	-0.00196484			8610.0	9.67351e-10
0.08615	0.000583518			8615.0	1.19613e-09
0.0862	0.000583518			8620.0	6.36826e-10
0.08625	0.00313188			8625.0	1.23357e-09
0.0863	0.000583518			8630.0	5.3552e-09
0.08635	0.00313188			8635.0	7.99247e-10
0.0864	0.00313188			8640.0	1.00897e-09
0.08645	-0.00196484			8645.0	2.85771e-10
0.0865	-0.00578737			8650.0	3.71276e-09
0.08655	-0.00833573			8655.0	1.06916e-08
0.0866	-0.00833573			8660.0	5.82385e-09
0.08665	-0.00960991			8665.0	3.9097e-09
0.0867	-0.0108841			8670.0	2.25878e-09
0.08675	-0.017255			8675.0	2.31398e-09
0.0868	-0.017255			8680.0	7.57608e-10
0.08685	-0.0198033			8685.0	9.91315e-10
0.0869	-0.0198033			8690.0	1.91086e-10
0.08695	-0.0198033			8695.0	3.47772e-09
0.087	-0.0198033			8700.0	6.77048e-09
0.08705	-0.0159808			8705.0	5.71849e-10
0.0871	-0.0198033			8710.0	1.32312e-09
0.08715	-0.0223517			8715.0	3.50151e-09
0.0872	-0.0236259			8720.0	3.67455e-09
0.08725	-0.0223517			8725.0	1.47875e-09
0.0873	-0.0210775			8730.0	2.36389e-09
0.08735	-0.0159808			8735.0	5.01359e-09
0.0874	-0.0134324			8740.0	7.43025e-09
0.08745	-0.0147066			8745.0	3.8111e-09
0.0875	-0.0147066			8750.0	3.21324e-10
0.08755	-0.0134324			8755.0	4.26687e-10
0.0876	-0.0134324			8760.0	2.74812e-10
0.08765	-0.00833573			8765.0	6.04063e-10
0.0877	-0.00578737			8770.0	2.99824e-09
0.08775	-0.00196484			8775.0	3.82534e-10
0.0878	-0.0045132			8780.0	5.8639e-10
0.08785	-0.00196484			8785.0	4.61125e-10
0.0879	-0.00323902			8790.0	3.98894e-09
0.08795	0.00313188			8795.0	6.15962e-09
0.088	0.0018577			8800.0	6.16009e-09
0.08805	0.00440605			8805.0	4.46736e-09
0.0881	0.00695441			8810.0	2.04922e-09
0.08815	0.00568023			8815.0	3.47644e-10
0.0882	0.00313188			8820.0	1.78746e-10
0.08825	0.00313188			8825.0	2.11126e-09
0.0883	0.00695441			8830.0	8.96438e-09
0.08835	0.00822859			8835.0	3.09717e-09
0.0884	0.00822859			8840.0	4.58473e-09
0.08845	0.00568023			8845.0	1.24268e-08
0.0885	0.00822859			8850.0	4.68503e-09
0.08855	0.00313188			8855.0	1.40834e-09
0.0886	0.0018577			8860.0	2.83305e-09
0.08865	0.00440605			8865.0	4.91108e-09
0.0887	0.000583518			8870.0	7.18057e-09
0.08875	0.00440605			8875.0	2.61462e-09
0.0888	0.0018577			8880.0	2.68808e-10
0.08885	0.0018577			8885.0	2.91218e-09
0.0889	-0.00323902			8890.0	2.52756e-09
0.08895	-0.00196484			8895.0	8.87306e-10
0.089	-0.00196484			8900.0	5.08565e-09
0.08905	0.00440605			8905.0	8.2328e-09
0.0891	0.00313188			8910.0	1.06795e-09
0.08915	0.00313188			8915.0	4.12633e-10
0.0892	-0.00196484			8920.0	2.11653e-09
0.08925	0.0018577			8925.0	1.88502e-09
0.0893	0.00313188			8930.0	2.01854e-09
0.08935	0.0107769			8935.0	2.75769e-09
0.0894	0.0133253			8940.0	7.92082e-10
0.08945	0.0120511			8945.0	9.55587e-10
0.0895	0.0133253			8950.0	1.19314e-09
0.08955	0.0133253			8955.0	3.40106e-10
0.0896	0.0145995			8960.0	2.24835e-09
0.08965	0.0209704			8965.0	2.87721e-09
0.0897	0.0196962			8970.0	7.84614e-09
0.08975	0.0273413			8975.0	8.178110000000001e-09
0.0898	0.0311638			8980.0	7.11643e-09
0.08985	0.0286154			8985.0	2.12675e-09
0.0899	0.0273413			8990.0	2.48006e-10
0.08995	0.0247929			8995.0	3.21832e-11
0.09	0.0260671			9000.0	3.76307e-10
0.09005	0.0273413			9005.0	1.06691e-10
0.0901	0.032438			9010.0	1.1809e-09
0.09015	0.0311638			9015.0	1.57544e-09
0.0902	0.0298896			9020.0	3.02357e-09
0.09025	0.0235187			9025.0	2.64334e-09
0.0903	0.0222446			9030.0	1.82298e-09
0.09035	0.0209704			9035.0	7.95021e-10
0.0904	0.018422			9040.0	2.31353e-09
0.09045	0.018422			9045.0	2.6835e-09
0.0905	0.0133253			9050.0	2.75457e-09
0.09055	0.0120511			9055.0	3.64335e-09
0.0906	0.00568023			9060.0	7.87374e-10
0.09065	0.00695441			9065.0	9.92827e-12
0.0907	0.00695441			9070.0	1.21758e-09
0.09075	0.00568023			9075.0	1.68219e-09
0.0908	0.00695441			9080.0	2.26456e-09
0.09085	0.000583518			9085.0	1.69473e-09
0.0909	0.000583518			9090.0	1.51615e-09
0.09095	0.000583518			9095.0	3.564e-10
0.091	0.00313188			9100.0	2.0194e-10
0.09105	0.00440605			9105.0	3.64925e-10
0.0911	0.00440605			9110.0	7.22056e-09
0.09115	0.00440605			9115.0	5.73046e-09
0.0912	0.00313188			9120.0	4.55061e-10
0.09125	0.000583518			9125.0	3.43687e-10
0.0913	0.000583518			9130.0	9.24522e-10
0.09135	0.00313188			9135.0	5.99008e-10
0.0914	0.00568023			9140.0	2.77722e-09
0.09145	0.0107769			9145.0	3.64373e-09
0.0915	0.0107769			9150.0	2.90027e-10
0.09155	0.00695441			9155.0	1.41816e-10
0.0916	0.00568023			9160.0	6.39028e-09
0.09165	0.00695441			9165.0	5.14912e-09
0.0917	0.00568023			9170.0	5.66854e-10
0.09175	0.00822859			9175.0	1.48321e-09
0.0918	0.00822859			9180.0	2.01034e-10
0.09185	0.00695441			9185.0	4.83714e-10
0.0919	0.00695441			9190.0	6.82375e-09
0.09195	0.00440605			9195.0	1.43702e-08
0.092	0.000583518			9200.0	5.0175e-09
0.09205	0.00313188			9205.0	4.35101e-10
0.0921	0.00440605			9210.0	3.63957e-10
0.09215	0.000583518			9215.0	1.04494e-09
0.0922	-0.00196484			9220.0	2.07702e-09
0.09225	-0.00578737			9225.0	1.26599e-09
0.0923	-0.00706155			9230.0	4.06934e-10
0.09235	-0.00706155			9235.0	2.07962e-10
0.0924	-0.00960991			9240.0	2.64277e-09
0.09245	-0.00960991			9245.0	6.449e-09
0.0925	-0.0108841			9250.0	3.1361e-09
0.09255	-0.0159808			9255.0	2.12418e-11
0.0926	-0.0198033			9260.0	4.95097e-10
0.09265	-0.0198033			9265.0	2.1233e-09
0.0927	-0.0198033			9270.0	2.07642e-09
0.09275	-0.0223517			9275.0	2.45211e-10
0.0928	-0.0185292			9280.0	3.31259e-10
0.09285	-0.0198033			9285.0	8.33083e-11
0.0929	-0.0223517			9290.0	3.69677e-10
0.09295	-0.0261742			9295.0	1.67277e-09
0.093	-0.0261742			9300.0	2.63161e-09
0.09305	-0.0198033			9305.0	1.83504e-09
0.0931	-0.0185292			9310.0	5.62865e-10
0.09315	-0.017255			9315.0	9.78616e-10
0.0932	-0.017255			9320.0	3.76291e-09
0.09325	-0.0185292			9325.0	7.05757e-09
0.0933	-0.017255			9330.0	3.22469e-09
0.09335	-0.017255			9335.0	8.2609e-10
0.0934	-0.0121583			9340.0	2.81877e-10
0.09345	-0.00960991			9345.0	5.81957e-11
0.0935	-0.0045132			9350.0	2.05649e-10
0.09355	-0.00706155			9355.0	2.01391e-09
0.0936	-0.00706155			9360.0	3.94732e-09
0.09365	-0.00706155			9365.0	1.37433e-09
0.0937	-0.00578737			9370.0	8.85256e-10
0.09375	-0.00196484			9375.0	1.60924e-09
0.0938	0.000583518			9380.0	5.21007e-10
0.09385	0.00440605			9385.0	1.43483e-09
0.0939	0.000583518			9390.0	4.37955e-09
0.09395	0.000583518			9395.0	4.04385e-09
0.094	-0.00196484			9400.0	2.34098e-09
0.09405	-0.00196484			9405.0	7.04385e-09
0.0941	-0.00578737			9410.0	3.75755e-09
0.09415	-0.00196484			9415.0	3.75283e-09
0.0942	0.00313188			9420.0	4.43556e-10
0.09425	0.0018577			9425.0	1.5619e-10
0.0943	-0.00578737			9430.0	2.32955e-10
0.09435	-0.00578737			9435.0	2.47666e-10
0.0944	-0.00960991			9440.0	1.17671e-09
0.09445	-0.00833573			9445.0	3.34729e-09
0.0945	-0.00833573			9450.0	1.99873e-09
0.09455	-0.00706155			9455.0	9.74089e-10
0.0946	-0.00578737			9460.0	1.66319e-09
0.09465	-0.00706155			9465.0	6.3578e-10
0.0947	-0.00578737			9470.0	1.2062e-09
0.09475	-0.0121583			9475.0	2.66163e-09
0.0948	-0.00706155			9480.0	2.28177e-09
0.09485	-0.0045132			9485.0	2.01857e-09
0.0949	0.000583518			9490.0	9.4374e-10
0.09495	0.00313188			9495.0	2.19589e-10
0.095	0.000583518			9500.0	3.27288e-11
0.09505	0.00313188			9505.0	7.19275e-11
0.0951	0.0018577			9510.0	2.19907e-09
0.09515	0.00822859			9515.0	3.31024e-09
0.0952	0.0107769			9520.0	2.21249e-10
0.09525	0.0133253			9525.0	2.22767e-09
0.0953	0.0120511			9530.0	1.03562e-09
0.09535	0.0120511			9535.0	6.44084e-09
0.0954	0.0120511			9540.0	2.86851e-09
0.09545	0.0107769			9545.0	1.12383e-09
0.0955	0.0145995			9550.0	7.45164e-10
0.09555	0.0145995			9555.0	5.76601e-10
0.0956	0.018422			9560.0	4.96018e-10
0.09565	0.0133253			9565.0	1.7129e-09
0.0957	0.0145995			9570.0	2.25519e-09
0.09575	0.0120511			9575.0	8.18989e-10
0.0958	0.0158737			9580.0	1.49523e-09
0.09585	0.0133253			9585.0	3.52492e-09
0.0959	0.0158737			9590.0	2.83752e-09
0.09595	0.0145995			9595.0	1.46847e-09
0.096	0.0158737			9600.0	1.39567e-09
0.09605	0.0120511			9605.0	1.69621e-09
0.0961	0.0120511			9610.0	1.10683e-09
0.09615	0.00695441			9615.0	8.80888e-10
0.0962	0.00695441			9620.0	9.59412e-10
0.09625	0.00822859			9625.0	2.94666e-10
0.0963	0.0107769			9630.0	5.36733e-10
0.09635	0.00950277			9635.0	2.20568e-09
0.0964	0.00695441			9640.0	5.04616e-10
0.09645	0.00695441			9645.0	2.19714e-10
0.0965	0.00313188			9650.0	3.39348e-10
0.09655	0.00440605			9655.0	1.87716e-10
0.0966	0.00313188			9660.0	1.63282e-09
0.09665	0.00313188			9665.0	3.43768e-09
0.0967	0.000583518			9670.0	6.38451e-10
0.09675	0.0018577			9675.0	3.02163e-09
0.0968	-0.00069066			9680.0	3.82072e-09
0.09685	0.0018577			9685.0	7.98243e-10
0.0969	0.00313188			9690.0	4.18409e-09
0.09695	0.00440605			9695.0	1.05288e-09
0.097	0.00568023			9700.0	4.03863e-10
0.09705	0.0018577			9705.0	2.37864e-09
0.0971	0.0018577			9710.0	3.9324e-09
0.09715	-0.00069066			9715.0	3.55958e-09
0.0972	0.000583518			9720.0	1.01928e-09
0.09725	0.0018577			9725.0	1.80894e-10
0.0973	0.00822859			9730.0	3.6509e-10
0.09735	0.00313188			9735.0	5.27094e-10
0.0974	0.00440605			9740.0	2.11369e-09
0.09745	0.0018577			9745.0	5.57335e-09
0.0975	0.000583518			9750.0	1.73168e-09
0.09755	-0.00323902			9755.0	6.45699e-10
0.0976	0.000583518			9760.0	5.36493e-10
0.09765	0.00440605			9765.0	1.22514e-10
0.0977	0.00568023			9770.0	8.7367e-10
0.09775	0.000583518			9775.0	3.68231e-10
0.0978	-0.0045132			9780.0	5.94732e-09
0.09785	-0.00706155			9785.0	5.53748e-09
0.0979	-0.00196484			9790.0	2.13641e-10
0.09795	-0.0045132			9795.0	5.3055e-11
0.098	-0.00706155			9800.0	1.26099e-09
0.09805	-0.00833573			9805.0	4.47497e-09
0.0981	-0.00960991			9810.0	3.3911e-09
0.09815	-0.0121583			9815.0	1.11141e-09
0.0982	-0.0121583			9820.0	4.96951e-10
0.09825	-0.0134324			9825.0	1.38525e-09
0.0983	-0.017255			9830.0	2.35977e-09
0.09835	-0.0147066			9835.0	1.80179e-09
0.0984	-0.0147066			9840.0	1.39434e-09
0.09845	-0.0198033			9845.0	1.0524e-09
0.0985	-0.0185292			9850.0	1.0473e-10
0.09855	-0.0198033			9855.0	2.1205e-09
0.0986	-0.0223517			9860.0	2.02031e-09
0.09865	-0.0185292			9865.0	3.57646e-10
0.0987	-0.0210775			9870.0	7.43358e-10
0.09875	-0.017255			9875.0	2.52896e-09
0.0988	-0.0198033			9880.0	4.07728e-09
0.09885	-0.017255			9885.0	9.38508e-10
0.0989	-0.0198033			9890.0	5.04195e-10
0.09895	-0.0185292			9895.0	8.74175e-11
0.099	-0.0159808			9900.0	3.10001e-09
0.09905	-0.017255			9905.0	6.15115e-09
0.0991	-0.0121583			9910.0	2.70685e-09
0.09915	-0.017255			9915.0	9.47307e-09
0.0992	-0.0147066			9920.0	7.42445e-09
0.09925	-0.017255			9925.0	9.4963e-11
0.0993	-0.0147066			9930.0	8.4966e-10
0.09935	-0.0134324			9935.0	8.96985e-10
0.0994	-0.00960991			9940.0	9.15792e-10
0.09945	-0.0108841			9945.0	5.0745e-10
0.0995	-0.0147066			9950.0	7.62229e-11
0.09955	-0.0134324			9955.0	2.9918e-09
0.0996	-0.017255			9960.0	5.73626e-09
0.09965	-0.0159808			9965.0	2.64805e-09
0.0997	-0.0147066			9970.0	1.00884e-09
0.09975	-0.0159808			9975.0	1.32339e-09
0.0998	-0.0134324			9980.0	5.43082e-10
0.09985	-0.0159808			9985.0	6.29465e-11
0.0999	-0.017255			9990.0	4.52051e-10
0.09995	-0.0147066			9995.0	1.8511e-10
0.1	-0.0159808				
0.10005	-0.0159808				
0.1001	-0.0108841				
0.10015	-0.0147066				
0.1002	-0.0134324				
0.10025	-0.0159808				
0.1003	-0.017255				
0.10035	-0.0134324				
0.1004	-0.0134324				
0.10045	-0.00960991				
0.1005	-0.0108841				
0.10055	-0.00833573				
0.1006	-0.00960991				
0.10065	-0.0121583				
0.1007	-0.00706155				
0.10075	-0.00323902				
0.1008	-0.00323902				
0.10085	0.0018577				
0.1009	-0.00196484				
0.10095	0.000583518				
0.101	0.000583518				
0.10105	0.00313188				
0.1011	0.00568023				
0.10115	0.00695441				
0.1012	0.00950277				
0.10125	0.00822859				
0.1013	0.00695441				
0.10135	0.0107769				
0.1014	0.00950277				
0.10145	0.0107769				
0.1015	0.0145995				
0.10155	0.0158737				
0.1016	0.0107769				
0.10165	0.00695441				
0.1017	0.0107769				
0.10175	0.0133253				
0.1018	0.0145995				
0.10185	0.0107769				
0.1019	0.0107769				
0.10195	0.00950277				
0.102	0.00568023				
0.10205	0.00568023				
0.1021	0.00695441				
0.10215	0.00822859				
0.1022	0.0120511				
0.10225	0.00950277				
0.1023	0.00950277				
0.10235	0.00568023				
0.1024	0.0120511				
0.10245	0.0120511				
0.1025	0.0145995				
0.10255	0.018422				
0.1026	0.0171478				
0.10265	0.0171478				
0.1027	0.018422				
0.10275	0.0209704				
0.1028	0.0235187				
0.10285	0.0235187				
0.1029	0.0260671				
0.10295	0.0273413				
0.103	0.0235187				
0.10305	0.0235187				
0.1031	0.0209704				
0.10315	0.0222446				
0.1032	0.0222446				
0.10325	0.0209704				
0.1033	0.0247929				
0.10335	0.0196962				
0.1034	0.0145995				
0.10345	0.0145995				
0.1035	0.0158737				
0.10355	0.0133253				
0.1036	0.0145995				
0.10365	0.0158737				
0.1037	0.0107769				
0.10375	0.00950277				
0.1038	0.00950277				
0.10385	0.0107769				
0.1039	0.00950277				
0.10395	0.0120511				
0.104	0.0120511				
0.10405	0.0107769				
0.1041	0.00822859				
0.10415	0.00950277				
0.1042	0.0120511				
0.10425	0.0133253				
0.1043	0.0171478				
0.10435	0.0145995				
0.1044	0.0133253				
0.10445	0.0120511				
0.1045	0.0120511				
0.10455	0.0158737				
0.1046	0.0158737				
0.10465	0.018422				
0.1047	0.0158737				
0.10475	0.0145995				
0.1048	0.0120511				
0.10485	0.0133253				
0.1049	0.0120511				
0.10495	0.0133253				
0.105	0.0133253				
0.10505	0.0107769				
0.1051	0.0120511				
0.10515	0.00695441				
0.1052	0.00695441				
0.10525	0.00440605				
0.1053	0.00568023				
0.10535	0.00440605				
0.1054	0.0018577				
0.10545	0.000583518				
0.1055	-0.00069066				
0.10555	0.00313188				
0.1056	-0.00196484				
0.10565	-0.00069066				
0.1057	-0.00069066				
0.10575	-0.0045132				
0.1058	-0.00578737				
0.10585	-0.00706155				
0.1059	-0.00196484				
0.10595	-0.00196484				
0.106	0.0018577				
0.10605	-0.00069066				
0.1061	-0.00196484				
0.10615	-0.0045132				
0.1062	-0.0045132				
0.10625	-0.00578737				
0.1063	-0.00196484				
0.10635	0.00313188				
0.1064	0.000583518				
0.10645	-0.00196484				
0.1065	-0.00706155				
0.10655	-0.00706155				
0.1066	-0.00323902				
0.10665	-0.00069066				
0.1067	0.000583518				
0.10675	-0.00196484				
0.1068	-0.0045132				
0.10685	-0.00833573				
0.1069	-0.00578737				
0.10695	-0.00960991				
0.107	-0.00960991				
0.10705	-0.00960991				
0.1071	-0.00833573				
0.10715	-0.0121583				
0.1072	-0.0147066				
0.10725	-0.017255				
0.1073	-0.0134324				
0.10735	-0.017255				
0.1074	-0.0159808				
0.10745	-0.017255				
0.1075	-0.017255				
0.10755	-0.0185292				
0.1076	-0.0185292				
0.10765	-0.0159808				
0.1077	-0.0147066				
0.10775	-0.0159808				
0.1078	-0.017255				
0.10785	-0.0147066				
0.1079	-0.0147066				
0.10795	-0.00960991				
0.108	-0.00960991				
0.10805	-0.00323902				
0.1081	-0.00323902				
0.10815	-0.00833573				
0.1082	-0.00578737				
0.10825	-0.00706155				
0.1083	-0.0045132				
0.10835	-0.00323902				
0.1084	-0.00196484				
0.10845	-0.00069066				
0.1085	-0.00323902				
0.10855	-0.0045132				
0.1086	-0.0045132				
0.10865	-0.00196484				
0.1087	0.000583518				
0.10875	0.000583518				
0.1088	-0.00069066				
0.10885	-0.00196484				
0.1089	-0.00196484				
0.10895	-0.00069066				
0.109	-0.00196484				
0.10905	-0.00196484				
0.1091	0.0018577				
0.10915	-0.00196484				
0.1092	-0.0045132				
0.10925	-0.00323902				
0.1093	0.000583518				
0.10935	0.000583518				
0.1094	0.00313188				
0.10945	0.000583518				
0.1095	0.000583518				
0.10955	0.00440605				
0.1096	0.00313188				
0.10965	0.00568023				
0.1097	0.00950277				
0.10975	0.0120511				
0.1098	0.0133253				
0.10985	0.00950277				
0.1099	0.00950277				
0.10995	0.00822859				
0.11	0.0133253				
0.11005	0.0209704				
0.1101	0.018422				
0.11015	0.0171478				
0.1102	0.0145995				
0.11025	0.0120511				
0.1103	0.0158737				
0.11035	0.0171478				
0.1104	0.0171478				
0.11045	0.0171478				
0.1105	0.0145995				
0.11055	0.0120511				
0.1106	0.00950277				
0.11065	0.0120511				
0.1107	0.00950277				
0.11075	0.0120511				
0.1108	0.0107769				
0.11085	0.00695441				
0.1109	0.00440605				
0.11095	0.00695441				
0.111	0.00313188				
0.11105	0.00440605				
0.1111	0.00440605				
0.11115	0.00822859				
0.1112	0.00313188				
0.11125	-0.00069066				
0.1113	0.000583518				
0.11135	0.00313188				
0.1114	0.0018577				
0.11145	0.00568023				
0.1115	0.000583518				
0.11155	0.00313188				
0.1116	-0.00069066				
0.11165	0.00568023				
0.1117	0.00313188				
0.11175	0.00695441				
0.1118	0.00695441				
0.11185	0.00695441				
0.1119	0.00695441				
0.11195	0.00568023				
0.112	0.000583518				
0.11205	0.00568023				
0.1121	0.00313188				
0.11215	0.00440605				
0.1122	0.00440605				
0.11225	0.000583518				
0.1123	-0.0045132				
0.11235	-0.0045132				
0.1124	-0.00706155				
0.11245	-0.00706155				
0.1125	-0.00706155				
0.11255	-0.0121583				
0.1126	-0.0159808				
0.11265	-0.0147066				
0.1127	-0.017255				
0.11275	-0.0185292				
0.1128	-0.017255				
0.11285	-0.017255				
0.1129	-0.0198033				
0.11295	-0.0223517				
0.113	-0.0261742				
0.11305	-0.0236259				
0.1131	-0.0223517				
0.11315	-0.0185292				
0.1132	-0.0198033				
0.11325	-0.0210775				
0.1133	-0.0185292				
0.11335	-0.0210775				
0.1134	-0.0198033				
0.11345	-0.0147066				
0.1135	-0.00833573				
0.11355	-0.0108841				
0.1136	-0.0134324				
0.11365	-0.0147066				
0.1137	-0.00706155				
0.11375	-0.00706155				
0.1138	-0.00578737				
0.11385	-0.00706155				
0.1139	-0.0121583				
0.11395	-0.00960991				
0.114	-0.00960991				
0.11405	-0.00833573				
0.1141	-0.00578737				
0.11415	-0.0108841				
0.1142	-0.0108841				
0.11425	-0.0159808				
0.1143	-0.0198033				
0.11435	-0.017255				
0.1144	-0.0147066				
0.11445	-0.0147066				
0.1145	-0.017255				
0.11455	-0.0185292				
0.1146	-0.0223517				
0.11465	-0.0249				
0.1147	-0.0185292				
0.11475	-0.017255				
0.1148	-0.0134324				
0.11485	-0.0121583				
0.1149	-0.0134324				
0.11495	-0.0134324				
0.115	-0.0147066				
0.11505	-0.0121583				
0.1151	-0.00706155				
0.11515	-0.00196484				
0.1152	-0.00196484				
0.11525	0.000583518				
0.1153	-0.00069066				
0.11535	0.0018577				
0.1154	0.00695441				
0.11545	0.0120511				
0.1155	0.0171478				
0.11555	0.0133253				
0.1156	0.0171478				
0.11565	0.0158737				
0.1157	0.018422				
0.11575	0.0196962				
0.1158	0.0222446				
0.11585	0.0247929				
0.1159	0.0222446				
0.11595	0.018422				
0.116	0.0222446				
0.11605	0.0209704				
0.1161	0.0222446				
0.11615	0.0209704				
0.1162	0.0171478				
0.11625	0.0209704				
0.1163	0.0145995				
0.11635	0.0158737				
0.1164	0.0171478				
0.11645	0.0209704				
0.1165	0.0158737				
0.11655	0.0133253				
0.1166	0.0133253				
0.11665	0.0120511				
0.1167	0.0133253				
0.11675	0.0171478				
0.1168	0.018422				
0.11685	0.0171478				
0.1169	0.018422				
0.11695	0.0171478				
0.117	0.0209704				
0.11705	0.0209704				
0.1171	0.0260671				
0.11715	0.0222446				
0.1172	0.0286154				
0.11725	0.0286154				
0.1173	0.0286154				
0.11735	0.0286154				
0.1174	0.032438				
0.11745	0.0349863				
0.1175	0.0349863				
0.11755	0.0311638				
0.1176	0.0337122				
0.11765	0.0362605				
0.1177	0.0349863				
0.11775	0.0311638				
0.1178	0.032438				
0.11785	0.0298896				
0.1179	0.0286154				
0.11795	0.0222446				
0.118	0.0209704				
0.11805	0.0222446				
0.1181	0.018422				
0.11815	0.0158737				
0.1182	0.0120511				
0.11825	0.00822859				
0.1183	0.0018577				
0.11835	0.000583518				
0.1184	0.0018577				
0.11845	0.000583518				
0.1185	-0.00069066				
0.11855	-0.00578737				
0.1186	-0.00706155				
0.11865	-0.00833573				
0.1187	-0.00706155				
0.11875	-0.00833573				
0.1188	-0.00578737				
0.11885	-0.00706155				
0.1189	-0.00578737				
0.11895	-0.00960991				
0.119	-0.00960991				
0.11905	-0.00706155				
0.1191	-0.00196484				
0.11915	-0.0045132				
0.1192	-0.00706155				
0.11925	-0.00706155				
0.1193	-0.00578737				
0.11935	-0.00706155				
0.1194	-0.00706155				
0.11945	-0.00578737				
0.1195	-0.00196484				
0.11955	-0.00960991				
0.1196	-0.0134324				
0.11965	-0.0134324				
0.1197	-0.0134324				
0.11975	-0.0108841				
0.1198	-0.0134324				
0.11985	-0.0159808				
0.1199	-0.017255				
0.11995	-0.0236259				
0.12	-0.0236259				
0.12005	-0.0223517				
0.1201	-0.0223517				
0.12015	-0.0236259				
0.1202	-0.0274484				
0.12025	-0.0287226				
0.1203	-0.0363677				
0.12035	-0.0325451				
0.1204	-0.0325451				
0.12045	-0.0312709				
0.1205	-0.0287226				
0.12055	-0.0325451				
0.1206	-0.0325451				
0.12065	-0.0312709				
0.1207	-0.0287226				
0.12075	-0.0236259				
0.1208	-0.0223517				
0.12085	-0.0223517				
0.1209	-0.0185292				
0.12095	-0.0223517				
0.121	-0.017255				
0.12105	-0.0147066				
0.1211	-0.0121583				
0.12115	-0.00833573				
0.1212	-0.00833573				
0.12125	-0.00578737				
0.1213	-0.00833573				
0.12135	-0.0045132				
0.1214	-0.00196484				
0.12145	0.00313188				
0.1215	0.0018577				
0.12155	-0.00069066				
0.1216	-0.00196484				
0.12165	0.000583518				
0.1217	0.00313188				
0.12175	0.00313188				
0.1218	0.00313188				
0.12185	0.00313188				
0.1219	0.000583518				
0.12195	-0.0045132				
0.122	-0.00196484				
0.12205	-0.00196484				
0.1221	0.000583518				
0.12215	0.00313188				
0.1222	-0.00196484				
0.12225	-0.00069066				
0.1223	-0.00323902				
0.12235	-0.00323902				
0.1224	0.0018577				
0.12245	0.00440605				
0.1225	0.00950277				
0.12255	0.00822859				
0.1226	0.0120511				
0.12265	0.0107769				
0.1227	0.0133253				
0.12275	0.0133253				
0.1228	0.018422				
0.12285	0.0209704				
0.1229	0.0209704				
0.12295	0.0209704				
0.123	0.0273413				
0.12305	0.0298896				
0.1231	0.0311638				
0.12315	0.0311638				
0.1232	0.0298896				
0.12325	0.0298896				
0.1233	0.0247929				
0.12335	0.0273413				
0.1234	0.0273413				
0.12345	0.0311638				
0.1235	0.0311638				
0.12355	0.0273413				
0.1236	0.0222446				
0.12365	0.0235187				
0.1237	0.0209704				
0.12375	0.0222446				
0.1238	0.0209704				
0.12385	0.0196962				
0.1239	0.018422				
0.12395	0.0171478				
0.124	0.0171478				
0.12405	0.0145995				
0.1241	0.0158737				
0.12415	0.0120511				
0.1242	0.00950277				
0.12425	0.00822859				
0.1243	0.00822859				
0.12435	0.0133253				
0.1244	0.0133253				
0.12445	0.0107769				
0.1245	0.00822859				
0.12455	0.00950277				
0.1246	0.00440605				
0.12465	0.00822859				
0.1247	0.00950277				
0.12475	0.0120511				
0.1248	0.0120511				
0.12485	0.0107769				
0.1249	0.00440605				
0.12495	0.00440605				
0.125	0.00568023				
0.12505	0.00822859				
0.1251	0.00822859				
0.12515	0.00822859				
0.1252	0.00695441				
0.12525	0.00440605				
0.1253	-0.00196484				
0.12535	-0.00196484				
0.1254	-0.00196484				
0.12545	0.000583518				
0.1255	0.000583518				
0.12555	-0.00578737				
0.1256	-0.00960991				
0.12565	-0.0147066				
0.1257	-0.00960991				
0.12575	-0.00960991				
0.1258	-0.00706155				
0.12585	-0.0134324				
0.1259	-0.0159808				
0.12595	-0.0198033				
0.126	-0.0223517				
0.12605	-0.0198033				
0.1261	-0.0249				
0.12615	-0.0198033				
0.1262	-0.0236259				
0.12625	-0.0249				
0.1263	-0.0249				
0.12635	-0.0274484				
0.1264	-0.0223517				
0.12645	-0.0185292				
0.1265	-0.0210775				
0.12655	-0.0223517				
0.1266	-0.0210775				
0.12665	-0.0249				
0.1267	-0.0210775				
0.12675	-0.0210775				
0.1268	-0.017255				
0.12685	-0.017255				
0.1269	-0.0223517				
0.12695	-0.0210775				
0.127	-0.0223517				
0.12705	-0.017255				
0.1271	-0.017255				
0.12715	-0.0159808				
0.1272	-0.0159808				
0.12725	-0.017255				
0.1273	-0.0198033				
0.12735	-0.0223517				
0.1274	-0.017255				
0.12745	-0.017255				
0.1275	-0.0134324				
0.12755	-0.017255				
0.1276	-0.0147066				
0.12765	-0.017255				
0.1277	-0.0159808				
0.12775	-0.0147066				
0.1278	-0.00960991				
0.12785	-0.00833573				
0.1279	-0.0121583				
0.12795	-0.00706155				
0.128	-0.00960991				
0.12805	-0.00960991				
0.1281	-0.00706155				
0.12815	-0.00196484				
0.1282	0.000583518				
0.12825	-0.00196484				
0.1283	0.000583518				
0.12835	-0.00196484				
0.1284	0.00313188				
0.12845	0.00313188				
0.1285	0.00695441				
0.12855	0.00950277				
0.1286	0.00568023				
0.12865	0.00568023				
0.1287	0.00822859				
0.12875	0.0107769				
0.1288	0.0120511				
0.12885	0.0133253				
0.1289	0.0133253				
0.12895	0.0120511				
0.129	0.0107769				
0.12905	0.0133253				
0.1291	0.0171478				
0.12915	0.0145995				
0.1292	0.018422				
0.12925	0.0171478				
0.1293	0.018422				
0.12935	0.0145995				
0.1294	0.0158737				
0.12945	0.0209704				
0.1295	0.0222446				
0.12955	0.0235187				
0.1296	0.018422				
0.12965	0.0171478				
0.1297	0.018422				
0.12975	0.0209704				
0.1298	0.0196962				
0.12985	0.0235187				
0.1299	0.0209704				
0.12995	0.018422				
0.13	0.0158737				
0.13005	0.0171478				
0.1301	0.0171478				
0.13015	0.0196962				
0.1302	0.018422				
0.13025	0.018422				
0.1303	0.0145995				
0.13035	0.0133253				
0.1304	0.0133253				
0.13045	0.0133253				
0.1305	0.0171478				
0.13055	0.0158737				
0.1306	0.0133253				
0.13065	0.00695441				
0.1307	0.00568023				
0.13075	0.00695441				
0.1308	0.00695441				
0.13085	0.00822859				
0.1309	0.00440605				
0.13095	0.00313188				
0.131	0.000583518				
0.13105	-0.00069066				
0.1311	-0.00706155				
0.13115	-0.00578737				
0.1312	-0.0045132				
0.13125	-0.00323902				
0.1313	-0.00706155				
0.13135	-0.00960991				
0.1314	-0.0121583				
0.13145	-0.0121583				
0.1315	-0.00833573				
0.13155	-0.00960991				
0.1316	-0.00960991				
0.13165	-0.0108841				
0.1317	-0.0134324				
0.13175	-0.0147066				
0.1318	-0.0108841				
0.13185	-0.0134324				
0.1319	-0.00833573				
0.13195	-0.00833573				
0.132	-0.00833573				
0.13205	-0.0121583				
0.1321	-0.00960991				
0.13215	-0.00960991				
0.1322	-0.0108841				
0.13225	-0.0134324				
0.1323	-0.0147066				
0.13235	-0.017255				
0.1324	-0.0198033				
0.13245	-0.0210775				
0.1325	-0.0198033				
0.13255	-0.017255				
0.1326	-0.0210775				
0.13265	-0.0236259				
0.1327	-0.0261742				
0.13275	-0.0299968				
0.1328	-0.0299968				
0.13285	-0.0287226				
0.1329	-0.0287226				
0.13295	-0.0287226				
0.133	-0.0299968				
0.13305	-0.0338193				
0.1331	-0.0338193				
0.13315	-0.0249				
0.1332	-0.0249				
0.13325	-0.0236259				
0.1333	-0.0223517				
0.13335	-0.0198033				
0.1334	-0.0223517				
0.13345	-0.0223517				
0.1335	-0.0185292				
0.13355	-0.0134324				
0.1336	-0.00960991				
0.13365	-0.00833573				
0.1337	-0.00833573				
0.13375	-0.00833573				
0.1338	-0.00706155				
0.13385	-0.00323902				
0.1339	-0.00323902				
0.13395	-0.00196484				
0.134	-0.00196484				
0.13405	-0.00069066				
0.1341	-0.00196484				
0.13415	-0.00323902				
0.1342	0.000583518				
0.13425	-0.00196484				
0.1343	0.00313188				
0.13435	-0.00323902				
0.1344	-0.00196484				
0.13445	-0.00323902				
0.1345	-0.00196484				
0.13455	0.000583518				
0.1346	-0.00196484				
0.13465	-0.00069066				
0.1347	-0.00323902				
0.13475	-0.00323902				
0.1348	-0.0045132				
0.13485	-0.00196484				
0.1349	0.0018577				
0.13495	0.00313188				
0.135	0.00440605				
0.13505	0.00440605				
0.1351	0.00440605				
0.13515	0.00440605				
0.1352	0.00695441				
0.13525	0.0120511				
0.1353	0.0158737				
0.13535	0.018422				
0.1354	0.0171478				
0.13545	0.0209704				
0.1355	0.018422				
0.13555	0.0235187				
0.1356	0.0247929				
0.13565	0.0286154				
0.1357	0.032438				
0.13575	0.0311638				
0.1358	0.0273413				
0.13585	0.0273413				
0.1359	0.0311638				
0.13595	0.032438				
0.136	0.0337122				
0.13605	0.032438				
0.1361	0.0260671				
0.13615	0.0222446				
0.1362	0.0209704				
0.13625	0.0222446				
0.1363	0.0196962				
0.13635	0.0196962				
0.1364	0.0145995				
0.13645	0.0133253				
0.1365	0.0107769				
0.13655	0.00822859				
0.1366	0.00822859				
0.13665	0.0107769				
0.1367	0.00568023				
0.13675	0.00568023				
0.1368	0.0018577				
0.13685	0.00568023				
0.1369	0.00695441				
0.13695	0.00950277				
0.137	0.0107769				
0.13705	0.0107769				
0.1371	0.00950277				
0.13715	0.0107769				
0.1372	0.0120511				
0.13725	0.0107769				
0.1373	0.0158737				
0.13735	0.0209704				
0.1374	0.0196962				
0.13745	0.0133253				
0.1375	0.0133253				
0.13755	0.018422				
0.1376	0.0171478				
0.13765	0.0196962				
0.1377	0.018422				
0.13775	0.0120511				
0.1378	0.0120511				
0.13785	0.00822859				
0.1379	0.00822859				
0.13795	0.00695441				
0.138	0.00568023				
0.13805	0.00440605				
0.1381	-0.00069066				
0.13815	-0.00323902				
0.1382	-0.00706155				
0.13825	-0.00960991				
0.1383	-0.00960991				
0.13835	-0.00960991				
0.1384	-0.00960991				
0.13845	-0.0134324				
0.1385	-0.0147066				
0.13855	-0.017255				
0.1386	-0.017255				
0.13865	-0.017255				
0.1387	-0.0159808				
0.13875	-0.017255				
0.1388	-0.017255				
0.13885	-0.0185292				
0.1389	-0.0185292				
0.13895	-0.0134324				
0.139	-0.0134324				
0.13905	-0.00833573				
0.1391	-0.0108841				
0.13915	-0.00960991				
0.1392	-0.0121583				
0.13925	-0.00960991				
0.1393	-0.00706155				
0.13935	-0.00578737				
0.1394	-0.00196484				
0.13945	-0.00069066				
0.1395	-0.00578737				
0.13955	-0.00706155				
0.1396	-0.00833573				
0.13965	-0.0045132				
0.1397	-0.00323902				
0.13975	-0.00196484				
0.1398	-0.00323902				
0.13985	-0.00706155				
0.1399	-0.00833573				
0.13995	-0.00706155				
0.14	-0.00960991				
0.14005	-0.00706155				
0.1401	-0.0108841				
0.14015	-0.0121583				
0.1402	-0.0121583				
0.14025	-0.0134324				
0.1403	-0.0121583				
0.14035	-0.0147066				
0.1404	-0.0108841				
0.14045	-0.0134324				
0.1405	-0.0134324				
0.14055	-0.0134324				
0.1406	-0.00960991				
0.14065	-0.00706155				
0.1407	-0.00196484				
0.14075	-0.00323902				
0.1408	-0.00196484				
0.14085	-0.00323902				
0.1409	0.0018577				
0.14095	0.00568023				
0.141	0.0107769				
0.14105	0.0120511				
0.1411	0.0133253				
0.14115	0.0133253				
0.1412	0.0171478				
0.14125	0.018422				
0.1413	0.0196962				
0.14135	0.018422				
0.1414	0.0235187				
0.14145	0.0222446				
0.1415	0.0209704				
0.14155	0.0209704				
0.1416	0.0222446				
0.14165	0.0235187				
0.1417	0.0196962				
0.14175	0.0222446				
0.1418	0.0196962				
0.14185	0.0196962				
0.1419	0.0171478				
0.14195	0.0158737				
0.142	0.0145995				
0.14205	0.0133253				
0.1421	0.0145995				
0.14215	0.0107769				
0.1422	0.0107769				
0.14225	0.00568023				
0.1423	0.00695441				
0.14235	0.00822859				
0.1424	0.0107769				
0.14245	0.00695441				
0.1425	0.00568023				
0.14255	0.00568023				
0.1426	0.00313188				
0.14265	0.00568023				
0.1427	0.00695441				
0.14275	0.0120511				
0.1428	0.0107769				
0.14285	0.00822859				
0.1429	0.00695441				
0.14295	0.00568023				
0.143	0.0107769				
0.14305	0.0120511				
0.1431	0.0107769				
0.14315	0.0107769				
0.1432	0.00822859				
0.14325	0.00695441				
0.1433	0.00822859				
0.14335	0.00822859				
0.1434	0.0107769				
0.14345	0.00822859				
0.1435	0.00313188				
0.14355	0.00313188				
0.1436	-0.00069066				
0.14365	0.0018577				
0.1437	-0.00069066				
0.14375	-0.00069066				
0.1438	-0.00196484				
0.14385	-0.00323902				
0.1439	-0.00706155				
0.14395	-0.0121583				
0.144	-0.00960991				
0.14405	-0.00960991				
0.1441	-0.00960991				
0.14415	-0.0121583				
0.1442	-0.0134324				
0.14425	-0.0185292				
0.1443	-0.0198033				
0.14435	-0.0198033				
0.1444	-0.0147066				
0.14445	-0.0134324				
0.1445	-0.0147066				
0.14455	-0.017255				
0.1446	-0.017255				
0.14465	-0.0198033				
0.1447	-0.0236259				
0.14475	-0.017255				
0.1448	-0.0134324				
0.14485	-0.0147066				
0.1449	-0.017255				
0.14495	-0.0159808				
0.145	-0.0185292				
0.14505	-0.0159808				
0.1451	-0.0159808				
0.14515	-0.0159808				
0.1452	-0.0121583				
0.14525	-0.0121583				
0.1453	-0.0134324				
0.14535	-0.0147066				
0.1454	-0.0134324				
0.14545	-0.0108841				
0.1455	-0.0108841				
0.14555	-0.0108841				
0.1456	-0.0147066				
0.14565	-0.0121583				
0.1457	-0.0108841				
0.14575	-0.0121583				
0.1458	-0.00960991				
0.14585	-0.0134324				
0.1459	-0.0134324				
0.14595	-0.017255				
0.146	-0.017255				
0.14605	-0.0121583				
0.1461	-0.0121583				
0.14615	-0.0121583				
0.1462	-0.0121583				
0.14625	-0.0121583				
0.1463	-0.0134324				
0.14635	-0.0121583				
0.1464	-0.00960991				
0.14645	-0.00960991				
0.1465	-0.00706155				
0.14655	-0.0045132				
0.1466	-0.00706155				
0.14665	-0.00960991				
0.1467	-0.00578737				
0.14675	-0.00196484				
0.1468	-0.00069066				
0.14685	0.0018577				
0.1469	-0.00069066				
0.14695	-0.00196484				
0.147	-0.00069066				
0.14705	0.0018577				
0.1471	0.00568023				
0.14715	0.00695441				
0.1472	0.00822859				
0.14725	0.00822859				
0.1473	0.00695441				
0.14735	0.00695441				
0.1474	0.00822859				
0.14745	0.00822859				
0.1475	0.0133253				
0.14755	0.0120511				
0.1476	0.0120511				
0.14765	0.0133253				
0.1477	0.00822859				
0.14775	0.0120511				
0.1478	0.0133253				
0.14785	0.0171478				
0.1479	0.0158737				
0.14795	0.0171478				
0.148	0.0145995				
0.14805	0.0133253				
0.1481	0.0133253				
0.14815	0.0145995				
0.1482	0.0158737				
0.14825	0.0133253				
0.1483	0.0133253				
0.14835	0.0107769				
0.1484	0.0107769				
0.14845	0.0133253				
0.1485	0.0120511				
0.14855	0.0107769				
0.1486	0.00950277				
0.14865	0.00822859				
0.1487	0.00695441				
0.14875	0.0107769				
0.1488	0.00822859				
0.14885	0.0133253				
0.1489	0.0145995				
0.14895	0.0107769				
0.149	0.00950277				
0.14905	0.00822859				
0.1491	0.0107769				
0.14915	0.0107769				
0.1492	0.0133253				
0.14925	0.0145995				
0.1493	0.0133253				
0.14935	0.0120511				
0.1494	0.0120511				
0.14945	0.00695441				
0.1495	0.0120511				
0.14955	0.0145995				
0.1496	0.0120511				
0.14965	0.00695441				
0.1497	0.00695441				
0.14975	0.00313188				
0.1498	0.00440605				
0.14985	0.00568023				
0.1499	0.00568023				
0.14995	0.00313188				
0.15	-0.00196484				
0.15005	0.000583518				
0.1501	0.0018577				
0.15015	-0.00196484				
0.1502	0.000583518				
0.15025	-0.00196484				
0.1503	-0.0045132				
0.15035	-0.00833573				
0.1504	-0.00833573				
0.15045	-0.00706155				
0.1505	-0.00323902				
0.15055	-0.00706155				
0.1506	-0.00706155				
0.15065	-0.0121583				
0.1507	-0.0108841				
0.15075	-0.0108841				
0.1508	-0.00960991				
0.15085	-0.00706155				
0.1509	-0.00833573				
0.15095	-0.0121583				
0.151	-0.0108841				
0.15105	-0.0147066				
0.1511	-0.0121583				
0.15115	-0.0108841				
0.1512	-0.00960991				
0.15125	-0.0108841				
0.1513	-0.0134324				
0.15135	-0.0159808				
0.1514	-0.0159808				
0.15145	-0.0121583				
0.1515	-0.00960991				
0.15155	-0.00833573				
0.1516	-0.0121583				
0.15165	-0.0108841				
0.1517	-0.0121583				
0.15175	-0.0108841				
0.1518	-0.0121583				
0.15185	-0.00706155				
0.1519	-0.00833573				
0.15195	-0.00960991				
0.152	-0.00706155				
0.15205	-0.00960991				
0.1521	-0.00960991				
0.15215	-0.00706155				
0.1522	-0.00578737				
0.15225	-0.00323902				
0.1523	-0.00706155				
0.15235	-0.0045132				
0.1524	-0.00833573				
0.15245	-0.00578737				
0.1525	-0.00578737				
0.15255	-0.00196484				
0.1526	-0.00323902				
0.15265	-0.00323902				
0.1527	-0.00960991				
0.15275	-0.0045132				
0.1528	-0.00323902				
0.15285	0.000583518				
0.1529	0.00313188				
0.15295	-0.00069066				
0.153	-0.00069066				
0.15305	-0.00196484				
0.1531	0.00313188				
0.15315	0.000583518				
0.1532	0.00440605				
0.15325	0.00440605				
0.1533	0.00695441				
0.15335	0.00695441				
0.1534	0.00440605				
0.15345	0.00695441				
0.1535	0.0107769				
0.15355	0.0107769				
0.1536	0.0107769				
0.15365	0.0120511				
0.1537	0.00950277				
0.15375	0.0120511				
0.1538	0.0107769				
0.15385	0.0133253				
0.1539	0.0133253				
0.15395	0.0133253				
0.154	0.0107769				
0.15405	0.0107769				
0.1541	0.0120511				
0.15415	0.0120511				
0.1542	0.0133253				
0.15425	0.0133253				
0.1543	0.0107769				
0.15435	0.0107769				
0.1544	0.0107769				
0.15445	0.0120511				
0.1545	0.0133253				
0.15455	0.0120511				
0.1546	0.00822859				
0.15465	0.00950277				
0.1547	0.00440605				
0.15475	0.00568023				
0.1548	0.00695441				
0.15485	0.00950277				
0.1549	0.00950277				
0.15495	0.00695441				
0.155	0.00695441				
0.15505	0.0018577				
0.1551	0.00440605				
0.15515	0.00568023				
0.1552	0.00695441				
0.15525	0.00822859				
0.1553	0.00568023				
0.15535	0.00313188				
0.1554	0.00313188				
0.15545	0.00695441				
0.1555	0.00568023				
0.15555	0.00822859				
0.1556	0.0120511				
0.15565	0.00822859				
0.1557	0.0107769				
0.15575	0.00695441				
0.1558	0.00695441				
0.15585	0.00695441				
0.1559	0.0107769				
0.15595	0.0107769				
0.156	0.00695441				
0.15605	0.00822859				
0.1561	0.00440605				
0.15615	0.00695441				
0.1562	0.0018577				
0.15625	0.00695441				
0.1563	0.00695441				
0.15635	-0.00069066				
0.1564	-0.0045132				
0.15645	-0.00323902				
0.1565	-0.00196484				
0.15655	-0.00323902				
0.1566	-0.00069066				
0.15665	-0.00706155				
0.1567	-0.00706155				
0.15675	-0.0134324				
0.1568	-0.00960991				
0.15685	-0.00960991				
0.1569	-0.00578737				
0.15695	-0.00706155				
0.157	-0.00960991				
0.15705	-0.00833573				
0.1571	-0.0147066				
0.15715	-0.0134324				
0.1572	-0.0121583				
0.15725	-0.0045132				
0.1573	-0.00706155				
0.15735	-0.0108841				
0.1574	-0.00960991				
0.15745	-0.00833573				
0.1575	-0.0045132				
0.15755	-0.00706155				
0.1576	-0.00578737				
0.15765	-0.00706155				
0.1577	-0.00578737				
0.15775	-0.00706155				
0.1578	-0.00706155				
0.15785	-0.00706155				
0.1579	-0.00323902				
0.15795	-0.0045132				
0.158	-0.00833573				
0.15805	-0.00578737				
0.1581	-0.00960991				
0.15815	-0.00960991				
0.1582	-0.00833573				
0.15825	-0.00578737				
0.1583	-0.00833573				
0.15835	-0.00833573				
0.1584	-0.0108841				
0.15845	-0.0134324				
0.1585	-0.0134324				
0.15855	-0.0108841				
0.1586	-0.00706155				
0.15865	-0.0108841				
0.1587	-0.0159808				
0.15875	-0.0159808				
0.1588	-0.0134324				
0.15885	-0.0121583				
0.1589	-0.0121583				
0.15895	-0.00960991				
0.159	-0.0108841				
0.15905	-0.0134324				
0.1591	-0.0134324				
0.15915	-0.00960991				
0.1592	-0.00960991				
0.15925	-0.00706155				
0.1593	-0.00706155				
0.15935	-0.0045132				
0.1594	-0.00706155				
0.15945	-0.00578737				
0.1595	-0.00196484				
0.15955	0.0018577				
0.1596	0.00313188				
0.15965	0.0018577				
0.1597	0.0018577				
0.15975	0.0018577				
0.1598	0.00440605				
0.15985	0.00568023				
0.1599	0.00822859				
0.15995	0.00568023				
0.16	0.00695441				
0.16005	0.00568023				
0.1601	0.00313188				
0.16015	0.00313188				
0.1602	0.00568023				
0.16025	0.00695441				
0.1603	0.00568023				
0.16035	0.00440605				
0.1604	0.00313188				
0.16045	0.000583518				
0.1605	0.0018577				
0.16055	0.00313188				
0.1606	0.00313188				
0.16065	0.00568023				
0.1607	0.00313188				
0.16075	-0.00069066				
0.1608	-0.00069066				
0.16085	0.00313188				
0.1609	0.00568023				
0.16095	0.00313188				
0.161	0.00568023				
0.16105	0.00822859				
0.1611	0.00440605				
0.16115	0.00313188				
0.1612	0.00695441				
0.16125	0.0107769				
0.1613	0.0133253				
0.16135	0.0158737				
0.1614	0.0133253				
0.16145	0.0107769				
0.1615	0.0158737				
0.16155	0.0171478				
0.1616	0.0145995				
0.16165	0.0171478				
0.1617	0.0158737				
0.16175	0.0145995				
0.1618	0.0120511				
0.16185	0.0107769				
0.1619	0.0120511				
0.16195	0.0120511				
0.162	0.0120511				
0.16205	0.0107769				
0.1621	0.00695441				
0.16215	0.00695441				
0.1622	0.00440605				
0.16225	0.00440605				
0.1623	0.00313188				
0.16235	0.00440605				
0.1624	0.0018577				
0.16245	0.000583518				
0.1625	-0.00578737				
0.16255	-0.0045132				
0.1626	-0.00578737				
0.16265	-0.00196484				
0.1627	-0.00323902				
0.16275	-0.00706155				
0.1628	-0.00833573				
0.16285	-0.00960991				
0.1629	-0.00960991				
0.16295	-0.00833573				
0.163	-0.00833573				
0.16305	-0.0045132				
0.1631	-0.00706155				
0.16315	-0.0121583				
0.1632	-0.0121583				
0.16325	-0.00960991				
0.1633	-0.00833573				
0.16335	-0.00578737				
0.1634	-0.00706155				
0.16345	-0.00578737				
0.1635	-0.00833573				
0.16355	-0.00960991				
0.1636	-0.00833573				
0.16365	-0.00578737				
0.1637	-0.00706155				
0.16375	-0.00706155				
0.1638	-0.00833573				
0.16385	-0.0121583				
0.1639	-0.0121583				
0.16395	-0.0121583				
0.164	-0.0108841				
0.16405	-0.0121583				
0.1641	-0.017255				
0.16415	-0.017255				
0.1642	-0.0210775				
0.16425	-0.0198033				
0.1643	-0.0185292				
0.16435	-0.0159808				
0.1644	-0.0159808				
0.16445	-0.0210775				
0.1645	-0.0210775				
0.16455	-0.0198033				
0.1646	-0.017255				
0.16465	-0.017255				
0.1647	-0.0147066				
0.16475	-0.0147066				
0.1648	-0.0159808				
0.16485	-0.0159808				
0.1649	-0.0134324				
0.16495	-0.0134324				
0.165	-0.00706155				
0.16505	-0.0108841				
0.1651	-0.00960991				
0.16515	-0.00706155				
0.1652	-0.00706155				
0.16525	-0.00323902				
0.1653	-0.00960991				
0.16535	-0.00196484				
0.1654	-0.00069066				
0.16545	-0.00196484				
0.1655	-0.00578737				
0.16555	-0.00578737				
0.1656	-0.00196484				
0.16565	-0.00706155				
0.1657	-0.0045132				
0.16575	-0.0045132				
0.1658	-0.00706155				
0.16585	-0.00960991				
0.1659	-0.0108841				
0.16595	-0.0121583				
0.166	-0.0147066				
0.16605	-0.0108841				
0.1661	-0.0121583				
0.16615	-0.00960991				
0.1662	-0.0134324				
0.16625	-0.0134324				
0.1663	-0.00960991				
0.16635	-0.00833573				
0.1664	-0.00833573				
0.16645	-0.0108841				
0.1665	-0.00706155				
0.16655	-0.0108841				
0.1666	-0.00706155				
0.16665	-0.0045132				
0.1667	0.0018577				
0.16675	0.0018577				
0.1668	-0.00196484				
0.16685	0.0018577				
0.1669	-0.00196484				
0.16695	0.00313188				
0.167	0.00440605				
0.16705	0.00695441				
0.1671	0.00695441				
0.16715	0.00440605				
0.1672	0.00440605				
0.16725	0.00313188				
0.1673	0.00568023				
0.16735	0.00695441				
0.1674	0.0107769				
0.16745	0.00822859				
0.1675	0.00568023				
0.16755	0.00313188				
0.1676	0.00440605				
0.16765	0.00695441				
0.1677	0.00822859				
0.16775	0.00822859				
0.1678	0.00822859				
0.16785	0.00695441				
0.1679	0.00568023				
0.16795	0.00440605				
0.168	0.00695441				
0.16805	0.0120511				
0.1681	0.0133253				
0.16815	0.0120511				
0.1682	0.0133253				
0.16825	0.0107769				
0.1683	0.0133253				
0.16835	0.0133253				
0.1684	0.0158737				
0.16845	0.0171478				
0.1685	0.0158737				
0.16855	0.0133253				
0.1686	0.0145995				
0.16865	0.018422				
0.1687	0.0209704				
0.16875	0.0196962				
0.1688	0.0145995				
0.16885	0.0145995				
0.1689	0.0145995				
0.16895	0.0158737				
0.169	0.0145995				
0.16905	0.0158737				
0.1691	0.0145995				
0.16915	0.0145995				
0.1692	0.00822859				
0.16925	0.00950277				
0.1693	0.0133253				
0.16935	0.0158737				
0.1694	0.0133253				
0.16945	0.00822859				
0.1695	0.00695441				
0.16955	0.00440605				
0.1696	0.00822859				
0.16965	0.00568023				
0.1697	0.00822859				
0.16975	0.00568023				
0.1698	0.00568023				
0.16985	0.00313188				
0.1699	0.00313188				
0.16995	0.00440605				
0.17	0.00822859				
0.17005	0.00568023				
0.1701	0.00950277				
0.17015	0.00695441				
0.1702	0.00313188				
0.17025	0.00568023				
0.1703	0.00695441				
0.17035	0.00568023				
0.1704	0.00822859				
0.17045	0.0107769				
0.1705	0.00568023				
0.17055	0.0018577				
0.1706	0.000583518				
0.17065	-0.00069066				
0.1707	0.0018577				
0.17075	0.000583518				
0.1708	-0.00196484				
0.17085	-0.0045132				
0.1709	-0.00706155				
0.17095	-0.00578737				
0.171	-0.00706155				
0.17105	-0.00578737				
0.1711	-0.00706155				
0.17115	-0.00706155				
0.1712	-0.0134324				
0.17125	-0.0108841				
0.1713	-0.00706155				
0.17135	-0.00578737				
0.1714	-0.00578737				
0.17145	-0.00833573				
0.1715	-0.0108841				
0.17155	-0.00833573				
0.1716	-0.00706155				
0.17165	-0.0045132				
0.1717	-0.0045132				
0.17175	-0.00069066				
0.1718	-0.00323902				
0.17185	-0.00196484				
0.1719	-0.00706155				
0.17195	-0.00323902				
0.172	-0.00196484				
0.17205	-0.00196484				
0.1721	-0.0045132				
0.17215	-0.00323902				
0.1722	-0.00706155				
0.17225	-0.00833573				
0.1723	-0.00960991				
0.17235	-0.00706155				
0.1724	-0.00706155				
0.17245	-0.00578737				
0.1725	-0.00706155				
0.17255	-0.00960991				
0.1726	-0.0121583				
0.17265	-0.0108841				
0.1727	-0.0134324				
0.17275	-0.0121583				
0.1728	-0.00706155				
0.17285	-0.00833573				
0.1729	-0.0134324				
0.17295	-0.0134324				
0.173	-0.00833573				
0.17305	-0.00578737				
0.1731	-0.00706155				
0.17315	-0.00960991				
0.1732	-0.00706155				
0.17325	-0.00578737				
0.1733	-0.00196484				
0.17335	-0.00323902				
0.1734	0.00313188				
0.17345	0.0018577				
0.1735	0.0018577				
0.17355	0.0018577				
0.1736	-0.00069066				
0.17365	0.00440605				
0.1737	0.00695441				
0.17375	0.00822859				
0.1738	0.00822859				
0.17385	0.00822859				
0.1739	0.00440605				
0.17395	0.00822859				
0.174	0.00695441				
0.17405	0.00950277				
0.1741	0.0120511				
0.17415	0.00950277				
0.1742	0.00695441				
0.17425	0.00568023				
0.1743	0.00695441				
0.17435	0.00822859				
0.1744	0.0107769				
0.17445	0.0120511				
0.1745	0.00695441				
0.17455	0.00440605				
0.1746	0.00695441				
0.17465	0.00950277				
0.1747	0.00822859				
0.17475	0.00950277				
0.1748	0.0107769				
0.17485	0.00822859				
0.1749	0.00440605				
0.17495	0.00822859				
0.175	0.0107769				
0.17505	0.0133253				
0.1751	0.0120511				
0.17515	0.0107769				
0.1752	0.00822859				
0.17525	0.00822859				
0.1753	0.0107769				
0.17535	0.0120511				
0.1754	0.0107769				
0.17545	0.0145995				
0.1755	0.0120511				
0.17555	0.0107769				
0.1756	0.00695441				
0.17565	0.0120511				
0.1757	0.0120511				
0.17575	0.0145995				
0.1758	0.0120511				
0.17585	0.0120511				
0.1759	0.0107769				
0.17595	0.00950277				
0.176	0.0107769				
0.17605	0.0120511				
0.1761	0.0107769				
0.17615	0.00822859				
0.1762	0.00822859				
0.17625	0.00568023				
0.1763	0.00568023				
0.17635	0.00313188				
0.1764	0.00695441				
0.17645	0.00568023				
0.1765	0.00440605				
0.17655	0.00440605				
0.1766	0.0018577				
0.17665	0.00313188				
0.1767	0.00568023				
0.17675	0.00440605				
0.1768	0.0018577				
0.17685	0.00313188				
0.1769	-0.00069066				
0.17695	0.000583518				
0.177	0.0018577				
0.17705	0.000583518				
0.1771	0.00440605				
0.17715	0.00313188				
0.1772	0.000583518				
0.17725	-0.00323902				
0.1773	-0.00196484				
0.17735	-0.00323902				
0.1774	0.000583518				
0.17745	-0.00069066				
0.1775	-0.0045132				
0.17755	-0.00196484				
0.1776	-0.00706155				
0.17765	-0.00706155				
0.1777	-0.00960991				
0.17775	-0.00833573				
0.1778	-0.00706155				
0.17785	-0.0134324				
0.1779	-0.0147066				
0.17795	-0.0147066				
0.178	-0.0121583				
0.17805	-0.0159808				
0.1781	-0.0134324				
0.17815	-0.0159808				
0.1782	-0.0159808				
0.17825	-0.0185292				
0.1783	-0.017255				
0.17835	-0.0159808				
0.1784	-0.0134324				
0.17845	-0.0159808				
0.1785	-0.017255				
0.17855	-0.0185292				
0.1786	-0.0223517				
0.17865	-0.0198033				
0.1787	-0.0185292				
0.17875	-0.017255				
0.1788	-0.0147066				
0.17885	-0.0159808				
0.1789	-0.017255				
0.17895	-0.0134324				
0.179	-0.0185292				
0.17905	-0.017255				
0.1791	-0.0134324				
0.17915	-0.0121583				
0.1792	-0.00960991				
0.17925	-0.0134324				
0.1793	-0.0121583				
0.17935	-0.0134324				
0.1794	-0.0121583				
0.17945	-0.00960991				
0.1795	-0.00706155				
0.17955	-0.00706155				
0.1796	-0.0108841				
0.17965	-0.0121583				
0.1797	-0.0134324				
0.17975	-0.0121583				
0.1798	-0.00960991				
0.17985	-0.00706155				
0.1799	-0.00960991				
0.17995	-0.0121583				
0.18	-0.0108841				
0.18005	-0.00833573				
0.1801	-0.00960991				
0.18015	-0.00578737				
0.1802	-0.00833573				
0.18025	-0.0108841				
0.1803	-0.00833573				
0.18035	-0.0045132				
0.1804	-0.00196484				
0.18045	0.000583518				
0.1805	-0.00323902				
0.18055	-0.00196484				
0.1806	0.00313188				
0.18065	0.00313188				
0.1807	-0.00069066				
0.18075	0.00568023				
0.1808	0.0120511				
0.18085	0.0133253				
0.1809	0.0133253				
0.18095	0.0107769				
0.181	0.00950277				
0.18105	0.0158737				
0.1811	0.0158737				
0.18115	0.0171478				
0.1812	0.0158737				
0.18125	0.0171478				
0.1813	0.0158737				
0.18135	0.0158737				
0.1814	0.0158737				
0.18145	0.0133253				
0.1815	0.0158737				
0.18155	0.0171478				
0.1816	0.018422				
0.18165	0.0133253				
0.1817	0.0120511				
0.18175	0.0133253				
0.1818	0.0120511				
0.18185	0.0120511				
0.1819	0.0107769				
0.18195	0.00950277				
0.182	0.00695441				
0.18205	0.00822859				
0.1821	0.00440605				
0.18215	0.0107769				
0.1822	0.0107769				
0.18225	0.00822859				
0.1823	0.00440605				
0.18235	0.00440605				
0.1824	0.00313188				
0.18245	0.00822859				
0.1825	0.00695441				
0.18255	0.00950277				
0.1826	0.00822859				
0.18265	0.00695441				
0.1827	0.00313188				
0.18275	0.00695441				
0.1828	0.00695441				
0.18285	0.0107769				
0.1829	0.0120511				
0.18295	0.00822859				
0.183	0.00695441				
0.18305	0.00695441				
0.1831	0.0120511				
0.18315	0.0133253				
0.1832	0.0145995				
0.18325	0.0145995				
0.1833	0.0120511				
0.18335	0.00950277				
0.1834	0.00695441				
0.18345	0.00950277				
0.1835	0.0133253				
0.18355	0.0133253				
0.1836	0.00822859				
0.18365	0.00440605				
0.1837	-0.00196484				
0.18375	0.0018577				
0.1838	-0.00196484				
0.18385	-0.00196484				
0.1839	-0.00196484				
0.18395	-0.00578737				
0.184	-0.0108841				
0.18405	-0.0134324				
0.1841	-0.0147066				
0.18415	-0.0108841				
0.1842	-0.0121583				
0.18425	-0.00960991				
0.1843	-0.0121583				
0.18435	-0.0159808				
0.1844	-0.0185292				
0.18445	-0.017255				
0.1845	-0.0159808				
0.18455	-0.0121583				
0.1846	-0.00706155				
0.18465	-0.0121583				
0.1847	-0.0134324				
0.18475	-0.0147066				
0.1848	-0.00960991				
0.18485	-0.00578737				
0.1849	-0.00196484				
0.18495	-0.00196484				
0.185	-0.00323902				
0.18505	-0.00196484				
0.1851	-0.00196484				
0.18515	-0.00578737				
0.1852	-0.00069066				
0.18525	0.000583518				
0.1853	-0.00196484				
0.18535	-0.00323902				
0.1854	-0.00323902				
0.18545	-0.00706155				
0.1855	-0.00578737				
0.18555	-0.00706155				
0.1856	-0.00578737				
0.18565	-0.0045132				
0.1857	-0.00833573				
0.18575	-0.0108841				
0.1858	-0.0108841				
0.18585	-0.00960991				
0.1859	-0.00833573				
0.18595	-0.00960991				
0.186	-0.0134324				
0.18605	-0.0159808				
0.1861	-0.0159808				
0.18615	-0.0108841				
0.1862	-0.0121583				
0.18625	-0.0108841				
0.1863	-0.0134324				
0.18635	-0.0134324				
0.1864	-0.0134324				
0.18645	-0.0121583				
0.1865	-0.00960991				
0.18655	-0.00578737				
0.1866	-0.00323902				
0.18665	-0.00323902				
0.1867	-0.00196484				
0.18675	-0.0045132				
0.1868	-0.00196484				
0.18685	0.0018577				
0.1869	0.00440605				
0.18695	0.00822859				
0.187	0.00695441				
0.18705	0.00695441				
0.1871	0.00568023				
0.18715	0.00950277				
0.1872	0.0107769				
0.18725	0.0145995				
0.1873	0.0120511				
0.18735	0.00950277				
0.1874	0.0107769				
0.18745	0.0107769				
0.1875	0.00822859				
0.18755	0.0107769				
0.1876	0.0107769				
0.18765	0.00950277				
0.1877	0.0107769				
0.18775	0.00440605				
0.1878	0.00568023				
0.18785	0.00313188				
0.1879	0.00568023				
0.18795	0.00568023				
0.188	0.00440605				
0.18805	0.0018577				
0.1881	0.00313188				
0.18815	0.00440605				
0.1882	0.00695441				
0.18825	0.00822859				
0.1883	0.00822859				
0.18835	0.00822859				
0.1884	0.00568023				
0.18845	0.00568023				
0.1885	0.0120511				
0.18855	0.0133253				
0.1886	0.0133253				
0.18865	0.0145995				
0.1887	0.018422				
0.18875	0.0145995				
0.1888	0.018422				
0.18885	0.018422				
0.1889	0.0209704				
0.18895	0.0235187				
0.189	0.0209704				
0.18905	0.018422				
0.1891	0.0145995				
0.18915	0.0133253				
0.1892	0.0158737				
0.18925	0.0171478				
0.1893	0.0171478				
0.18935	0.0120511				
0.1894	0.00695441				
0.18945	0.00440605				
0.1895	0.00440605				
0.18955	0.00313188				
0.1896	0.00822859				
0.18965	0.00568023				
0.1897	0.000583518				
0.18975	0.000583518				
0.1898	-0.00323902				
0.18985	-0.00196484				
0.1899	-0.00323902				
0.18995	-0.00196484				
0.19	-0.00196484				
0.19005	-0.00069066				
0.1901	-0.0045132				
0.19015	-0.0045132				
0.1902	-0.00196484				
0.19025	-0.00323902				
0.1903	-0.00196484				
0.19035	-0.00578737				
0.1904	-0.00578737				
0.19045	-0.00706155				
0.1905	-0.00196484				
0.19055	-0.00196484				
0.1906	0.0018577				
0.19065	0.000583518				
0.1907	-0.00323902				
0.19075	-0.00706155				
0.1908	-0.0045132				
0.19085	-0.00323902				
0.1909	-0.00196484				
0.19095	-0.00196484				
0.191	-0.0045132				
0.19105	-0.00323902				
0.1911	-0.00833573				
0.19115	-0.00833573				
0.1912	-0.00706155				
0.19125	-0.0045132				
0.1913	-0.0045132				
0.19135	-0.00706155				
0.1914	-0.00706155				
0.19145	-0.0121583				
0.1915	-0.0121583				
0.19155	-0.0134324				
0.1916	-0.0108841				
0.19165	-0.0121583				
0.1917	-0.0121583				
0.19175	-0.0159808				
0.1918	-0.017255				
0.19185	-0.0121583				
0.1919	-0.0121583				
0.19195	-0.0121583				
0.192	-0.0134324				
0.19205	-0.0134324				
0.1921	-0.0147066				
0.19215	-0.0134324				
0.1922	-0.0121583				
0.19225	-0.00578737				
0.1923	-0.00833573				
0.19235	-0.00960991				
0.1924	-0.00706155				
0.19245	-0.00578737				
0.1925	-0.00706155				
0.19255	-0.0045132				
0.1926	-0.00069066				
0.19265	0.00313188				
0.1927	0.0018577				
0.19275	-0.00706155				
0.1928	-0.00578737				
0.19285	-0.00196484				
0.1929	0.000583518				
0.19295	0.00313188				
0.193	-0.00069066				
0.19305	-0.00323902				
0.1931	-0.00323902				
0.19315	-0.00706155				
0.1932	-0.00706155				
0.19325	-0.0045132				
0.1933	-0.0045132				
0.19335	-0.00578737				
0.1934	-0.00833573				
0.19345	-0.00833573				
0.1935	-0.00833573				
0.19355	-0.00706155				
0.1936	-0.00706155				
0.19365	-0.00960991				
0.1937	-0.00706155				
0.19375	-0.00960991				
0.1938	-0.00706155				
0.19385	-0.00578737				
0.1939	-0.00323902				
0.19395	-0.00706155				
0.194	-0.00323902				
0.19405	-0.0045132				
0.1941	-0.00706155				
0.19415	-0.0045132				
0.1942	-0.00196484				
0.19425	-0.00196484				
0.1943	-0.00069066				
0.19435	0.000583518				
0.1944	0.000583518				
0.19445	-0.00196484				
0.1945	-0.00196484				
0.19455	0.000583518				
0.1946	0.00440605				
0.19465	0.00440605				
0.1947	0.00313188				
0.19475	0.00313188				
0.1948	0.00313188				
0.19485	0.00313188				
0.1949	0.00440605				
0.19495	0.00695441				
0.195	0.00695441				
0.19505	0.00822859				
0.1951	0.00440605				
0.19515	0.00313188				
0.1952	0.00568023				
0.19525	0.00313188				
0.1953	0.00695441				
0.19535	0.00313188				
0.1954	0.00568023				
0.19545	0.000583518				
0.1955	-0.00069066				
0.19555	0.00313188				
0.1956	0.0018577				
0.19565	0.00440605				
0.1957	-0.00196484				
0.19575	0.0018577				
0.1958	-0.00196484				
0.19585	-0.00196484				
0.1959	0.000583518				
0.19595	0.000583518				
0.196	-0.00069066				
0.19605	-0.00196484				
0.1961	-0.00196484				
0.19615	-0.00323902				
0.1962	-0.00196484				
0.19625	-0.00196484				
0.1963	0.000583518				
0.19635	-0.00069066				
0.1964	0.000583518				
0.19645	0.000583518				
0.1965	-0.00323902				
0.19655	-0.0045132				
0.1966	-0.00069066				
0.19665	0.00568023				
0.1967	0.00440605				
0.19675	-0.00069066				
0.1968	-0.00578737				
0.19685	-0.0045132				
0.1969	0.000583518				
0.19695	0.000583518				
0.197	0.000583518				
0.19705	-0.00196484				
0.1971	-0.00196484				
0.19715	-0.00578737				
0.1972	-0.00196484				
0.19725	-0.00323902				
0.1973	-0.00196484				
0.19735	-0.00578737				
0.1974	-0.00196484				
0.19745	-0.00706155				
0.1975	-0.00196484				
0.19755	0.0018577				
0.1976	-0.00323902				
0.19765	0.000583518				
0.1977	-0.00069066				
0.19775	-0.00069066				
0.1978	-0.0045132				
0.19785	-0.00706155				
0.1979	-0.00196484				
0.19795	0.000583518				
0.198	-0.00578737				
0.19805	-0.00706155				
0.1981	-0.0108841				
0.19815	-0.0121583				
0.1982	-0.0121583				
0.19825	-0.00960991				
0.1983	-0.00706155				
0.19835	-0.0147066				
0.1984	-0.0147066				
0.19845	-0.0185292				
0.1985	-0.017255				
0.19855	-0.017255				
0.1986	-0.0198033				
0.19865	-0.017255				
0.1987	-0.0185292				
0.19875	-0.0185292				
0.1988	-0.0198033				
0.19885	-0.0223517				
0.1989	-0.0185292				
0.19895	-0.0185292				
0.199	-0.0134324				
0.19905	-0.0147066				
0.1991	-0.0108841				
0.19915	-0.0108841				
0.1992	-0.0108841				
0.19925	-0.00706155				
0.1993	-0.00196484				
0.19935	-0.00069066				
0.1994	-0.00069066				
0.19945	0.00313188				
0.1995	-0.00196484				
0.19955	0.00568023				
0.1996	0.00695441				
0.19965	0.00950277				
0.1997	0.00695441				
0.19975	0.00440605				
0.1998	0.00313188				
0.19985	0.0018577				
0.1999	0.00313188				
0.19995	0.00313188				
