Time - piezo	Amplitude - piezo	Unnamed: 2	Unnamed: 3	Frequency [Hz] - piezo (Power Spectrum)	Amplitude - piezo (Power Spectrum)
0.0	0.0107769			0.0	8.76932e-06
5e-05	0.0120511			5.0	1.52176e-05
0.0001	0.0120511			10.0	3.7412e-06
0.00015	0.0107769			15.0	7.48494e-07
0.0002	0.0107769			20.0	3.55088e-07
0.00025	0.00950277			25.0	3.41805e-07
0.0003	0.0107769			30.0	1.48627e-07
0.00035	0.0107769			35.0	4.246e-08
0.0004	0.00695441			40.0	5.18879e-09
0.00045	0.00822859			45.0	1.37708e-08
0.0005	0.00950277			50.0	2.17949e-08
0.00055	0.0107769			55.0	1.10344e-06
0.0006	0.00950277			60.0	5.73404e-06
0.00065	0.00822859			65.0	3.22805e-06
0.0007	0.00822859			70.0	1.18362e-06
0.00075	0.00695441			75.0	6.21317e-06
0.0008	0.00440605			80.0	5.91717e-06
0.00085	0.00313188			85.0	3.68801e-06
0.0009	0.000583518			90.0	3.06195e-07
0.00095	0.000583518			95.0	5.6498e-08
0.001	0.0018577			100.0	5.61803e-08
0.00105	-0.00196484			105.0	5.62246e-08
0.0011	-0.00706155			110.0	5.98299e-09
0.00115	-0.0045132			115.0	1.96823e-09
0.0012	-0.0045132			120.0	1.80031e-07
0.00125	-0.00706155			125.0	6.26511e-07
0.0013	-0.0045132			130.0	6.44064e-07
0.00135	-0.00706155			135.0	7.17484e-07
0.0014	-0.0121583			140.0	7.09585e-06
0.00145	-0.00706155			145.0	6.13658e-05
0.0015	-0.00833573			150.0	0.000104469
0.00155	-0.00960991			155.0	5.40789e-05
0.0016	-0.00833573			160.0	1.77721e-05
0.00165	-0.0147066			165.0	2.79134e-06
0.0017	-0.00833573			170.0	1.84995e-05
0.00175	-0.0159808			175.0	9.85462e-06
0.0018	-0.00960991			180.0	5.78284e-07
0.00185	-0.0147066			185.0	1.75312e-07
0.0019	-0.0134324			190.0	2.1913e-07
0.00195	-0.0147066			195.0	2.72821e-07
0.002	-0.0159808			200.0	2.033e-08
0.00205	-0.0159808			205.0	8.53831e-08
0.0021	-0.0134324			210.0	1.47581e-07
0.00215	-0.0108841			215.0	1.71909e-07
0.0022	-0.017255			220.0	8.73086e-07
0.00225	-0.0121583			225.0	1.50248e-06
0.0023	-0.0159808			230.0	5.74734e-07
0.00235	-0.0185292			235.0	7.43461e-08
0.0024	-0.0147066			240.0	1.10696e-08
0.00245	-0.0210775			245.0	8.05237e-10
0.0025	-0.0223517			250.0	1.07109e-08
0.00255	-0.0223517			255.0	5.86228e-09
0.0026	-0.0198033			260.0	5.92332e-09
0.00265	-0.0261742			265.0	8.0598e-09
0.0027	-0.0274484			270.0	1.4447e-08
0.00275	-0.0236259			275.0	4.55452e-08
0.0028	-0.0287226			280.0	3.13242e-08
0.00285	-0.0223517			285.0	6.34942e-09
0.0029	-0.0274484			290.0	7.36832e-08
0.00295	-0.0325451			295.0	4.62062e-07
0.003	-0.0325451			300.0	5.85449e-07
0.00305	-0.0325451			305.0	1.33046e-07
0.0031	-0.0249			310.0	6.41301e-08
0.00315	-0.0338193			315.0	1.37342e-08
0.0032	-0.0287226			320.0	4.79949e-08
0.00325	-0.0287226			325.0	1.48727e-08
0.0033	-0.0287226			330.0	1.01643e-08
0.00335	-0.0261742			335.0	5.69381e-09
0.0034	-0.0338193			340.0	4.78381e-08
0.00345	-0.0325451			345.0	2.26723e-07
0.0035	-0.0287226			350.0	1.57721e-07
0.00355	-0.0312709			355.0	5.90935e-08
0.0036	-0.0274484			360.0	5.22912e-08
0.00365	-0.0299968			365.0	4.26161e-08
0.0037	-0.0287226			370.0	9.75475e-08
0.00375	-0.0274484			375.0	1.57075e-07
0.0038	-0.0287226			380.0	1.08755e-07
0.00385	-0.0261742			385.0	3.21594e-08
0.0039	-0.0325451			390.0	2.33966e-09
0.00395	-0.0236259			395.0	3.55652e-09
0.004	-0.0236259			400.0	2.12262e-08
0.00405	-0.0312709			405.0	3.33254e-08
0.0041	-0.0249			410.0	4.18383e-08
0.00415	-0.0223517			415.0	2.6936e-07
0.0042	-0.0287226			420.0	4.73504e-07
0.00425	-0.0249			425.0	7.95528e-08
0.0043	-0.0287226			430.0	1.52167e-08
0.00435	-0.0287226			435.0	1.27313e-07
0.0044	-0.0236259			440.0	3.45235e-07
0.00445	-0.0274484			445.0	2.02725e-07
0.0045	-0.0287226			450.0	1.26664e-07
0.00455	-0.0287226			455.0	2.69257e-07
0.0046	-0.0223517			460.0	7.03565e-08
0.00465	-0.0210775			465.0	5.77574e-08
0.0047	-0.0236259			470.0	2.21687e-09
0.00475	-0.0159808			475.0	1.0014e-08
0.0048	-0.0236259			480.0	2.00389e-07
0.00485	-0.0249			485.0	1.58162e-07
0.0049	-0.0185292			490.0	1.69283e-06
0.00495	-0.0223517			495.0	3.77283e-07
0.005	-0.0236259			500.0	2.3989e-07
0.00505	-0.0134324			505.0	1.95404e-07
0.0051	-0.017255			510.0	2.87844e-07
0.00515	-0.0185292			515.0	1.40856e-06
0.0052	-0.0121583			520.0	9.58193e-07
0.00525	-0.0134324			525.0	1.13819e-08
0.0053	-0.0121583			530.0	3.72506e-07
0.00535	-0.00706155			535.0	7.80125e-07
0.0054	-0.0134324			540.0	1.28435e-06
0.00545	-0.00960991			545.0	2.03507e-06
0.0055	-0.00196484			550.0	4.93029e-07
0.00555	-0.00833573			555.0	1.50317e-06
0.0056	-0.00960991			560.0	3.72349e-06
0.00565	-0.00578737			565.0	1.08464e-06
0.0057	-0.00578737			570.0	2.07133e-07
0.00575	-0.0045132			575.0	4.10526e-07
0.0058	-0.0045132			580.0	1.0153e-06
0.00585	-0.00323902			585.0	2.17407e-07
0.0059	0.000583518			590.0	5.01664e-07
0.00595	0.000583518			595.0	5.37133e-07
0.006	-0.00196484			600.0	1.07489e-07
0.00605	-0.00323902			605.0	3.40173e-07
0.0061	-0.00069066			610.0	7.57415e-07
0.00615	0.00313188			615.0	7.56757e-07
0.0062	0.00313188			620.0	7.7026e-07
0.00625	0.00313188			625.0	8.91239e-07
0.0063	0.000583518			630.0	3.88165e-06
0.00635	0.00695441			635.0	4.33926e-06
0.0064	0.00440605			640.0	1.56161e-06
0.00645	0.000583518			645.0	1.07343e-06
0.0065	0.0018577			650.0	6.08545e-07
0.00655	0.00313188			655.0	7.85053e-08
0.0066	0.00313188			660.0	1.494e-08
0.00665	0.00313188			665.0	1.42976e-08
0.0067	0.00440605			670.0	2.52452e-08
0.00675	0.00440605			675.0	3.19589e-09
0.0068	0.0133253			680.0	4.71158e-09
0.00685	0.00822859			685.0	1.92976e-08
0.0069	0.00568023			690.0	5.68438e-09
0.00695	0.00695441			695.0	5.6616e-09
0.007	0.0120511			700.0	5.36813e-08
0.00705	0.0120511			705.0	8.32045e-08
0.0071	0.0107769			710.0	2.6816e-08
0.00715	0.00822859			715.0	2.21082e-08
0.0072	0.0107769			720.0	6.88668e-09
0.00725	0.0107769			725.0	7.14834e-09
0.0073	0.0107769			730.0	2.23469e-09
0.00735	0.00695441			735.0	9.86675e-09
0.0074	0.00822859			740.0	1.05639e-08
0.00745	0.00950277			745.0	1.0142e-09
0.0075	0.0133253			750.0	1.2089e-08
0.00755	0.00822859			755.0	2.97582e-08
0.0076	0.0120511			760.0	1.48381e-08
0.00765	0.00950277			765.0	1.11859e-09
0.0077	0.0107769			770.0	1.73167e-08
0.00775	0.0120511			775.0	3.71688e-08
0.0078	0.0133253			780.0	2.31163e-08
0.00785	0.0120511			785.0	2.02247e-08
0.0079	0.00695441			790.0	5.29243e-08
0.00795	0.0120511			795.0	1.27679e-08
0.008	0.0107769			800.0	1.64526e-10
0.00805	0.00440605			805.0	2.56712e-09
0.0081	0.00695441			810.0	8.75095e-09
0.00815	0.0120511			815.0	8.86339e-10
0.0082	0.00568023			820.0	1.7378e-12
0.00825	0.00695441			825.0	1.38761e-08
0.0083	0.00950277			830.0	1.7552e-08
0.00835	0.00695441			835.0	4.63967e-09
0.0084	0.00440605			840.0	9.86091e-09
0.00845	0.00822859			845.0	7.43735e-09
0.0085	0.00440605			850.0	5.28236e-09
0.00855	-0.00069066			855.0	1.41247e-08
0.0086	0.00695441			860.0	3.42595e-10
0.00865	0.00695441			865.0	8.75188e-09
0.0087	0.000583518			870.0	6.61039e-09
0.00875	0.000583518			875.0	1.4061e-09
0.0088	0.00695441			880.0	3.51175e-10
0.00885	0.00568023			885.0	1.6416e-09
0.0089	-0.00069066			890.0	1.23847e-09
0.00895	0.000583518			895.0	1.95268e-09
0.009	0.000583518			900.0	3.04457e-09
0.00905	0.00313188			905.0	2.48365e-10
0.0091	0.00313188			910.0	2.22591e-09
0.00915	0.0018577			915.0	6.77422e-09
0.0092	-0.00196484			920.0	1.04528e-08
0.00925	-0.00196484			925.0	6.88159e-09
0.0093	0.0107769			930.0	1.52437e-09
0.00935	0.0018577			935.0	5.33279e-10
0.0094	-0.0045132			940.0	1.10436e-09
0.00945	0.00440605			945.0	3.06054e-09
0.0095	0.00950277			950.0	3.3653e-09
0.00955	0.000583518			955.0	1.95647e-09
0.0096	-0.00196484			960.0	1.00719e-09
0.00965	0.0018577			965.0	3.81198e-11
0.0097	0.00313188			970.0	1.37822e-09
0.00975	0.00313188			975.0	3.69955e-09
0.0098	-0.00196484			980.0	7.08709e-09
0.00985	0.0018577			985.0	4.3173e-09
0.0099	-0.00069066			990.0	1.42705e-09
0.00995	0.000583518			995.0	8.68024e-10
0.01	0.00313188			1000.0	1.49208e-09
0.01005	0.00440605			1005.0	6.63513e-10
0.0101	0.000583518			1010.0	2.17225e-11
0.01015	0.000583518			1015.0	7.79402e-10
0.0102	0.0018577			1020.0	2.69444e-09
0.01025	0.00822859			1025.0	2.90917e-09
0.0103	0.000583518			1030.0	7.90105e-10
0.01035	0.000583518			1035.0	8.80841e-10
0.0104	0.00313188			1040.0	1.80341e-09
0.01045	0.000583518			1045.0	7.7132e-10
0.0105	-0.00706155			1050.0	1.36835e-09
0.01055	-0.0045132			1055.0	6.71249e-10
0.0106	0.00313188			1060.0	4.07348e-10
0.01065	0.00568023			1065.0	3.2842e-10
0.0107	0.00568023			1070.0	1.11345e-10
0.01075	0.000583518			1075.0	1.2175e-09
0.0108	-0.00196484			1080.0	6.52563e-09
0.01085	0.000583518			1085.0	5.04093e-09
0.0109	0.00568023			1090.0	2.06885e-09
0.01095	0.00822859			1095.0	6.22298e-11
0.011	0.00695441			1100.0	2.79844e-09
0.01105	0.00313188			1105.0	4.2389e-09
0.0111	0.00822859			1110.0	9.90387e-09
0.01115	0.0120511			1115.0	1.03993e-08
0.0112	0.00950277			1120.0	4.18971e-11
0.01125	0.00568023			1125.0	2.22327e-09
0.0113	0.00822859			1130.0	7.70837e-10
0.01135	0.0120511			1135.0	1.68225e-09
0.0114	0.0120511			1140.0	5.2293e-09
0.01145	0.0120511			1145.0	5.79688e-09
0.0115	0.0158737			1150.0	6.22334e-10
0.01155	0.0171478			1155.0	3.32901e-09
0.0116	0.018422			1160.0	3.38805e-09
0.01165	0.0133253			1165.0	1.57927e-09
0.0117	0.0158737			1170.0	6.30631e-09
0.01175	0.0196962			1175.0	5.90755e-09
0.0118	0.018422			1180.0	2.00656e-10
0.01185	0.0158737			1185.0	4.94365e-10
0.0119	0.0145995			1190.0	6.24387e-10
0.01195	0.018422			1195.0	5.60764e-10
0.012	0.0171478			1200.0	2.60094e-09
0.01205	0.0107769			1205.0	1.78365e-09
0.0121	0.0120511			1210.0	9.30895e-10
0.01215	0.0120511			1215.0	2.41475e-09
0.0122	0.0107769			1220.0	3.92277e-09
0.01225	0.0133253			1225.0	8.0208e-09
0.0123	0.0158737			1230.0	4.07219e-09
0.01235	0.0133253			1235.0	1.07153e-08
0.0124	0.00695441			1240.0	1.04217e-08
0.01245	0.00695441			1245.0	1.4894e-08
0.0125	0.0120511			1250.0	4.92465e-09
0.01255	0.0171478			1255.0	2.0333e-08
0.0126	0.0145995			1260.0	2.26504e-08
0.01265	0.0120511			1265.0	1.53993e-08
0.0127	0.0120511			1270.0	1.36252e-08
0.01275	0.0145995			1275.0	4.25098e-08
0.0128	0.0145995			1280.0	1.61473e-08
0.01285	0.0145995			1285.0	5.97497e-09
0.0129	0.0133253			1290.0	9.33977e-09
0.01295	0.0158737			1295.0	1.43261e-08
0.013	0.0145995			1300.0	5.02301e-09
0.01305	0.0120511			1305.0	1.66098e-09
0.0131	0.0171478			1310.0	2.05815e-11
0.01315	0.018422			1315.0	6.07319e-10
0.0132	0.0145995			1320.0	1.36575e-09
0.01325	0.0107769			1325.0	2.29828e-09
0.0133	0.0107769			1330.0	2.88642e-09
0.01335	0.00822859			1335.0	8.35646e-10
0.0134	0.00950277			1340.0	1.11211e-09
0.01345	0.0107769			1345.0	1.14607e-09
0.0135	-0.00069066			1350.0	4.56465e-10
0.01355	0.00695441			1355.0	3.39129e-09
0.0136	0.00950277			1360.0	3.20997e-09
0.01365	0.00313188			1365.0	3.57912e-09
0.0137	-0.00323902			1370.0	2.28361e-09
0.01375	-0.00323902			1375.0	2.11661e-10
0.0138	0.00440605			1380.0	1.05229e-09
0.01385	0.00695441			1385.0	1.16828e-09
0.0139	0.00313188			1390.0	2.86934e-10
0.01395	-0.00578737			1395.0	5.20877e-09
0.014	-0.00196484			1400.0	5.41505e-09
0.01405	0.000583518			1405.0	3.00511e-09
0.0141	0.0018577			1410.0	2.96567e-09
0.01415	0.0018577			1415.0	2.4239e-09
0.0142	-0.00196484			1420.0	8.42463e-10
0.01425	-0.0045132			1425.0	5.88685e-10
0.0143	-0.00706155			1430.0	5.39582e-10
0.01435	-0.00706155			1435.0	1.63788e-09
0.0144	-0.00578737			1440.0	3.63547e-09
0.01445	-0.00706155			1445.0	3.05118e-09
0.0145	-0.00706155			1450.0	2.68072e-09
0.01455	-0.0134324			1455.0	5.02997e-09
0.0146	-0.0121583			1460.0	4.52618e-09
0.01465	-0.00960991			1465.0	8.95581e-10
0.0147	-0.00706155			1470.0	1.81747e-09
0.01475	-0.00833573			1475.0	2.31544e-09
0.0148	-0.00960991			1480.0	2.11245e-10
0.01485	-0.00833573			1485.0	1.03741e-10
0.0149	-0.0147066			1490.0	5.52453e-10
0.01495	-0.0210775			1495.0	7.65529e-10
0.015	-0.0147066			1500.0	1.70032e-09
0.01505	-0.017255			1505.0	5.22497e-10
0.0151	-0.0185292			1510.0	3.51103e-09
0.01515	-0.0159808			1515.0	6.0268e-09
0.0152	-0.0198033			1520.0	3.57316e-09
0.01525	-0.0249			1525.0	8.65421e-10
0.0153	-0.0261742			1530.0	5.62143e-09
0.01535	-0.0299968			1535.0	7.29383e-09
0.0154	-0.0274484			1540.0	1.53217e-09
0.01545	-0.0223517			1545.0	1.67662e-09
0.0155	-0.0223517			1550.0	9.45635e-10
0.01555	-0.0338193			1555.0	1.36788e-09
0.0156	-0.0338193			1560.0	8.82141e-10
0.01565	-0.0223517			1565.0	2.11332e-10
0.0157	-0.0249			1570.0	1.27388e-09
0.01575	-0.0249			1575.0	1.61255e-09
0.0158	-0.0287226			1580.0	1.47046e-09
0.01585	-0.0338193			1585.0	3.75087e-10
0.0159	-0.0312709			1590.0	6.80299e-10
0.01595	-0.0261742			1595.0	4.27479e-09
0.016	-0.0274484			1600.0	4.77073e-09
0.01605	-0.0325451			1605.0	4.89286e-09
0.0161	-0.0325451			1610.0	9.25897e-10
0.01615	-0.0299968			1615.0	1.20716e-09
0.0162	-0.0274484			1620.0	2.79313e-10
0.01625	-0.0274484			1625.0	5.12068e-10
0.0163	-0.0274484			1630.0	7.1834e-10
0.01635	-0.0236259			1635.0	9.25225e-11
0.0164	-0.0223517			1640.0	4.43409e-10
0.01645	-0.0223517			1645.0	2.45081e-10
0.0165	-0.0274484			1650.0	4.57591e-10
0.01655	-0.0287226			1655.0	7.4406e-10
0.0166	-0.0274484			1660.0	1.07299e-09
0.01665	-0.0274484			1665.0	2.97343e-09
0.0167	-0.0274484			1670.0	3.21934e-09
0.01675	-0.0274484			1675.0	3.99372e-09
0.0168	-0.0299968			1680.0	1.37572e-09
0.01685	-0.0299968			1685.0	8.01346e-10
0.0169	-0.0287226			1690.0	3.09053e-10
0.01695	-0.0338193			1695.0	8.56282e-10
0.017	-0.0287226			1700.0	2.85348e-10
0.01705	-0.0223517			1705.0	1.236e-09
0.0171	-0.0312709			1710.0	4.48722e-09
0.01715	-0.0299968			1715.0	3.25115e-09
0.0172	-0.0261742			1720.0	2.29811e-09
0.01725	-0.0261742			1725.0	3.63292e-09
0.0173	-0.0236259			1730.0	3.04178e-09
0.01735	-0.0185292			1735.0	1.5595e-09
0.0174	-0.0249			1740.0	8.16429e-10
0.01745	-0.0261742			1745.0	2.52538e-09
0.0175	-0.0223517			1750.0	1.51189e-09
0.01755	-0.0210775			1755.0	3.67581e-10
0.0176	-0.017255			1760.0	2.28187e-11
0.01765	-0.0147066			1765.0	3.39801e-10
0.0177	-0.017255			1770.0	4.71146e-11
0.01775	-0.0185292			1775.0	6.88724e-10
0.0178	-0.0147066			1780.0	2.47175e-10
0.01785	-0.0121583			1785.0	1.38345e-09
0.0179	-0.00960991			1790.0	1.4786e-09
0.01795	-0.00706155			1795.0	8.82988e-10
0.018	-0.0121583			1800.0	8.87305e-10
0.01805	-0.00960991			1805.0	7.84345e-11
0.0181	-0.00706155			1810.0	3.69944e-10
0.01815	-0.00833573			1815.0	1.16094e-09
0.0182	-0.0121583			1820.0	1.27477e-11
0.01825	-0.0108841			1825.0	5.88783e-10
0.0183	-0.00578737			1830.0	6.30109e-10
0.01835	-0.00323902			1835.0	1.48881e-09
0.0184	-0.00578737			1840.0	4.86522e-09
0.01845	-0.0121583			1845.0	2.97065e-09
0.0185	-0.0134324			1850.0	5.07597e-10
0.01855	-0.00706155			1855.0	3.68344e-09
0.0186	-0.00323902			1860.0	5.03343e-09
0.01865	-0.0045132			1865.0	5.11958e-09
0.0187	-0.0108841			1870.0	1.86198e-09
0.01875	-0.00960991			1875.0	9.47251e-11
0.0188	-0.00196484			1880.0	2.79093e-10
0.01885	0.00313188			1885.0	6.08143e-09
0.0189	0.000583518			1890.0	1.17004e-08
0.01895	-0.00069066			1895.0	1.28664e-08
0.019	-0.00196484			1900.0	4.95323e-09
0.01905	0.00568023			1905.0	1.37639e-09
0.0191	0.00440605			1910.0	3.09459e-09
0.01915	0.00440605			1915.0	5.36963e-10
0.0192	0.00313188			1920.0	7.5666e-09
0.01925	0.0018577			1925.0	5.29416e-09
0.0193	0.00695441			1930.0	1.26565e-10
0.01935	0.00822859			1935.0	2.57922e-09
0.0194	0.00440605			1940.0	3.92037e-09
0.01945	0.00695441			1945.0	1.68813e-09
0.0195	0.00695441			1950.0	7.70614e-10
0.01955	0.00822859			1955.0	4.42453e-09
0.0196	0.0107769			1960.0	6.29821e-09
0.01965	0.00822859			1965.0	8.9927e-09
0.0197	0.00568023			1970.0	6.9273e-09
0.01975	0.00440605			1975.0	2.52261e-09
0.0198	0.00568023			1980.0	1.53436e-09
0.01985	0.00440605			1985.0	1.0151e-10
0.0199	0.00313188			1990.0	5.0632e-09
0.01995	0.00695441			1995.0	5.9446e-09
0.02	0.0018577			2000.0	2.9453e-09
0.02005	-0.00196484			2005.0	3.93832e-09
0.0201	-0.00196484			2010.0	4.9262e-09
0.02015	-0.00323902			2015.0	3.00062e-09
0.0202	-0.00069066			2020.0	9.47264e-10
0.02025	0.00440605			2025.0	2.51226e-10
0.0203	-0.0045132			2030.0	1.92234e-10
0.02035	-0.0045132			2035.0	4.30491e-10
0.0204	0.0018577			2040.0	8.11018e-10
0.02045	0.0018577			2045.0	1.90274e-09
0.0205	0.000583518			2050.0	2.02923e-09
0.02055	0.00313188			2055.0	2.98463e-09
0.0206	-0.00578737			2060.0	1.96854e-09
0.02065	0.000583518			2065.0	2.36367e-09
0.0207	0.00313188			2070.0	2.118e-09
0.02075	-0.00196484			2075.0	9.11786e-10
0.0208	-0.0045132			2080.0	2.68052e-09
0.02085	-0.0045132			2085.0	9.18984e-10
0.0209	0.0018577			2090.0	1.3394e-09
0.02095	-0.00069066			2095.0	5.79624e-09
0.021	-0.00323902			2100.0	1.71012e-09
0.02105	-0.0045132			2105.0	1.30733e-09
0.0211	-0.00196484			2110.0	2.31442e-09
0.02115	0.00313188			2115.0	8.40054e-10
0.0212	0.00313188			2120.0	3.52739e-11
0.02125	0.000583518			2125.0	6.09395e-09
0.0213	0.000583518			2130.0	9.13358e-09
0.02135	0.00313188			2135.0	3.20102e-10
0.0214	-0.00196484			2140.0	4.78281e-09
0.02145	-0.00323902			2145.0	7.43524e-09
0.0215	-0.00578737			2150.0	1.33794e-09
0.02155	-0.00196484			2155.0	3.98244e-09
0.0216	-0.00323902			2160.0	4.29074e-10
0.02165	-0.0045132			2165.0	7.51988e-09
0.0217	-0.00833573			2170.0	2.39715e-08
0.02175	-0.00706155			2175.0	1.45466e-08
0.0218	-0.00323902			2180.0	2.61399e-10
0.02185	-0.0045132			2185.0	1.37626e-08
0.0219	-0.0121583			2190.0	1.69753e-08
0.02195	-0.0134324			2195.0	3.17779e-08
0.022	-0.00323902			2200.0	2.22775e-08
0.02205	0.000583518			2205.0	3.67668e-08
0.0221	-0.00323902			2210.0	2.59103e-08
0.02215	-0.0134324			2215.0	2.12535e-08
0.0222	-0.00960991			2220.0	6.92041e-08
0.02225	-0.0045132			2225.0	4.99344e-08
0.0223	0.000583518			2230.0	1.32257e-08
0.02235	-0.0045132			2235.0	6.4904e-09
0.0224	-0.0121583			2240.0	2.52801e-08
0.02245	-0.0045132			2245.0	3.0903e-08
0.0225	-0.0045132			2250.0	6.57987e-08
0.02255	-0.00196484			2255.0	4.17462e-08
0.0226	-0.00578737			2260.0	2.36112e-08
0.02265	-0.00196484			2265.0	7.85284e-08
0.0227	-0.00196484			2270.0	2.3994e-10
0.02275	0.000583518			2275.0	7.98965e-08
0.0228	0.00313188			2280.0	3.54484e-08
0.02285	0.000583518			2285.0	2.03039e-08
0.0229	0.0018577			2290.0	1.16473e-07
0.02295	0.0018577			2295.0	2.32401e-07
0.023	0.000583518			2300.0	3.70088e-07
0.02305	-0.00323902			2305.0	3.10153e-07
0.0231	0.00313188			2310.0	1.39468e-07
0.02315	0.00695441			2315.0	1.13812e-07
0.0232	0.00695441			2320.0	1.21661e-07
0.02325	-0.0045132			2325.0	4.10919e-08
0.0233	-0.00706155			2330.0	1.59075e-08
0.02335	0.000583518			2335.0	3.56468e-08
0.0234	0.00822859			2340.0	1.92576e-08
0.02345	0.0107769			2345.0	1.93139e-08
0.0235	0.00440605			2350.0	2.57429e-08
0.02355	-0.0045132			2355.0	1.30734e-08
0.0236	0.00568023			2360.0	4.16918e-09
0.02365	0.0107769			2365.0	2.03e-08
0.0237	0.00822859			2370.0	2.1677e-08
0.02375	0.00313188			2375.0	3.90729e-09
0.0238	0.00695441			2380.0	5.00217e-09
0.02385	0.00950277			2385.0	1.85172e-08
0.0239	0.0107769			2390.0	1.05639e-08
0.02395	0.00950277			2395.0	2.66015e-09
0.024	0.00695441			2400.0	8.84594e-09
0.02405	0.00822859			2405.0	8.4958e-10
0.0241	0.00950277			2410.0	1.11513e-08
0.02415	0.0107769			2415.0	1.0763e-08
0.0242	0.00950277			2420.0	3.3292e-08
0.02425	0.0171478			2425.0	2.40109e-08
0.0243	0.018422			2430.0	1.70154e-08
0.02435	0.018422			2435.0	3.21784e-08
0.0244	0.0120511			2440.0	2.71495e-08
0.02445	0.0133253			2445.0	3.10025e-08
0.0245	0.0145995			2450.0	4.86123e-08
0.02455	0.0209704			2455.0	2.49696e-08
0.0246	0.0209704			2460.0	1.29072e-08
0.02465	0.0133253			2465.0	2.92293e-08
0.0247	0.0133253			2470.0	3.98469e-09
0.02475	0.018422			2475.0	5.59965e-09
0.0248	0.0158737			2480.0	1.57472e-08
0.02485	0.0145995			2485.0	4.04766e-08
0.0249	0.00950277			2490.0	2.86032e-08
0.02495	0.0120511			2495.0	1.50551e-08
0.025	0.0133253			2500.0	1.98908e-09
0.02505	0.0145995			2505.0	6.90258e-09
0.0251	0.0107769			2510.0	6.80375e-08
0.02515	0.00950277			2515.0	5.98492e-08
0.0252	0.0120511			2520.0	1.50348e-08
0.02525	0.0158737			2525.0	1.88107e-08
0.0253	0.0120511			2530.0	5.54408e-09
0.02535	0.0107769			2535.0	3.91097e-10
0.0254	0.0107769			2540.0	1.66774e-10
0.02545	0.0133253			2545.0	1.32769e-08
0.0255	0.0120511			2550.0	1.66252e-08
0.02555	0.0120511			2555.0	9.51936e-09
0.0256	0.00950277			2560.0	1.30778e-08
0.02565	0.0107769			2565.0	3.02122e-10
0.0257	0.0107769			2570.0	9.54885e-09
0.02575	0.0133253			2575.0	3.34278e-09
0.0258	0.0120511			2580.0	4.33291e-09
0.02585	0.0107769			2585.0	9.85651e-09
0.0259	0.0107769			2590.0	5.36992e-09
0.02595	0.0145995			2595.0	7.05239e-09
0.026	0.0145995			2600.0	4.68644e-09
0.02605	0.0133253			2605.0	3.05356e-09
0.0261	0.0133253			2610.0	4.57543e-10
0.02615	0.00822859			2615.0	1.33769e-09
0.0262	0.0120511			2620.0	3.47471e-09
0.02625	0.00822859			2625.0	6.75986e-09
0.0263	0.00822859			2630.0	8.5135e-09
0.02635	0.0107769			2635.0	4.05684e-09
0.0264	0.0107769			2640.0	6.93969e-09
0.02645	-0.00069066			2645.0	1.37057e-09
0.0265	-0.0045132			2650.0	1.05233e-09
0.02655	-0.00196484			2655.0	1.06063e-08
0.0266	0.00695441			2660.0	1.00439e-08
0.02665	0.00695441			2665.0	7.16131e-09
0.0267	-0.00069066			2670.0	1.4783e-09
0.02675	-0.00706155			2675.0	5.12571e-09
0.0268	-0.00706155			2680.0	2.10447e-09
0.02685	0.00313188			2685.0	4.20222e-09
0.0269	0.00440605			2690.0	4.94854e-09
0.02695	-0.00196484			2695.0	1.95879e-09
0.027	-0.00196484			2700.0	2.97349e-09
0.02705	-0.0045132			2705.0	9.57803e-10
0.0271	-0.00196484			2710.0	9.97556e-10
0.02715	-0.00069066			2715.0	4.62374e-09
0.0272	-0.0045132			2720.0	2.98055e-09
0.02725	-0.00578737			2725.0	5.3871e-10
0.0273	-0.00706155			2730.0	1.96884e-09
0.02735	-0.0108841			2735.0	3.50692e-09
0.0274	-0.0108841			2740.0	1.20748e-08
0.02745	-0.00960991			2745.0	1.20297e-08
0.0275	-0.00833573			2750.0	4.6127e-11
0.02755	-0.00833573			2755.0	3.53714e-09
0.0276	-0.0134324			2760.0	2.14339e-10
0.02765	-0.0159808			2765.0	2.55265e-09
0.0277	-0.0185292			2770.0	1.06537e-10
0.02775	-0.0134324			2775.0	1.37302e-09
0.0278	-0.0121583			2780.0	4.34441e-10
0.02785	-0.0147066			2785.0	5.44926e-10
0.0279	-0.0185292			2790.0	2.22876e-10
0.02795	-0.0185292			2795.0	7.67303e-10
0.028	-0.017255			2800.0	4.26105e-09
0.02805	-0.0185292			2805.0	1.94556e-09
0.0281	-0.0223517			2810.0	2.29563e-09
0.02815	-0.017255			2815.0	1.47087e-10
0.0282	-0.0121583			2820.0	4.19937e-10
0.02825	-0.00960991			2825.0	4.08963e-11
0.0283	-0.0159808			2830.0	3.6289e-10
0.02835	-0.0198033			2835.0	7.29821e-09
0.0284	-0.0147066			2840.0	8.00494e-09
0.02845	-0.00706155			2845.0	7.25929e-10
0.0285	-0.00706155			2850.0	1.03097e-09
0.02855	-0.00833573			2855.0	9.96493e-10
0.0286	-0.017255			2860.0	4.55875e-10
0.02865	-0.0147066			2865.0	2.16677e-10
0.0287	-0.00960991			2870.0	7.98327e-09
0.02875	-0.00706155			2875.0	1.34892e-08
0.0288	-0.0121583			2880.0	5.95921e-09
0.02885	-0.0147066			2885.0	4.93692e-09
0.0289	-0.0134324			2890.0	6.54184e-09
0.02895	-0.0134324			2895.0	6.27826e-10
0.029	-0.0147066			2900.0	1.82987e-09
0.02905	-0.0134324			2905.0	1.67819e-09
0.0291	-0.0121583			2910.0	9.92076e-09
0.02915	-0.00960991			2915.0	9.94482e-09
0.0292	-0.0147066			2920.0	5.39285e-09
0.02925	-0.0185292			2925.0	2.69899e-09
0.0293	-0.017255			2930.0	4.90648e-09
0.02935	-0.017255			2935.0	1.95189e-08
0.0294	-0.017255			2940.0	2.29426e-09
0.02945	-0.0147066			2945.0	9.94122e-09
0.0295	-0.0185292			2950.0	9.38985e-09
0.02955	-0.0223517			2955.0	1.52598e-09
0.0296	-0.0236259			2960.0	7.7956e-10
0.02965	-0.0198033			2965.0	1.68074e-09
0.0297	-0.0261742			2970.0	1.15705e-09
0.02975	-0.0236259			2975.0	2.25371e-10
0.0298	-0.0261742			2980.0	1.00584e-09
0.02985	-0.0185292			2985.0	2.11053e-09
0.0299	-0.0198033			2990.0	4.94318e-09
0.02995	-0.0223517			2995.0	4.06681e-09
0.03	-0.0249			3000.0	3.45047e-09
0.03005	-0.017255			3005.0	3.74722e-09
0.0301	-0.0134324			3010.0	3.72722e-10
0.03015	-0.017255			3015.0	1.5219e-09
0.0302	-0.0159808			3020.0	1.20325e-09
0.03025	-0.017255			3025.0	2.57153e-09
0.0303	-0.0134324			3030.0	9.56065e-10
0.03035	-0.00833573			3035.0	5.73919e-10
0.0304	-0.00578737			3040.0	2.48807e-09
0.03045	-0.00578737			3045.0	8.79901e-09
0.0305	-0.00833573			3050.0	2.00768e-08
0.03055	-0.00706155			3055.0	1.0146e-08
0.0306	-0.00706155			3060.0	1.53039e-09
0.03065	-0.00196484			3065.0	3.98493e-09
0.0307	0.000583518			3070.0	1.32568e-10
0.03075	0.0018577			3075.0	3.84078e-09
0.0308	-0.00069066			3080.0	8.4538e-11
0.03085	-0.00323902			3085.0	4.13271e-09
0.0309	-0.00578737			3090.0	7.50946e-09
0.03095	-0.00323902			3095.0	1.43932e-08
0.031	-0.00323902			3100.0	9.801e-09
0.03105	0.000583518			3105.0	2.18752e-08
0.0311	-0.00706155			3110.0	7.65555e-09
0.03115	-0.00706155			3115.0	1.55224e-09
0.0312	-0.0108841			3120.0	9.98292e-10
0.03125	-0.00578737			3125.0	6.19255e-09
0.0313	-0.00960991			3130.0	3.3799e-08
0.03135	-0.0121583			3135.0	3.6538e-08
0.0314	-0.00833573			3140.0	3.12908e-08
0.03145	-0.00578737			3145.0	7.48951e-08
0.0315	-0.00578737			3150.0	6.09935e-08
0.03155	-0.00323902			3155.0	1.91964e-08
0.0316	-0.0121583			3160.0	3.73134e-08
0.03165	-0.00833573			3165.0	4.70291e-08
0.0317	-0.00196484			3170.0	2.18662e-08
0.03175	0.000583518			3175.0	2.44064e-09
0.0318	-0.0045132			3180.0	1.23998e-08
0.03185	-0.0045132			3185.0	3.45854e-08
0.0319	-0.00196484			3190.0	1.70771e-08
0.03195	-0.00069066			3195.0	1.86272e-09
0.032	0.00313188			3200.0	2.16823e-08
0.03205	0.00313188			3205.0	2.27535e-08
0.0321	0.0018577			3210.0	1.37451e-09
0.03215	-0.00069066			3215.0	4.94009e-09
0.0322	0.000583518			3220.0	6.12521e-09
0.03225	0.00313188			3225.0	7.44719e-09
0.0323	0.00440605			3230.0	2.09375e-09
0.03235	0.00695441			3235.0	6.22052e-10
0.0324	0.00568023			3240.0	2.73839e-09
0.03245	0.00568023			3245.0	1.20008e-09
0.0325	0.0018577			3250.0	7.58382e-10
0.03255	0.0018577			3255.0	9.60153e-09
0.0326	0.000583518			3260.0	8.12281e-09
0.03265	0.00695441			3265.0	6.82912e-11
0.0327	0.0107769			3270.0	5.23136e-09
0.03275	0.000583518			3275.0	6.00967e-09
0.0328	0.000583518			3280.0	1.77893e-09
0.03285	0.0018577			3285.0	5.39508e-10
0.0329	0.00313188			3290.0	2.3598e-10
0.03295	-0.00196484			3295.0	7.79879e-10
0.033	-0.00196484			3300.0	2.55126e-10
0.03305	0.0018577			3305.0	8.22972e-09
0.0331	0.00440605			3310.0	1.51449e-08
0.03315	0.00313188			3315.0	3.30327e-09
0.0332	-0.00196484			3320.0	4.30432e-09
0.03325	-0.0045132			3325.0	6.23555e-09
0.0333	0.000583518			3330.0	4.39081e-09
0.03335	0.00822859			3335.0	1.15726e-09
0.0334	0.00568023			3340.0	7.4378e-10
0.03345	0.0018577			3345.0	2.07627e-09
0.0335	0.000583518			3350.0	6.8693e-10
0.03355	-0.00196484			3355.0	1.01988e-09
0.0336	0.000583518			3360.0	3.40753e-09
0.03365	0.00313188			3365.0	6.99665e-10
0.0337	0.0018577			3370.0	2.10328e-09
0.03375	0.000583518			3375.0	2.38415e-09
0.0338	0.0018577			3380.0	1.38235e-09
0.03385	-0.00323902			3385.0	4.84067e-10
0.0339	-0.0045132			3390.0	5.03622e-09
0.03395	-0.00323902			3395.0	1.91932e-09
0.034	-0.00196484			3400.0	5.43189e-09
0.03405	0.00695441			3405.0	3.33787e-09
0.0341	-0.00196484			3410.0	1.89592e-09
0.03415	-0.00578737			3415.0	3.10553e-10
0.0342	-0.00960991			3420.0	2.20975e-09
0.03425	-0.00706155			3425.0	1.00493e-09
0.0343	-0.00833573			3430.0	1.32407e-09
0.03435	-0.00833573			3435.0	4.78418e-09
0.0344	-0.00960991			3440.0	1.66323e-09
0.03445	-0.00578737			3445.0	1.73162e-10
0.0345	-0.00960991			3450.0	7.8245e-10
0.03455	-0.017255			3455.0	3.50537e-10
0.0346	-0.0210775			3460.0	1.21423e-09
0.03465	-0.0185292			3465.0	2.04428e-09
0.0347	-0.00706155			3470.0	1.24173e-09
0.03475	-0.00706155			3475.0	9.52567e-10
0.0348	-0.0121583			3480.0	8.95426e-10
0.03485	-0.017255			3485.0	6.43928e-10
0.0349	-0.0121583			3490.0	1.34367e-09
0.03495	-0.00706155			3495.0	2.26862e-09
0.035	-0.00706155			3500.0	4.00987e-09
0.03505	-0.00833573			3505.0	6.47891e-09
0.0351	-0.00578737			3510.0	4.04377e-09
0.03515	-0.00578737			3515.0	1.60267e-09
0.0352	-0.00196484			3520.0	1.09321e-09
0.03525	-0.00706155			3525.0	6.64525e-10
0.0353	-0.00706155			3530.0	1.13388e-09
0.03535	-0.00323902			3535.0	1.92749e-10
0.0354	-0.00069066			3540.0	6.13316e-10
0.03545	-0.00069066			3545.0	9.97481e-10
0.0355	-0.00706155			3550.0	3.67906e-10
0.03555	-0.00196484			3555.0	1.61428e-10
0.0356	-0.0045132			3560.0	8.67019e-10
0.03565	-0.0045132			3565.0	1.99016e-09
0.0357	-0.00196484			3570.0	2.86961e-09
0.03575	-0.00196484			3575.0	4.49617e-10
0.0358	-0.0045132			3580.0	2.32393e-09
0.03585	-0.00706155			3585.0	5.99525e-09
0.0359	-0.00578737			3590.0	1.58655e-09
0.03595	-0.00960991			3595.0	4.5117e-09
0.036	-0.0121583			3600.0	2.2133e-09
0.03605	-0.00833573			3605.0	5.95102e-12
0.0361	-0.00196484			3610.0	3.7725e-10
0.03615	-0.00833573			3615.0	1.28475e-09
0.0362	-0.0134324			3620.0	1.42457e-09
0.03625	-0.0121583			3625.0	5.88237e-09
0.0363	-0.00706155			3630.0	1.27203e-08
0.03635	0.000583518			3635.0	5.90786e-09
0.0364	-0.00323902			3640.0	2.46368e-09
0.03645	-0.00833573			3645.0	9.68925e-10
0.0365	-0.00196484			3650.0	1.18396e-09
0.03655	0.00695441			3655.0	3.12548e-09
0.0366	0.00950277			3660.0	6.6315e-09
0.03665	0.00313188			3665.0	5.20129e-09
0.0367	0.000583518			3670.0	2.91552e-09
0.03675	0.00695441			3675.0	1.65587e-08
0.0368	0.0120511			3680.0	4.00217e-10
0.03685	0.0107769			3685.0	1.61708e-08
0.0369	0.00822859			3690.0	4.12739e-09
0.03695	0.0107769			3695.0	1.08884e-09
0.037	0.0120511			3700.0	2.54823e-09
0.03705	0.0107769			3705.0	2.09205e-09
0.0371	0.0107769			3710.0	4.02245e-09
0.03715	0.0120511			3715.0	4.24903e-09
0.0372	0.0120511			3720.0	5.27874e-10
0.03725	0.018422			3725.0	1.20903e-09
0.0373	0.0120511			3730.0	2.29185e-08
0.03735	0.0133253			3735.0	1.81648e-08
0.0374	0.0120511			3740.0	8.51396e-09
0.03745	0.0107769			3745.0	8.96034e-09
0.0375	0.0133253			3750.0	4.91442e-10
0.03755	0.0145995			3755.0	4.82285e-09
0.0376	0.0145995			3760.0	8.56526e-08
0.03765	0.00950277			3765.0	5.68898e-08
0.0377	0.0107769			3770.0	5.73229e-09
0.03775	0.00695441			3775.0	1.26675e-08
0.0378	0.00440605			3780.0	4.1429e-08
0.03785	0.00440605			3785.0	2.09141e-08
0.0379	0.0107769			3790.0	4.44324e-08
0.03795	0.0145995			3795.0	7.71523e-08
0.038	0.0133253			3800.0	4.09467e-08
0.03805	0.00950277			3805.0	2.44093e-08
0.0381	0.00440605			3810.0	1.49605e-09
0.03815	0.00695441			3815.0	4.00865e-08
0.0382	0.0133253			3820.0	2.86927e-08
0.03825	0.0133253			3825.0	1.02272e-08
0.0383	0.0158737			3830.0	2.8917e-08
0.03835	0.0145995			3835.0	5.1225e-08
0.0384	0.0120511			3840.0	5.181e-08
0.03845	0.00950277			3845.0	7.46461e-09
0.0385	0.0133253			3850.0	1.15202e-08
0.03855	0.0158737			3855.0	9.77965e-10
0.0386	0.0120511			3860.0	2.02264e-08
0.03865	0.018422			3865.0	2.44378e-08
0.0387	0.0158737			3870.0	5.46653e-09
0.03875	0.018422			3875.0	1.99809e-08
0.0388	0.0145995			3880.0	2.49833e-08
0.03885	0.0158737			3885.0	3.33028e-09
0.0389	0.018422			3890.0	5.94774e-09
0.03895	0.0158737			3895.0	6.24097e-09
0.039	0.0171478			3900.0	1.21063e-09
0.03905	0.018422			3905.0	3.70639e-09
0.0391	0.018422			3910.0	5.36867e-09
0.03915	0.0145995			3915.0	4.45383e-09
0.0392	0.0107769			3920.0	4.87451e-09
0.03925	0.00695441			3925.0	6.39882e-09
0.0393	0.00695441			3930.0	3.08466e-09
0.03935	0.0107769			3935.0	4.97592e-09
0.0394	0.00440605			3940.0	6.53212e-09
0.03945	-0.00196484			3945.0	9.00228e-09
0.0395	-0.00578737			3950.0	8.90516e-09
0.03955	-0.00578737			3955.0	1.41653e-08
0.0396	-0.00069066			3960.0	3.17364e-09
0.03965	-0.00578737			3965.0	2.52508e-09
0.0397	-0.0121583			3970.0	4.02207e-09
0.03975	-0.00833573			3975.0	2.99567e-10
0.0398	-0.00706155			3980.0	5.27425e-09
0.03985	-0.00833573			3985.0	2.22423e-09
0.0399	-0.00706155			3990.0	2.3486e-09
0.03995	-0.0108841			3995.0	3.68487e-09
0.04	-0.0108841			4000.0	7.54743e-09
0.04005	-0.0108841			4005.0	1.14751e-09
0.0401	-0.00833573			4010.0	2.96147e-09
0.04015	-0.00833573			4015.0	3.65531e-09
0.0402	-0.00706155			4020.0	4.95358e-09
0.04025	-0.0045132			4025.0	6.28854e-09
0.0403	-0.00578737			4030.0	9.2334e-09
0.04035	-0.00578737			4035.0	1.04749e-08
0.0404	-0.0045132			4040.0	8.2869e-09
0.04045	-0.00196484			4045.0	2.8751e-09
0.0405	-0.00196484			4050.0	1.28089e-09
0.04055	0.00313188			4055.0	5.14944e-10
0.0406	0.0018577			4060.0	2.69483e-09
0.04065	0.00568023			4065.0	3.09346e-09
0.0407	0.000583518			4070.0	6.01618e-09
0.04075	0.000583518			4075.0	5.2263e-09
0.0408	0.000583518			4080.0	1.47397e-09
0.04085	-0.00578737			4085.0	2.80672e-09
0.0409	-0.00196484			4090.0	2.04743e-09
0.04095	-0.00196484			4095.0	1.32582e-09
0.041	-0.00196484			4100.0	1.20401e-10
0.04105	-0.00960991			4105.0	2.90928e-09
0.0411	-0.017255			4110.0	9.5165e-10
0.04115	-0.017255			4115.0	8.04855e-10
0.0412	-0.0134324			4120.0	5.05603e-09
0.04125	-0.0108841			4125.0	2.78654e-09
0.0413	-0.0147066			4130.0	4.56906e-09
0.04135	-0.0223517			4135.0	2.68534e-09
0.0414	-0.0198033			4140.0	4.04118e-10
0.04145	-0.0236259			4145.0	1.67078e-09
0.0415	-0.0249			4150.0	4.70625e-09
0.04155	-0.0249			4155.0	2.00941e-10
0.0416	-0.0249			4160.0	3.95218e-09
0.04165	-0.0223517			4165.0	3.62878e-09
0.0417	-0.0223517			4170.0	2.59461e-09
0.04175	-0.0261742			4175.0	1.39429e-09
0.0418	-0.0261742			4180.0	3.19156e-09
0.04185	-0.0299968			4185.0	3.71725e-09
0.0419	-0.0261742			4190.0	4.19076e-09
0.04195	-0.0249			4195.0	5.30157e-09
0.042	-0.0249			4200.0	6.20751e-10
0.04205	-0.017255			4205.0	3.41532e-10
0.0421	-0.0147066			4210.0	7.88527e-10
0.04215	-0.017255			4215.0	3.32681e-09
0.0422	-0.0147066			4220.0	6.5578e-09
0.04225	-0.0147066			4225.0	4.53379e-09
0.0423	-0.0108841			4230.0	1.5921e-09
0.04235	-0.00960991			4235.0	3.39141e-09
0.0424	-0.0045132			4240.0	1.03024e-08
0.04245	-0.00578737			4245.0	1.98969e-08
0.0425	-0.00578737			4250.0	3.88752e-09
0.04255	-0.00196484			4255.0	1.21246e-08
0.0426	-0.00706155			4260.0	3.47211e-08
0.04265	-0.00833573			4265.0	6.75074e-09
0.0427	-0.00706155			4270.0	4.79288e-09
0.04275	-0.00706155			4275.0	6.67976e-09
0.0428	0.000583518			4280.0	2.03791e-10
0.04285	-0.00196484			4285.0	3.86613e-09
0.0429	-0.00706155			4290.0	2.42517e-09
0.04295	-0.00960991			4295.0	9.12079e-09
0.043	-0.0108841			4300.0	1.4098e-09
0.04305	-0.00833573			4305.0	1.62803e-08
0.0431	-0.00960991			4310.0	1.92743e-09
0.04315	-0.00960991			4315.0	1.32567e-08
0.0432	-0.0108841			4320.0	9.35734e-09
0.04325	-0.0159808			4325.0	4.25111e-09
0.0433	-0.017255			4330.0	1.35969e-08
0.04335	-0.0198033			4335.0	4.0879e-08
0.0434	-0.0185292			4340.0	1.82046e-09
0.04345	-0.017255			4345.0	9.91471e-09
0.0435	-0.017255			4350.0	2.64886e-10
0.04355	-0.017255			4355.0	4.34226e-09
0.0436	-0.0134324			4360.0	4.29343e-08
0.04365	-0.0198033			4365.0	5.66948e-08
0.0437	-0.017255			4370.0	1.81324e-08
0.04375	-0.0185292			4375.0	1.56805e-08
0.0438	-0.017255			4380.0	1.08734e-08
0.04385	-0.0134324			4385.0	4.52763e-08
0.0439	-0.0134324			4390.0	5.86752e-08
0.04395	-0.0108841			4395.0	8.89847e-08
0.044	-0.00706155			4400.0	5.58369e-08
0.04405	-0.00960991			4405.0	1.55238e-08
0.0441	-0.00706155			4410.0	1.58208e-08
0.04415	-0.00706155			4415.0	2.78844e-08
0.0442	-0.00706155			4420.0	3.12788e-08
0.04425	-0.00706155			4425.0	2.78535e-08
0.0443	-0.00706155			4430.0	5.75823e-08
0.04435	0.000583518			4435.0	6.6979e-09
0.0444	0.0018577			4440.0	9.43715e-09
0.04445	0.00440605			4445.0	2.6e-09
0.0445	-0.00069066			4450.0	4.24762e-08
0.04455	-0.00196484			4455.0	3.10346e-08
0.0446	0.00568023			4460.0	6.13959e-09
0.04465	0.00822859			4465.0	3.24023e-08
0.0447	0.0120511			4470.0	6.52989e-09
0.04475	0.0107769			4475.0	1.66423e-08
0.0448	0.00822859			4480.0	4.12442e-10
0.04485	0.0107769			4485.0	8.6682e-09
0.0449	0.00695441			4490.0	6.67408e-09
0.04495	0.00950277			4495.0	2.01935e-09
0.045	0.0107769			4500.0	1.15635e-08
0.04505	0.00822859			4505.0	8.16938e-09
0.0451	0.0120511			4510.0	9.2657e-09
0.04515	0.0107769			4515.0	2.62011e-08
0.0452	0.0107769			4520.0	1.9981e-08
0.04525	0.00695441			4525.0	2.06128e-08
0.0453	0.00440605			4530.0	1.5698e-08
0.04535	0.00695441			4535.0	1.70665e-09
0.0454	0.00822859			4540.0	9.98329e-09
0.04545	0.00822859			4545.0	6.03321e-09
0.0455	0.00695441			4550.0	3.89673e-09
0.04555	0.00822859			4555.0	2.42355e-09
0.0456	0.00822859			4560.0	1.13741e-09
0.04565	0.00695441			4565.0	2.05253e-09
0.0457	0.00313188			4570.0	2.15519e-09
0.04575	0.00822859			4575.0	9.1563e-09
0.0458	0.00822859			4580.0	5.33302e-09
0.04585	0.000583518			4585.0	8.35304e-10
0.0459	0.00568023			4590.0	1.9373e-09
0.04595	0.00822859			4595.0	3.25181e-09
0.046	0.00822859			4600.0	5.07037e-09
0.04605	0.00822859			4605.0	3.98455e-09
0.0461	0.00313188			4610.0	2.24954e-09
0.04615	0.000583518			4615.0	1.13213e-09
0.0462	0.00822859			4620.0	8.67544e-10
0.04625	0.0133253			4625.0	4.81806e-09
0.0463	0.00822859			4630.0	1.18577e-09
0.04635	0.00568023			4635.0	2.48545e-10
0.0464	0.00695441			4640.0	1.01156e-09
0.04645	0.00695441			4645.0	7.99528e-09
0.0465	0.00568023			4650.0	9.30941e-09
0.04655	0.00822859			4655.0	1.52613e-08
0.0466	0.00822859			4660.0	2.96019e-09
0.04665	0.0107769			4665.0	1.21808e-09
0.0467	0.0107769			4670.0	6.03303e-11
0.04675	0.00695441			4675.0	1.56219e-09
0.0468	0.00440605			4680.0	2.83077e-09
0.04685	0.00440605			4685.0	4.61249e-10
0.0469	0.00568023			4690.0	4.70299e-09
0.04695	0.00695441			4695.0	4.62422e-09
0.047	0.00568023			4700.0	1.70448e-09
0.04705	0.00440605			4705.0	2.38269e-09
0.0471	0.00440605			4710.0	1.52054e-09
0.04715	0.00440605			4715.0	4.69243e-09
0.0472	0.000583518			4720.0	3.87789e-09
0.04725	-0.00323902			4725.0	1.50252e-09
0.0473	0.000583518			4730.0	2.87727e-09
0.04735	0.0018577			4735.0	2.30867e-09
0.0474	-0.00323902			4740.0	6.91793e-11
0.04745	-0.0045132			4745.0	1.15544e-10
0.0475	-0.00578737			4750.0	5.20433e-09
0.04755	-0.00196484			4755.0	3.09883e-09
0.0476	-0.00196484			4760.0	2.92477e-11
0.04765	-0.00706155			4765.0	1.4145e-10
0.0477	-0.0121583			4770.0	4.24541e-10
0.04775	-0.00578737			4775.0	8.75525e-10
0.0478	0.000583518			4780.0	1.51133e-09
0.04785	0.000583518			4785.0	6.73738e-10
0.0479	-0.0045132			4790.0	2.72961e-09
0.04795	-0.00578737			4795.0	1.34732e-09
0.048	-0.0108841			4800.0	1.08201e-09
0.04805	-0.00833573			4805.0	5.56108e-10
0.0481	-0.00196484			4810.0	7.80861e-11
0.04815	-0.00706155			4815.0	1.12867e-09
0.0482	-0.00196484			4820.0	1.04098e-09
0.04825	-0.00069066			4825.0	8.40246e-10
0.0483	-0.00323902			4830.0	1.18232e-09
0.04835	-0.00323902			4835.0	4.21434e-10
0.0484	-0.00323902			4840.0	5.75433e-10
0.04845	-0.00323902			4845.0	1.37231e-09
0.0485	-0.00069066			4850.0	2.75017e-09
0.04855	-0.00069066			4855.0	2.40476e-10
0.0486	0.00313188			4860.0	1.71785e-09
0.04865	-0.00069066			4865.0	8.19403e-10
0.0487	0.000583518			4870.0	1.8063e-09
0.04875	0.00440605			4875.0	1.12452e-09
0.0488	-0.00069066			4880.0	4.32815e-09
0.04885	-0.0045132			4885.0	4.89804e-09
0.0489	-0.00069066			4890.0	3.99328e-10
0.04895	0.0018577			4895.0	4.32221e-10
0.049	-0.00323902			4900.0	6.25849e-10
0.04905	-0.00578737			4905.0	2.86674e-09
0.0491	-0.00196484			4910.0	2.81822e-09
0.04915	0.000583518			4915.0	2.27381e-09
0.0492	0.000583518			4920.0	2.50028e-10
0.04925	-0.00706155			4925.0	6.9352e-10
0.0493	-0.00960991			4930.0	1.08022e-10
0.04935	-0.00578737			4935.0	3.67114e-09
0.0494	0.00313188			4940.0	8.74586e-09
0.04945	0.00440605			4945.0	1.28251e-09
0.0495	-0.00196484			4950.0	3.81174e-10
0.04955	-0.0045132			4955.0	6.23319e-09
0.0496	-0.00196484			4960.0	3.51892e-09
0.04965	-0.0045132			4965.0	1.50913e-09
0.0497	-0.00323902			4970.0	1.64943e-09
0.04975	-0.00069066			4975.0	1.26773e-09
0.0498	0.000583518			4980.0	3.14972e-09
0.04985	0.00568023			4985.0	1.47073e-09
0.0499	0.00440605			4990.0	1.68031e-09
0.04995	0.00313188			4995.0	4.48557e-09
0.05	0.00440605			5000.0	7.24499e-09
0.05005	0.00313188			5005.0	2.18558e-09
0.0501	0.00822859			5010.0	2.4527e-11
0.05015	0.00950277			5015.0	7.5214e-10
0.0502	0.0107769			5020.0	3.03747e-09
0.05025	0.0145995			5025.0	7.24103e-09
0.0503	0.0133253			5030.0	6.41163e-09
0.05035	0.0145995			5035.0	1.81546e-09
0.0504	0.0145995			5040.0	6.47597e-11
0.05045	0.0120511			5045.0	2.91863e-10
0.0505	0.0107769			5050.0	2.79858e-09
0.05055	0.018422			5055.0	9.09255e-09
0.0506	0.0158737			5060.0	1.26594e-08
0.05065	0.0120511			5065.0	6.53132e-09
0.0507	0.0120511			5070.0	8.48512e-10
0.05075	0.0133253			5075.0	1.3226e-09
0.0508	0.0158737			5080.0	9.98522e-10
0.05085	0.0145995			5085.0	3.35863e-10
0.0509	0.00822859			5090.0	7.51583e-10
0.05095	0.00822859			5095.0	7.9563e-10
0.051	0.00950277			5100.0	2.63114e-09
0.05105	0.0196962			5105.0	2.56169e-09
0.0511	0.0171478			5110.0	6.2312e-10
0.05115	0.0120511			5115.0	1.32448e-09
0.0512	0.00695441			5120.0	5.01983e-10
0.05125	0.00695441			5125.0	4.1202e-09
0.0513	0.00822859			5130.0	5.31146e-10
0.05135	0.0120511			5135.0	4.46189e-10
0.0514	0.0107769			5140.0	1.47878e-09
0.05145	0.0133253			5145.0	2.05228e-09
0.0515	0.0145995			5150.0	7.47566e-10
0.05155	0.0120511			5155.0	5.48839e-10
0.0516	0.0133253			5160.0	7.03244e-10
0.05165	0.00950277			5165.0	1.65946e-09
0.0517	0.0133253			5170.0	1.50311e-09
0.05175	0.0171478			5175.0	7.86821e-10
0.0518	0.0171478			5180.0	3.41799e-10
0.05185	0.0158737			5185.0	2.23776e-10
0.0519	0.0158737			5190.0	1.63622e-09
0.05195	0.0145995			5195.0	2.94412e-09
0.052	0.0133253			5200.0	1.36486e-09
0.05205	0.0107769			5205.0	3.32733e-09
0.0521	0.0120511			5210.0	4.21512e-09
0.05215	0.0145995			5215.0	4.0417e-09
0.0522	0.0120511			5220.0	1.77903e-09
0.05225	0.0120511			5225.0	3.17696e-10
0.0523	0.00440605			5230.0	2.74622e-09
0.05235	0.00695441			5235.0	5.29656e-09
0.0524	0.00568023			5240.0	1.24843e-09
0.05245	0.0018577			5245.0	1.07084e-10
0.0525	-0.00196484			5250.0	2.06359e-11
0.05255	-0.0045132			5255.0	1.20481e-09
0.0526	0.00313188			5260.0	4.1673e-09
0.05265	0.0018577			5265.0	3.81147e-09
0.0527	-0.0045132			5270.0	9.0624e-10
0.05275	-0.00578737			5275.0	5.90753e-10
0.0528	-0.0134324			5280.0	5.71684e-10
0.05285	-0.0159808			5285.0	6.54072e-11
0.0529	-0.00960991			5290.0	2.81612e-10
0.05295	-0.0121583			5295.0	1.26098e-10
0.053	-0.00960991			5300.0	2.66978e-10
0.05305	-0.00960991			5305.0	9.21101e-11
0.0531	-0.00960991			5310.0	1.38708e-10
0.05315	-0.0134324			5315.0	4.61874e-10
0.0532	-0.0147066			5320.0	4.7345e-10
0.05325	-0.0134324			5325.0	2.06834e-09
0.0533	-0.0121583			5330.0	7.08681e-10
0.05335	-0.0121583			5335.0	4.34301e-10
0.0534	-0.00960991			5340.0	1.64602e-10
0.05345	-0.0121583			5345.0	7.27077e-10
0.0535	-0.00960991			5350.0	8.38592e-10
0.05355	-0.00833573			5355.0	1.50956e-09
0.0536	-0.0159808			5360.0	1.17758e-10
0.05365	-0.0134324			5365.0	3.89701e-11
0.0537	-0.00960991			5370.0	4.44657e-10
0.05375	-0.0108841			5375.0	4.31737e-10
0.0538	-0.0121583			5380.0	8.29607e-10
0.05385	-0.0147066			5385.0	7.41756e-10
0.0539	-0.0134324			5390.0	5.12544e-10
0.05395	-0.00960991			5395.0	4.92289e-10
0.054	-0.0121583			5400.0	7.85824e-10
0.05405	-0.017255			5405.0	3.84061e-10
0.0541	-0.017255			5410.0	6.98836e-10
0.05415	-0.0159808			5415.0	7.95305e-10
0.0542	-0.0134324			5420.0	3.62545e-10
0.05425	-0.0134324			5425.0	3.29496e-10
0.0543	-0.0159808			5430.0	7.74454e-11
0.05435	-0.0185292			5435.0	9.57591e-10
0.0544	-0.0223517			5440.0	1.02078e-09
0.05445	-0.0249			5445.0	1.74349e-09
0.0545	-0.0185292			5450.0	9.11605e-10
0.05455	-0.0223517			5455.0	5.12932e-10
0.0546	-0.0198033			5460.0	1.78367e-10
0.05465	-0.0185292			5465.0	3.02907e-10
0.0547	-0.0185292			5470.0	4.38289e-10
0.05475	-0.0249			5475.0	2.28464e-09
0.0548	-0.0236259			5480.0	3.68919e-09
0.05485	-0.0223517			5485.0	3.47851e-09
0.0549	-0.0198033			5490.0	1.34016e-09
0.05495	-0.0185292			5495.0	3.84976e-12
0.055	-0.0185292			5500.0	1.07758e-12
0.05505	-0.0185292			5505.0	6.88351e-10
0.0551	-0.0185292			5510.0	5.27187e-10
0.05515	-0.017255			5515.0	4.03928e-11
0.0552	-0.0249			5520.0	3.10396e-10
0.05525	-0.0223517			5525.0	8.73492e-10
0.0553	-0.0121583			5530.0	3.99583e-10
0.05535	-0.0159808			5535.0	2.30231e-09
0.0554	-0.0159808			5540.0	1.11603e-09
0.05545	-0.0134324			5545.0	8.15086e-10
0.0555	-0.0159808			5550.0	1.2237e-09
0.05555	-0.0121583			5555.0	1.42069e-11
0.0556	-0.0121583			5560.0	1.84332e-09
0.05565	-0.0185292			5565.0	8.32074e-10
0.0557	-0.017255			5570.0	8.9944e-10
0.05575	-0.0121583			5575.0	2.65534e-09
0.0558	-0.00706155			5580.0	1.90256e-09
0.05585	-0.00833573			5585.0	1.15611e-10
0.0559	-0.0121583			5590.0	2.08815e-09
0.05595	-0.0134324			5595.0	1.85657e-09
0.056	-0.0185292			5600.0	7.613e-10
0.05605	-0.017255			5605.0	1.39942e-09
0.0561	-0.0159808			5610.0	9.36173e-10
0.05615	-0.0159808			5615.0	2.89271e-10
0.0562	-0.0121583			5620.0	8.60183e-10
0.05625	-0.0121583			5625.0	1.90909e-09
0.0563	-0.0147066			5630.0	3.03243e-09
0.05635	-0.017255			5635.0	1.27042e-09
0.0564	-0.017255			5640.0	9.76549e-10
0.05645	-0.0159808			5645.0	1.9299e-10
0.0565	-0.0147066			5650.0	1.453e-10
0.05655	-0.0121583			5655.0	9.07074e-10
0.0566	-0.0134324			5660.0	2.98622e-09
0.05665	-0.00833573			5665.0	2.76853e-09
0.0567	-0.00706155			5670.0	1.11059e-09
0.05675	-0.0121583			5675.0	1.29748e-09
0.0568	-0.0134324			5680.0	2.34454e-09
0.05685	-0.00706155			5685.0	4.34906e-10
0.0569	-0.00578737			5690.0	2.08069e-09
0.05695	-0.0045132			5695.0	2.00932e-09
0.057	-0.00196484			5700.0	2.27946e-10
0.05705	-0.00323902			5705.0	2.13035e-09
0.0571	0.000583518			5710.0	3.20422e-09
0.05715	0.00568023			5715.0	2.20893e-09
0.0572	0.00568023			5720.0	6.15838e-10
0.05725	0.000583518			5725.0	5.92502e-10
0.0573	0.00568023			5730.0	4.58135e-10
0.05735	0.00695441			5735.0	4.38629e-10
0.0574	0.0107769			5740.0	1.69949e-09
0.05745	0.0107769			5745.0	7.07487e-10
0.0575	0.00695441			5750.0	4.3867e-10
0.05755	0.00822859			5755.0	3.21305e-10
0.0576	0.00822859			5760.0	7.24328e-10
0.05765	0.00822859			5765.0	3.7175e-10
0.0577	0.00313188			5770.0	1.94547e-09
0.05775	0.00313188			5775.0	5.72461e-09
0.0578	0.00313188			5780.0	8.1414e-09
0.05785	0.00695441			5785.0	4.17763e-09
0.0579	0.00440605			5790.0	1.31488e-09
0.05795	0.000583518			5795.0	2.66862e-09
0.058	0.000583518			5800.0	2.66252e-09
0.05805	-0.0045132			5805.0	1.79882e-09
0.0581	-0.00706155			5810.0	2.21463e-09
0.05815	-0.00706155			5815.0	3.61834e-09
0.0582	-0.00706155			5820.0	1.04535e-08
0.05825	-0.00196484			5825.0	8.30386e-09
0.0583	-0.00196484			5830.0	1.42554e-09
0.05835	-0.00833573			5835.0	1.43358e-09
0.0584	-0.00578737			5840.0	4.1615e-09
0.05845	-0.00578737			5845.0	2.78549e-09
0.0585	-0.00833573			5850.0	5.56455e-11
0.05855	-0.00706155			5855.0	9.96274e-10
0.0586	-0.00706155			5860.0	1.80277e-09
0.05865	-0.00069066			5865.0	9.07874e-11
0.0587	0.00313188			5870.0	1.81942e-10
0.05875	0.00568023			5875.0	3.23113e-11
0.0588	0.00313188			5880.0	3.15536e-09
0.05885	0.0018577			5885.0	6.63242e-09
0.0589	0.00440605			5890.0	5.00725e-09
0.05895	0.0107769			5895.0	2.50448e-09
0.059	0.0120511			5900.0	2.15252e-09
0.05905	0.0133253			5905.0	1.02052e-09
0.0591	0.0158737			5910.0	1.46884e-09
0.05915	0.0145995			5915.0	6.1415e-09
0.0592	0.0171478			5920.0	6.02569e-09
0.05925	0.0171478			5925.0	1.04615e-09
0.0593	0.0133253			5930.0	1.47078e-10
0.05935	0.0133253			5935.0	9.26254e-10
0.0594	0.018422			5940.0	2.62916e-09
0.05945	0.018422			5945.0	2.84646e-09
0.0595	0.0209704			5950.0	8.48391e-10
0.05955	0.018422			5955.0	1.37598e-10
0.0596	0.0158737			5960.0	1.56108e-09
0.05965	0.0145995			5965.0	2.47834e-09
0.0597	0.0107769			5970.0	1.95094e-10
0.05975	0.00695441			5975.0	1.51923e-09
0.0598	0.0120511			5980.0	4.43776e-09
0.05985	0.00695441			5985.0	3.5199e-09
0.0599	0.00568023			5990.0	5.80086e-09
0.05995	0.00568023			5995.0	3.26672e-09
0.06	0.00313188			6000.0	8.80906e-10
0.06005	0.000583518			6005.0	5.2985e-10
0.0601	-0.00706155			6010.0	4.40036e-10
0.06015	-0.0108841			6015.0	5.40347e-10
0.0602	-0.00706155			6020.0	5.07314e-09
0.06025	-0.00196484			6025.0	5.42808e-09
0.0603	-0.00069066			6030.0	6.68172e-10
0.06035	-0.0045132			6035.0	6.8828e-10
0.0604	-0.00833573			6040.0	1.22783e-09
0.06045	-0.00706155			6045.0	2.51312e-10
0.0605	-0.00833573			6050.0	1.96386e-09
0.06055	-0.00706155			6055.0	6.65816e-09
0.0606	-0.00706155			6060.0	4.17289e-09
0.06065	-0.00578737			6065.0	8.10379e-10
0.0607	0.00313188			6070.0	3.12755e-09
0.06075	0.000583518			6075.0	1.20653e-09
0.0608	0.00313188			6080.0	3.77703e-10
0.06085	0.00313188			6085.0	1.84362e-09
0.0609	-0.00069066			6090.0	1.03518e-09
0.06095	0.00313188			6095.0	9.91202e-10
0.061	0.00695441			6100.0	3.60576e-09
0.06105	0.00822859			6105.0	2.47689e-09
0.0611	0.0120511			6110.0	6.92161e-10
0.06115	0.0120511			6115.0	9.33222e-10
0.0612	0.0120511			6120.0	7.71159e-10
0.06125	0.0120511			6125.0	3.30279e-10
0.0613	0.00950277			6130.0	2.28584e-09
0.06135	0.00695441			6135.0	5.78376e-09
0.0614	0.00950277			6140.0	8.29514e-09
0.06145	0.00822859			6145.0	6.64655e-09
0.0615	0.00568023			6150.0	1.48959e-09
0.06155	0.00822859			6155.0	1.54243e-10
0.0616	0.0107769			6160.0	8.35453e-10
0.06165	0.00313188			6165.0	9.88341e-10
0.0617	-0.00069066			6170.0	1.6541e-09
0.06175	-0.00323902			6175.0	1.88759e-09
0.0618	-0.00069066			6180.0	7.96361e-10
0.06185	0.00313188			6185.0	2.02809e-10
0.0619	0.0018577			6190.0	4.00698e-09
0.06195	0.000583518			6195.0	6.02939e-09
0.062	-0.00323902			6200.0	1.51009e-09
0.06205	0.000583518			6205.0	4.28477e-09
0.0621	0.00313188			6210.0	6.40277e-09
0.06215	-0.00069066			6215.0	2.15658e-09
0.0622	-0.00196484			6220.0	2.15055e-09
0.06225	0.000583518			6225.0	3.64948e-09
0.0623	0.0018577			6230.0	6.04161e-10
0.06235	0.00440605			6235.0	6.97335e-09
0.0624	0.0018577			6240.0	1.40072e-08
0.06245	0.0018577			6245.0	9.34147e-09
0.0625	0.00440605			6250.0	1.18081e-09
0.06255	0.00695441			6255.0	4.43734e-09
0.0626	0.00822859			6260.0	7.6824e-09
0.06265	0.0107769			6265.0	6.44343e-09
0.0627	0.0133253			6270.0	2.11158e-09
0.06275	0.0158737			6275.0	2.74897e-09
0.0628	0.0171478			6280.0	3.33499e-09
0.06285	0.0133253			6285.0	1.00738e-08
0.0629	0.0171478			6290.0	7.5622e-09
0.06295	0.0133253			6295.0	4.65805e-09
0.063	0.0171478			6300.0	4.87084e-09
0.06305	0.0107769			6305.0	4.48174e-09
0.0631	0.018422			6310.0	6.44858e-09
0.06315	0.018422			6315.0	3.70509e-09
0.0632	0.0107769			6320.0	7.23997e-10
0.06325	0.00822859			6325.0	1.23295e-08
0.0633	0.00822859			6330.0	1.35583e-08
0.06335	0.00822859			6335.0	1.36207e-09
0.0634	0.0133253			6340.0	6.60431e-09
0.06345	0.00822859			6345.0	4.36145e-09
0.0635	0.00440605			6350.0	1.08043e-09
0.06355	0.00568023			6355.0	4.78779e-09
0.0636	0.00568023			6360.0	4.21321e-09
0.06365	0.00568023			6365.0	1.29922e-10
0.0637	-0.0045132			6370.0	4.39701e-09
0.06375	-0.00069066			6375.0	2.88097e-09
0.0638	-0.00069066			6380.0	2.18917e-09
0.06385	0.000583518			6385.0	4.40308e-09
0.0639	-0.00069066			6390.0	7.69014e-11
0.06395	0.00313188			6395.0	6.12705e-09
0.064	0.0018577			6400.0	3.46876e-09
0.06405	0.00568023			6405.0	4.58989e-10
0.0641	0.00695441			6410.0	6.02046e-10
0.06415	0.00313188			6415.0	7.41895e-11
0.0642	0.00313188			6420.0	2.30972e-10
0.06425	0.0120511			6425.0	4.19949e-10
0.0643	0.0133253			6430.0	6.92254e-10
0.06435	0.0120511			6435.0	2.0179e-09
0.0644	0.0158737			6440.0	1.44826e-09
0.06445	0.0133253			6445.0	9.79962e-10
0.0645	0.0120511			6450.0	6.99402e-09
0.06455	0.0133253			6455.0	6.08369e-09
0.0646	0.0107769			6460.0	9.34116e-11
0.06465	0.0133253			6465.0	9.13193e-10
0.0647	0.0209704			6470.0	2.81274e-09
0.06475	0.018422			6475.0	3.12082e-09
0.0648	0.0120511			6480.0	6.49169e-09
0.06485	0.0107769			6485.0	5.66347e-09
0.0649	0.0120511			6490.0	2.48063e-10
0.06495	0.0145995			6495.0	4.65196e-09
0.065	0.0133253			6500.0	4.12779e-09
0.06505	0.00313188			6505.0	5.08081e-09
0.0651	0.000583518			6510.0	2.42208e-09
0.06515	0.00440605			6515.0	3.35122e-09
0.0652	0.00822859			6520.0	1.61258e-09
0.06525	0.000583518			6525.0	1.26975e-09
0.0653	-0.00196484			6530.0	9.40257e-11
0.06535	-0.0045132			6535.0	1.69612e-10
0.0654	-0.00578737			6540.0	3.68108e-09
0.06545	-0.00833573			6545.0	5.20793e-09
0.0655	-0.00833573			6550.0	6.33566e-09
0.06555	-0.00833573			6555.0	1.686e-09
0.0656	-0.00706155			6560.0	1.41797e-09
0.06565	-0.0045132			6565.0	6.72722e-09
0.0657	-0.00833573			6570.0	8.71028e-09
0.06575	-0.00960991			6575.0	8.35018e-09
0.0658	-0.00706155			6580.0	1.92659e-09
0.06585	-0.00833573			6585.0	1.35538e-09
0.0659	-0.00833573			6590.0	4.90264e-10
0.06595	-0.00706155			6595.0	6.82804e-10
0.066	-0.00833573			6600.0	7.15165e-09
0.06605	-0.0045132			6605.0	5.04591e-09
0.0661	-0.00323902			6610.0	6.6604e-10
0.06615	-0.00578737			6615.0	8.68765e-10
0.0662	-0.0108841			6620.0	5.9767e-09
0.06625	-0.0108841			6625.0	5.75214e-09
0.0663	-0.00706155			6630.0	3.96709e-10
0.06635	-0.0108841			6635.0	7.6645e-09
0.0664	-0.0147066			6640.0	3.72879e-09
0.06645	-0.0121583			6645.0	1.37828e-09
0.0665	-0.00706155			6650.0	6.72619e-09
0.06655	-0.00578737			6655.0	3.37884e-09
0.0666	-0.00833573			6660.0	3.09693e-09
0.06665	-0.017255			6665.0	8.40465e-09
0.0667	-0.0210775			6670.0	6.96794e-09
0.06675	-0.0147066			6675.0	1.65396e-10
0.0668	-0.00833573			6680.0	2.95274e-09
0.06685	-0.0108841			6685.0	3.59243e-09
0.0669	-0.0147066			6690.0	1.19096e-09
0.06695	-0.0210775			6695.0	8.24137e-09
0.067	-0.0223517			6700.0	1.86765e-09
0.06705	-0.0210775			6705.0	8.51777e-09
0.0671	-0.0210775			6710.0	6.57433e-09
0.06715	-0.0198033			6715.0	1.17781e-10
0.0672	-0.017255			6720.0	4.53837e-10
0.06725	-0.0159808			6725.0	1.70635e-09
0.0673	-0.0147066			6730.0	5.88144e-10
0.06735	-0.017255			6735.0	4.98854e-09
0.0674	-0.017255			6740.0	5.71716e-09
0.06745	-0.0147066			6745.0	1.85933e-09
0.0675	-0.017255			6750.0	2.39458e-09
0.06755	-0.0159808			6755.0	3.80456e-09
0.0676	-0.0159808			6760.0	4.41328e-09
0.06765	-0.017255			6765.0	4.49999e-09
0.0677	-0.0121583			6770.0	2.3e-09
0.06775	-0.00960991			6775.0	4.97123e-10
0.0678	-0.0147066			6780.0	4.12398e-09
0.06785	-0.0134324			6785.0	1.38139e-09
0.0679	-0.00960991			6790.0	4.63107e-09
0.06795	-0.0108841			6795.0	2.58977e-09
0.068	-0.017255			6800.0	4.82336e-11
0.06805	-0.0159808			6805.0	1.51492e-09
0.0681	-0.00833573			6810.0	2.85392e-09
0.06815	-0.00578737			6815.0	1.25947e-09
0.0682	-0.0045132			6820.0	5.94376e-10
0.06825	-0.00706155			6825.0	3.50775e-09
0.0683	-0.0159808			6830.0	5.8938e-09
0.06835	-0.0147066			6835.0	3.1705e-10
0.0684	-0.00578737			6840.0	5.30901e-09
0.06845	-0.0045132			6845.0	5.47242e-09
0.0685	-0.00578737			6850.0	5.1563e-09
0.06855	-0.00196484			6855.0	7.80871e-09
0.0686	-0.00578737			6860.0	3.5489e-09
0.06865	-0.00960991			6865.0	3.97702e-10
0.0687	-0.00833573			6870.0	4.91237e-10
0.06875	-0.00706155			6875.0	9.60739e-10
0.0688	-0.00578737			6880.0	1.22056e-09
0.06885	-0.00578737			6885.0	2.51296e-09
0.0689	-0.00196484			6890.0	1.28833e-09
0.06895	-0.00196484			6895.0	5.43929e-10
0.069	-0.00196484			6900.0	1.27139e-10
0.06905	-0.00069066			6905.0	3.88184e-09
0.0691	-0.0045132			6910.0	5.97101e-09
0.06915	-0.0045132			6915.0	7.65959e-09
0.0692	-0.00578737			6920.0	1.35797e-08
0.06925	-0.00578737			6925.0	1.44348e-08
0.0693	-0.00196484			6930.0	3.49364e-09
0.06935	-0.00196484			6935.0	4.18017e-10
0.0694	-0.0045132			6940.0	3.2532e-09
0.06945	-0.00196484			6945.0	2.78476e-09
0.0695	-0.00323902			6950.0	1.06414e-09
0.06955	-0.00960991			6955.0	1.37238e-09
0.0696	-0.0134324			6960.0	2.0751e-10
0.06965	-0.0159808			6965.0	1.12431e-09
0.0697	-0.0108841			6970.0	7.74124e-09
0.06975	-0.00706155			6975.0	7.52944e-09
0.0698	-0.0045132			6980.0	1.43608e-09
0.06985	-0.0121583			6985.0	2.4485e-10
0.0699	-0.0121583			6990.0	2.97042e-09
0.06995	-0.0159808			6995.0	3.6657e-09
0.07	-0.017255			7000.0	2.1768e-10
0.07005	-0.0147066			7005.0	2.69845e-11
0.0701	-0.0134324			7010.0	3.88462e-11
0.07015	-0.0159808			7015.0	3.14654e-10
0.0702	-0.0159808			7020.0	1.00383e-09
0.07025	-0.0159808			7025.0	1.57477e-09
0.0703	-0.0134324			7030.0	2.40741e-09
0.07035	-0.0134324			7035.0	3.95357e-09
0.0704	-0.017255			7040.0	1.14395e-09
0.07045	-0.017255			7045.0	2.47862e-09
0.0705	-0.0147066			7050.0	5.42433e-09
0.07055	-0.0147066			7055.0	1.57639e-09
0.0706	-0.00833573			7060.0	3.6628e-09
0.07065	-0.00960991			7065.0	5.43325e-09
0.0707	-0.0108841			7070.0	2.04761e-09
0.07075	-0.0108841			7075.0	2.27052e-09
0.0708	-0.0121583			7080.0	6.07894e-10
0.07085	-0.0121583			7085.0	8.22321e-10
0.0709	-0.0121583			7090.0	1.3697e-09
0.07095	-0.0147066			7095.0	1.03014e-09
0.071	-0.00960991			7100.0	1.5923e-09
0.07105	-0.00833573			7105.0	2.61661e-09
0.0711	-0.0108841			7110.0	2.76514e-09
0.07115	-0.0134324			7115.0	6.17161e-10
0.0712	-0.017255			7120.0	6.35366e-10
0.07125	-0.017255			7125.0	1.502e-09
0.0713	-0.0134324			7130.0	3.79141e-09
0.07135	-0.00706155			7135.0	4.44364e-09
0.0714	-0.00833573			7140.0	3.51743e-09
0.07145	-0.00706155			7145.0	5.07746e-09
0.0715	-0.00706155			7150.0	6.71812e-09
0.07155	-0.00833573			7155.0	2.65437e-09
0.0716	-0.00833573			7160.0	8.90323e-10
0.07165	-0.0108841			7165.0	7.50819e-10
0.0717	-0.00960991			7170.0	1.70791e-09
0.07175	-0.00960991			7175.0	2.1303e-09
0.0718	-0.00706155			7180.0	2.81612e-09
0.07185	-0.0045132			7185.0	2.36979e-09
0.0719	-0.0045132			7190.0	1.01794e-09
0.07195	-0.00196484			7195.0	1.11403e-09
0.072	-0.00069066			7200.0	3.65614e-10
0.07205	-0.00196484			7205.0	2.22155e-10
0.0721	-0.00196484			7210.0	4.30215e-10
0.07215	-0.00196484			7215.0	8.15106e-10
0.0722	0.00313188			7220.0	7.9618e-09
0.07225	0.000583518			7225.0	7.10155e-09
0.0723	-0.00323902			7230.0	1.4314e-09
0.07235	0.0018577			7235.0	6.93427e-10
0.0724	-0.00196484			7240.0	1.7846e-09
0.07245	0.00313188			7245.0	8.17782e-10
0.0725	-0.00578737			7250.0	5.84943e-11
0.07255	-0.00578737			7255.0	1.70068e-09
0.0726	-0.00069066			7260.0	3.69086e-09
0.07265	0.0018577			7265.0	1.48352e-09
0.0727	-0.00196484			7270.0	9.87433e-10
0.07275	-0.00323902			7275.0	5.50527e-09
0.0728	-0.00196484			7280.0	4.42417e-09
0.07285	-0.00196484			7285.0	7.68423e-11
0.0729	0.00313188			7290.0	4.94216e-09
0.07295	0.00440605			7295.0	5.99563e-09
0.073	-0.0045132			7300.0	3.22086e-10
0.07305	0.000583518			7305.0	8.87949e-10
0.0731	0.00313188			7310.0	2.27206e-09
0.07315	0.00313188			7315.0	2.50766e-09
0.0732	0.00568023			7320.0	4.71123e-10
0.07325	0.00822859			7325.0	1.95247e-09
0.0733	0.00313188			7330.0	3.31677e-09
0.07335	0.00695441			7335.0	3.53391e-09
0.0734	0.00822859			7340.0	6.92164e-10
0.07345	0.00822859			7345.0	3.98676e-10
0.0735	0.00695441			7350.0	3.6181e-10
0.07355	0.0120511			7355.0	1.05175e-09
0.0736	0.0158737			7360.0	2.29672e-09
0.07365	0.018422			7365.0	1.4223e-09
0.0737	0.0171478			7370.0	4.55679e-10
0.07375	0.0209704			7375.0	1.11444e-09
0.0738	0.0145995			7380.0	9.84106e-10
0.07385	0.0158737			7385.0	2.45956e-09
0.0739	0.0145995			7390.0	4.2063e-09
0.07395	0.0120511			7395.0	1.82859e-09
0.074	0.0209704			7400.0	3.54233e-10
0.07405	0.018422			7405.0	5.17225e-10
0.0741	0.0133253			7410.0	1.29399e-10
0.07415	0.018422			7415.0	1.42186e-10
0.0742	0.0171478			7420.0	1.50909e-09
0.07425	0.0145995			7425.0	2.05724e-10
0.0743	0.00950277			7430.0	9.18452e-10
0.07435	0.00568023			7435.0	5.24522e-09
0.0744	0.00950277			7440.0	1.2728e-09
0.07445	0.0145995			7445.0	6.47216e-09
0.0745	0.0171478			7450.0	1.21856e-08
0.07455	0.0133253			7455.0	3.9474e-09
0.0746	0.0120511			7460.0	9.81692e-10
0.07465	0.0107769			7465.0	7.05888e-10
0.0747	0.0133253			7470.0	4.66863e-10
0.07475	0.00822859			7475.0	2.47145e-10
0.0748	0.0107769			7480.0	3.85455e-10
0.07485	0.0107769			7485.0	9.25439e-10
0.0749	0.0107769			7490.0	2.64377e-09
0.07495	0.0120511			7495.0	4.98065e-09
0.075	0.0145995			7500.0	1.3773e-09
0.07505	0.018422			7505.0	3.17086e-10
0.0751	0.0145995			7510.0	1.1305e-09
0.07515	0.0171478			7515.0	4.19187e-09
0.0752	0.0158737			7520.0	4.46489e-09
0.07525	0.0171478			7525.0	3.27902e-10
0.0753	0.018422			7530.0	3.48648e-09
0.07535	0.0209704			7535.0	2.66832e-10
0.0754	0.0171478			7540.0	1.56072e-09
0.07545	0.0209704			7545.0	2.53084e-09
0.0755	0.0209704			7550.0	8.74126e-10
0.07555	0.0158737			7555.0	4.33587e-10
0.0756	0.018422			7560.0	5.47615e-10
0.07565	0.0133253			7565.0	8.53647e-10
0.0757	0.00695441			7570.0	6.96756e-09
0.07575	0.0120511			7575.0	3.74285e-09
0.0758	0.0171478			7580.0	6.15135e-10
0.07585	0.0171478			7585.0	1.35917e-09
0.0759	0.00695441			7590.0	1.13979e-09
0.07595	0.00568023			7595.0	1.53054e-09
0.076	0.00822859			7600.0	1.58428e-09
0.07605	0.00695441			7605.0	8.54671e-10
0.0761	0.00695441			7610.0	4.03472e-09
0.07615	-0.00196484			7615.0	4.82025e-09
0.0762	-0.00323902			7620.0	2.72776e-10
0.07625	0.00313188			7625.0	2.96736e-09
0.0763	-0.00069066			7630.0	1.14322e-09
0.07635	-0.0045132			7635.0	1.27757e-09
0.0764	-0.00833573			7640.0	5.95422e-09
0.07645	-0.00578737			7645.0	5.29793e-09
0.0765	-0.0108841			7650.0	1.81245e-09
0.07655	-0.0121583			7655.0	2.24835e-10
0.0766	-0.00960991			7660.0	1.54563e-09
0.07665	-0.00706155			7665.0	1.24445e-09
0.0767	-0.00323902			7670.0	3.28259e-09
0.07675	-0.00323902			7675.0	5.35852e-10
0.0768	-0.00578737			7680.0	8.0295e-10
0.07685	-0.00323902			7685.0	6.5558e-10
0.0769	-0.00196484			7690.0	1.19586e-10
0.07695	0.000583518			7695.0	3.21947e-10
0.077	-0.00196484			7700.0	1.79387e-09
0.07705	0.0018577			7705.0	3.66359e-09
0.0771	0.00440605			7710.0	3.94706e-09
0.07715	0.00822859			7715.0	1.195e-09
0.0772	0.00950277			7720.0	1.06715e-10
0.07725	0.00440605			7725.0	1.75075e-09
0.0773	0.00695441			7730.0	3.33911e-09
0.07735	0.00822859			7735.0	1.31116e-09
0.0774	0.0107769			7740.0	7.63526e-10
0.07745	0.00313188			7745.0	1.15249e-10
0.0775	-0.00069066			7750.0	1.92159e-09
0.07755	0.00313188			7755.0	1.93154e-09
0.0776	0.00822859			7760.0	9.16104e-10
0.07765	0.00695441			7765.0	9.50172e-10
0.0777	0.0018577			7770.0	2.78375e-10
0.07775	-0.00323902			7775.0	1.01312e-08
0.0778	-0.00323902			7780.0	1.356e-08
0.07785	-0.00323902			7785.0	1.81283e-09
0.0779	-0.00578737			7790.0	2.14874e-10
0.07795	-0.00706155			7795.0	1.90122e-09
0.078	-0.00706155			7800.0	6.62065e-10
0.07805	-0.00323902			7805.0	1.9156e-09
0.0781	-0.00706155			7810.0	1.54696e-09
0.07815	-0.00960991			7815.0	6.62022e-10
0.0782	-0.0121583			7820.0	2.21686e-09
0.07825	-0.0121583			7825.0	5.32997e-09
0.0783	-0.00706155			7830.0	8.0168e-10
0.07835	-0.00578737			7835.0	8.75074e-09
0.0784	-0.00196484			7840.0	1.43965e-09
0.07845	0.0018577			7845.0	3.14798e-10
0.0785	0.00313188			7850.0	3.0517e-09
0.07855	0.00313188			7855.0	6.93686e-09
0.0786	-0.00069066			7860.0	2.09974e-09
0.07865	0.000583518			7865.0	2.3213e-09
0.0787	0.00313188			7870.0	1.58855e-10
0.07875	0.00440605			7875.0	1.66331e-09
0.0788	0.00822859			7880.0	1.87977e-09
0.07885	0.00822859			7885.0	5.11722e-10
0.0789	0.00695441			7890.0	1.42117e-09
0.07895	0.0120511			7895.0	1.77964e-09
0.079	0.0133253			7900.0	4.59112e-09
0.07905	0.00440605			7905.0	8.18421e-09
0.0791	0.00313188			7910.0	5.4523e-09
0.07915	0.00313188			7915.0	2.61616e-08
0.0792	0.00822859			7920.0	2.9434e-08
0.07925	0.0120511			7925.0	3.20199e-09
0.0793	0.0133253			7930.0	1.38023e-09
0.07935	0.00695441			7935.0	5.48801e-10
0.0794	0.00313188			7940.0	3.79986e-10
0.07945	0.00440605			7945.0	1.17939e-09
0.0795	0.00440605			7950.0	9.52205e-10
0.07955	0.00440605			7955.0	1.84029e-09
0.0796	0.00313188			7960.0	2.63428e-09
0.07965	0.00568023			7965.0	3.02583e-09
0.0797	0.00695441			7970.0	4.9257e-09
0.07975	0.00695441			7975.0	6.75125e-09
0.0798	0.00568023			7980.0	3.11456e-09
0.07985	0.00568023			7985.0	1.11789e-09
0.0799	0.00313188			7990.0	2.11031e-10
0.07995	0.00695441			7995.0	2.51136e-09
0.08	0.00695441			8000.0	1.9519e-10
0.08005	0.00313188			8005.0	2.02294e-09
0.0801	0.00568023			8010.0	5.69103e-10
0.08015	0.00568023			8015.0	3.4881e-09
0.0802	0.00950277			8020.0	3.53012e-09
0.08025	0.00695441			8025.0	4.14819e-10
0.0803	0.00822859			8030.0	5.18967e-10
0.08035	0.00440605			8035.0	4.08285e-09
0.0804	0.00695441			8040.0	7.08619e-09
0.08045	0.0018577			8045.0	3.44681e-09
0.0805	0.0018577			8050.0	7.12357e-10
0.08055	0.00568023			8055.0	7.26604e-11
0.0806	0.00568023			8060.0	8.21522e-10
0.08065	0.00313188			8065.0	3.25843e-09
0.0807	0.000583518			8070.0	3.96752e-09
0.08075	0.00440605			8075.0	2.33854e-09
0.0808	0.00695441			8080.0	9.43095e-10
0.08085	0.0107769			8085.0	1.25296e-09
0.0809	0.00440605			8090.0	1.08132e-09
0.08095	-0.00196484			8095.0	1.42888e-09
0.081	0.000583518			8100.0	1.1306e-09
0.08105	0.00440605			8105.0	1.59066e-10
0.0811	0.00695441			8110.0	8.11491e-10
0.08115	0.00822859			8115.0	2.10447e-10
0.0812	0.00822859			8120.0	7.0435e-12
0.08125	0.00568023			8125.0	5.1036e-10
0.0813	0.00568023			8130.0	1.92462e-09
0.08135	0.00440605			8135.0	2.83696e-09
0.0814	0.00313188			8140.0	1.18229e-09
0.08145	0.00568023			8145.0	6.41201e-11
0.0815	0.0107769			8150.0	1.25417e-10
0.08155	0.0133253			8155.0	1.28957e-09
0.0816	0.0120511			8160.0	1.55802e-09
0.08165	0.00822859			8165.0	1.11997e-09
0.0817	0.00822859			8170.0	2.45364e-09
0.08175	0.00695441			8175.0	1.11924e-09
0.0818	0.00440605			8180.0	3.52195e-09
0.08185	0.00440605			8185.0	1.27064e-09
0.0819	-0.00069066			8190.0	2.1114e-09
0.08195	0.00313188			8195.0	2.044e-09
0.082	-0.00196484			8200.0	8.38375e-10
0.08205	-0.00323902			8205.0	1.197e-09
0.0821	-0.0045132			8210.0	1.33021e-09
0.08215	-0.00323902			8215.0	2.00049e-10
0.0822	-0.00833573			8220.0	1.0537e-09
0.08225	-0.0159808			8225.0	3.13255e-09
0.0823	-0.0185292			8230.0	2.33806e-09
0.08235	-0.0147066			8235.0	1.20823e-10
0.0824	-0.00706155			8240.0	3.27849e-10
0.08245	-0.00706155			8245.0	2.20372e-09
0.0825	-0.0121583			8250.0	5.47025e-09
0.08255	-0.0185292			8255.0	2.42815e-09
0.0826	-0.0185292			8260.0	2.967e-09
0.08265	-0.017255			8265.0	7.92292e-10
0.0827	-0.017255			8270.0	1.33201e-09
0.08275	-0.0185292			8275.0	1.7447e-09
0.0828	-0.0134324			8280.0	1.08838e-09
0.08285	-0.0121583			8285.0	1.31496e-09
0.0829	-0.0134324			8290.0	2.19132e-09
0.08295	-0.0134324			8295.0	3.14806e-09
0.083	-0.0121583			8300.0	3.04256e-09
0.08305	-0.0121583			8305.0	8.23802e-10
0.0831	-0.00960991			8310.0	9.6565e-10
0.08315	-0.00960991			8315.0	1.75848e-09
0.0832	-0.00706155			8320.0	2.43733e-09
0.08325	-0.00706155			8325.0	2.61448e-09
0.0833	-0.00196484			8330.0	3.14019e-09
0.08335	-0.00196484			8335.0	4.38583e-09
0.0834	-0.00578737			8340.0	4.64097e-09
0.08345	-0.00706155			8345.0	1.39582e-10
0.0835	-0.0121583			8350.0	1.21676e-09
0.08355	-0.00960991			8355.0	2.18581e-10
0.0836	-0.0108841			8360.0	5.55904e-12
0.08365	-0.0134324			8365.0	2.88852e-10
0.0837	-0.0108841			8370.0	1.74189e-09
0.08375	-0.00960991			8375.0	2.5621e-09
0.0838	-0.0121583			8380.0	1.7745e-09
0.08385	-0.0185292			8385.0	3.17362e-10
0.0839	-0.0236259			8390.0	7.22661e-10
0.08395	-0.0159808			8395.0	9.96429e-10
0.084	-0.017255			8400.0	2.5437e-10
0.08405	-0.0198033			8405.0	6.70114e-10
0.0841	-0.0249			8410.0	2.72716e-09
0.08415	-0.0287226			8415.0	8.9932e-09
0.0842	-0.0198033			8420.0	7.72614e-09
0.08425	-0.017255			8425.0	8.2796e-09
0.0843	-0.0198033			8430.0	4.73374e-09
0.08435	-0.0210775			8435.0	1.70077e-10
0.0844	-0.0236259			8440.0	7.66452e-10
0.08445	-0.0223517			8445.0	1.89806e-09
0.0845	-0.0185292			8450.0	1.53627e-09
0.08455	-0.0147066			8455.0	8.88693e-10
0.0846	-0.0121583			8460.0	2.95889e-09
0.08465	-0.00960991			8465.0	1.14827e-09
0.0847	-0.00323902			8470.0	4.49007e-09
0.08475	-0.00323902			8475.0	4.62377e-09
0.0848	-0.00323902			8480.0	9.60698e-10
0.08485	0.000583518			8485.0	9.84025e-11
0.0849	0.00313188			8490.0	4.88429e-10
0.08495	0.00568023			8495.0	1.31821e-09
0.085	0.00950277			8500.0	5.84383e-10
0.08505	0.00695441			8505.0	3.38614e-09
0.0851	0.00695441			8510.0	3.71261e-09
0.08515	0.0133253			8515.0	1.17494e-09
0.0852	0.0158737			8520.0	4.24048e-10
0.08525	0.0120511			8525.0	4.00732e-11
0.0853	0.0120511			8530.0	2.1391e-09
0.08535	0.0145995			8535.0	2.65899e-09
0.0854	0.00822859			8540.0	2.21208e-09
0.08545	0.00822859			8545.0	1.37998e-09
0.0855	0.00568023			8550.0	9.27995e-10
0.08555	0.0120511			8555.0	5.36412e-10
0.0856	0.0120511			8560.0	1.32497e-09
0.08565	0.0120511			8565.0	5.02778e-09
0.0857	0.00568023			8570.0	3.88956e-09
0.08575	0.00313188			8575.0	1.57603e-10
0.0858	0.00568023			8580.0	1.00419e-09
0.08585	0.0107769			8585.0	1.71237e-09
0.0859	0.0107769			8590.0	2.53084e-10
0.08595	0.0107769			8595.0	1.88792e-10
0.086	0.00950277			8600.0	2.0013e-09
0.08605	0.0120511			8605.0	1.17204e-09
0.0861	0.0133253			8610.0	1.3075e-10
0.08615	0.0158737			8615.0	6.47041e-10
0.0862	0.0145995			8620.0	1.10006e-09
0.08625	0.018422			8625.0	1.19864e-09
0.0863	0.0209704			8630.0	1.1971e-09
0.08635	0.0222446			8635.0	2.11536e-11
0.0864	0.0273413			8640.0	6.81832e-10
0.08645	0.0273413			8645.0	4.57557e-10
0.0865	0.0298896			8650.0	7.82779e-11
0.08655	0.0311638			8655.0	8.57701e-10
0.0866	0.0286154			8660.0	2.04826e-09
0.08665	0.0247929			8665.0	8.55545e-10
0.0867	0.0235187			8670.0	4.1167e-10
0.08675	0.0260671			8675.0	9.61363e-11
0.0868	0.0273413			8680.0	1.30898e-10
0.08685	0.0260671			8685.0	3.10175e-10
0.0869	0.0298896			8690.0	3.75895e-10
0.08695	0.0286154			8695.0	2.13604e-09
0.087	0.0222446			8700.0	8.97318e-10
0.08705	0.018422			8705.0	7.77397e-11
0.0871	0.0158737			8710.0	4.03403e-10
0.08715	0.018422			8715.0	1.84234e-09
0.0872	0.018422			8720.0	5.16727e-11
0.08725	0.0196962			8725.0	3.05887e-10
0.0873	0.018422			8730.0	2.08817e-09
0.08735	0.0133253			8735.0	2.01997e-09
0.0874	0.0133253			8740.0	6.17929e-10
0.08745	0.0120511			8745.0	6.6915e-10
0.0875	0.0133253			8750.0	9.89645e-10
0.08755	0.00695441			8755.0	1.4119e-09
0.0876	0.00695441			8760.0	6.69129e-10
0.08765	0.00695441			8765.0	1.39003e-09
0.0877	0.00568023			8770.0	4.22646e-09
0.08775	0.0120511			8775.0	2.94285e-10
0.0878	0.0107769			8780.0	9.49253e-10
0.08785	0.00695441			8785.0	8.07553e-11
0.0879	0.0107769			8790.0	8.09774e-10
0.08795	0.00950277			8795.0	2.08872e-10
0.088	0.00568023			8800.0	7.06144e-10
0.08805	0.00695441			8805.0	6.27703e-10
0.0881	0.0120511			8810.0	3.0242e-09
0.08815	0.0133253			8815.0	1.6265e-09
0.0882	0.0133253			8820.0	2.22084e-10
0.08825	0.0107769			8825.0	4.54124e-10
0.0883	0.0133253			8830.0	1.06643e-09
0.08835	0.0171478			8835.0	2.40516e-10
0.0884	0.00950277			8840.0	3.12686e-10
0.08845	0.0107769			8845.0	1.48899e-10
0.0885	0.0133253			8850.0	6.42964e-10
0.08855	0.0133253			8855.0	5.26112e-10
0.0886	0.00822859			8860.0	5.76524e-10
0.08865	0.00822859			8865.0	1.97579e-09
0.0887	0.00822859			8870.0	4.82868e-10
0.08875	0.00822859			8875.0	1.9474e-10
0.0888	0.00950277			8880.0	6.06834e-10
0.08885	0.00313188			8885.0	7.28853e-10
0.0889	-0.00323902			8890.0	1.68964e-09
0.08895	-0.00196484			8895.0	5.50013e-10
0.089	-0.00196484			8900.0	8.76772e-10
0.08905	0.000583518			8905.0	5.54954e-10
0.0891	-0.00578737			8910.0	2.30871e-09
0.08915	-0.00706155			8915.0	1.40743e-09
0.0892	-0.00833573			8920.0	8.56913e-11
0.08925	-0.0108841			8925.0	1.09185e-09
0.0893	-0.0134324			8930.0	2.14611e-09
0.08935	-0.0159808			8935.0	1.07325e-09
0.0894	-0.0134324			8940.0	2.2733e-09
0.08945	-0.0134324			8945.0	3.45644e-09
0.0895	-0.0147066			8950.0	2.05438e-09
0.08955	-0.0147066			8955.0	3.36502e-10
0.0896	-0.017255			8960.0	1.18871e-09
0.08965	-0.0134324			8965.0	2.78176e-09
0.0897	-0.0134324			8970.0	3.40705e-10
0.08975	-0.017255			8975.0	4.12381e-10
0.0898	-0.0147066			8980.0	3.97549e-10
0.08985	-0.0134324			8985.0	9.41834e-10
0.0899	-0.0121583			8990.0	1.8333e-09
0.08995	-0.0121583			8995.0	3.97274e-10
0.09	-0.00960991			9000.0	3.35983e-11
0.09005	-0.0134324			9005.0	2.51287e-09
0.0901	-0.0108841			9010.0	1.00649e-09
0.09015	-0.00706155			9015.0	3.43347e-10
0.0902	-0.0121583			9020.0	1.80704e-10
0.09025	-0.0121583			9025.0	6.91007e-10
0.0903	-0.0121583			9030.0	3.35115e-10
0.09035	-0.00706155			9035.0	3.85839e-10
0.0904	-0.00196484			9040.0	1.14074e-09
0.09045	-0.0045132			9045.0	6.29358e-10
0.0905	-0.00706155			9050.0	4.194e-09
0.09055	-0.00960991			9055.0	5.10317e-09
0.0906	-0.00706155			9060.0	1.2149e-09
0.09065	-0.0045132			9065.0	5.14513e-10
0.0907	-0.0045132			9070.0	3.59898e-10
0.09075	-0.00323902			9075.0	2.21561e-10
0.0908	0.00440605			9080.0	1.42234e-10
0.09085	0.00568023			9085.0	9.27049e-11
0.0909	0.000583518			9090.0	6.9066e-10
0.09095	0.0018577			9095.0	2.37807e-09
0.091	0.000583518			9100.0	5.70809e-09
0.09105	0.00568023			9105.0	3.69185e-09
0.0911	0.00822859			9110.0	2.49685e-09
0.09115	0.00695441			9115.0	2.97798e-09
0.0912	0.0120511			9120.0	3.32163e-09
0.09125	0.0158737			9125.0	1.86873e-09
0.0913	0.0171478			9130.0	1.43707e-10
0.09135	0.0145995			9135.0	2.83682e-09
0.0914	0.0145995			9140.0	1.86052e-09
0.09145	0.0133253			9145.0	4.42148e-10
0.0915	0.0171478			9150.0	4.33077e-10
0.09155	0.0209704			9155.0	8.81009e-11
0.0916	0.0171478			9160.0	1.00008e-09
0.09165	0.018422			9165.0	6.94785e-10
0.0917	0.0209704			9170.0	6.33246e-10
0.09175	0.0196962			9175.0	2.81084e-09
0.0918	0.0158737			9180.0	3.99026e-09
0.09185	0.0120511			9185.0	2.77593e-10
0.0919	0.00822859			9190.0	7.43277e-10
0.09195	0.0107769			9195.0	2.0446e-10
0.092	0.0133253			9200.0	4.36576e-10
0.09205	0.00950277			9205.0	4.75444e-11
0.0921	0.0107769			9210.0	5.84616e-10
0.09215	0.0145995			9215.0	2.64803e-10
0.0922	0.0133253			9220.0	2.89263e-09
0.09225	0.0107769			9225.0	6.97747e-09
0.0923	0.00950277			9230.0	3.52094e-09
0.09235	0.0107769			9235.0	6.77028e-10
0.0924	0.0158737			9240.0	1.3112e-09
0.09245	0.0158737			9245.0	1.77321e-09
0.0925	0.0171478			9250.0	3.69726e-10
0.09255	0.018422			9255.0	2.12364e-09
0.0926	0.0196962			9260.0	2.94584e-09
0.09265	0.0196962			9265.0	1.26493e-10
0.0927	0.018422			9270.0	4.67726e-10
0.09275	0.0209704			9275.0	5.74745e-10
0.0928	0.0247929			9280.0	1.34962e-10
0.09285	0.0273413			9285.0	6.05847e-10
0.0929	0.0298896			9290.0	3.59386e-09
0.09295	0.0286154			9295.0	2.2888e-09
0.093	0.0286154			9300.0	1.37056e-09
0.09305	0.0286154			9305.0	2.78158e-09
0.0931	0.0260671			9310.0	1.60492e-09
0.09315	0.0247929			9315.0	2.14582e-09
0.0932	0.0260671			9320.0	4.00264e-09
0.09325	0.0260671			9325.0	1.62032e-10
0.0933	0.0286154			9330.0	6.45966e-10
0.09335	0.0311638			9335.0	1.88e-09
0.0934	0.0222446			9340.0	3.82623e-09
0.09345	0.0222446			9345.0	1.86297e-09
0.0935	0.0209704			9350.0	3.28989e-10
0.09355	0.018422			9355.0	5.96355e-10
0.0936	0.018422			9360.0	8.7271e-11
0.09365	0.0171478			9365.0	5.31714e-10
0.0937	0.0120511			9370.0	4.21666e-10
0.09375	0.0107769			9375.0	1.03241e-09
0.0938	0.0120511			9380.0	1.002e-09
0.09385	0.0145995			9385.0	6.17658e-10
0.0939	0.0107769			9390.0	2.9866e-09
0.09395	0.00568023			9395.0	9.47517e-09
0.094	0.00695441			9400.0	3.91229e-09
0.09405	0.00313188			9405.0	7.8882e-11
0.0941	0.00313188			9410.0	3.86652e-10
0.09415	0.00695441			9415.0	1.15823e-10
0.0942	0.00568023			9420.0	6.69428e-10
0.09425	0.00822859			9425.0	1.79432e-10
0.0943	0.0107769			9430.0	5.72028e-10
0.09435	0.00822859			9435.0	1.29931e-09
0.0944	0.0107769			9440.0	2.76807e-09
0.09445	0.00568023			9445.0	2.1885e-09
0.0945	0.00822859			9450.0	7.03389e-10
0.09455	0.0107769			9455.0	1.34097e-10
0.0946	0.0107769			9460.0	4.61151e-10
0.09465	0.0133253			9465.0	6.80012e-10
0.0947	0.0133253			9470.0	1.37331e-10
0.09475	0.0107769			9475.0	4.53394e-10
0.0948	0.0120511			9480.0	1.76678e-10
0.09485	0.0107769			9485.0	1.67469e-09
0.0949	0.00695441			9490.0	4.13788e-09
0.09495	0.00695441			9495.0	4.53499e-09
0.095	0.00822859			9500.0	1.25656e-09
0.09505	0.00313188			9505.0	1.57394e-10
0.0951	0.000583518			9510.0	2.73836e-10
0.09515	0.000583518			9515.0	2.73705e-10
0.0952	-0.00196484			9520.0	4.62423e-10
0.09525	-0.00323902			9525.0	2.36087e-11
0.0953	-0.00706155			9530.0	8.96525e-10
0.09535	-0.00833573			9535.0	1.77769e-09
0.0954	-0.00960991			9540.0	4.01019e-10
0.09545	-0.00833573			9545.0	4.56064e-09
0.0955	-0.0134324			9550.0	5.21917e-09
0.09555	-0.0121583			9555.0	2.35473e-09
0.0956	-0.0134324			9560.0	4.12644e-11
0.09565	-0.0147066			9565.0	1.29067e-09
0.0957	-0.0147066			9570.0	1.23683e-10
0.09575	-0.0185292			9575.0	1.18691e-10
0.0958	-0.0185292			9580.0	4.09738e-10
0.09585	-0.0147066			9585.0	5.30175e-10
0.0959	-0.0147066			9590.0	9.46749e-10
0.09595	-0.0121583			9595.0	1.88935e-09
0.096	-0.0108841			9600.0	1.38852e-09
0.09605	-0.0134324			9605.0	1.25832e-09
0.0961	-0.0108841			9610.0	6.5222e-11
0.09615	-0.0121583			9615.0	6.77308e-10
0.0962	-0.0121583			9620.0	4.34124e-10
0.09625	-0.00833573			9625.0	5.5759e-10
0.0963	-0.00578737			9630.0	2.37913e-10
0.09635	-0.00578737			9635.0	1.98499e-10
0.0964	-0.00706155			9640.0	4.85406e-10
0.09645	-0.00833573			9645.0	1.90543e-10
0.0965	-0.00960991			9650.0	2.07342e-09
0.09655	-0.00578737			9655.0	1.85423e-09
0.0966	-0.00706155			9660.0	1.49089e-09
0.09665	-0.0134324			9665.0	1.80947e-09
0.0967	-0.0134324			9670.0	4.13319e-09
0.09675	-0.00833573			9675.0	1.1591e-09
0.0968	-0.00706155			9680.0	8.29506e-10
0.09685	-0.00706155			9685.0	3.33602e-09
0.0969	-0.00960991			9690.0	6.08398e-10
0.09695	-0.0121583			9695.0	9.18573e-10
0.097	-0.0134324			9700.0	2.83639e-10
0.09705	-0.0134324			9705.0	3.13116e-10
0.0971	-0.00960991			9710.0	1.62354e-09
0.09715	-0.0134324			9715.0	3.3977e-10
0.0972	-0.0121583			9720.0	1.85323e-09
0.09725	-0.00706155			9725.0	1.00037e-09
0.0973	-0.00706155			9730.0	2.89756e-10
0.09735	-0.00833573			9735.0	5.71397e-10
0.0974	-0.00706155			9740.0	9.0089e-10
0.09745	-0.00706155			9745.0	5.99022e-10
0.0975	-0.00706155			9750.0	1.63858e-10
0.09755	-0.0045132			9755.0	1.15735e-09
0.0976	-0.00196484			9760.0	1.28961e-09
0.09765	0.00313188			9765.0	6.14617e-10
0.0977	0.00568023			9770.0	3.12507e-09
0.09775	0.00950277			9775.0	1.93462e-09
0.0978	0.00695441			9780.0	5.43842e-10
0.09785	0.0107769			9785.0	4.14806e-11
0.0979	0.00822859			9790.0	4.4295e-10
0.09795	0.0120511			9795.0	1.61684e-09
0.098	0.0145995			9800.0	1.95207e-09
0.09805	0.0145995			9805.0	2.80537e-10
0.0981	0.0209704			9810.0	1.94667e-09
0.09815	0.018422			9815.0	1.51103e-09
0.0982	0.0209704			9820.0	5.61792e-11
0.09825	0.0171478			9825.0	6.66382e-10
0.0983	0.0133253			9830.0	2.40749e-10
0.09835	0.0145995			9835.0	8.87414e-10
0.0984	0.0209704			9840.0	6.01568e-10
0.09845	0.0209704			9845.0	3.66751e-10
0.0985	0.0196962			9850.0	1.07165e-09
0.09855	0.0196962			9855.0	6.02194e-10
0.0986	0.018422			9860.0	1.52943e-09
0.09865	0.018422			9865.0	3.82206e-10
0.0987	0.018422			9870.0	9.91072e-10
0.09875	0.0171478			9875.0	1.80033e-09
0.0988	0.0158737			9880.0	4.82463e-10
0.09885	0.0209704			9885.0	5.57103e-10
0.0989	0.0209704			9890.0	9.50594e-10
0.09895	0.0196962			9895.0	4.01132e-10
0.099	0.0222446			9900.0	1.58576e-09
0.09905	0.0222446			9905.0	3.91549e-09
0.0991	0.0235187			9910.0	4.17361e-09
0.09915	0.0222446			9915.0	7.66657e-10
0.0992	0.0222446			9920.0	2.81079e-11
0.09925	0.0222446			9925.0	8.16379e-10
0.0993	0.0260671			9930.0	9.70818e-10
0.09935	0.0298896			9935.0	5.73918e-10
0.0994	0.0311638			9940.0	3.14748e-10
0.09945	0.0286154			9945.0	8.90223e-10
0.0995	0.032438			9950.0	8.70035e-10
0.09955	0.0311638			9955.0	4.28973e-10
0.0996	0.0337122			9960.0	7.40442e-10
0.09965	0.0337122			9965.0	1.84859e-09
0.0997	0.0311638			9970.0	7.79745e-10
0.09975	0.032438			9975.0	6.10538e-11
0.0998	0.0286154			9980.0	2.14063e-09
0.09985	0.0311638			9985.0	5.51552e-10
0.0999	0.0349863			9990.0	1.68329e-09
0.09995	0.0349863			9995.0	1.90532e-09
0.1	0.0311638				
0.10005	0.0273413				
0.1001	0.0247929				
0.10015	0.0247929				
0.1002	0.0260671				
0.10025	0.0222446				
0.1003	0.0235187				
0.10035	0.0235187				
0.1004	0.0235187				
0.10045	0.0196962				
0.1005	0.0171478				
0.10055	0.0120511				
0.1006	0.0120511				
0.10065	0.0133253				
0.1007	0.0120511				
0.10075	0.0133253				
0.1008	0.0120511				
0.10085	0.00950277				
0.1009	0.0107769				
0.10095	0.00695441				
0.101	0.00568023				
0.10105	0.00440605				
0.1011	0.00313188				
0.10115	0.00568023				
0.1012	0.00568023				
0.10125	0.00313188				
0.1013	0.00313188				
0.10135	-0.00323902				
0.1014	-0.00578737				
0.10145	-0.0045132				
0.1015	-0.0045132				
0.10155	-0.00578737				
0.1016	-0.00196484				
0.10165	-0.00323902				
0.1017	-0.00706155				
0.10175	-0.00960991				
0.1018	-0.0134324				
0.10185	-0.0121583				
0.1019	-0.00960991				
0.10195	-0.0121583				
0.102	-0.0134324				
0.10205	-0.0121583				
0.1021	-0.0121583				
0.10215	-0.0121583				
0.1022	-0.0134324				
0.10225	-0.0147066				
0.1023	-0.017255				
0.10235	-0.017255				
0.1024	-0.0147066				
0.10245	-0.0134324				
0.1025	-0.00960991				
0.10255	-0.0121583				
0.1026	-0.0134324				
0.10265	-0.017255				
0.1027	-0.0185292				
0.10275	-0.0185292				
0.1028	-0.0185292				
0.10285	-0.0198033				
0.1029	-0.0185292				
0.10295	-0.017255				
0.103	-0.0198033				
0.10305	-0.0261742				
0.1031	-0.0236259				
0.10315	-0.0236259				
0.1032	-0.0249				
0.10325	-0.0223517				
0.1033	-0.0274484				
0.10335	-0.0274484				
0.1034	-0.0249				
0.10345	-0.0223517				
0.1035	-0.0274484				
0.10355	-0.0249				
0.1036	-0.0261742				
0.10365	-0.0223517				
0.1037	-0.0198033				
0.10375	-0.0147066				
0.1038	-0.0121583				
0.10385	-0.0121583				
0.1039	-0.0121583				
0.10395	-0.00960991				
0.104	-0.00706155				
0.10405	-0.00196484				
0.1041	-0.00069066				
0.10415	0.00440605				
0.1042	0.00440605				
0.10425	0.0107769				
0.1043	0.0107769				
0.10435	0.00822859				
0.1044	0.0120511				
0.10445	0.00950277				
0.1045	0.0120511				
0.10455	0.0120511				
0.1046	0.00950277				
0.10465	0.0133253				
0.1047	0.0120511				
0.10475	0.0145995				
0.1048	0.0120511				
0.10485	0.00440605				
0.1049	0.00568023				
0.10495	0.00695441				
0.105	0.00695441				
0.10505	0.0107769				
0.1051	0.00950277				
0.10515	0.0107769				
0.1052	0.00695441				
0.10525	0.0107769				
0.1053	0.0120511				
0.10535	0.0133253				
0.1054	0.0145995				
0.10545	0.0171478				
0.1055	0.0196962				
0.10555	0.0235187				
0.1056	0.0247929				
0.10565	0.0247929				
0.1057	0.0235187				
0.10575	0.0235187				
0.1058	0.0311638				
0.10585	0.0311638				
0.1059	0.032438				
0.10595	0.032438				
0.106	0.0337122				
0.10605	0.032438				
0.1061	0.0311638				
0.10615	0.0260671				
0.1062	0.0235187				
0.10625	0.0222446				
0.1063	0.0235187				
0.10635	0.0247929				
0.1064	0.0209704				
0.10645	0.0222446				
0.1065	0.0171478				
0.10655	0.018422				
0.1066	0.0133253				
0.10665	0.0120511				
0.1067	0.0133253				
0.10675	0.0120511				
0.1068	0.00950277				
0.10685	0.0133253				
0.1069	0.0120511				
0.10695	0.00950277				
0.107	0.00950277				
0.10705	0.00822859				
0.1071	0.00313188				
0.10715	0.0107769				
0.1072	0.0133253				
0.10725	0.0158737				
0.1073	0.0171478				
0.10735	0.0145995				
0.1074	0.0145995				
0.10745	0.0158737				
0.1075	0.0133253				
0.10755	0.0133253				
0.1076	0.0158737				
0.10765	0.0158737				
0.1077	0.018422				
0.10775	0.018422				
0.1078	0.0133253				
0.10785	0.0120511				
0.1079	0.0107769				
0.10795	0.00695441				
0.108	0.00440605				
0.10805	0.00695441				
0.1081	0.00313188				
0.10815	0.00440605				
0.1082	0.00440605				
0.10825	-0.00196484				
0.1083	-0.00196484				
0.10835	-0.00960991				
0.1084	-0.00833573				
0.10845	-0.00833573				
0.1085	-0.00706155				
0.10855	-0.0045132				
0.1086	-0.00578737				
0.10865	-0.0045132				
0.1087	-0.00706155				
0.10875	-0.00706155				
0.1088	-0.00706155				
0.10885	-0.00578737				
0.1089	-0.0045132				
0.10895	-0.00196484				
0.109	0.00313188				
0.10905	0.00440605				
0.1091	0.000583518				
0.10915	-0.00196484				
0.1092	-0.00069066				
0.10925	-0.00196484				
0.1093	0.0018577				
0.10935	-0.00196484				
0.1094	-0.00069066				
0.10945	0.00568023				
0.1095	0.00313188				
0.10955	-0.00069066				
0.1096	-0.00069066				
0.10965	-0.00706155				
0.1097	-0.00706155				
0.10975	-0.00706155				
0.1098	-0.00706155				
0.10985	-0.00578737				
0.1099	-0.00833573				
0.10995	-0.0108841				
0.11	-0.0147066				
0.11005	-0.00960991				
0.1101	-0.0134324				
0.11015	-0.0134324				
0.1102	-0.00960991				
0.11025	-0.00960991				
0.1103	-0.00960991				
0.11035	-0.00706155				
0.1104	-0.00833573				
0.11045	-0.0108841				
0.1105	-0.00960991				
0.11055	-0.00578737				
0.1106	-0.00706155				
0.11065	-0.0045132				
0.1107	-0.00323902				
0.11075	0.000583518				
0.1108	0.0018577				
0.11085	0.000583518				
0.1109	0.0018577				
0.11095	-0.00323902				
0.111	-0.00069066				
0.11105	0.00313188				
0.1111	0.00440605				
0.11115	0.00822859				
0.1112	0.00695441				
0.11125	0.00822859				
0.1113	0.00568023				
0.11135	0.00822859				
0.1114	0.00440605				
0.11145	0.00440605				
0.1115	0.00695441				
0.11155	0.00695441				
0.1116	0.0133253				
0.11165	0.0120511				
0.1117	0.0120511				
0.11175	0.00950277				
0.1118	0.00822859				
0.11185	0.0145995				
0.1119	0.0120511				
0.11195	0.0107769				
0.112	0.0158737				
0.11205	0.0171478				
0.1121	0.0196962				
0.11215	0.0171478				
0.1122	0.0171478				
0.11225	0.018422				
0.1123	0.018422				
0.11235	0.0209704				
0.1124	0.0235187				
0.11245	0.0235187				
0.1125	0.0247929				
0.11255	0.0222446				
0.1126	0.0235187				
0.11265	0.0235187				
0.1127	0.0247929				
0.11275	0.0286154				
0.1128	0.0298896				
0.11285	0.0298896				
0.1129	0.0286154				
0.11295	0.0286154				
0.113	0.0273413				
0.11305	0.0273413				
0.1131	0.0247929				
0.11315	0.0247929				
0.1132	0.0235187				
0.11325	0.0260671				
0.1133	0.0247929				
0.11335	0.0235187				
0.1134	0.0235187				
0.11345	0.0222446				
0.1135	0.0196962				
0.11355	0.0196962				
0.1136	0.0196962				
0.11365	0.0209704				
0.1137	0.018422				
0.11375	0.0222446				
0.1138	0.0235187				
0.11385	0.018422				
0.1139	0.0222446				
0.11395	0.0171478				
0.114	0.0171478				
0.11405	0.018422				
0.1141	0.018422				
0.11415	0.018422				
0.1142	0.0222446				
0.11425	0.0209704				
0.1143	0.018422				
0.11435	0.0158737				
0.1144	0.0158737				
0.11445	0.0120511				
0.1145	0.0145995				
0.11455	0.0133253				
0.1146	0.0120511				
0.11465	0.018422				
0.1147	0.0120511				
0.11475	0.0107769				
0.1148	0.0107769				
0.11485	0.00568023				
0.1149	0.00695441				
0.11495	0.00950277				
0.115	0.0107769				
0.11505	0.00440605				
0.1151	0.00313188				
0.11515	0.00440605				
0.1152	0.000583518				
0.11525	-0.0045132				
0.1153	-0.0045132				
0.11535	-0.0045132				
0.1154	-0.00578737				
0.11545	-0.00323902				
0.1155	-0.00706155				
0.11555	-0.00706155				
0.1156	-0.00960991				
0.11565	-0.00833573				
0.1157	-0.0121583				
0.11575	-0.0147066				
0.1158	-0.0147066				
0.11585	-0.0121583				
0.1159	-0.0108841				
0.11595	-0.0108841				
0.116	-0.0121583				
0.11605	-0.0147066				
0.1161	-0.017255				
0.11615	-0.0134324				
0.1162	-0.0134324				
0.11625	-0.0147066				
0.1163	-0.00960991				
0.11635	-0.00960991				
0.1164	-0.0121583				
0.11645	-0.0108841				
0.1165	-0.0134324				
0.11655	-0.0134324				
0.1166	-0.0159808				
0.11665	-0.0134324				
0.1167	-0.0121583				
0.11675	-0.0134324				
0.1168	-0.0134324				
0.11685	-0.0134324				
0.1169	-0.0147066				
0.11695	-0.0134324				
0.117	-0.0236259				
0.11705	-0.0249				
0.1171	-0.0223517				
0.11715	-0.0210775				
0.1172	-0.017255				
0.11725	-0.0210775				
0.1173	-0.0249				
0.11735	-0.0261742				
0.1174	-0.0261742				
0.11745	-0.0261742				
0.1175	-0.0236259				
0.11755	-0.017255				
0.1176	-0.017255				
0.11765	-0.0159808				
0.1177	-0.017255				
0.11775	-0.0134324				
0.1178	-0.00833573				
0.11785	-0.00833573				
0.1179	-0.00706155				
0.11795	-0.0045132				
0.118	0.000583518				
0.11805	0.00568023				
0.1181	0.00695441				
0.11815	0.00568023				
0.1182	0.00822859				
0.11825	0.0120511				
0.1183	0.0107769				
0.11835	0.00950277				
0.1184	0.0145995				
0.11845	0.0133253				
0.1185	0.0107769				
0.11855	0.0120511				
0.1186	0.0120511				
0.11865	0.0107769				
0.1187	0.0107769				
0.11875	0.00440605				
0.1188	0.0018577				
0.11885	0.00440605				
0.1189	0.00440605				
0.11895	0.00313188				
0.119	0.0018577				
0.11905	0.0018577				
0.1191	0.000583518				
0.11915	-0.00323902				
0.1192	-0.0045132				
0.11925	0.000583518				
0.1193	0.00568023				
0.11935	0.0107769				
0.1194	0.0120511				
0.11945	0.0133253				
0.1195	0.0120511				
0.11955	0.0196962				
0.1196	0.0222446				
0.11965	0.0209704				
0.1197	0.0273413				
0.11975	0.0311638				
0.1198	0.0311638				
0.11985	0.0362605				
0.1199	0.0388089				
0.11995	0.0375347				
0.12	0.0375347				
0.12005	0.0362605				
0.1201	0.0337122				
0.12015	0.032438				
0.1202	0.0349863				
0.12025	0.032438				
0.1203	0.032438				
0.12035	0.0286154				
0.1204	0.0235187				
0.12045	0.0209704				
0.1205	0.0145995				
0.12055	0.0107769				
0.1206	0.0145995				
0.12065	0.0120511				
0.1207	0.0107769				
0.12075	0.0133253				
0.1208	0.00822859				
0.12085	0.00695441				
0.1209	0.00695441				
0.12095	0.00695441				
0.121	0.00695441				
0.12105	0.00822859				
0.1211	0.0120511				
0.12115	0.0133253				
0.1212	0.0158737				
0.12125	0.0120511				
0.1213	0.0133253				
0.12135	0.018422				
0.1214	0.0158737				
0.12145	0.018422				
0.1215	0.0209704				
0.12155	0.0222446				
0.1216	0.0273413				
0.12165	0.0273413				
0.1217	0.0235187				
0.12175	0.0222446				
0.1218	0.0158737				
0.12185	0.018422				
0.1219	0.018422				
0.12195	0.0145995				
0.122	0.0120511				
0.12205	0.0107769				
0.1221	0.00950277				
0.12215	0.00568023				
0.1222	0.000583518				
0.12225	-0.00196484				
0.1223	-0.00578737				
0.12235	-0.00706155				
0.1224	-0.00578737				
0.12245	-0.00706155				
0.1225	-0.0121583				
0.12255	-0.0159808				
0.1226	-0.017255				
0.12265	-0.0185292				
0.1227	-0.0159808				
0.12275	-0.0198033				
0.1228	-0.0185292				
0.12285	-0.0159808				
0.1229	-0.0134324				
0.12295	-0.0147066				
0.123	-0.0147066				
0.12305	-0.0147066				
0.1231	-0.0134324				
0.12315	-0.0108841				
0.1232	-0.0121583				
0.12325	-0.0121583				
0.1233	-0.0121583				
0.12335	-0.00833573				
0.1234	-0.00578737				
0.12345	-0.0121583				
0.1235	-0.0134324				
0.12355	-0.017255				
0.1236	-0.0159808				
0.12365	-0.017255				
0.1237	-0.017255				
0.12375	-0.017255				
0.1238	-0.017255				
0.12385	-0.017255				
0.1239	-0.0185292				
0.12395	-0.0210775				
0.124	-0.0210775				
0.12405	-0.0236259				
0.1241	-0.0185292				
0.12415	-0.0198033				
0.1242	-0.017255				
0.12425	-0.0185292				
0.1243	-0.0210775				
0.12435	-0.0185292				
0.1244	-0.017255				
0.12445	-0.0147066				
0.1245	-0.0134324				
0.12455	-0.0134324				
0.1246	-0.00578737				
0.12465	-0.00706155				
0.1247	-0.00706155				
0.12475	-0.00196484				
0.1248	-0.00196484				
0.12485	0.000583518				
0.1249	-0.00323902				
0.12495	-0.00323902				
0.125	0.00568023				
0.12505	0.00440605				
0.1251	0.00822859				
0.12515	0.00950277				
0.1252	0.00313188				
0.12525	0.00695441				
0.1253	0.00695441				
0.12535	0.00568023				
0.1254	0.00822859				
0.12545	0.0120511				
0.1255	0.0171478				
0.12555	0.0171478				
0.1256	0.0145995				
0.12565	0.0171478				
0.1257	0.0158737				
0.12575	0.0222446				
0.1258	0.0247929				
0.12585	0.0235187				
0.1259	0.0260671				
0.12595	0.032438				
0.126	0.032438				
0.12605	0.0337122				
0.1261	0.0375347				
0.12615	0.032438				
0.1262	0.0337122				
0.12625	0.0388089				
0.1263	0.0362605				
0.12635	0.0439056				
0.1264	0.0451798				
0.12645	0.0426314				
0.1265	0.0426314				
0.12655	0.0426314				
0.1266	0.0388089				
0.12665	0.040083				
0.1267	0.0413572				
0.12675	0.0388089				
0.1268	0.0349863				
0.12685	0.0426314				
0.1269	0.0375347				
0.12695	0.0337122				
0.127	0.0349863				
0.12705	0.032438				
0.1271	0.0337122				
0.12715	0.0349863				
0.1272	0.0349863				
0.12725	0.0337122				
0.1273	0.032438				
0.12735	0.0337122				
0.1274	0.0298896				
0.12745	0.0286154				
0.1275	0.0337122				
0.12755	0.0311638				
0.1276	0.0311638				
0.12765	0.0349863				
0.1277	0.032438				
0.12775	0.0286154				
0.1278	0.0311638				
0.12785	0.0247929				
0.1279	0.0235187				
0.12795	0.0235187				
0.128	0.0209704				
0.12805	0.0247929				
0.1281	0.0196962				
0.12815	0.018422				
0.1282	0.0133253				
0.12825	0.00822859				
0.1283	0.00695441				
0.12835	0.00822859				
0.1284	0.000583518				
0.12845	0.00313188				
0.1285	0.00313188				
0.12855	0.0018577				
0.1286	0.000583518				
0.12865	-0.00196484				
0.1287	-0.0045132				
0.12875	-0.00706155				
0.1288	-0.0045132				
0.12885	-0.00196484				
0.1289	-0.00706155				
0.12895	-0.00706155				
0.129	-0.00706155				
0.12905	-0.00706155				
0.1291	-0.00833573				
0.12915	-0.0134324				
0.1292	-0.0108841				
0.12925	-0.0108841				
0.1293	-0.00833573				
0.12935	-0.00960991				
0.1294	-0.0159808				
0.12945	-0.017255				
0.1295	-0.0159808				
0.12955	-0.0134324				
0.1296	-0.0223517				
0.12965	-0.0287226				
0.1297	-0.0274484				
0.12975	-0.0274484				
0.1298	-0.0274484				
0.12985	-0.0299968				
0.1299	-0.0325451				
0.12995	-0.0325451				
0.13	-0.0350935				
0.13005	-0.0350935				
0.1301	-0.0376418				
0.13015	-0.0312709				
0.1302	-0.0287226				
0.13025	-0.0287226				
0.1303	-0.0287226				
0.13035	-0.0274484				
0.1304	-0.0274484				
0.13045	-0.0261742				
0.1305	-0.0223517				
0.13055	-0.0198033				
0.1306	-0.0159808				
0.13065	-0.0121583				
0.1307	-0.0159808				
0.13075	-0.0134324				
0.1308	-0.0121583				
0.13085	-0.00960991				
0.1309	-0.00960991				
0.13095	-0.00706155				
0.131	-0.0134324				
0.13105	-0.0045132				
0.1311	-0.00069066				
0.13115	-0.00323902				
0.1312	-0.00833573				
0.13125	-0.00960991				
0.1313	-0.00706155				
0.13135	-0.00323902				
0.1314	-0.00196484				
0.13145	-0.00196484				
0.1315	-0.00578737				
0.13155	-0.00069066				
0.1316	0.0018577				
0.13165	-0.00196484				
0.1317	0.000583518				
0.13175	-0.00323902				
0.1318	0.0018577				
0.13185	0.00695441				
0.1319	0.0120511				
0.13195	0.0120511				
0.132	0.0133253				
0.13205	0.0145995				
0.1321	0.0158737				
0.13215	0.0222446				
0.1322	0.0222446				
0.13225	0.0273413				
0.1323	0.0349863				
0.13235	0.0349863				
0.1324	0.0388089				
0.13245	0.040083				
0.1325	0.0349863				
0.13255	0.0349863				
0.1326	0.0388089				
0.13265	0.0375347				
0.1327	0.040083				
0.13275	0.040083				
0.1328	0.0388089				
0.13285	0.0388089				
0.1329	0.0337122				
0.13295	0.0337122				
0.133	0.032438				
0.13305	0.0260671				
0.1331	0.0235187				
0.13315	0.0260671				
0.1332	0.0260671				
0.13325	0.0260671				
0.1333	0.0247929				
0.13335	0.0247929				
0.1334	0.0171478				
0.13345	0.0209704				
0.1335	0.0222446				
0.13355	0.0209704				
0.1336	0.0209704				
0.13365	0.018422				
0.1337	0.0247929				
0.13375	0.0273413				
0.1338	0.0286154				
0.13385	0.0273413				
0.1339	0.0247929				
0.13395	0.0273413				
0.134	0.032438				
0.13405	0.0286154				
0.1341	0.0273413				
0.13415	0.0311638				
0.1342	0.0286154				
0.13425	0.0273413				
0.1343	0.0273413				
0.13435	0.0222446				
0.1344	0.0171478				
0.13445	0.0120511				
0.1345	0.0120511				
0.13455	0.0120511				
0.1346	0.0133253				
0.13465	0.00568023				
0.1347	-0.00196484				
0.13475	-0.00069066				
0.1348	-0.00833573				
0.13485	-0.00833573				
0.1349	-0.00833573				
0.13495	-0.0134324				
0.135	-0.0134324				
0.13505	-0.0108841				
0.1351	-0.0134324				
0.13515	-0.017255				
0.1352	-0.0198033				
0.13525	-0.0198033				
0.1353	-0.0198033				
0.13535	-0.0134324				
0.1354	-0.017255				
0.13545	-0.0198033				
0.1355	-0.0108841				
0.13555	-0.0121583				
0.1356	-0.0147066				
0.13565	-0.0185292				
0.1357	-0.0210775				
0.13575	-0.0159808				
0.1358	-0.0134324				
0.13585	-0.0108841				
0.1359	-0.017255				
0.13595	-0.0223517				
0.136	-0.0223517				
0.13605	-0.0223517				
0.1361	-0.0261742				
0.13615	-0.0274484				
0.1362	-0.0325451				
0.13625	-0.0312709				
0.1363	-0.0299968				
0.13635	-0.0325451				
0.1364	-0.0325451				
0.13645	-0.0350935				
0.1365	-0.0338193				
0.13655	-0.0325451				
0.1366	-0.0350935				
0.13665	-0.0325451				
0.1367	-0.0338193				
0.13675	-0.0287226				
0.1368	-0.0287226				
0.13685	-0.0261742				
0.1369	-0.0287226				
0.13695	-0.0274484				
0.137	-0.0274484				
0.13705	-0.0236259				
0.1371	-0.0198033				
0.13715	-0.0185292				
0.1372	-0.0210775				
0.13725	-0.017255				
0.1373	-0.017255				
0.13735	-0.0108841				
0.1374	-0.00960991				
0.13745	-0.0134324				
0.1375	-0.0185292				
0.13755	-0.0198033				
0.1376	-0.0134324				
0.13765	-0.00833573				
0.1377	-0.0121583				
0.13775	-0.00960991				
0.1378	-0.00833573				
0.13785	-0.00833573				
0.1379	-0.00706155				
0.13795	-0.00833573				
0.138	-0.00323902				
0.13805	-0.00196484				
0.1381	0.000583518				
0.13815	0.00695441				
0.1382	0.00822859				
0.13825	0.00568023				
0.1383	0.0107769				
0.13835	0.0107769				
0.1384	0.0145995				
0.13845	0.018422				
0.1385	0.018422				
0.13855	0.0222446				
0.1386	0.0273413				
0.13865	0.0349863				
0.1387	0.0311638				
0.13875	0.0311638				
0.1388	0.0247929				
0.13885	0.0247929				
0.1389	0.0273413				
0.13895	0.0337122				
0.139	0.032438				
0.13905	0.0337122				
0.1391	0.032438				
0.13915	0.0311638				
0.1392	0.032438				
0.13925	0.0337122				
0.1393	0.0273413				
0.13935	0.0247929				
0.1394	0.0286154				
0.13945	0.0311638				
0.1395	0.032438				
0.13955	0.0349863				
0.1396	0.0311638				
0.13965	0.0273413				
0.1397	0.0273413				
0.13975	0.0286154				
0.1398	0.0273413				
0.13985	0.0298896				
0.1399	0.0298896				
0.13995	0.0375347				
0.14	0.0388089				
0.14005	0.0413572				
0.1401	0.0349863				
0.14015	0.0375347				
0.1402	0.0375347				
0.14025	0.0375347				
0.1403	0.0375347				
0.14035	0.0362605				
0.1404	0.0388089				
0.14045	0.0388089				
0.1405	0.0388089				
0.14055	0.0311638				
0.1406	0.0273413				
0.14065	0.0235187				
0.1407	0.0235187				
0.14075	0.0235187				
0.1408	0.0222446				
0.14085	0.0171478				
0.1409	0.018422				
0.14095	0.0133253				
0.141	0.0133253				
0.14105	0.00950277				
0.1411	0.00695441				
0.14115	0.00313188				
0.1412	0.0018577				
0.14125	0.00440605				
0.1413	-0.00196484				
0.14135	0.00568023				
0.1414	0.0018577				
0.14145	0.000583518				
0.1415	0.000583518				
0.14155	0.0018577				
0.1416	-0.00196484				
0.14165	-0.00323902				
0.1417	-0.00196484				
0.14175	0.000583518				
0.1418	0.00695441				
0.14185	0.000583518				
0.1419	-0.00578737				
0.14195	-0.00323902				
0.142	-0.00323902				
0.14205	-0.00578737				
0.1421	-0.0134324				
0.14215	-0.0147066				
0.1422	-0.0147066				
0.14225	-0.0147066				
0.1423	-0.017255				
0.14235	-0.0249				
0.1424	-0.0274484				
0.14245	-0.0287226				
0.1425	-0.0299968				
0.14255	-0.0299968				
0.1426	-0.0325451				
0.14265	-0.0312709				
0.1427	-0.0249				
0.14275	-0.0261742				
0.1428	-0.0274484				
0.14285	-0.0236259				
0.1429	-0.0236259				
0.14295	-0.0249				
0.143	-0.0261742				
0.14305	-0.0223517				
0.1431	-0.017255				
0.14315	-0.00960991				
0.1432	-0.0108841				
0.14325	-0.0121583				
0.1433	-0.00706155				
0.14335	-0.00706155				
0.1434	-0.00706155				
0.14345	-0.0108841				
0.1435	-0.0108841				
0.14355	-0.0045132				
0.1436	0.00313188				
0.14365	-0.00069066				
0.1437	-0.00706155				
0.14375	-0.00960991				
0.1438	-0.00706155				
0.14385	-0.00706155				
0.1439	-0.0121583				
0.14395	-0.0159808				
0.144	-0.0134324				
0.14405	-0.00833573				
0.1441	-0.00960991				
0.14415	-0.00960991				
0.1442	-0.0121583				
0.14425	-0.0121583				
0.1443	-0.0108841				
0.14435	-0.00960991				
0.1444	-0.0045132				
0.14445	-0.00196484				
0.1445	0.00313188				
0.14455	0.0018577				
0.1446	0.00440605				
0.14465	0.00950277				
0.1447	0.0133253				
0.14475	0.0107769				
0.1448	0.0158737				
0.14485	0.018422				
0.1449	0.0247929				
0.14495	0.0311638				
0.145	0.0311638				
0.14505	0.0311638				
0.1451	0.032438				
0.14515	0.0337122				
0.1452	0.0388089				
0.14525	0.0349863				
0.1453	0.0286154				
0.14535	0.0337122				
0.1454	0.0362605				
0.14545	0.0388089				
0.1455	0.0337122				
0.14555	0.0337122				
0.1456	0.0286154				
0.14565	0.0311638				
0.1457	0.0273413				
0.14575	0.0235187				
0.1458	0.0235187				
0.14585	0.0247929				
0.1459	0.0247929				
0.14595	0.0260671				
0.146	0.0247929				
0.14605	0.0222446				
0.1461	0.0209704				
0.14615	0.0222446				
0.1462	0.0235187				
0.14625	0.0286154				
0.1463	0.0286154				
0.14635	0.0260671				
0.1464	0.0286154				
0.14645	0.0362605				
0.1465	0.0388089				
0.14655	0.0349863				
0.1466	0.0337122				
0.14665	0.032438				
0.1467	0.032438				
0.14675	0.040083				
0.1468	0.0388089				
0.14685	0.0375347				
0.1469	0.0362605				
0.14695	0.0349863				
0.147	0.0311638				
0.14705	0.0337122				
0.1471	0.0247929				
0.14715	0.0222446				
0.1472	0.0222446				
0.14725	0.0209704				
0.1473	0.0209704				
0.14735	0.0171478				
0.1474	0.0133253				
0.14745	0.0107769				
0.1475	0.00822859				
0.14755	0.00313188				
0.1476	0.000583518				
0.14765	-0.00323902				
0.1477	-0.0045132				
0.14775	-0.00196484				
0.1478	-0.00323902				
0.14785	-0.00323902				
0.1479	-0.00196484				
0.14795	-0.00960991				
0.148	-0.0108841				
0.14805	-0.00960991				
0.1481	-0.0045132				
0.14815	-0.00578737				
0.1482	-0.00833573				
0.14825	-0.00578737				
0.1483	-0.00578737				
0.14835	-0.00196484				
0.1484	-0.00578737				
0.14845	-0.0121583				
0.1485	-0.0121583				
0.14855	-0.00706155				
0.1486	-0.0045132				
0.14865	-0.0045132				
0.1487	-0.00960991				
0.14875	-0.0134324				
0.1488	-0.0121583				
0.14885	-0.0147066				
0.1489	-0.0134324				
0.14895	-0.017255				
0.149	-0.0185292				
0.14905	-0.0185292				
0.1491	-0.0185292				
0.14915	-0.0198033				
0.1492	-0.0236259				
0.14925	-0.0261742				
0.1493	-0.0299968				
0.14935	-0.0312709				
0.1494	-0.0261742				
0.14945	-0.0287226				
0.1495	-0.0299968				
0.14955	-0.0287226				
0.1496	-0.0249				
0.14965	-0.0261742				
0.1497	-0.0274484				
0.14975	-0.0312709				
0.1498	-0.0299968				
0.14985	-0.0299968				
0.1499	-0.0210775				
0.14995	-0.0223517				
0.15	-0.0223517				
0.15005	-0.0223517				
0.1501	-0.0223517				
0.15015	-0.017255				
0.1502	-0.0198033				
0.15025	-0.0210775				
0.1503	-0.0210775				
0.15035	-0.017255				
0.1504	-0.00960991				
0.15045	-0.00960991				
0.1505	-0.00960991				
0.15055	-0.00960991				
0.1506	-0.00960991				
0.15065	-0.00960991				
0.1507	-0.00833573				
0.15075	-0.00706155				
0.1508	-0.00323902				
0.15085	-0.00578737				
0.1509	-0.00069066				
0.15095	-0.00069066				
0.151	-0.00196484				
0.15105	-0.00196484				
0.1511	-0.0045132				
0.15115	-0.00323902				
0.1512	0.000583518				
0.15125	0.00313188				
0.1513	0.0018577				
0.15135	0.000583518				
0.1514	-0.00196484				
0.15145	0.00313188				
0.1515	0.00313188				
0.15155	0.0018577				
0.1516	-0.00323902				
0.15165	0.000583518				
0.1517	0.00440605				
0.15175	0.00695441				
0.1518	0.00822859				
0.15185	0.00695441				
0.1519	0.00695441				
0.15195	0.00822859				
0.152	0.00950277				
0.15205	0.0120511				
0.1521	0.0133253				
0.15215	0.0171478				
0.1522	0.018422				
0.15225	0.0222446				
0.1523	0.0247929				
0.15235	0.0247929				
0.1524	0.0247929				
0.15245	0.0235187				
0.1525	0.0273413				
0.15255	0.0311638				
0.1526	0.0311638				
0.15265	0.0286154				
0.1527	0.0311638				
0.15275	0.032438				
0.1528	0.032438				
0.15285	0.032438				
0.1529	0.0260671				
0.15295	0.0222446				
0.153	0.0222446				
0.15305	0.0260671				
0.1531	0.0273413				
0.15315	0.0222446				
0.1532	0.018422				
0.15325	0.0133253				
0.1533	0.0133253				
0.15335	0.00950277				
0.1534	0.00440605				
0.15345	0.00568023				
0.1535	0.000583518				
0.15355	-0.00069066				
0.1536	0.00313188				
0.15365	0.0018577				
0.1537	-0.00196484				
0.15375	-0.00069066				
0.1538	-0.00323902				
0.15385	-0.00323902				
0.1539	0.000583518				
0.15395	0.000583518				
0.154	0.00313188				
0.15405	0.00440605				
0.1541	0.00822859				
0.15415	0.00695441				
0.1542	0.00695441				
0.15425	0.00313188				
0.1543	0.000583518				
0.15435	0.00695441				
0.1544	0.0107769				
0.15445	0.00950277				
0.1545	0.00568023				
0.15455	0.00568023				
0.1546	0.00950277				
0.15465	0.00950277				
0.1547	0.00313188				
0.15475	-0.00069066				
0.1548	-0.00069066				
0.15485	0.0018577				
0.1549	0.00313188				
0.15495	0.000583518				
0.155	-0.00706155				
0.15505	-0.00706155				
0.1551	-0.0108841				
0.15515	-0.0159808				
0.1552	-0.0159808				
0.15525	-0.0134324				
0.1553	-0.0159808				
0.15535	-0.0108841				
0.1554	-0.0134324				
0.15545	-0.017255				
0.1555	-0.0147066				
0.15555	-0.0159808				
0.1556	-0.0121583				
0.15565	-0.0134324				
0.1557	-0.00960991				
0.15575	-0.00706155				
0.1558	-0.00706155				
0.15585	-0.00706155				
0.1559	-0.0045132				
0.15595	-0.00706155				
0.156	-0.0121583				
0.15605	-0.0134324				
0.1561	-0.00578737				
0.15615	0.000583518				
0.1562	0.00313188				
0.15625	-0.00196484				
0.1563	-0.00323902				
0.15635	-0.00069066				
0.1564	0.00440605				
0.15645	-0.00069066				
0.1565	-0.00323902				
0.15655	-0.00323902				
0.1566	0.00313188				
0.15665	0.000583518				
0.1567	0.0018577				
0.15675	-0.00069066				
0.1568	-0.00069066				
0.15685	-0.00069066				
0.1569	0.00313188				
0.15695	-0.00196484				
0.157	-0.00069066				
0.15705	0.00313188				
0.1571	0.00440605				
0.15715	0.00695441				
0.1572	0.00822859				
0.15725	0.00695441				
0.1573	0.00568023				
0.15735	0.00568023				
0.1574	0.00822859				
0.15745	0.00950277				
0.1575	0.00822859				
0.15755	0.00822859				
0.1576	0.00440605				
0.15765	0.00822859				
0.1577	0.00695441				
0.15775	0.00440605				
0.1578	0.000583518				
0.15785	-0.00196484				
0.1579	0.00313188				
0.15795	0.00440605				
0.158	0.00568023				
0.15805	0.00440605				
0.1581	0.00695441				
0.15815	0.00695441				
0.1582	0.00440605				
0.15825	0.0018577				
0.1583	0.000583518				
0.15835	0.00568023				
0.1584	0.00695441				
0.15845	0.00822859				
0.1585	0.0107769				
0.15855	0.0107769				
0.1586	0.0133253				
0.15865	0.0158737				
0.1587	0.0145995				
0.15875	0.0171478				
0.1588	0.0209704				
0.15885	0.0235187				
0.1589	0.0235187				
0.15895	0.0247929				
0.159	0.0273413				
0.15905	0.0298896				
0.1591	0.0286154				
0.15915	0.0222446				
0.1592	0.018422				
0.15925	0.0247929				
0.1593	0.0260671				
0.15935	0.0273413				
0.1594	0.0247929				
0.15945	0.018422				
0.1595	0.0196962				
0.15955	0.0171478				
0.1596	0.0145995				
0.15965	0.0120511				
0.1597	0.0107769				
0.15975	0.0107769				
0.1598	0.0120511				
0.15985	0.00822859				
0.1599	0.00440605				
0.15995	0.00440605				
0.16	0.00313188				
0.16005	0.00695441				
0.1601	0.00695441				
0.16015	0.00695441				
0.1602	0.00568023				
0.16025	0.0107769				
0.1603	0.0107769				
0.16035	0.0107769				
0.1604	0.0107769				
0.16045	0.00950277				
0.1605	0.0120511				
0.16055	0.0171478				
0.1606	0.0235187				
0.16065	0.0235187				
0.1607	0.0222446				
0.16075	0.0222446				
0.1608	0.0235187				
0.16085	0.0247929				
0.1609	0.0222446				
0.16095	0.0222446				
0.161	0.0222446				
0.16105	0.0235187				
0.1611	0.0222446				
0.16115	0.0209704				
0.1612	0.0158737				
0.16125	0.0145995				
0.1613	0.00950277				
0.16135	0.00822859				
0.1614	0.00822859				
0.16145	0.0018577				
0.1615	0.00440605				
0.16155	0.00313188				
0.1616	0.000583518				
0.16165	-0.00196484				
0.1617	-0.00833573				
0.16175	-0.00706155				
0.1618	-0.00833573				
0.16185	-0.00706155				
0.1619	-0.00323902				
0.16195	-0.0045132				
0.162	-0.00578737				
0.16205	-0.00323902				
0.1621	-0.00706155				
0.16215	-0.0045132				
0.1622	-0.00578737				
0.16225	-0.00323902				
0.1623	-0.00196484				
0.16235	-0.00196484				
0.1624	0.00313188				
0.16245	0.00695441				
0.1625	0.00695441				
0.16255	0.00440605				
0.1626	0.00313188				
0.16265	0.00313188				
0.1627	-0.00069066				
0.16275	0.000583518				
0.1628	0.00440605				
0.16285	0.000583518				
0.1629	0.0018577				
0.16295	-0.00323902				
0.163	-0.00196484				
0.16305	-0.00578737				
0.1631	-0.00706155				
0.16315	-0.00578737				
0.1632	-0.00706155				
0.16325	-0.00578737				
0.1633	-0.00578737				
0.16335	-0.0121583				
0.1634	-0.00960991				
0.16345	-0.0134324				
0.1635	-0.0121583				
0.16355	-0.0159808				
0.1636	-0.0134324				
0.16365	-0.0121583				
0.1637	-0.00833573				
0.16375	-0.0108841				
0.1638	-0.00960991				
0.16385	-0.0134324				
0.1639	-0.0121583				
0.16395	-0.0108841				
0.164	-0.00706155				
0.16405	-0.0108841				
0.1641	-0.00706155				
0.16415	-0.0045132				
0.1642	-0.00706155				
0.16425	-0.00706155				
0.1643	-0.00960991				
0.16435	-0.00833573				
0.1644	-0.00833573				
0.16445	-0.00833573				
0.1645	-0.0045132				
0.16455	-0.00323902				
0.1646	-0.00196484				
0.16465	-0.00196484				
0.1647	-0.00196484				
0.16475	0.000583518				
0.1648	-0.0045132				
0.16485	-0.00069066				
0.1649	0.000583518				
0.16495	0.00440605				
0.165	0.00440605				
0.16505	0.00440605				
0.1651	0.00313188				
0.16515	0.00568023				
0.1652	0.00695441				
0.16525	0.00568023				
0.1653	0.0018577				
0.16535	0.00313188				
0.1654	0.00695441				
0.16545	0.0107769				
0.1655	0.0120511				
0.16555	0.00568023				
0.1656	0.00695441				
0.16565	0.00695441				
0.1657	0.00695441				
0.16575	0.00695441				
0.1658	0.00568023				
0.16585	0.00695441				
0.1659	0.0107769				
0.16595	0.0120511				
0.166	0.0107769				
0.16605	0.00950277				
0.1661	0.00568023				
0.16615	0.00695441				
0.1662	0.0107769				
0.16625	0.0133253				
0.1663	0.00950277				
0.16635	0.0133253				
0.1664	0.0158737				
0.16645	0.0145995				
0.1665	0.0145995				
0.16655	0.00822859				
0.1666	0.00568023				
0.16665	0.0107769				
0.1667	0.0133253				
0.16675	0.0133253				
0.1668	0.0107769				
0.16685	0.00822859				
0.1669	0.0107769				
0.16695	0.00695441				
0.167	0.00568023				
0.16705	0.00440605				
0.1671	0.00440605				
0.16715	0.00695441				
0.1672	0.00695441				
0.16725	0.00950277				
0.1673	0.00695441				
0.16735	0.000583518				
0.1674	0.0018577				
0.16745	-0.00323902				
0.1675	-0.00323902				
0.16755	-0.00196484				
0.1676	-0.00196484				
0.16765	0.000583518				
0.1677	-0.00069066				
0.16775	0.000583518				
0.1678	-0.00323902				
0.16785	-0.00069066				
0.1679	-0.00196484				
0.16795	0.000583518				
0.168	0.00313188				
0.16805	0.00313188				
0.1681	0.000583518				
0.16815	0.00440605				
0.1682	0.00568023				
0.16825	0.0018577				
0.1683	-0.00323902				
0.16835	-0.00323902				
0.1684	0.00313188				
0.16845	0.00313188				
0.1685	0.0018577				
0.16855	-0.00069066				
0.1686	-0.00196484				
0.16865	0.00313188				
0.1687	0.00313188				
0.16875	-0.00578737				
0.1688	-0.00706155				
0.16885	-0.00833573				
0.1689	-0.00196484				
0.16895	-0.00578737				
0.169	-0.00960991				
0.16905	-0.00706155				
0.1691	-0.00578737				
0.16915	-0.00833573				
0.1692	-0.0134324				
0.16925	-0.0134324				
0.1693	-0.0108841				
0.16935	-0.0045132				
0.1694	-0.00578737				
0.16945	-0.00196484				
0.1695	0.000583518				
0.16955	0.000583518				
0.1696	-0.00323902				
0.16965	-0.00196484				
0.1697	0.00695441				
0.16975	0.00568023				
0.1698	0.00568023				
0.16985	-0.00069066				
0.1699	0.0018577				
0.16995	0.00695441				
0.17	0.00950277				
0.17005	0.000583518				
0.1701	-0.00196484				
0.17015	0.000583518				
0.1702	0.00313188				
0.17025	0.00440605				
0.1703	0.0018577				
0.17035	-0.00069066				
0.1704	0.0018577				
0.17045	0.000583518				
0.1705	-0.00196484				
0.17055	-0.00706155				
0.1706	-0.00578737				
0.17065	-0.00833573				
0.1707	-0.00706155				
0.17075	-0.00706155				
0.1708	-0.00706155				
0.17085	-0.00578737				
0.1709	-0.00323902				
0.17095	-0.00578737				
0.171	-0.0045132				
0.17105	-0.00069066				
0.1711	0.0018577				
0.17115	0.00313188				
0.1712	0.00568023				
0.17125	0.0133253				
0.1713	0.0120511				
0.17135	0.0107769				
0.1714	0.00440605				
0.17145	0.00313188				
0.1715	0.0120511				
0.17155	0.0158737				
0.1716	0.0158737				
0.17165	0.018422				
0.1717	0.0171478				
0.17175	0.0196962				
0.1718	0.0196962				
0.17185	0.0196962				
0.1719	0.0133253				
0.17195	0.0120511				
0.172	0.0171478				
0.17205	0.018422				
0.1721	0.0145995				
0.17215	0.0158737				
0.1722	0.0120511				
0.17225	0.00950277				
0.1723	0.00950277				
0.17235	0.0018577				
0.1724	-0.00069066				
0.17245	0.00568023				
0.1725	0.00568023				
0.17255	0.0107769				
0.1726	0.00568023				
0.17265	-0.00196484				
0.1727	0.0018577				
0.17275	0.00695441				
0.1728	0.00440605				
0.17285	0.00568023				
0.1729	0.00695441				
0.17295	-0.00069066				
0.173	0.00822859				
0.17305	0.00822859				
0.1731	0.00950277				
0.17315	0.00822859				
0.1732	0.00822859				
0.17325	0.00822859				
0.1733	0.0133253				
0.17335	0.0209704				
0.1734	0.018422				
0.17345	0.0196962				
0.1735	0.0222446				
0.17355	0.0260671				
0.1736	0.0235187				
0.17365	0.0235187				
0.1737	0.0196962				
0.17375	0.018422				
0.1738	0.0235187				
0.17385	0.018422				
0.1739	0.018422				
0.17395	0.0145995				
0.174	0.0133253				
0.17405	0.0107769				
0.1741	0.0107769				
0.17415	0.00950277				
0.1742	0.00950277				
0.17425	0.00695441				
0.1743	0.00950277				
0.17435	0.00568023				
0.1744	0.00440605				
0.17445	-0.00069066				
0.1745	-0.0045132				
0.17455	-0.00578737				
0.1746	-0.00706155				
0.17465	-0.00578737				
0.1747	-0.00323902				
0.17475	-0.00578737				
0.1748	-0.00960991				
0.17485	-0.00706155				
0.1749	-0.00578737				
0.17495	-0.00706155				
0.175	-0.00323902				
0.17505	-0.00323902				
0.1751	0.000583518				
0.17515	0.00313188				
0.1752	0.00695441				
0.17525	0.00440605				
0.1753	0.00440605				
0.17535	0.00568023				
0.1754	0.00440605				
0.17545	0.00313188				
0.1755	0.00695441				
0.17555	0.00695441				
0.1756	0.00822859				
0.17565	0.00568023				
0.1757	0.00568023				
0.17575	0.0107769				
0.1758	0.00822859				
0.17585	0.00695441				
0.1759	0.00313188				
0.17595	-0.00196484				
0.176	0.000583518				
0.17605	-0.00069066				
0.1761	-0.00196484				
0.17615	-0.0045132				
0.1762	-0.0121583				
0.17625	-0.0147066				
0.1763	-0.0185292				
0.17635	-0.0185292				
0.1764	-0.0223517				
0.17645	-0.0223517				
0.1765	-0.0223517				
0.17655	-0.0210775				
0.1766	-0.0185292				
0.17665	-0.0210775				
0.1767	-0.0198033				
0.17675	-0.0236259				
0.1768	-0.017255				
0.17685	-0.0159808				
0.1769	-0.017255				
0.17695	-0.0134324				
0.177	-0.00833573				
0.17705	-0.00578737				
0.1771	-0.00706155				
0.17715	-0.00706155				
0.1772	-0.0045132				
0.17725	0.00313188				
0.1773	0.00822859				
0.17735	0.0107769				
0.1774	0.0107769				
0.17745	0.00695441				
0.1775	0.0158737				
0.17755	0.0158737				
0.1776	0.0158737				
0.17765	0.0120511				
0.1777	0.0107769				
0.17775	0.0107769				
0.1778	0.0133253				
0.17785	0.0133253				
0.1779	0.00822859				
0.17795	0.00695441				
0.178	0.00313188				
0.17805	0.00568023				
0.1781	0.000583518				
0.17815	-0.00069066				
0.1782	-0.00196484				
0.17825	-0.00069066				
0.1783	0.00313188				
0.17835	0.000583518				
0.1784	-0.00196484				
0.17845	-0.00196484				
0.1785	0.00440605				
0.17855	0.00313188				
0.1786	0.00313188				
0.17865	0.00440605				
0.1787	0.00695441				
0.17875	0.0158737				
0.1788	0.0171478				
0.17885	0.0107769				
0.1789	0.00822859				
0.17895	0.0120511				
0.179	0.0171478				
0.17905	0.0171478				
0.1791	0.018422				
0.17915	0.0158737				
0.1792	0.018422				
0.17925	0.0222446				
0.1793	0.0222446				
0.17935	0.0222446				
0.1794	0.0171478				
0.17945	0.0171478				
0.1795	0.0209704				
0.17955	0.0158737				
0.1796	0.0120511				
0.17965	0.0120511				
0.1797	0.0145995				
0.17975	0.0133253				
0.1798	0.00822859				
0.17985	0.000583518				
0.1799	-0.00196484				
0.17995	-0.00069066				
0.18	0.000583518				
0.18005	0.00313188				
0.1801	-0.00196484				
0.18015	-0.00833573				
0.1802	-0.0045132				
0.18025	-0.00323902				
0.1803	-0.00196484				
0.18035	-0.00323902				
0.1804	-0.00323902				
0.18045	-0.00323902				
0.1805	0.000583518				
0.18055	0.00440605				
0.1806	-0.00196484				
0.18065	-0.00196484				
0.1807	-0.00323902				
0.18075	-0.0045132				
0.1808	-0.00196484				
0.18085	-0.00069066				
0.1809	-0.00323902				
0.18095	0.0018577				
0.181	0.00568023				
0.18105	0.00695441				
0.1811	0.00313188				
0.18115	0.000583518				
0.1812	-0.00069066				
0.18125	0.0018577				
0.1813	0.00695441				
0.18135	0.00440605				
0.1814	0.000583518				
0.18145	0.0018577				
0.1815	0.0018577				
0.18155	0.000583518				
0.1816	-0.00069066				
0.18165	-0.00960991				
0.1817	-0.00833573				
0.18175	0.00440605				
0.1818	0.00313188				
0.18185	0.00440605				
0.1819	-0.00323902				
0.18195	-0.00196484				
0.182	0.000583518				
0.18205	0.00313188				
0.1821	0.00313188				
0.18215	-0.00323902				
0.1822	-0.00578737				
0.18225	0.00568023				
0.1823	0.0018577				
0.18235	0.00313188				
0.1824	-0.00196484				
0.18245	-0.00196484				
0.1825	0.00313188				
0.18255	0.000583518				
0.1826	-0.00323902				
0.18265	-0.00196484				
0.1827	0.00313188				
0.18275	0.0120511				
0.1828	0.0120511				
0.18285	0.00568023				
0.1829	0.00313188				
0.18295	0.00568023				
0.183	0.00568023				
0.18305	0.00695441				
0.1831	0.00568023				
0.18315	0.00440605				
0.1832	0.00822859				
0.18325	0.0133253				
0.1833	0.0133253				
0.18335	0.0120511				
0.1834	0.0120511				
0.18345	0.00568023				
0.1835	0.0120511				
0.18355	0.0158737				
0.1836	0.0158737				
0.18365	0.0158737				
0.1837	0.0120511				
0.18375	0.00822859				
0.1838	0.0107769				
0.18385	0.0120511				
0.1839	0.00313188				
0.18395	0.0018577				
0.184	0.0018577				
0.18405	0.00440605				
0.1841	0.00695441				
0.18415	0.00440605				
0.1842	0.000583518				
0.18425	0.00313188				
0.1843	0.00313188				
0.18435	0.00695441				
0.1844	0.000583518				
0.18445	0.00440605				
0.1845	0.00440605				
0.18455	0.00950277				
0.1846	0.0120511				
0.18465	0.00950277				
0.1847	0.00695441				
0.18475	0.00313188				
0.1848	0.00695441				
0.18485	0.0120511				
0.1849	0.0120511				
0.18495	0.00822859				
0.185	0.0133253				
0.18505	0.0120511				
0.1851	0.0133253				
0.18515	0.0133253				
0.1852	0.0107769				
0.18525	0.0107769				
0.1853	0.0107769				
0.18535	0.0145995				
0.1854	0.0145995				
0.18545	0.0107769				
0.1855	0.00950277				
0.18555	0.00440605				
0.1856	0.00568023				
0.18565	0.000583518				
0.1857	0.00440605				
0.18575	0.0018577				
0.1858	0.00440605				
0.18585	0.00313188				
0.1859	-0.00069066				
0.18595	0.0018577				
0.186	-0.00196484				
0.18605	0.000583518				
0.1861	-0.00069066				
0.18615	0.00313188				
0.1862	-0.00069066				
0.18625	0.00313188				
0.1863	0.00695441				
0.18635	0.00440605				
0.1864	0.000583518				
0.18645	-0.0045132				
0.1865	-0.00323902				
0.18655	0.00568023				
0.1866	0.000583518				
0.18665	0.00568023				
0.1867	0.00313188				
0.18675	-0.00069066				
0.1868	0.000583518				
0.18685	0.00313188				
0.1869	0.000583518				
0.18695	-0.00323902				
0.187	-0.00323902				
0.18705	-0.00069066				
0.1871	-0.00069066				
0.18715	-0.00196484				
0.1872	-0.00833573				
0.18725	-0.00833573				
0.1873	-0.00833573				
0.18735	-0.00833573				
0.1874	-0.00706155				
0.18745	-0.00833573				
0.1875	-0.00833573				
0.18755	-0.00578737				
0.1876	-0.0045132				
0.18765	-0.00323902				
0.1877	-0.00833573				
0.18775	-0.00960991				
0.1878	-0.00960991				
0.18785	-0.00833573				
0.1879	-0.00196484				
0.18795	-0.00706155				
0.188	-0.0121583				
0.18805	-0.00706155				
0.1881	-0.00706155				
0.18815	-0.00833573				
0.1882	-0.00706155				
0.18825	-0.0147066				
0.1883	-0.017255				
0.18835	-0.0134324				
0.1884	-0.00960991				
0.18845	-0.00706155				
0.1885	-0.00960991				
0.18855	-0.0134324				
0.1886	-0.0147066				
0.18865	-0.017255				
0.1887	-0.0147066				
0.18875	-0.017255				
0.1888	-0.017255				
0.18885	-0.0121583				
0.1889	-0.00706155				
0.18895	-0.00960991				
0.189	-0.0159808				
0.18905	-0.0134324				
0.1891	-0.0121583				
0.18915	-0.00706155				
0.1892	-0.00578737				
0.18925	-0.0108841				
0.1893	-0.00706155				
0.18935	0.000583518				
0.1894	0.000583518				
0.18945	-0.00196484				
0.1895	-0.0108841				
0.18955	-0.00706155				
0.1896	-0.00196484				
0.18965	-0.00196484				
0.1897	-0.00196484				
0.18975	-0.00706155				
0.1898	-0.00706155				
0.18985	-0.00323902				
0.1899	-0.00578737				
0.18995	-0.00706155				
0.19	-0.0108841				
0.19005	-0.00960991				
0.1901	-0.00578737				
0.19015	-0.00706155				
0.1902	-0.00578737				
0.19025	-0.00960991				
0.1903	-0.00960991				
0.19035	-0.00578737				
0.1904	-0.00323902				
0.19045	-0.00833573				
0.1905	-0.0108841				
0.19055	-0.00323902				
0.1906	-0.00069066				
0.19065	0.00695441				
0.1907	0.00440605				
0.19075	-0.00069066				
0.1908	0.00822859				
0.19085	0.0171478				
0.1909	0.0145995				
0.19095	0.0171478				
0.191	0.0107769				
0.19105	0.0133253				
0.1911	0.0209704				
0.19115	0.018422				
0.1912	0.0171478				
0.19125	0.0120511				
0.1913	0.0107769				
0.19135	0.0120511				
0.1914	0.0171478				
0.19145	0.0120511				
0.1915	0.0107769				
0.19155	0.0133253				
0.1916	0.00950277				
0.19165	0.00950277				
0.1917	0.00695441				
0.19175	-0.00196484				
0.1918	-0.00069066				
0.19185	0.00568023				
0.1919	0.00313188				
0.19195	0.00313188				
0.192	-0.00196484				
0.19205	0.000583518				
0.1921	0.000583518				
0.19215	0.00313188				
0.1922	0.00313188				
0.19225	-0.00323902				
0.1923	-0.00069066				
0.19235	0.00695441				
0.1924	0.0133253				
0.19245	0.0196962				
0.1925	0.018422				
0.19255	0.00822859				
0.1926	0.0145995				
0.19265	0.0171478				
0.1927	0.0158737				
0.19275	0.0145995				
0.1928	0.0120511				
0.19285	0.00950277				
0.1929	0.0133253				
0.19295	0.0133253				
0.193	0.00440605				
0.19305	0.0018577				
0.1931	0.00313188				
0.19315	0.0018577				
0.1932	0.000583518				
0.19325	-0.00578737				
0.1933	-0.0045132				
0.19335	0.000583518				
0.1934	0.000583518				
0.19345	-0.0045132				
0.1935	-0.0108841				
0.19355	-0.00960991				
0.1936	-0.00833573				
0.19365	-0.00578737				
0.1937	-0.00323902				
0.19375	-0.0045132				
0.1938	-0.0045132				
0.19385	0.00313188				
0.1939	0.00440605				
0.19395	0.00440605				
0.194	0.00313188				
0.19405	0.000583518				
0.1941	0.0120511				
0.19415	0.0145995				
0.1942	0.0120511				
0.19425	0.0133253				
0.1943	0.0120511				
0.19435	0.0158737				
0.1944	0.018422				
0.19445	0.0107769				
0.1945	0.00822859				
0.19455	0.0107769				
0.1946	0.0145995				
0.19465	0.0171478				
0.1947	0.0120511				
0.19475	0.00950277				
0.1948	0.00950277				
0.19485	0.0120511				
0.1949	0.00695441				
0.19495	0.00313188				
0.195	0.00568023				
0.19505	0.00440605				
0.1951	0.00440605				
0.19515	0.000583518				
0.1952	-0.00069066				
0.19525	-0.00069066				
0.1953	-0.0045132				
0.19535	-0.0045132				
0.1954	0.0018577				
0.19545	0.00313188				
0.1955	0.00440605				
0.19555	0.0018577				
0.1956	0.00440605				
0.19565	0.0107769				
0.1957	0.00822859				
0.19575	0.00568023				
0.1958	0.00313188				
0.19585	0.00822859				
0.1959	0.0145995				
0.19595	0.0171478				
0.196	0.0158737				
0.19605	0.0171478				
0.1961	0.018422				
0.19615	0.0209704				
0.1962	0.0158737				
0.19625	0.0133253				
0.1963	0.0158737				
0.19635	0.0196962				
0.1964	0.0196962				
0.19645	0.0209704				
0.1965	0.018422				
0.19655	0.0158737				
0.1966	0.0145995				
0.19665	0.0120511				
0.1967	0.0133253				
0.19675	0.0145995				
0.1968	0.0107769				
0.19685	0.0120511				
0.1969	0.0133253				
0.19695	0.0107769				
0.197	0.00950277				
0.19705	0.00822859				
0.1971	0.0018577				
0.19715	0.00568023				
0.1972	0.00822859				
0.19725	0.0107769				
0.1973	0.0107769				
0.19735	0.00313188				
0.1974	0.00568023				
0.19745	0.00568023				
0.1975	0.00568023				
0.19755	0.00313188				
0.1976	0.00822859				
0.19765	0.00950277				
0.1977	0.0120511				
0.19775	0.0133253				
0.1978	0.0120511				
0.19785	0.00822859				
0.1979	0.0120511				
0.19795	0.0120511				
0.198	0.0145995				
0.19805	0.0171478				
0.1981	0.0158737				
0.19815	0.0145995				
0.1982	0.018422				
0.19825	0.0209704				
0.1983	0.018422				
0.19835	0.0120511				
0.1984	0.00822859				
0.19845	0.0107769				
0.1985	0.0158737				
0.19855	0.0171478				
0.1986	0.0133253				
0.19865	0.00695441				
0.1987	0.00313188				
0.19875	0.00822859				
0.1988	0.00440605				
0.19885	0.0018577				
0.1989	0.000583518				
0.19895	-0.0045132				
0.199	0.0018577				
0.19905	0.0018577				
0.1991	-0.00578737				
0.19915	-0.00833573				
0.1992	-0.0134324				
0.19925	-0.00833573				
0.1993	-0.00960991				
0.19935	-0.0121583				
0.1994	-0.00706155				
0.19945	-0.00960991				
0.1995	-0.00833573				
0.19955	-0.00960991				
0.1996	-0.0121583				
0.19965	-0.00960991				
0.1997	-0.00960991				
0.19975	-0.00706155				
0.1998	-0.00578737				
0.19985	-0.0045132				
0.1999	-0.00578737				
0.19995	-0.00833573				
