Time - soundlvl	Amplitude - soundlvl	Unnamed: 2	Unnamed: 3	Frequency (Hz) - soundlvl (Power Spectrum)	Amplitude - soundlvl (Power Spectrum)
0.0	1.2776			0.0	1.91674
5e-05	1.29801			5.0	0.957752
0.0001	1.45361			10.0	8.08493e-07
0.00015	1.45871			15.0	8.89047e-07
0.0002	1.32097			20.0	4.6295e-07
0.00025	1.29291			25.0	2.81569e-07
0.0003	1.50463			30.0	5.02203e-07
0.00035	1.599			35.0	3.03786e-06
0.0004	1.43575			40.0	1.49819e-06
0.00045	1.32862			45.0	1.15606e-07
0.0005	1.33117			50.0	3.65668e-08
0.00055	1.42555			55.0	9.52237e-07
0.0006	1.44596			60.0	3.85352e-06
0.00065	1.48167			65.0	4.58434e-06
0.0007	1.50718			70.0	2.99411e-06
0.00075	1.45871			75.0	8.15122e-06
0.0008	1.44086			80.0	4.83788e-06
0.00085	1.36433			85.0	1.4884e-06
0.0009	1.32352			90.0	6.82103e-07
0.00095	1.423			95.0	4.71534e-07
0.001	1.48932			100.0	6.32443e-08
0.00105	1.45106			105.0	1.99449e-07
0.0011	1.37709			110.0	6.64492e-08
0.00115	1.38474			115.0	1.69434e-07
0.0012	1.4128			120.0	6.35166e-07
0.00125	1.39494			125.0	5.65098e-06
0.0013	1.32862			130.0	6.49238e-06
0.00135	1.36433			135.0	4.0625e-06
0.0014	1.4383			140.0	4.84963e-06
0.00145	1.46126			145.0	4.71748e-06
0.0015	1.41025			150.0	7.49812e-07
0.00155	1.28526			155.0	1.93293e-08
0.0016	1.32352			160.0	3.61036e-07
0.00165	1.37198			165.0	7.02486e-07
0.0017	1.44341			170.0	2.13361e-06
0.00175	1.40004			175.0	1.03316e-06
0.0018	1.26995			180.0	1.80511e-06
0.00185	1.36433			185.0	1.70628e-06
0.0019	1.45361			190.0	9.65234e-07
0.00195	1.41025			195.0	3.87969e-07
0.002	1.32097			200.0	5.72387e-07
0.00205	1.32352			205.0	1.44986e-07
0.0021	1.34648			210.0	4.51272e-07
0.00215	1.30566			215.0	4.68498e-06
0.0022	1.32352			220.0	7.90947e-06
0.00225	1.40004			225.0	1.83244e-05
0.0023	1.48167			230.0	8.40005e-06
0.00235	1.35923			235.0	4.10424e-06
0.0024	1.36433			240.0	1.16113e-05
0.00245	1.34393			245.0	4.70557e-06
0.0025	1.32097			250.0	1.79128e-06
0.00255	1.35923			255.0	1.48134e-05
0.0026	1.37964			260.0	1.21447e-05
0.00265	1.44341			265.0	6.57117e-06
0.0027	1.42045			270.0	2.95492e-06
0.00275	1.39749			275.0	2.72524e-06
0.0028	1.37709			280.0	4.02355e-06
0.00285	1.33627			285.0	5.55466e-07
0.0029	1.36688			290.0	3.66721e-06
0.00295	1.41025			295.0	3.63957e-05
0.003	1.38984			300.0	0.000101167
0.00305	1.40004			305.0	5.13043e-05
0.0031	1.37198			310.0	4.86293e-07
0.00315	1.29036			315.0	4.0539e-06
0.0032	1.45361			320.0	9.51663e-07
0.00325	1.54289			325.0	3.41018e-07
0.0033	1.4383			330.0	4.80679e-07
0.00335	1.25975			335.0	4.00849e-06
0.0034	1.21894			340.0	2.77824e-06
0.00345	1.37453			345.0	1.42078e-05
0.0035	1.48167			350.0	1.15902e-05
0.00355	1.44086			355.0	3.95907e-07
0.0036	1.39494			360.0	1.16604e-06
0.00365	1.2776			365.0	2.70405e-05
0.0037	1.25975			370.0	0.000103159
0.00375	1.38474			375.0	9.55383e-05
0.0038	1.45361			380.0	4.2498e-05
0.00385	1.45616			385.0	5.36471e-06
0.0039	1.35923			390.0	3.44798e-05
0.00395	1.37964			395.0	3.43505e-05
0.004	1.44341			400.0	8.25514e-05
0.00405	1.4077			405.0	6.83178e-05
0.0041	1.35413			410.0	3.45709e-05
0.00415	1.34648			415.0	9.15176e-05
0.0042	1.34648			420.0	0.000129411
0.00425	1.40514			425.0	4.73902e-05
0.0043	1.45106			430.0	1.76584e-05
0.00435	1.4077			435.0	1.33234e-05
0.0044	1.33882			440.0	0.000151526
0.00445	1.28271			445.0	0.000548444
0.0045	1.32097			450.0	0.000340567
0.00455	1.29801			455.0	4.6436e-05
0.0046	1.31842			460.0	1.49864e-06
0.00465	1.36688			465.0	3.0435e-05
0.0047	1.34903			470.0	4.35473e-06
0.00475	1.37453			475.0	2.16946e-05
0.0048	1.39494			480.0	9.11183e-06
0.00485	1.4179			485.0	1.00795e-05
0.0049	1.29291			490.0	1.5038e-05
0.00495	1.2776			495.0	6.19026e-05
0.005	1.44341			500.0	9.74931e-06
0.00505	1.53013			505.0	4.42782e-06
0.0051	1.49442			510.0	3.85954e-06
0.00515	1.38729			515.0	5.45796e-06
0.0052	1.25975			520.0	4.62044e-06
0.00525	1.2725			525.0	2.00021e-06
0.0053	1.44341			530.0	8.1944e-06
0.00535	1.47912			535.0	3.49443e-06
0.0054	1.49952			540.0	6.25874e-07
0.00545	1.44596			545.0	1.7114e-06
0.0055	1.47912			550.0	3.02225e-06
0.00555	1.49952			555.0	8.70727e-06
0.0056	1.423			560.0	4.10002e-06
0.00565	1.40259			565.0	8.26035e-07
0.0057	1.36943			570.0	1.89735e-06
0.00575	1.36433			575.0	4.40842e-06
0.0058	1.45361			580.0	3.31016e-06
0.00585	1.44596			585.0	5.99293e-06
0.0059	1.31332			590.0	1.19611e-06
0.00595	1.32352			595.0	1.69172e-06
0.006	1.39239			600.0	1.08359e-05
0.00605	1.34903			605.0	2.96538e-07
0.0061	1.26485			610.0	4.61104e-05
0.00615	1.30311			615.0	3.66281e-05
0.0062	1.36943			620.0	6.89737e-05
0.00625	1.34393			625.0	0.000111034
0.0063	1.37709			630.0	8.8953e-05
0.00635	1.4128			635.0	0.000131952
0.0064	1.36178			640.0	6.95982e-05
0.00645	1.29036			645.0	1.47223e-06
0.0065	1.24955			650.0	9.03868e-06
0.00655	1.37453			655.0	7.14535e-07
0.0066	1.50718			660.0	5.28703e-06
0.00665	1.4281			665.0	6.81087e-06
0.0067	1.34393			670.0	1.04428e-06
0.00675	1.25975			675.0	1.41522e-06
0.0068	1.30311			680.0	2.91415e-06
0.00685	1.40004			685.0	5.48666e-06
0.0069	1.42555			690.0	1.32914e-05
0.00695	1.38474			695.0	1.34979e-05
0.007	1.33627			700.0	4.15358e-06
0.00705	1.35923			705.0	1.73417e-05
0.0071	1.42555			710.0	2.2506e-05
0.00715	1.36178			715.0	1.3306e-05
0.0072	1.33117			720.0	1.34415e-05
0.00725	1.29036			725.0	2.88231e-06
0.0073	1.38474			730.0	6.99007e-06
0.00735	1.39494			735.0	5.77757e-06
0.0074	1.37453			740.0	2.02152e-05
0.00745	1.32607			745.0	8.60938e-06
0.0075	1.35158			750.0	6.67352e-06
0.00755	1.36178			755.0	4.40388e-05
0.0076	1.35158			760.0	3.10581e-05
0.00765	1.32352			765.0	7.56393e-06
0.0077	1.39494			770.0	1.06839e-05
0.00775	1.38729			775.0	1.79879e-05
0.0078	1.31842			780.0	2.01642e-05
0.00785	1.32352			785.0	1.67804e-05
0.0079	1.4077			790.0	1.7842e-05
0.00795	1.51228			795.0	7.22976e-06
0.008	1.45616			800.0	5.6325e-06
0.00805	1.38219			805.0	1.44914e-07
0.0081	1.39239			810.0	2.40046e-07
0.00815	1.49442			815.0	5.53361e-06
0.0082	1.48422			820.0	1.46833e-07
0.00825	1.4128			825.0	3.28444e-07
0.0083	1.35668			830.0	3.64531e-06
0.00835	1.34648			835.0	9.2525e-06
0.0084	1.4077			840.0	8.02159e-06
0.00845	1.47657			845.0	1.12452e-06
0.0085	1.4281			850.0	1.17979e-06
0.00855	1.35158			855.0	5.8095e-07
0.0086	1.39494			860.0	2.47162e-06
0.00865	1.4077			865.0	3.31399e-06
0.0087	1.37964			870.0	2.18277e-06
0.00875	1.38984			875.0	7.87066e-07
0.0088	1.39749			880.0	1.60105e-07
0.00885	1.34393			885.0	1.22992e-08
0.0089	1.32097			890.0	1.30207e-07
0.00895	1.40514			895.0	3.43512e-07
0.009	1.33372			900.0	1.32237e-07
0.00905	1.2572			905.0	4.93434e-07
0.0091	1.35158			910.0	5.31298e-07
0.00915	1.35158			915.0	6.05474e-07
0.0092	1.35923			920.0	6.83605e-07
0.00925	1.2623			925.0	4.92439e-07
0.0093	1.30056			930.0	2.63603e-08
0.00935	1.34648			935.0	7.49458e-07
0.0094	1.35158			940.0	3.36639e-07
0.00945	1.423			945.0	4.25705e-07
0.0095	1.46126			950.0	8.02954e-07
0.00955	1.37964			955.0	7.45344e-07
0.0096	1.30056			960.0	3.63849e-07
0.00965	1.31332			965.0	6.47818e-08
0.0097	1.48167			970.0	2.03448e-08
0.00975	1.48932			975.0	1.80038e-06
0.0098	1.40004			980.0	2.51931e-06
0.00985	1.31076			985.0	2.11525e-06
0.0099	1.28271			990.0	1.29593e-06
0.00995	1.34903			995.0	2.49557e-07
0.01	1.4332			1000.0	3.44486e-07
0.01005	1.41535			1005.0	1.06994e-06
0.0101	1.31332			1010.0	1.2119e-06
0.01015	1.31332			1015.0	3.41196e-07
0.0102	1.45106			1020.0	2.2695e-07
0.01025	1.44596			1025.0	9.36767e-07
0.0103	1.32607			1030.0	4.20588e-08
0.01035	1.24699			1035.0	6.45552e-08
0.0104	1.33117			1040.0	4.88727e-07
0.01045	1.41025			1045.0	6.40434e-07
0.0105	1.41025			1050.0	1.27003e-07
0.01055	1.31076			1055.0	7.03527e-07
0.0106	1.28271			1060.0	9.03506e-07
0.01065	1.30311			1065.0	2.6807e-07
0.0107	1.39494			1070.0	9.17087e-07
0.01075	1.4383			1075.0	1.12309e-06
0.0108	1.33882			1080.0	2.29874e-07
0.01085	1.35158			1085.0	2.75474e-07
0.0109	1.36433			1090.0	3.66541e-07
0.01095	1.4179			1095.0	3.96014e-07
0.011	1.43065			1100.0	1.1699e-06
0.01105	1.45871			1105.0	7.37052e-07
0.0111	1.49952			1110.0	2.61256e-07
0.01115	1.44341			1115.0	8.84972e-07
0.0112	1.32862			1120.0	1.32497e-06
0.01125	1.41025			1125.0	1.4091e-06
0.0113	1.51483			1130.0	4.78227e-07
0.01135	1.61941			1135.0	3.00193e-07
0.0114	1.55054			1140.0	4.60242e-07
0.01145	1.36943			1145.0	1.3621e-07
0.0115	1.33117			1150.0	2.26022e-07
0.01155	1.33882			1155.0	6.71718e-07
0.0116	1.44341			1160.0	9.63486e-07
0.01165	1.423			1165.0	7.17202e-07
0.0117	1.37709			1170.0	1.40527e-06
0.01175	1.38474			1175.0	2.83913e-07
0.0118	1.45616			1180.0	1.17199e-06
0.01185	1.48932			1185.0	1.43198e-06
0.0119	1.29291			1190.0	3.29252e-07
0.01195	1.24444			1195.0	4.45045e-07
0.012	1.32352			1200.0	8.24551e-07
0.01205	1.31076			1205.0	5.7358e-07
0.0121	1.4128			1210.0	7.67805e-07
0.01215	1.38984			1215.0	2.9954e-06
0.0122	1.21639			1220.0	1.81633e-05
0.01225	1.20108			1225.0	7.86036e-06
0.0123	1.21383			1230.0	1.9427e-06
0.01235	1.25975			1235.0	1.16931e-05
0.0124	1.2521			1240.0	3.46925e-05
0.01245	1.32862			1245.0	2.00204e-05
0.0125	1.36943			1250.0	2.52313e-05
0.01255	1.32352			1255.0	4.54817e-05
0.0126	1.34903			1260.0	4.66058e-05
0.01265	1.33117			1265.0	9.19171e-06
0.0127	1.34393			1270.0	2.14881e-06
0.01275	1.30311			1275.0	1.30081e-06
0.0128	1.29801			1280.0	1.65015e-06
0.01285	1.38219			1285.0	6.41457e-06
0.0129	1.48932			1290.0	1.00327e-05
0.01295	1.52758			1295.0	1.75273e-06
0.013	1.49697			1300.0	9.47498e-07
0.01305	1.37964			1305.0	1.60128e-07
0.0131	1.30056			1310.0	1.35956e-07
0.01315	1.38729			1315.0	1.82301e-07
0.0132	1.55564			1320.0	5.58386e-07
0.01325	1.70869			1325.0	9.08628e-07
0.0133	1.65002			1330.0	1.05274e-06
0.01335	1.54799			1335.0	7.62195e-07
0.0134	1.46381			1340.0	7.37206e-07
0.01345	1.36433			1345.0	3.04324e-07
0.0135	1.39494			1350.0	1.29463e-08
0.01355	1.53013			1355.0	5.04049e-08
0.0136	1.62451			1360.0	1.63314e-07
0.01365	1.62961			1365.0	7.79693e-07
0.0137	1.55054			1370.0	5.98062e-07
0.01375	1.49952			1375.0	3.02382e-07
0.0138	1.31332			1380.0	4.037e-08
0.01385	1.33372			1385.0	6.92203e-08
0.0139	1.47402			1390.0	2.75865e-07
0.01395	1.48677			1395.0	4.61938e-07
0.014	1.49697			1400.0	8.35084e-07
0.01405	1.38984			1405.0	1.15092e-06
0.0141	1.31332			1410.0	9.97867e-07
0.01415	1.29291			1415.0	6.80643e-07
0.0142	1.40004			1420.0	2.48026e-07
0.01425	1.50718			1425.0	4.32156e-07
0.0143	1.48422			1430.0	1.95373e-07
0.01435	1.28016			1435.0	9.53259e-07
0.0144	1.19853			1440.0	1.08919e-06
0.01445	1.37198			1445.0	9.56673e-08
0.0145	1.53779			1450.0	2.80947e-08
0.01455	1.50973			1455.0	2.53542e-08
0.0146	1.24189			1460.0	1.66426e-07
0.01465	1.05313			1465.0	1.00816e-06
0.0147	1.16027			1470.0	7.08324e-07
0.01475	1.43575			1475.0	7.4354e-07
0.0148	1.61686			1480.0	3.93172e-07
0.01485	1.51738			1485.0	9.57765e-08
0.0149	1.32862			1490.0	9.6102e-07
0.01495	1.24699			1495.0	8.16276e-07
0.015	1.33627			1500.0	2.94914e-07
0.01505	1.36178			1505.0	4.06258e-07
0.0151	1.35923			1510.0	1.58779e-07
0.01515	1.34903			1515.0	1.80332e-07
0.0152	1.38984			1520.0	9.81538e-08
0.01525	1.49187			1525.0	2.26616e-07
0.0153	1.4332			1530.0	5.0439e-07
0.01535	1.30311			1535.0	2.28552e-07
0.0154	1.22659			1540.0	2.34999e-07
0.01545	1.30311			1545.0	5.58096e-08
0.0155	1.48677			1550.0	2.09724e-07
0.01555	1.51738			1555.0	7.48572e-07
0.0156	1.4179			1560.0	9.42371e-07
0.01565	1.30566			1565.0	2.98903e-07
0.0157	1.34648			1570.0	8.11687e-07
0.01575	1.45871			1575.0	7.31716e-07
0.0158	1.49952			1580.0	7.52283e-09
0.01585	1.54544			1585.0	1.7979e-07
0.0159	1.48677			1590.0	2.22186e-08
0.01595	1.30311			1595.0	6.43312e-07
0.016	1.35413			1600.0	4.01337e-07
0.01605	1.51993			1605.0	2.30013e-07
0.0161	1.61176			1610.0	2.40017e-07
0.01615	1.50973			1615.0	6.78671e-07
0.0162	1.34137			1620.0	8.15744e-07
0.01625	1.20363			1625.0	2.43887e-07
0.0163	1.32607			1630.0	1.72722e-07
0.01635	1.55564			1635.0	8.59419e-08
0.0164	1.63727			1640.0	5.68786e-07
0.01645	1.40004			1645.0	7.55854e-07
0.0165	1.26485			1650.0	2.43812e-07
0.01655	1.32607			1655.0	5.73854e-07
0.0166	1.40259			1660.0	2.23846e-06
0.01665	1.30566			1665.0	2.64552e-06
0.0167	1.20108			1670.0	3.49999e-07
0.01675	1.23934			1675.0	1.31072e-07
0.0168	1.30311			1680.0	5.629e-07
0.01685	1.32352			1685.0	5.58138e-07
0.0169	1.32097			1690.0	7.35357e-08
0.01695	1.1118			1695.0	1.36552e-06
0.017	1.03528			1700.0	5.18219e-06
0.01705	1.17047			1705.0	4.50348e-06
0.0171	1.31587			1710.0	8.40143e-07
0.01715	1.33882			1715.0	3.1375e-07
0.0172	1.21894			1720.0	1.22425e-06
0.01725	1.18067			1725.0	1.09313e-06
0.0173	1.21128			1730.0	2.59202e-07
0.01735	1.27505			1735.0	1.52413e-06
0.0174	1.38219			1740.0	3.67407e-06
0.01745	1.36688			1745.0	1.02087e-06
0.0175	1.20873			1750.0	7.60322e-07
0.01755	1.22914			1755.0	3.70908e-07
0.0176	1.33882			1760.0	8.69717e-07
0.01765	1.51483			1765.0	4.17699e-07
0.0177	1.53523			1770.0	5.88401e-07
0.01775	1.4128			1775.0	8.79467e-08
0.0178	1.20618			1780.0	5.1688e-07
0.01785	1.2776			1785.0	1.0377e-06
0.0179	1.50973			1790.0	1.43072e-06
0.01795	1.64747			1795.0	2.79121e-07
0.018	1.60921			1800.0	2.58875e-07
0.01805	1.423			1805.0	4.37791e-07
0.0181	1.35923			1810.0	8.05723e-07
0.01815	1.53523			1815.0	1.75596e-06
0.0182	1.49187			1820.0	8.76835e-07
0.01825	1.4383			1825.0	6.79912e-07
0.0183	1.44086			1830.0	1.1316e-06
0.01835	1.49697			1835.0	5.68068e-07
0.0184	1.60921			1840.0	7.33912e-08
0.01845	1.66022			1845.0	7.95415e-07
0.0185	1.50463			1850.0	1.54818e-06
0.01855	1.31842			1855.0	2.2463e-08
0.0186	1.24444			1860.0	1.47369e-07
0.01865	1.45871			1865.0	2.70743e-06
0.0187	1.54799			1870.0	4.63129e-06
0.01875	1.47146			1875.0	1.80456e-06
0.0188	1.45871			1880.0	1.32299e-06
0.01885	1.4128			1885.0	4.44014e-06
0.0189	1.42555			1890.0	8.61855e-06
0.01895	1.43575			1895.0	1.02074e-05
0.019	1.47657			1900.0	2.70944e-05
0.01905	1.41025			1905.0	4.85328e-05
0.0191	1.30821			1910.0	6.48185e-06
0.01915	1.26995			1915.0	1.7117e-05
0.0192	1.36943			1920.0	1.47513e-05
0.01925	1.47657			1925.0	1.48103e-06
0.0193	1.40514			1930.0	1.31902e-05
0.01935	1.18578			1935.0	1.21336e-05
0.0194	1.11435			1940.0	1.31219e-05
0.01945	1.19343			1945.0	1.24875e-05
0.0195	1.38729			1950.0	1.737e-06
0.01955	1.48677			1955.0	6.78923e-06
0.0196	1.37453			1960.0	3.69833e-06
0.01965	1.22149			1965.0	1.26308e-06
0.0197	1.25465			1970.0	8.44131e-08
0.01975	1.2572			1975.0	3.82381e-06
0.0198	1.25975			1980.0	5.19154e-06
0.01985	1.2725			1985.0	3.28811e-06
0.0199	1.30056			1990.0	1.84239e-06
0.01995	1.4077			1995.0	6.21989e-07
0.02	1.46891			2000.0	7.33835e-08
0.02005	1.38219			2005.0	1.71176e-07
0.0201	1.32352			2010.0	3.78222e-07
0.02015	1.22149			2015.0	3.71596e-07
0.0202	1.28271			2020.0	1.98212e-07
0.02025	1.423			2025.0	5.50351e-08
0.0203	1.50463			2030.0	4.02084e-07
0.02035	1.45361			2035.0	1.03952e-06
0.0204	1.41535			2040.0	9.84173e-07
0.02045	1.35923			2045.0	7.86449e-07
0.0205	1.39749			2050.0	3.67979e-06
0.02055	1.45361			2055.0	3.64942e-06
0.0206	1.5786			2060.0	1.63591e-06
0.02065	1.60921			2065.0	6.54179e-07
0.0207	1.47657			2070.0	1.03701e-07
0.02075	1.4077			2075.0	2.09311e-07
0.0208	1.37198			2080.0	4.26688e-07
0.02085	1.49952			2085.0	8.26931e-08
0.0209	1.54544			2090.0	8.59964e-08
0.02095	1.44341			2095.0	3.3674e-07
0.021	1.34903			2100.0	3.55968e-07
0.02105	1.31332			2105.0	4.07849e-06
0.0211	1.49187			2110.0	1.65863e-06
0.02115	1.64747			2115.0	3.72625e-07
0.0212	1.50973			2120.0	1.48577e-07
0.02125	1.35668			2125.0	5.38526e-08
0.0213	1.34648			2130.0	3.99758e-07
0.02135	1.4281			2135.0	1.5607e-06
0.0214	1.52248			2140.0	1.75759e-06
0.02145	1.46126			2145.0	1.2415e-06
0.0215	1.33372			2150.0	3.02332e-07
0.02155	1.25975			2155.0	1.40336e-07
0.0216	1.38729			2160.0	3.71711e-07
0.02165	1.49697			2165.0	1.8232e-06
0.0217	1.37198			2170.0	4.45532e-06
0.02175	1.18067			2175.0	3.37507e-06
0.0218	1.14241			2180.0	1.53273e-07
0.02185	1.28526			2185.0	3.21366e-06
0.0219	1.41025			2190.0	3.29847e-06
0.02195	1.34648			2195.0	3.29354e-07
0.022	1.20108			2200.0	1.14081e-06
0.02205	1.28271			2205.0	2.15664e-06
0.0221	1.38219			2210.0	2.13606e-07
0.02215	1.46891			2215.0	1.07976e-06
0.0222	1.4383			2220.0	1.64021e-06
0.02225	1.39749			2225.0	7.97676e-07
0.0223	1.24189			2230.0	2.83983e-06
0.02235	1.19088			2235.0	5.77408e-06
0.0224	1.39494			2240.0	4.79246e-06
0.02245	1.71889			2245.0	7.84532e-07
0.0225	1.66022			2250.0	3.24624e-08
0.02255	1.39494			2255.0	2.91708e-07
0.0226	1.20108			2260.0	6.27986e-07
0.02265	1.30566			2265.0	3.08526e-06
0.0227	1.52503			2270.0	1.99212e-06
0.02275	1.5786			2275.0	3.26384e-06
0.0228	1.54289			2280.0	3.31694e-06
0.02285	1.48677			2285.0	7.6681e-06
0.0229	1.47402			2290.0	1.06705e-05
0.02295	1.54544			2295.0	6.4182e-06
0.023	1.46636			2300.0	1.75104e-06
0.02305	1.32862			2305.0	8.89771e-07
0.0231	1.31842			2310.0	4.25844e-06
0.02315	1.45361			2315.0	8.77274e-06
0.0232	1.54544			2320.0	4.15343e-06
0.02325	1.38474			2325.0	1.19215e-06
0.0233	1.30821			2330.0	2.29514e-06
0.02335	1.2572			2335.0	1.80265e-06
0.0234	1.22404			2340.0	1.82635e-06
0.02345	1.27505			2345.0	1.9893e-08
0.0235	1.30056			2350.0	4.57852e-06
0.02355	1.32097			2355.0	7.65071e-06
0.0236	1.35158			2360.0	3.75192e-06
0.02365	1.34137			2365.0	1.75261e-06
0.0237	1.36433			2370.0	1.7981e-06
0.02375	1.32862			2375.0	5.41071e-07
0.0238	1.33882			2380.0	8.08889e-07
0.02385	1.40259			2385.0	2.98572e-07
0.0239	1.26485			2390.0	7.83945e-07
0.02395	1.20873			2395.0	3.81467e-06
0.024	1.40259			2400.0	5.44065e-06
0.02405	1.60411			2405.0	5.31064e-06
0.0241	1.50973			2410.0	4.48197e-06
0.02415	1.17302			2415.0	3.02268e-06
0.0242	1.19598			2420.0	1.17611e-06
0.02425	1.4179			2425.0	3.50301e-06
0.0243	1.55564			2430.0	4.25384e-06
0.02435	1.53779			2435.0	3.55709e-06
0.0244	1.46636			2440.0	1.37586e-06
0.02445	1.39749			2445.0	2.0914e-06
0.0245	1.423			2450.0	4.83107e-06
0.02455	1.4383			2455.0	2.53648e-06
0.0246	1.40514			2460.0	6.52268e-07
0.02465	1.36943			2465.0	8.07268e-06
0.0247	1.43065			2470.0	4.51621e-06
0.02475	1.46636			2475.0	5.35552e-06
0.0248	1.48422			2480.0	7.27164e-07
0.02485	1.40004			2485.0	1.15181e-06
0.0249	1.29801			2490.0	5.38476e-06
0.02495	1.2521			2495.0	2.85582e-05
0.025	1.21128			2500.0	4.36183e-05
0.02505	1.36433			2505.0	7.4082e-05
0.0251	1.46636			2510.0	6.8087e-05
0.02515	1.4383			2515.0	3.51825e-05
0.0252	1.37453			2520.0	3.10725e-05
0.02525	1.35413			2525.0	2.42802e-05
0.0253	1.38984			2530.0	4.26279e-05
0.02535	1.39494			2535.0	6.79149e-05
0.0254	1.44086			2540.0	1.07246e-05
0.02545	1.51738			2545.0	5.06491e-05
0.0255	1.36433			2550.0	3.21366e-05
0.02555	1.30821			2555.0	4.0345e-07
0.0256	1.4077			2560.0	1.54473e-05
0.02565	1.48932			2565.0	2.29506e-05
0.0257	1.4128			2570.0	1.24359e-05
0.02575	1.2776			2575.0	3.88469e-06
0.0258	1.30566			2580.0	7.40454e-06
0.02585	1.38474			2585.0	1.24085e-05
0.0259	1.40514			2590.0	2.08471e-06
0.02595	1.4128			2595.0	1.18753e-05
0.026	1.39494			2600.0	8.37629e-06
0.02605	1.35413			2605.0	8.09193e-06
0.0261	1.33117			2610.0	1.19249e-05
0.02615	1.37453			2615.0	2.53016e-06
0.0262	1.4179			2620.0	4.35368e-05
0.02625	1.35158			2625.0	3.74314e-05
0.0263	1.2572			2630.0	2.11802e-05
0.02635	1.33882			2635.0	2.04774e-05
0.0264	1.36433			2640.0	6.81186e-05
0.02645	1.34648			2645.0	3.02022e-05
0.0265	1.34393			2650.0	1.11665e-05
0.02655	1.30056			2655.0	3.48988e-05
0.0266	1.20873			2660.0	6.05495e-05
0.02665	1.22914			2665.0	5.27471e-05
0.0267	1.34903			2670.0	0.000102789
0.02675	1.29801			2675.0	4.72152e-05
0.0268	1.32097			2680.0	5.48554e-06
0.02685	1.35413			2685.0	2.20655e-05
0.0269	1.423			2690.0	7.77636e-05
0.02695	1.50973			2695.0	8.66684e-05
0.027	1.5888			2700.0	3.26799e-05
0.02705	1.45616			2705.0	8.03441e-07
0.0271	1.4077			2710.0	7.53604e-06
0.02715	1.35158			2715.0	6.20572e-06
0.0272	1.44596			2720.0	4.11172e-06
0.02725	1.61686			2725.0	1.73134e-05
0.0273	1.54034			2730.0	4.83615e-05
0.02735	1.35923			2735.0	2.80221e-05
0.0274	1.30566			2740.0	1.35956e-05
0.02745	1.40259			2745.0	7.6547e-06
0.0275	1.48422			2750.0	5.97112e-06
0.02755	1.52758			2755.0	6.86917e-07
0.0276	1.45106			2760.0	1.38303e-06
0.02765	1.42555			2765.0	7.53694e-07
0.0277	1.4128			2770.0	1.82627e-08
0.02775	1.40004			2775.0	1.58801e-06
0.0278	1.4128			2780.0	3.26494e-06
0.02785	1.29291			2785.0	4.58276e-08
0.0279	1.23679			2790.0	3.15722e-07
0.02795	1.29546			2795.0	1.96789e-06
0.028	1.37453			2800.0	1.05864e-06
0.02805	1.32862			2805.0	1.76198e-07
0.0281	1.25975			2810.0	7.00626e-07
0.02815	1.23934			2815.0	6.6245e-07
0.0282	1.15772			2820.0	1.44409e-06
0.02825	1.19598			2825.0	9.84463e-07
0.0283	1.23934			2830.0	4.06979e-06
0.02835	1.29546			2835.0	2.64968e-06
0.0284	1.33627			2840.0	2.29909e-06
0.02845	1.35923			2845.0	7.06267e-06
0.0285	1.35923			2850.0	6.23706e-06
0.02855	1.37453			2855.0	3.24458e-06
0.0286	1.35413			2860.0	4.29498e-06
0.02865	1.40514			2865.0	5.63472e-06
0.0287	1.33372			2870.0	1.8377e-06
0.02875	1.30056			2875.0	4.66446e-07
0.0288	1.44086			2880.0	7.83161e-06
0.02885	1.50463			2885.0	8.64481e-06
0.0289	1.46636			2890.0	9.00995e-07
0.02895	1.32352			2895.0	1.14012e-06
0.029	1.26995			2900.0	7.67065e-06
0.02905	1.34137			2905.0	2.62417e-06
0.0291	1.4332			2910.0	7.10973e-06
0.02915	1.51483			2915.0	1.91402e-05
0.0292	1.52503			2920.0	1.69378e-05
0.02925	1.53523			2925.0	1.12871e-05
0.0293	1.50718			2930.0	5.32415e-06
0.02935	1.48932			2935.0	8.73082e-06
0.0294	1.44596			2940.0	6.90056e-06
0.02945	1.37709			2945.0	3.3163e-06
0.0295	1.34648			2950.0	3.23748e-06
0.02955	1.49697			2955.0	1.83167e-06
0.0296	1.55819			2960.0	1.4037e-06
0.02965	1.50973			2965.0	1.30254e-06
0.0297	1.44086			2970.0	1.5671e-07
0.02975	1.30311			2975.0	9.43201e-07
0.0298	1.27505			2980.0	4.05569e-06
0.02985	1.29801			2985.0	5.95742e-06
0.0299	1.4077			2990.0	2.44018e-06
0.02995	1.44596			2995.0	2.04116e-06
0.03	1.39239			3000.0	5.56542e-06
0.03005	1.39239			3005.0	2.54057e-06
0.0301	1.40259			3010.0	5.91581e-07
0.03015	1.47402			3015.0	1.75356e-06
0.0302	1.35668			3020.0	2.18515e-07
0.03025	1.40514			3025.0	9.10927e-07
0.0303	1.44596			3030.0	2.99235e-07
0.03035	1.46381			3035.0	2.5717e-06
0.0304	1.35158			3040.0	9.2496e-06
0.03045	1.35668			3045.0	6.5078e-06
0.0305	1.45616			3050.0	1.31915e-06
0.03055	1.35923			3055.0	5.19342e-07
0.0306	1.2521			3060.0	1.25617e-05
0.03065	1.33882			3065.0	1.08794e-05
0.0307	1.33882			3070.0	5.41581e-06
0.03075	1.33117			3075.0	6.67274e-06
0.0308	1.42555			3080.0	4.60387e-06
0.03085	1.44086			3085.0	9.94416e-06
0.0309	1.38474			3090.0	5.12401e-06
0.03095	1.30311			3095.0	2.04283e-06
0.031	1.31076			3100.0	3.67742e-06
0.03105	1.2776			3105.0	1.63767e-05
0.0311	1.20363			3110.0	1.52487e-05
0.03115	1.35413			3115.0	5.60929e-07
0.0312	1.50207			3120.0	1.78997e-06
0.03125	1.423			3125.0	1.83829e-05
0.0313	1.31842			3130.0	5.16361e-05
0.03135	1.20618			3135.0	5.58804e-05
0.0314	1.16792			3140.0	1.81059e-05
0.03145	1.2674			3145.0	2.49046e-05
0.0315	1.42555			3150.0	6.55633e-05
0.03155	1.46381			3155.0	2.19168e-05
0.0316	1.4281			3160.0	6.39686e-06
0.03165	1.4179			3165.0	3.54084e-05
0.0317	1.41025			3170.0	6.65446e-05
0.03175	1.43575			3175.0	2.13415e-05
0.0318	1.4281			3180.0	3.25293e-06
0.03185	1.51738			3185.0	3.37774e-06
0.0319	1.5735			3190.0	4.11812e-06
0.03195	1.54289			3195.0	3.01591e-05
0.032	1.423			3200.0	5.68107e-06
0.03205	1.40004			3205.0	9.79013e-06
0.0321	1.4383			3210.0	2.26789e-05
0.03215	1.48167			3215.0	1.4107e-05
0.0322	1.4332			3220.0	5.53644e-06
0.03225	1.37964			3225.0	7.70912e-06
0.0323	1.43575			3230.0	2.57383e-05
0.03235	1.51738			3235.0	3.53719e-05
0.0324	1.47912			3240.0	5.85529e-06
0.03245	1.45616			3245.0	2.04647e-06
0.0325	1.39239			3250.0	4.08113e-06
0.03255	1.45106			3255.0	8.7135e-07
0.0326	1.45361			3260.0	9.69168e-07
0.03265	1.39239			3265.0	1.73964e-06
0.0327	1.40004			3270.0	4.64277e-06
0.03275	1.33882			3275.0	7.60165e-07
0.0328	1.32352			3280.0	1.15188e-06
0.03285	1.42045			3285.0	5.01682e-06
0.0329	1.32097			3290.0	7.59154e-06
0.03295	1.22914			3295.0	2.04695e-06
0.033	1.21383			3300.0	5.65424e-06
0.03305	1.27505			3305.0	1.45477e-05
0.0331	1.32352			3310.0	1.45777e-05
0.03315	1.36178			3315.0	1.60701e-05
0.0332	1.28271			3320.0	1.45763e-06
0.03325	1.25975			3325.0	1.34024e-06
0.0333	1.34393			3330.0	7.13691e-06
0.03335	1.35923			3335.0	2.53855e-06
0.0334	1.33117			3340.0	1.09832e-06
0.03345	1.37453			3345.0	1.76561e-06
0.0335	1.37709			3350.0	1.57827e-06
0.03355	1.4179			3355.0	2.78355e-07
0.0336	1.29546			3360.0	2.91148e-06
0.03365	1.20108			3365.0	6.22756e-06
0.0337	1.33882			3370.0	3.50291e-06
0.03375	1.423			3375.0	2.99322e-08
0.0338	1.45361			3380.0	5.67106e-06
0.03385	1.41025			3385.0	1.56815e-05
0.0339	1.38219			3390.0	1.32582e-05
0.03395	1.39494			3395.0	2.73438e-06
0.034	1.38984			3400.0	8.25244e-06
0.03405	1.46891			3405.0	1.12087e-06
0.0341	1.46126			3410.0	3.1301e-06
0.03415	1.52758			3415.0	6.99676e-06
0.0342	1.56074			3420.0	4.95768e-06
0.03425	1.48932			3425.0	1.31923e-06
0.0343	1.40004			3430.0	4.49683e-06
0.03435	1.29546			3435.0	2.05562e-06
0.0344	1.42555			3440.0	1.04178e-06
0.03445	1.5735			3445.0	6.28853e-07
0.0345	1.52758			3450.0	4.39185e-06
0.03455	1.43575			3455.0	4.28334e-06
0.0346	1.28016			3460.0	8.17539e-07
0.03465	1.2572			3465.0	1.2998e-07
0.0347	1.28526			3470.0	1.65938e-06
0.03475	1.40004			3475.0	6.84542e-07
0.0348	1.38474			3480.0	1.66457e-06
0.03485	1.29036			3485.0	3.75378e-06
0.0349	1.35923			3490.0	1.57801e-06
0.03495	1.40514			3495.0	5.80826e-07
0.035	1.38474			3500.0	7.62104e-07
0.03505	1.34393			3505.0	1.06413e-06
0.0351	1.43575			3510.0	6.83064e-07
0.03515	1.46126			3515.0	3.22899e-06
0.0352	1.32352			3520.0	1.07497e-06
0.03525	1.26485			3525.0	8.98209e-07
0.0353	1.4332			3530.0	1.19578e-06
0.03535	1.53779			3535.0	4.01444e-06
0.0354	1.47657			3540.0	3.48935e-06
0.03545	1.32097			3545.0	6.94533e-07
0.0355	1.28526			3550.0	2.98943e-06
0.03555	1.40004			3555.0	6.18138e-07
0.0356	1.4383			3560.0	1.49711e-06
0.03565	1.4179			3565.0	3.63272e-06
0.0357	1.36433			3570.0	1.1934e-06
0.03575	1.36178			3575.0	3.3867e-06
0.0358	1.39494			3580.0	3.20685e-06
0.03585	1.39494			3585.0	6.32357e-07
0.0359	1.28271			3590.0	1.52433e-05
0.03595	1.2623			3595.0	2.26142e-05
0.036	1.2725			3600.0	9.15179e-06
0.03605	1.33627			3605.0	3.12923e-06
0.0361	1.40004			3610.0	6.60148e-07
0.03615	1.34137			3615.0	1.10809e-05
0.0362	1.26995			3620.0	8.4976e-06
0.03625	1.16027			3625.0	1.27987e-07
0.0363	1.24189			3630.0	1.51407e-05
0.03635	1.32862			3635.0	2.98204e-05
0.0364	1.34137			3640.0	6.19811e-06
0.03645	1.40004			3645.0	6.38866e-06
0.0365	1.46126			3650.0	2.21615e-06
0.03655	1.52248			3655.0	6.93465e-06
0.0366	1.49442			3660.0	1.37776e-05
0.03665	1.43065			3665.0	1.80324e-06
0.0367	1.47657			3670.0	8.0547e-07
0.03675	1.53013			3675.0	6.38823e-07
0.0368	1.53523			3680.0	1.49566e-06
0.03685	1.48167			3685.0	9.96907e-06
0.0369	1.47146			3690.0	9.62917e-06
0.03695	1.50463			3695.0	2.72764e-06
0.037	1.48932			3700.0	1.50686e-05
0.03705	1.38474			3705.0	2.56371e-05
0.0371	1.33117			3710.0	2.27883e-05
0.03715	1.45616			3715.0	6.78076e-05
0.0372	1.52758			3720.0	4.4329e-05
0.03725	1.4179			3725.0	1.58688e-05
0.0373	1.38219			3730.0	7.87217e-06
0.03735	1.38984			3735.0	8.01874e-05
0.0374	1.35668			3740.0	0.000100871
0.03745	1.33882			3745.0	4.09722e-05
0.0375	1.38474			3750.0	4.36369e-05
0.03755	1.28271			3755.0	2.30589e-05
0.0376	1.2776			3760.0	9.15816e-05
0.03765	1.29801			3765.0	0.000318662
0.0377	1.4077			3770.0	0.000210741
0.03775	1.39239			3775.0	8.9076e-05
0.0378	1.31332			3780.0	3.96757e-05
0.03785	1.16027			3785.0	7.28743e-05
0.0379	1.17812			3790.0	4.90749e-05
0.03795	1.32097			3795.0	4.67733e-05
0.038	1.4077			3800.0	0.000125477
0.03805	1.34393			3805.0	0.000242962
0.0381	1.34137			3810.0	0.000142705
0.03815	1.4281			3815.0	2.38324e-06
0.0382	1.39239			3820.0	7.4677e-05
0.03825	1.35158			3825.0	1.16418e-05
0.0383	1.44341			3830.0	9.58341e-05
0.03835	1.45361			3835.0	0.000144185
0.0384	1.52248			3840.0	2.58365e-05
0.03845	1.45106			3845.0	7.4388e-07
0.0385	1.34137			3850.0	2.02159e-05
0.03855	1.28271			3855.0	9.5378e-06
0.0386	1.36688			3860.0	4.87674e-06
0.03865	1.36943			3865.0	4.70366e-05
0.0387	1.39239			3870.0	6.04038e-05
0.03875	1.36178			3875.0	6.82851e-06
0.0388	1.40514			3880.0	6.00822e-05
0.03885	1.38474			3885.0	6.03069e-05
0.0389	1.36433			3890.0	8.25654e-06
0.03895	1.4332			3895.0	4.91475e-06
0.039	1.44086			3900.0	2.11205e-05
0.03905	1.4332			3905.0	6.53887e-05
0.0391	1.4332			3910.0	5.59607e-05
0.03915	1.42555			3915.0	9.36021e-06
0.0392	1.33372			3920.0	2.73845e-05
0.03925	1.37198			3925.0	3.75407e-05
0.0393	1.37709			3930.0	6.34312e-06
0.03935	1.4077			3935.0	4.53909e-07
0.0394	1.40004			3940.0	1.06777e-05
0.03945	1.36943			3945.0	4.00897e-05
0.0395	1.29291			3950.0	5.76256e-05
0.03955	1.26485			3955.0	3.43457e-05
0.0396	1.30311			3960.0	1.32503e-05
0.03965	1.37709			3965.0	1.33278e-05
0.0397	1.34393			3970.0	2.7917e-05
0.03975	1.38729			3975.0	7.7134e-06
0.0398	1.49442			3980.0	3.83867e-06
0.03985	1.47146			3985.0	1.49045e-05
0.0399	1.43575			3990.0	1.55394e-05
0.03995	1.4332			3995.0	3.7764e-06
0.04	1.45616			4000.0	7.23168e-08
0.04005	1.48422			4005.0	3.11693e-06
0.0401	1.48422			4010.0	2.84379e-06
0.04015	1.47657			4015.0	5.23686e-06
0.0402	1.46636			4020.0	1.56517e-05
0.04025	1.51483			4025.0	5.13822e-06
0.0403	1.43065			4030.0	1.70445e-05
0.04035	1.42555			4035.0	6.53279e-06
0.0404	1.44851			4040.0	3.92506e-06
0.04045	1.48677			4045.0	8.18815e-06
0.0405	1.51738			4050.0	1.0486e-05
0.04055	1.49442			4055.0	1.36362e-05
0.0406	1.4281			4060.0	6.7354e-06
0.04065	1.37709			4065.0	3.35082e-06
0.0407	1.39239			4070.0	3.89002e-06
0.04075	1.47657			4075.0	6.4417e-06
0.0408	1.44596			4080.0	5.33548e-06
0.04085	1.28271			4085.0	2.4758e-06
0.0409	1.30311			4090.0	6.68674e-07
0.04095	1.33882			4095.0	2.9345e-06
0.041	1.33117			4100.0	1.41109e-07
0.04105	1.25465			4105.0	4.87952e-07
0.0411	1.15772			4110.0	1.12106e-06
0.04115	1.19853			4115.0	2.53334e-06
0.0412	1.21639			4120.0	1.40755e-06
0.04125	1.2521			4125.0	5.55771e-07
0.0413	1.23169			4130.0	1.54497e-06
0.04135	1.23169			4135.0	1.126e-08
0.0414	1.29291			4140.0	5.42242e-07
0.04145	1.32097			4145.0	5.76399e-07
0.0415	1.38729			4150.0	2.55593e-06
0.04155	1.39749			4155.0	5.47105e-06
0.0416	1.41025			4160.0	1.69131e-06
0.04165	1.423			4165.0	7.49972e-07
0.0417	1.35668			4170.0	2.5849e-07
0.04175	1.40004			4175.0	1.17822e-06
0.0418	1.43065			4180.0	3.51444e-06
0.04185	1.45616			4185.0	1.17472e-06
0.0419	1.4179			4190.0	8.68575e-06
0.04195	1.37453			4195.0	1.50308e-06
0.042	1.4077			4200.0	3.12957e-06
0.04205	1.44596			4205.0	1.54445e-06
0.0421	1.53523			4210.0	1.50563e-06
0.04215	1.54289			4215.0	3.96115e-07
0.0422	1.44596			4220.0	1.63066e-06
0.04225	1.38729			4225.0	1.2273e-06
0.0423	1.50207			4230.0	1.81429e-06
0.04235	1.48677			4235.0	4.08788e-06
0.0424	1.52503			4240.0	6.99914e-08
0.04245	1.39494			4245.0	2.92621e-06
0.0425	1.31587			4250.0	7.39936e-07
0.04255	1.44596			4255.0	7.38392e-07
0.0426	1.48422			4260.0	1.77307e-07
0.04265	1.36943			4265.0	4.39632e-06
0.0427	1.22404			4270.0	6.81668e-06
0.04275	1.20108			4275.0	1.08587e-05
0.0428	1.36433			4280.0	2.37567e-06
0.04285	1.4128			4285.0	8.88478e-07
0.0429	1.38474			4290.0	5.19492e-06
0.04295	1.30311			4295.0	3.60017e-06
0.043	1.29036			4300.0	6.25578e-06
0.04305	1.32862			4305.0	1.27567e-06
0.0431	1.41025			4310.0	3.60472e-06
0.04315	1.4332			4315.0	1.30852e-06
0.0432	1.35413			4320.0	1.17801e-05
0.04325	1.35668			4325.0	2.31999e-06
0.0433	1.28526			4330.0	1.14462e-05
0.04335	1.2725			4335.0	1.51934e-06
0.0434	1.31332			4340.0	4.7018e-06
0.04345	1.36178			4345.0	4.20036e-06
0.0435	1.34903			4350.0	3.02186e-06
0.04355	1.30821			4355.0	3.97134e-06
0.0436	1.33117			4360.0	7.51478e-06
0.04365	1.37964			4365.0	8.38495e-07
0.0437	1.34137			4370.0	6.63281e-06
0.04375	1.2776			4375.0	4.33133e-06
0.0438	1.35668			4380.0	4.5061e-06
0.04385	1.31076			4385.0	1.33678e-05
0.0439	1.44596			4390.0	2.14769e-05
0.04395	1.48422			4395.0	1.15329e-05
0.044	1.36688			4400.0	3.61265e-06
0.04405	1.39239			4405.0	9.69133e-08
0.0441	1.39494			4410.0	1.15198e-05
0.04415	1.423			4415.0	3.40956e-06
0.0442	1.40514			4420.0	4.8164e-06
0.04425	1.33117			4425.0	4.4658e-06
0.0443	1.30311			4430.0	4.49991e-06
0.04435	1.35413			4435.0	1.57601e-05
0.0444	1.38474			4440.0	6.23075e-06
0.04445	1.40004			4445.0	1.01053e-06
0.0445	1.36433			4450.0	7.75116e-07
0.04455	1.32097			4455.0	1.0705e-05
0.0446	1.38474			4460.0	1.24758e-05
0.04465	1.47657			4465.0	1.52254e-05
0.0447	1.55054			4470.0	1.00032e-05
0.04475	1.54544			4475.0	1.37057e-06
0.0448	1.54799			4480.0	1.94651e-05
0.04485	1.45361			4485.0	7.09697e-06
0.0449	1.35668			4490.0	3.83853e-07
0.04495	1.41025			4495.0	1.75874e-07
0.045	1.50973			4500.0	1.21494e-07
0.04505	1.55819			4505.0	1.01586e-05
0.0451	1.54544			4510.0	1.35577e-05
0.04515	1.44086			4515.0	3.9339e-06
0.0452	1.40259			4520.0	4.34314e-05
0.04525	1.4077			4525.0	6.81797e-05
0.0453	1.47912			4530.0	2.6301e-05
0.04535	1.46126			4535.0	8.7701e-08
0.0454	1.4077			4540.0	2.97982e-06
0.04545	1.33372			4545.0	3.9136e-06
0.0455	1.34648			4550.0	3.63902e-08
0.04555	1.50207			4555.0	8.51433e-06
0.0456	1.47402			4560.0	7.51484e-06
0.04565	1.30056			4565.0	5.12726e-06
0.0457	1.28016			4570.0	1.66178e-05
0.04575	1.36178			4575.0	9.61111e-06
0.0458	1.37453			4580.0	5.5475e-07
0.04585	1.35413			4585.0	2.72887e-06
0.0459	1.24444			4590.0	9.13526e-06
0.04595	1.15006			4595.0	9.79066e-06
0.046	1.21894			4600.0	9.48207e-06
0.04605	1.30821			4605.0	7.94932e-06
0.0461	1.34648			4610.0	8.95251e-06
0.04615	1.21128			4615.0	5.70969e-06
0.0462	1.22914			4620.0	5.83356e-06
0.04625	1.36688			4625.0	9.03834e-07
0.0463	1.54034			4630.0	5.15228e-06
0.04635	1.50718			4635.0	5.91958e-06
0.0464	1.40004			4640.0	5.29387e-06
0.04645	1.30056			4645.0	7.31394e-06
0.0465	1.30056			4650.0	1.15895e-05
0.04655	1.40004			4655.0	5.75609e-06
0.0466	1.48677			4660.0	1.69928e-06
0.04665	1.52248			4665.0	8.13254e-06
0.0467	1.45616			4670.0	7.81162e-06
0.04675	1.29801			4675.0	2.80931e-06
0.0468	1.4281			4680.0	8.49839e-06
0.04685	1.44596			4685.0	4.97208e-06
0.0469	1.51738			4690.0	2.79359e-06
0.04695	1.40004			4695.0	1.48997e-06
0.047	1.34137			4700.0	5.32093e-07
0.04705	1.38474			4705.0	1.56137e-06
0.0471	1.44341			4710.0	2.97124e-07
0.04715	1.44086			4715.0	2.73897e-06
0.0472	1.42045			4720.0	4.08784e-06
0.04725	1.31332			4725.0	4.02724e-06
0.0473	1.36433			4730.0	6.23261e-07
0.04735	1.50463			4735.0	1.85417e-06
0.0474	1.47146			4740.0	1.92545e-06
0.04745	1.36178			4745.0	1.32524e-06
0.0475	1.22149			4750.0	9.69385e-07
0.04755	1.28271			4755.0	5.64907e-07
0.0476	1.42045			4760.0	2.57183e-06
0.04765	1.44596			4765.0	1.265e-06
0.0477	1.31587			4770.0	1.82109e-06
0.04775	1.28781			4775.0	1.48082e-06
0.0478	1.35413			4780.0	1.6368e-07
0.04785	1.46126			4785.0	1.63485e-07
0.0479	1.50463			4790.0	2.66038e-07
0.04795	1.48677			4795.0	1.59336e-06
0.048	1.40514			4800.0	3.65312e-06
0.04805	1.35923			4805.0	2.45062e-06
0.0481	1.32352			4810.0	1.93861e-06
0.04815	1.36688			4815.0	1.99226e-06
0.0482	1.4128			4820.0	5.90407e-07
0.04825	1.45361			4825.0	1.4062e-08
0.0483	1.43575			4830.0	5.77253e-07
0.04835	1.34903			4835.0	5.03647e-07
0.0484	1.29036			4840.0	2.48576e-07
0.04845	1.423			4845.0	3.45779e-06
0.0485	1.46126			4850.0	2.99663e-06
0.04855	1.44851			4855.0	3.21452e-07
0.0486	1.42045			4860.0	1.0963e-06
0.04865	1.4281			4865.0	3.03499e-06
0.0487	1.48167			4870.0	2.51504e-06
0.04875	1.44596			4875.0	1.7676e-06
0.0488	1.36178			4880.0	5.29325e-07
0.04885	1.38219			4885.0	7.65802e-07
0.0489	1.45361			4890.0	2.11583e-06
0.04895	1.55819			4895.0	5.56639e-07
0.049	1.44851			4900.0	1.66114e-06
0.04905	1.29801			4905.0	3.50577e-06
0.0491	1.20618			4910.0	3.52828e-06
0.04915	1.31332			4915.0	2.35721e-06
0.0492	1.4281			4920.0	2.19482e-07
0.04925	1.47912			4925.0	4.09327e-07
0.0493	1.32862			4930.0	8.04375e-07
0.04935	1.26995			4935.0	3.33496e-08
0.0494	1.31332			4940.0	5.68584e-07
0.04945	1.42045			4945.0	1.36944e-06
0.0495	1.43575			4950.0	6.72493e-06
0.04955	1.40514			4955.0	3.42668e-06
0.0496	1.4332			4960.0	1.40663e-06
0.04965	1.34648			4965.0	2.77849e-06
0.0497	1.29036			4970.0	1.32763e-06
0.04975	1.32352			4975.0	5.09213e-07
0.0498	1.423			4980.0	2.10042e-07
0.04985	1.49952			4985.0	4.53767e-06
0.0499	1.40514			4990.0	1.03698e-05
0.04995	1.29036			4995.0	7.06205e-06
0.05	1.24955			5000.0	1.89019e-06
0.05005	1.38984			5005.0	8.51308e-08
0.0501	1.50973			5010.0	1.18734e-06
0.05015	1.36943			5015.0	5.81085e-06
0.0502	1.34393			5020.0	5.84999e-06
0.05025	1.38729			5025.0	4.02622e-06
0.0503	1.4128			5030.0	1.40063e-06
0.05035	1.4179			5035.0	3.70829e-07
0.0504	1.42555			5040.0	1.55106e-06
0.05045	1.40514			5045.0	6.24531e-06
0.0505	1.423			5050.0	1.41146e-06
0.05055	1.42555			5055.0	9.44561e-06
0.0506	1.4179			5060.0	6.03543e-06
0.05065	1.30821			5065.0	1.70254e-07
0.0507	1.2623			5070.0	7.84322e-07
0.05075	1.31842			5075.0	4.99182e-06
0.0508	1.37453			5080.0	4.46178e-06
0.05085	1.37198			5085.0	7.04226e-07
0.0509	1.30311			5090.0	1.14498e-06
0.05095	1.30821			5095.0	3.13866e-07
0.051	1.34137			5100.0	8.70682e-06
0.05105	1.47912			5105.0	5.77579e-06
0.0511	1.4281			5110.0	4.86655e-07
0.05115	1.33882			5115.0	8.26765e-07
0.0512	1.4332			5120.0	1.51771e-07
0.05125	1.45361			5125.0	1.82432e-06
0.0513	1.35158			5130.0	5.50346e-06
0.05135	1.34137			5135.0	1.73967e-06
0.0514	1.30821			5140.0	8.61132e-07
0.05145	1.37198			5145.0	2.08383e-06
0.0515	1.50973			5150.0	5.85956e-07
0.05155	1.423			5155.0	4.46638e-06
0.0516	1.37453			5160.0	1.05424e-05
0.05165	1.32097			5165.0	4.8558e-06
0.0517	1.35668			5170.0	9.77502e-06
0.05175	1.50718			5175.0	1.02813e-05
0.0518	1.51483			5180.0	3.73067e-06
0.05185	1.41535			5185.0	4.27313e-07
0.0519	1.35923			5190.0	1.41196e-06
0.05195	1.41535			5195.0	9.97787e-07
0.052	1.50718			5200.0	3.18891e-06
0.05205	1.4179			5205.0	7.51461e-06
0.0521	1.39494			5210.0	5.02618e-06
0.05215	1.36433			5215.0	2.60766e-06
0.0522	1.49187			5220.0	1.92995e-06
0.05225	1.54034			5225.0	2.93823e-07
0.0523	1.32862			5230.0	1.08539e-06
0.05235	1.20873			5235.0	2.14778e-07
0.0524	1.26485			5240.0	9.01508e-07
0.05245	1.43575			5245.0	3.19472e-06
0.0525	1.53523			5250.0	1.40482e-06
0.05255	1.38474			5255.0	2.96522e-07
0.0526	1.23679			5260.0	3.74407e-07
0.05265	1.36433			5265.0	1.23163e-08
0.0527	1.42555			5270.0	2.36767e-07
0.05275	1.423			5275.0	3.59658e-07
0.0528	1.38729			5280.0	6.1614e-07
0.05285	1.33882			5285.0	9.21695e-07
0.0529	1.29801			5290.0	7.54729e-07
0.05295	1.29291			5295.0	1.1761e-06
0.053	1.39239			5300.0	1.14819e-06
0.05305	1.44596			5305.0	4.10848e-07
0.0531	1.33627			5310.0	1.48712e-06
0.05315	1.29291			5315.0	3.14085e-06
0.0532	1.29291			5320.0	3.2086e-07
0.05325	1.35923			5325.0	1.40823e-06
0.0533	1.39239			5330.0	2.16954e-06
0.05335	1.37709			5335.0	8.00056e-07
0.0534	1.36943			5340.0	3.18973e-07
0.05345	1.36943			5345.0	1.15443e-06
0.0535	1.41025			5350.0	9.76268e-07
0.05355	1.4332			5355.0	2.75354e-06
0.0536	1.4077			5360.0	2.52692e-06
0.05365	1.45361			5365.0	1.4001e-06
0.0537	1.41025			5370.0	3.59587e-06
0.05375	1.38984			5375.0	1.19095e-06
0.0538	1.423			5380.0	4.43397e-08
0.05385	1.36433			5385.0	3.55458e-07
0.0539	1.31332			5390.0	6.1071e-09
0.05395	1.34903			5395.0	9.34407e-07
0.054	1.40514			5400.0	1.7308e-06
0.05405	1.34393			5405.0	6.7448e-07
0.0541	1.31587			5410.0	4.55501e-07
0.05415	1.4332			5415.0	1.38504e-06
0.0542	1.46126			5420.0	2.09871e-06
0.05425	1.37198			5425.0	1.18973e-06
0.0543	1.36688			5430.0	1.80445e-07
0.05435	1.43065			5435.0	4.46905e-07
0.0544	1.50718			5440.0	8.55345e-07
0.05445	1.37453			5445.0	5.9364e-07
0.0545	1.33882			5450.0	4.90092e-07
0.05455	1.45361			5455.0	1.43529e-07
0.0546	1.48167			5460.0	8.58606e-07
0.05465	1.50973			5465.0	1.28001e-06
0.0547	1.36433			5470.0	7.07413e-08
0.05475	1.33882			5475.0	2.06058e-07
0.0548	1.49442			5480.0	5.5766e-07
0.05485	1.51993			5485.0	3.24661e-06
0.0549	1.49187			5490.0	9.4965e-07
0.05495	1.31842			5495.0	6.65772e-07
0.055	1.32862			5500.0	1.05286e-06
0.05505	1.34393			5505.0	5.69367e-07
0.0551	1.36433			5510.0	1.89397e-06
0.05515	1.44341			5515.0	4.41786e-06
0.0552	1.34137			5520.0	5.36948e-06
0.05525	1.35923			5525.0	2.95479e-06
0.0553	1.4128			5530.0	9.8136e-07
0.05535	1.47912			5535.0	9.69851e-07
0.0554	1.37964			5540.0	9.37162e-07
0.05545	1.27505			5545.0	8.81008e-07
0.0555	1.10925			5550.0	7.24387e-07
0.05555	1.26485			5555.0	4.06601e-07
0.0556	1.41025			5560.0	5.15526e-07
0.05565	1.33372			5565.0	3.5666e-06
0.0557	1.23934			5570.0	4.79655e-06
0.05575	1.22404			5575.0	1.88491e-06
0.0558	1.28271			5580.0	1.12859e-06
0.05585	1.36433			5585.0	1.69655e-06
0.0559	1.39494			5590.0	3.15536e-07
0.05595	1.41535			5595.0	5.99839e-08
0.056	1.39239			5600.0	3.61713e-07
0.05605	1.31076			5605.0	1.92378e-06
0.0561	1.28271			5610.0	5.15569e-06
0.05615	1.40259			5615.0	4.64375e-06
0.0562	1.55309			5620.0	1.34402e-06
0.05625	1.48422			5625.0	1.86396e-06
0.0563	1.46891			5630.0	3.56008e-06
0.05635	1.40259			5635.0	6.89596e-06
0.0564	1.42045			5640.0	1.1914e-05
0.05645	1.4281			5645.0	1.16924e-05
0.0565	1.4179			5650.0	6.04628e-06
0.05655	1.31332			5655.0	6.6516e-06
0.0566	1.4077			5660.0	6.21047e-06
0.05665	1.49187			5665.0	1.81054e-06
0.0567	1.49697			5670.0	4.85009e-07
0.05675	1.45616			5675.0	5.08222e-06
0.0568	1.29036			5680.0	7.16745e-06
0.05685	1.32607			5685.0	6.10728e-06
0.0569	1.47657			5690.0	5.43791e-06
0.05695	1.5735			5695.0	4.90279e-06
0.057	1.51228			5700.0	3.41767e-06
0.05705	1.33627			5705.0	2.78902e-07
0.0571	1.29036			5710.0	2.29964e-06
0.05715	1.32352			5715.0	1.21235e-06
0.0572	1.33372			5720.0	5.34311e-07
0.05725	1.43575			5725.0	4.07961e-06
0.0573	1.40004			5730.0	3.46816e-06
0.05735	1.41535			5735.0	4.18622e-07
0.0574	1.45361			5740.0	3.06983e-06
0.05745	1.4332			5745.0	5.25645e-08
0.0575	1.37964			5750.0	7.48966e-06
0.05755	1.32862			5755.0	8.22344e-06
0.0576	1.25465			5760.0	5.05871e-07
0.05765	1.20618			5765.0	8.64228e-07
0.0577	1.36433			5770.0	6.56163e-07
0.05775	1.53523			5775.0	3.85597e-07
0.0578	1.47146			5780.0	1.12307e-06
0.05785	1.30056			5785.0	3.29251e-08
0.0579	1.2725			5790.0	5.21719e-06
0.05795	1.24699			5795.0	8.80471e-06
0.058	1.30821			5800.0	1.52668e-06
0.05805	1.36178			5805.0	1.92822e-06
0.0581	1.35668			5810.0	5.36754e-06
0.05815	1.30311			5815.0	1.44805e-06
0.0582	1.28271			5820.0	1.6404e-06
0.05825	1.31587			5825.0	3.36259e-06
0.0583	1.38729			5830.0	4.32303e-07
0.05835	1.34137			5835.0	4.59704e-06
0.0584	1.35413			5840.0	9.53779e-06
0.05845	1.45616			5845.0	7.75719e-06
0.0585	1.46891			5850.0	2.37488e-06
0.05855	1.46636			5855.0	1.37981e-06
0.0586	1.43575			5860.0	2.19007e-06
0.05865	1.39494			5865.0	1.60726e-06
0.0587	1.37198			5870.0	5.05478e-07
0.05875	1.45106			5875.0	1.16409e-06
0.0588	1.42045			5880.0	4.01894e-06
0.05885	1.37964			5885.0	2.46764e-06
0.0589	1.51483			5890.0	3.97464e-07
0.05895	1.53779			5895.0	3.84927e-07
0.059	1.48677			5900.0	1.57004e-06
0.05905	1.4383			5905.0	9.27094e-07
0.0591	1.42555			5910.0	8.9935e-07
0.05915	1.38474			5915.0	5.52271e-08
0.0592	1.34903			5920.0	1.65862e-06
0.05925	1.4077			5925.0	4.79866e-06
0.0593	1.43575			5930.0	3.22997e-06
0.05935	1.39749			5935.0	1.73454e-06
0.0594	1.44851			5940.0	9.30732e-07
0.05945	1.4077			5945.0	4.21908e-07
0.0595	1.38474			5950.0	1.69471e-07
0.05955	1.36943			5955.0	5.81442e-07
0.0596	1.36433			5960.0	1.08184e-06
0.05965	1.36943			5965.0	1.51146e-08
0.0597	1.38474			5970.0	1.86471e-06
0.05975	1.35923			5975.0	6.89098e-06
0.0598	1.34393			5980.0	6.62299e-06
0.05985	1.34393			5985.0	1.53497e-06
0.0599	1.30056			5990.0	8.81452e-07
0.05995	1.37709			5995.0	4.81547e-06
0.06	1.40514			6000.0	5.21348e-06
0.06005	1.38984			6005.0	3.1448e-07
0.0601	1.37709			6010.0	2.27909e-06
0.06015	1.31076			6015.0	1.84437e-06
0.0602	1.30566			6020.0	3.1111e-07
0.06025	1.23424			6025.0	2.77533e-08
0.0603	1.31076			6030.0	7.67178e-07
0.06035	1.42555			6035.0	8.5299e-07
0.0604	1.35923			6040.0	2.75788e-06
0.06045	1.31076			6045.0	3.41826e-06
0.0605	1.34648			6050.0	2.02271e-07
0.06055	1.36688			6055.0	1.51529e-07
0.0606	1.37964			6060.0	6.93991e-07
0.06065	1.35413			6065.0	1.68479e-06
0.0607	1.33117			6070.0	4.75823e-07
0.06075	1.30311			6075.0	3.61993e-07
0.0608	1.28271			6080.0	1.07923e-06
0.06085	1.32607			6085.0	1.18748e-06
0.0609	1.48677			6090.0	6.83907e-08
0.06095	1.49952			6095.0	3.49519e-07
0.061	1.35923			6100.0	3.46122e-07
0.06105	1.36433			6105.0	8.85788e-08
0.0611	1.4128			6110.0	1.50271e-06
0.06115	1.45106			6115.0	1.85781e-06
0.0612	1.49442			6120.0	6.21959e-07
0.06125	1.47912			6125.0	2.52027e-06
0.0613	1.39494			6130.0	1.6143e-06
0.06135	1.39749			6135.0	6.27192e-07
0.0614	1.46126			6140.0	1.65968e-07
0.06145	1.43065			6145.0	6.34146e-09
0.0615	1.33882			6150.0	8.4593e-07
0.06155	1.423			6155.0	1.60511e-06
0.0616	1.51738			6160.0	6.70636e-07
0.06165	1.47657			6165.0	3.24602e-08
0.0617	1.45106			6170.0	6.19116e-07
0.06175	1.35668			6175.0	1.46752e-06
0.0618	1.21639			6180.0	6.18918e-07
0.06185	1.22404			6185.0	2.94358e-07
0.0619	1.45616			6190.0	3.65788e-07
0.06195	1.44851			6195.0	4.30886e-08
0.062	1.30311			6200.0	5.53576e-07
0.06205	1.2725			6205.0	3.26004e-07
0.0621	1.38474			6210.0	8.14284e-08
0.06215	1.43575			6215.0	6.17046e-07
0.0622	1.40004			6220.0	7.02669e-07
0.06225	1.36688			6225.0	5.80061e-07
0.0623	1.33882			6230.0	5.03626e-07
0.06235	1.23679			6235.0	2.37303e-07
0.0624	1.2572			6240.0	2.67501e-07
0.06245	1.49697			6245.0	4.19636e-07
0.0625	1.57605			6250.0	7.51623e-07
0.06255	1.40004			6255.0	7.94312e-07
0.0626	1.38219			6260.0	1.69922e-07
0.06265	1.44851			6265.0	9.30127e-08
0.0627	1.42555			6270.0	1.16781e-06
0.06275	1.47657			6275.0	2.62579e-06
0.0628	1.44851			6280.0	3.93847e-06
0.06285	1.32352			6285.0	2.13573e-06
0.0629	1.40259			6290.0	5.04234e-07
0.06295	1.46126			6295.0	7.32476e-07
0.063	1.51738			6300.0	5.23897e-07
0.06305	1.46891			6305.0	3.00366e-06
0.0631	1.39494			6310.0	4.08669e-06
0.06315	1.34903			6315.0	4.75103e-06
0.0632	1.4383			6320.0	1.90668e-06
0.06325	1.42555			6325.0	7.64648e-07
0.0633	1.4179			6330.0	2.77016e-06
0.06335	1.2725			6335.0	9.21876e-07
0.0634	1.31332			6340.0	1.30637e-06
0.06345	1.45871			6345.0	4.05271e-06
0.0635	1.4332			6350.0	3.33795e-06
0.06355	1.23934			6355.0	3.04028e-07
0.0636	1.35923			6360.0	2.9804e-07
0.06365	1.47657			6365.0	1.17312e-06
0.0637	1.44086			6370.0	1.01364e-06
0.06375	1.35413			6375.0	1.58535e-07
0.0638	1.34393			6380.0	2.80274e-10
0.06385	1.2623			6385.0	6.5366e-07
0.0639	1.30566			6390.0	2.20083e-06
0.06395	1.31332			6395.0	1.98963e-06
0.064	1.42555			6400.0	2.17995e-06
0.06405	1.47657			6405.0	2.97768e-06
0.0641	1.39494			6410.0	8.92175e-07
0.06415	1.26995			6415.0	4.2447e-07
0.0642	1.31842			6420.0	1.91767e-06
0.06425	1.40514			6425.0	2.12763e-06
0.0643	1.39494			6430.0	1.96125e-06
0.06435	1.4332			6435.0	2.89378e-07
0.0644	1.33882			6440.0	4.59235e-06
0.06445	1.32607			6445.0	3.7595e-06
0.0645	1.38984			6450.0	8.78471e-07
0.06455	1.42555			6455.0	1.65081e-06
0.0646	1.39239			6460.0	3.76973e-06
0.06465	1.34648			6465.0	2.88731e-06
0.0647	1.47402			6470.0	5.82639e-07
0.06475	1.44086			6475.0	5.96632e-07
0.0648	1.4128			6480.0	2.15149e-06
0.06485	1.34393			6485.0	5.11622e-06
0.0649	1.2776			6490.0	3.58171e-06
0.06495	1.28271			6495.0	1.11488e-06
0.065	1.41535			6500.0	4.86175e-08
0.06505	1.42555			6505.0	8.37782e-08
0.0651	1.35158			6510.0	3.18817e-08
0.06515	1.37198			6515.0	1.2811e-06
0.0652	1.4383			6520.0	2.34936e-06
0.06525	1.45106			6525.0	1.03243e-06
0.0653	1.49187			6530.0	3.41245e-07
0.06535	1.44851			6535.0	1.36914e-06
0.0654	1.44086			6540.0	4.41438e-08
0.06545	1.33882			6545.0	1.70791e-06
0.0655	1.30821			6550.0	7.4004e-07
0.06555	1.4281			6555.0	5.26734e-08
0.0656	1.48932			6560.0	8.25076e-07
0.06565	1.48167			6565.0	1.07996e-06
0.0657	1.36433			6570.0	1.04575e-06
0.06575	1.35923			6575.0	8.4395e-07
0.0658	1.423			6580.0	1.44551e-06
0.06585	1.39239			6585.0	5.21494e-07
0.0659	1.4128			6590.0	1.14835e-06
0.06595	1.33627			6595.0	2.86722e-06
0.066	1.37964			6600.0	3.92519e-07
0.06605	1.36943			6605.0	6.76048e-07
0.0661	1.32352			6610.0	3.94371e-07
0.06615	1.24444			6615.0	2.07718e-07
0.0662	1.24444			6620.0	5.08289e-07
0.06625	1.36688			6625.0	1.27458e-06
0.0663	1.45871			6630.0	6.67046e-07
0.06635	1.40004			6635.0	7.30612e-08
0.0664	1.30821			6640.0	1.04804e-08
0.06645	1.23169			6645.0	4.12118e-07
0.0665	1.12456			6650.0	1.37903e-06
0.06655	1.28016			6655.0	4.85021e-07
0.0666	1.52248			6660.0	4.45759e-07
0.06665	1.37453			6665.0	5.04377e-07
0.0667	1.21639			6670.0	7.83247e-07
0.06675	1.32352			6675.0	3.81021e-07
0.0668	1.38474			6680.0	5.47086e-07
0.06685	1.37453			6685.0	9.75791e-07
0.0669	1.43575			6690.0	2.68236e-06
0.06695	1.423			6695.0	3.52356e-06
0.067	1.33882			6700.0	1.05066e-06
0.06705	1.2572			6705.0	3.28139e-07
0.0671	1.32097			6710.0	2.5411e-07
0.06715	1.47402			6715.0	1.45538e-06
0.0672	1.48677			6720.0	3.16348e-07
0.06725	1.48422			6725.0	5.77233e-07
0.0673	1.37709			6730.0	1.52414e-06
0.06735	1.31587			6735.0	2.63643e-07
0.0674	1.44851			6740.0	7.4874e-07
0.06745	1.50718			6745.0	1.73213e-06
0.0675	1.37198			6750.0	2.1303e-06
0.06755	1.40004			6755.0	4.43353e-06
0.0676	1.4281			6760.0	1.80563e-06
0.06765	1.51993			6765.0	6.47809e-08
0.0677	1.50463			6770.0	3.06161e-07
0.06775	1.4383			6775.0	1.83351e-07
0.0678	1.40004			6780.0	3.4768e-08
0.06785	1.40004			6785.0	5.9825e-07
0.0679	1.45871			6790.0	5.53324e-07
0.06795	1.47657			6795.0	8.0597e-07
0.068	1.4179			6800.0	1.0383e-06
0.06805	1.33627			6805.0	7.79068e-07
0.0681	1.34137			6810.0	1.47267e-06
0.06815	1.37964			6815.0	1.17538e-06
0.0682	1.38984			6820.0	1.44447e-08
0.06825	1.40514			6825.0	3.12254e-07
0.0683	1.36178			6830.0	5.86148e-08
0.06835	1.30566			6835.0	5.16504e-07
0.0684	1.34393			6840.0	1.00534e-06
0.06845	1.40004			6845.0	6.99581e-07
0.0685	1.37453			6850.0	2.47418e-08
0.06855	1.39749			6855.0	1.14038e-07
0.0686	1.32862			6860.0	9.67542e-07
0.06865	1.2572			6865.0	4.72686e-07
0.0687	1.2776			6870.0	2.38473e-07
0.06875	1.39749			6875.0	5.50278e-07
0.0688	1.47912			6880.0	8.19409e-08
0.06885	1.38729			6885.0	3.85978e-07
0.0689	1.2776			6890.0	1.91618e-07
0.06895	1.30056			6895.0	2.13536e-08
0.069	1.33627			6900.0	1.06727e-07
0.06905	1.38984			6905.0	1.51675e-08
0.0691	1.38729			6910.0	8.9645e-07
0.06915	1.33372			6915.0	2.84514e-07
0.0692	1.36433			6920.0	6.79549e-07
0.06925	1.44596			6925.0	2.40122e-06
0.0693	1.4281			6930.0	1.24971e-06
0.06935	1.33117			6935.0	9.23133e-07
0.0694	1.28781			6940.0	2.11745e-06
0.06945	1.31332			6945.0	2.58268e-06
0.0695	1.37198			6950.0	1.74056e-06
0.06955	1.48677			6955.0	1.72831e-06
0.0696	1.40514			6960.0	4.88496e-07
0.06965	1.2776			6965.0	8.78387e-08
0.0697	1.15262			6970.0	6.22476e-07
0.06975	1.22149			6975.0	1.03673e-06
0.0698	1.4383			6980.0	9.76088e-07
0.06985	1.4281			6985.0	2.59096e-07
0.0699	1.40259			6990.0	5.30015e-07
0.06995	1.35413			6995.0	2.3534e-07
0.07	1.35923			7000.0	6.24778e-07
0.07005	1.423			7005.0	3.4176e-07
0.0701	1.50718			7010.0	6.55029e-08
0.07015	1.39749			7015.0	4.0484e-07
0.0702	1.19598			7020.0	7.56462e-07
0.07025	1.20873			7025.0	1.98517e-08
0.0703	1.43065			7030.0	2.9451e-07
0.07035	1.54799			7035.0	3.74028e-07
0.0704	1.57095			7040.0	8.06917e-07
0.07045	1.50973			7045.0	2.50318e-07
0.0705	1.28781			7050.0	2.10679e-07
0.07055	1.22149			7055.0	2.27633e-07
0.0706	1.36943			7060.0	4.33729e-08
0.07065	1.49952			7065.0	1.60867e-07
0.0707	1.50973			7070.0	7.23716e-09
0.07075	1.43575			7075.0	3.51132e-07
0.0708	1.42555			7080.0	4.44532e-07
0.07085	1.42555			7085.0	6.63196e-08
0.0709	1.44596			7090.0	8.38194e-08
0.07095	1.34393			7095.0	1.59157e-06
0.071	1.28781			7100.0	2.37776e-06
0.07105	1.47657			7105.0	1.10364e-06
0.0711	1.46636			7110.0	3.16227e-07
0.07115	1.50463			7115.0	3.97168e-07
0.0712	1.36178			7120.0	2.13936e-06
0.07125	1.20363			7125.0	1.21564e-06
0.0713	1.1067			7130.0	8.68512e-08
0.07135	1.31332			7135.0	5.53839e-07
0.0714	1.41025			7140.0	1.68678e-07
0.07145	1.37964			7145.0	1.74588e-08
0.0715	1.35158			7150.0	7.36701e-07
0.07155	1.40004			7155.0	1.25633e-06
0.0716	1.44086			7160.0	1.18934e-06
0.07165	1.53779			7165.0	5.22945e-07
0.0717	1.45616			7170.0	2.44391e-08
0.07175	1.21639			7175.0	6.38867e-07
0.0718	1.26485			7180.0	7.74597e-07
0.07185	1.46636			7185.0	6.35047e-07
0.0719	1.52503			7190.0	7.28534e-07
0.07195	1.54289			7195.0	3.62193e-07
0.072	1.50463			7200.0	1.03656e-06
0.07205	1.34648			7205.0	3.62271e-07
0.0721	1.30311			7210.0	7.3748e-08
0.07215	1.44086			7215.0	3.01087e-07
0.0722	1.48167			7220.0	4.79103e-07
0.07225	1.53523			7225.0	3.62222e-07
0.0723	1.51738			7230.0	3.79257e-07
0.07235	1.4281			7235.0	1.69799e-06
0.0724	1.40004			7240.0	1.21418e-06
0.07245	1.423			7245.0	3.86501e-07
0.0725	1.40259			7250.0	1.9365e-07
0.07255	1.4077			7255.0	3.18114e-07
0.0726	1.52758			7260.0	5.37594e-07
0.07265	1.52503			7265.0	1.48029e-06
0.0727	1.50973			7270.0	2.07863e-06
0.07275	1.45871			7275.0	8.87971e-07
0.0728	1.22149			7280.0	4.11146e-07
0.07285	1.0914			7285.0	1.85491e-08
0.0729	1.29291			7290.0	3.72905e-07
0.07295	1.54799			7295.0	5.54712e-07
0.073	1.49187			7300.0	9.69465e-08
0.07305	1.30311			7305.0	7.0657e-07
0.0731	1.20873			7310.0	6.27045e-07
0.07315	1.22149			7315.0	4.5426e-07
0.0732	1.38219			7320.0	6.17648e-08
0.07325	1.40514			7325.0	2.33569e-07
0.0733	1.29291			7330.0	8.81291e-08
0.07335	1.21128			7335.0	9.74348e-08
0.0734	1.24699			7340.0	2.6085e-08
0.07345	1.44086			7345.0	4.96535e-07
0.0735	1.45616			7350.0	3.81023e-07
0.07355	1.36433			7355.0	9.24171e-08
0.0736	1.2521			7360.0	1.48385e-07
0.07365	1.16027			7365.0	3.08553e-07
0.0737	1.21639			7370.0	3.37318e-07
0.07375	1.43575			7375.0	1.83827e-08
0.0738	1.48932			7380.0	8.58709e-08
0.07385	1.40004			7385.0	3.86976e-07
0.0739	1.2776			7390.0	6.77269e-07
0.07395	1.29291			7395.0	1.60462e-07
0.074	1.39239			7400.0	1.9054e-07
0.07405	1.40004			7405.0	3.90103e-07
0.0741	1.34648			7410.0	7.90026e-09
0.07415	1.37964			7415.0	6.97976e-07
0.0742	1.423			7420.0	1.3968e-06
0.07425	1.51228			7425.0	9.70901e-07
0.0743	1.48167			7430.0	9.86617e-07
0.07435	1.28526			7435.0	7.65513e-07
0.0744	1.11945			7440.0	4.28265e-07
0.07445	1.24955			7445.0	1.28768e-07
0.0745	1.52503			7450.0	1.15833e-08
0.07455	1.55564			7455.0	1.27367e-07
0.0746	1.38984			7460.0	1.1703e-07
0.07465	1.31076			7465.0	1.73832e-07
0.0747	1.34903			7470.0	6.09228e-07
0.07475	1.4281			7475.0	1.08395e-06
0.0748	1.51483			7480.0	4.25536e-07
0.07485	1.48677			7485.0	3.32755e-07
0.0749	1.40004			7490.0	4.31182e-07
0.07495	1.40514			7495.0	2.82525e-07
0.075	1.4332			7500.0	9.13176e-08
0.07505	1.48167			7505.0	7.77904e-08
0.0751	1.52503			7510.0	1.87147e-08
0.07515	1.47657			7515.0	2.56727e-07
0.0752	1.38984			7520.0	7.09239e-07
0.07525	1.48422			7525.0	5.62827e-07
0.0753	1.51738			7530.0	1.34565e-06
0.07535	1.51483			7535.0	4.32302e-07
0.0754	1.45361			7540.0	1.27124e-07
0.07545	1.30056			7545.0	8.65919e-07
0.0755	1.28781			7550.0	5.16093e-07
0.07555	1.48677			7555.0	9.67907e-08
0.0756	1.5837			7560.0	3.31946e-07
0.07565	1.46126			7565.0	5.08549e-07
0.0757	1.34648			7570.0	4.28389e-07
0.07575	1.43575			7575.0	3.49249e-07
0.0758	1.44851			7580.0	2.59533e-07
0.07585	1.44596			7585.0	4.12562e-07
0.0759	1.33117			7590.0	1.18875e-07
0.07595	1.24444			7595.0	3.59476e-07
0.076	1.29801			7600.0	3.1206e-07
0.07605	1.39494			7605.0	3.4576e-07
0.0761	1.47146			7610.0	2.33247e-07
0.07615	1.31076			7615.0	2.3473e-08
0.0762	1.17812			7620.0	2.5129e-08
0.07625	1.20363			7625.0	3.88101e-07
0.0763	1.40259			7630.0	1.19734e-06
0.07635	1.59135			7635.0	7.14987e-07
0.0764	1.52758			7640.0	7.49354e-07
0.07645	1.34648			7645.0	1.31304e-07
0.0765	1.19853			7650.0	5.16156e-08
0.07655	1.17557			7655.0	1.34161e-07
0.0766	1.37453			7660.0	6.59813e-07
0.07665	1.48422			7665.0	5.88359e-07
0.0767	1.36943			7670.0	7.37935e-07
0.07675	1.32352			7675.0	4.5025e-07
0.0768	1.34648			7680.0	1.90006e-07
0.07685	1.42045			7685.0	9.90712e-08
0.0769	1.34903			7690.0	1.89607e-07
0.07695	1.30311			7695.0	4.03422e-07
0.077	1.30056			7700.0	1.29766e-07
0.07705	1.31842			7705.0	2.45136e-07
0.0771	1.45106			7710.0	3.56283e-07
0.07715	1.55054			7715.0	1.85521e-07
0.0772	1.4383			7720.0	7.68665e-08
0.07725	1.31587			7725.0	8.58742e-08
0.0773	1.24955			7730.0	2.69587e-07
0.07735	1.423			7735.0	4.1696e-07
0.0774	1.50718			7740.0	6.67878e-07
0.07745	1.48677			7745.0	1.40538e-06
0.0775	1.43575			7750.0	3.13313e-06
0.07755	1.2776			7755.0	1.55092e-06
0.0776	1.23934			7760.0	2.74921e-07
0.07765	1.33882			7765.0	1.08979e-06
0.0777	1.36433			7770.0	6.35407e-07
0.07775	1.28271			7775.0	6.87998e-07
0.0778	1.2725			7780.0	9.94912e-07
0.07785	1.4179			7785.0	6.42686e-07
0.0779	1.59645			7790.0	5.08174e-08
0.07795	1.49697			7795.0	5.5377e-07
0.078	1.32607			7800.0	8.17413e-07
0.07805	1.21894			7805.0	4.49181e-07
0.0781	1.16792			7810.0	1.92724e-06
0.07815	1.29036			7815.0	4.59123e-07
0.0782	1.53523			7820.0	1.44195e-07
0.07825	1.65767			7825.0	2.36556e-07
0.0783	1.54799			7830.0	5.63508e-07
0.07835	1.36433			7835.0	4.04441e-06
0.0784	1.33627			7840.0	1.74531e-06
0.07845	1.36433			7845.0	2.3253e-07
0.0785	1.36433			7850.0	6.85081e-07
0.07855	1.41535			7855.0	7.75437e-07
0.0786	1.45106			7860.0	2.60908e-07
0.07865	1.60666			7865.0	1.52502e-07
0.0787	1.67298			7870.0	1.50974e-07
0.07875	1.55819			7875.0	3.08306e-07
0.0788	1.41535			7880.0	8.80331e-07
0.07885	1.24699			7885.0	1.88013e-07
0.0789	1.30311			7890.0	2.00789e-06
0.07895	1.57095			7895.0	2.21936e-06
0.079	1.599			7900.0	2.20096e-06
0.07905	1.47146			7905.0	3.00526e-06
0.0791	1.33117			7910.0	7.50867e-07
0.07915	1.23934			7915.0	4.35477e-06
0.0792	1.11435			7920.0	7.76348e-06
0.07925	1.15772			7925.0	1.22459e-06
0.0793	1.36433			7930.0	4.81907e-07
0.07935	1.2776			7935.0	4.26963e-07
0.0794	1.23934			7940.0	4.56695e-07
0.07945	1.32862			7945.0	7.12456e-07
0.0795	1.30056			7950.0	1.7726e-07
0.07955	1.28271			7955.0	4.03313e-07
0.0796	1.20873			7960.0	4.1005e-07
0.07965	1.19598			7965.0	6.43636e-08
0.0797	1.28271			7970.0	8.92403e-07
0.07975	1.36433			7975.0	1.83012e-06
0.0798	1.50973			7980.0	1.79825e-07
0.07985	1.56329			7985.0	6.34451e-07
0.0799	1.48932			7990.0	9.48888e-07
0.07995	1.30311			7995.0	6.06854e-07
0.08	1.30056			8000.0	1.60873e-06
0.08005	1.45106			8005.0	1.29145e-06
0.0801	1.46636			8010.0	1.8549e-07
0.08015	1.52758			8015.0	1.88594e-07
0.0802	1.54799			8020.0	4.43438e-07
0.08025	1.45616			8025.0	1.46514e-07
0.0803	1.4179			8030.0	1.13247e-07
0.08035	1.53268			8035.0	2.71164e-07
0.0804	1.46636			8040.0	5.27733e-07
0.08045	1.44851			8045.0	4.21295e-07
0.0805	1.47657			8050.0	2.2419e-07
0.08055	1.57095			8055.0	7.1995e-07
0.0806	1.51483			8060.0	1.61803e-06
0.08065	1.44596			8065.0	9.13396e-07
0.0807	1.32607			8070.0	3.88072e-08
0.08075	1.18578			8075.0	7.85069e-07
0.0808	1.22914			8080.0	3.00964e-07
0.08085	1.4332			8085.0	1.44536e-07
0.0809	1.51738			8090.0	1.06848e-07
0.08095	1.51738			8095.0	4.26851e-08
0.081	1.30311			8100.0	2.09061e-07
0.08105	1.32352			8105.0	7.49819e-07
0.0811	1.46126			8110.0	1.21908e-06
0.08115	1.40004			8115.0	1.37739e-07
0.0812	1.36943			8120.0	2.57529e-07
0.08125	1.32097			8125.0	1.55388e-08
0.0813	1.34137			8130.0	1.56599e-07
0.08135	1.42555			8135.0	2.88778e-07
0.0814	1.57605			8140.0	1.58304e-07
0.08145	1.52758			8145.0	3.67021e-07
0.0815	1.33117			8150.0	2.28736e-07
0.08155	1.30821			8155.0	1.46322e-07
0.0816	1.30821			8160.0	4.3172e-07
0.08165	1.38474			8165.0	1.62305e-07
0.0817	1.38984			8170.0	1.83343e-07
0.08175	1.38984			8175.0	2.29076e-07
0.0818	1.25465			8180.0	5.2741e-08
0.08185	1.2572			8185.0	2.38185e-07
0.0819	1.34393			8190.0	3.37564e-07
0.08195	1.40514			8195.0	1.77139e-08
0.082	1.31842			8200.0	1.35178e-07
0.08205	1.18578			8205.0	1.60183e-08
0.0821	1.23424			8210.0	2.26549e-08
0.08215	1.33117			8215.0	1.01777e-07
0.0822	1.35413			8220.0	2.67094e-07
0.08225	1.31076			8225.0	2.5467e-07
0.0823	1.20108			8230.0	2.23003e-07
0.08235	1.17047			8235.0	1.55998e-07
0.0824	1.24189			8240.0	1.18972e-07
0.08245	1.39239			8245.0	5.99356e-07
0.0825	1.42045			8250.0	3.02885e-07
0.08255	1.33372			8255.0	2.15574e-08
0.0826	1.36943			8260.0	1.41001e-07
0.08265	1.46381			8265.0	9.63828e-08
0.0827	1.54799			8270.0	7.2483e-08
0.08275	1.49952			8275.0	2.18997e-07
0.0828	1.43575			8280.0	2.35484e-07
0.08285	1.44086			8285.0	7.75323e-08
0.0829	1.47402			8290.0	1.95909e-07
0.08295	1.49187			8295.0	3.81142e-07
0.083	1.5786			8300.0	4.38949e-08
0.08305	1.62451			8305.0	4.577e-08
0.0831	1.49697			8310.0	1.06432e-07
0.08315	1.42555			8315.0	1.10003e-07
0.0832	1.46126			8320.0	2.17667e-08
0.08325	1.42555			8325.0	6.53311e-07
0.0833	1.37453			8330.0	6.45986e-07
0.08335	1.41535			8335.0	6.15904e-08
0.0834	1.38729			8340.0	7.61151e-08
0.08345	1.50973			8345.0	3.5277e-07
0.0835	1.53268			8350.0	7.95449e-07
0.08355	1.35668			8355.0	1.79177e-06
0.0836	1.13986			8360.0	1.0458e-06
0.08365	1.14496			8365.0	3.67982e-08
0.0837	1.37453			8370.0	3.17014e-08
0.08375	1.49442			8375.0	7.56967e-09
0.0838	1.47402			8380.0	3.27661e-07
0.08385	1.29291			8385.0	5.75031e-07
0.0839	1.16027			8390.0	3.03607e-07
0.08395	1.05313			8395.0	3.02675e-07
0.084	1.20873			8400.0	1.76996e-07
0.08405	1.4179			8405.0	4.71979e-07
0.0841	1.37964			8410.0	2.22598e-07
0.08415	1.21383			8415.0	1.9433e-07
0.0842	1.23169			8420.0	3.94396e-07
0.08425	1.34137			8425.0	6.88903e-08
0.0843	1.36433			8430.0	1.84176e-07
0.08435	1.33372			8435.0	5.59494e-07
0.0844	1.29036			8440.0	3.92786e-07
0.08445	1.25975			8445.0	4.72004e-08
0.0845	1.2623			8450.0	5.33514e-07
0.08455	1.36433			8455.0	7.34948e-07
0.0846	1.52758			8460.0	1.72822e-07
0.08465	1.4281			8465.0	4.42246e-08
0.0847	1.34903			8470.0	1.37289e-08
0.08475	1.29291			8475.0	1.08507e-07
0.0848	1.36433			8480.0	7.04108e-07
0.08485	1.4179			8485.0	1.7942e-06
0.0849	1.44851			8490.0	1.0668e-06
0.08495	1.43575			8495.0	2.36326e-07
0.085	1.44086			8500.0	2.71568e-08
0.08505	1.48932			8505.0	1.38284e-07
0.0851	1.54034			8510.0	3.06738e-07
0.08515	1.45361			8515.0	4.92775e-08
0.0852	1.42045			8520.0	5.89891e-08
0.08525	1.45361			8525.0	9.16051e-08
0.0853	1.56329			8530.0	1.58737e-07
0.08535	1.63982			8535.0	2.8036e-09
0.0854	1.54034			8540.0	3.11157e-07
0.08545	1.48167			8545.0	1.52639e-07
0.0855	1.35923			8550.0	2.04814e-07
0.08555	1.2776			8555.0	3.11587e-07
0.0856	1.41535			8560.0	7.53629e-08
0.08565	1.51483			8565.0	4.57158e-07
0.0857	1.48422			8570.0	2.36482e-07
0.08575	1.39749			8575.0	4.01821e-09
0.0858	1.25975			8580.0	1.4504e-07
0.08585	1.35668			8585.0	2.54412e-07
0.0859	1.42555			8590.0	2.84579e-07
0.08595	1.4332			8595.0	2.01204e-07
0.086	1.32352			8600.0	3.78477e-07
0.08605	1.22404			8605.0	3.22528e-07
0.0861	1.28271			8610.0	3.44452e-08
0.08615	1.34393			8615.0	4.38503e-07
0.0862	1.36688			8620.0	5.52298e-07
0.08625	1.40514			8625.0	3.19512e-07
0.0863	1.24189			8630.0	2.14655e-07
0.08635	1.21128			8635.0	2.92531e-08
0.0864	1.24189			8640.0	1.62752e-07
0.08645	1.31332			8645.0	4.60346e-07
0.0865	1.33117			8650.0	3.29869e-07
0.08655	1.35413			8655.0	1.45282e-07
0.0866	1.33372			8660.0	5.12761e-07
0.08665	1.41025			8665.0	9.20788e-08
0.0867	1.44341			8670.0	3.59394e-07
0.08675	1.39749			8675.0	9.42464e-08
0.0868	1.30311			8680.0	2.84247e-07
0.08685	1.36943			8685.0	5.2747e-07
0.0869	1.48167			8690.0	7.67634e-07
0.08695	1.48422			8695.0	1.36716e-06
0.087	1.47402			8700.0	1.25922e-06
0.08705	1.4128			8705.0	2.16201e-07
0.0871	1.33372			8710.0	5.59304e-08
0.08715	1.25975			8715.0	1.17091e-07
0.0872	1.35413			8720.0	1.07805e-07
0.08725	1.52503			8725.0	6.05518e-08
0.0873	1.50718			8730.0	2.49482e-08
0.08735	1.29801			8735.0	1.90572e-07
0.0874	1.28781			8740.0	8.13946e-07
0.08745	1.35923			8745.0	4.15245e-07
0.0875	1.48932			8750.0	4.75158e-09
0.08755	1.48677			8755.0	2.93418e-08
0.0876	1.48422			8760.0	4.87037e-07
0.08765	1.4383			8765.0	1.1559e-06
0.0877	1.31332			8770.0	1.4833e-06
0.08775	1.37709			8775.0	4.29503e-07
0.0878	1.51228			8780.0	7.55933e-08
0.08785	1.48677			8785.0	7.22804e-08
0.0879	1.43065			8790.0	1.62848e-08
0.08795	1.4077			8795.0	1.70724e-07
0.088	1.44341			8800.0	2.37186e-07
0.08805	1.4332			8805.0	1.8862e-07
0.0881	1.40004			8810.0	4.82857e-07
0.08815	1.48932			8815.0	9.07691e-08
0.0882	1.4281			8820.0	2.07593e-07
0.08825	1.43575			8825.0	5.30674e-07
0.0883	1.47657			8830.0	2.10265e-07
0.08835	1.42555			8835.0	1.36488e-07
0.0884	1.35923			8840.0	5.65863e-07
0.08845	1.34648			8845.0	4.88054e-07
0.0885	1.35668			8850.0	3.82371e-07
0.08855	1.30311			8855.0	2.15159e-07
0.0886	1.34137			8860.0	2.66675e-07
0.08865	1.37453			8865.0	7.81208e-07
0.0887	1.21894			8870.0	7.01567e-07
0.08875	1.18067			8875.0	6.4335e-08
0.0888	1.28526			8880.0	1.4979e-07
0.08885	1.423			8885.0	4.88725e-08
0.0889	1.35413			8890.0	4.51273e-07
0.08895	1.23679			8895.0	9.1049e-07
0.089	1.2572			8900.0	5.91954e-07
0.08905	1.37453			8905.0	1.24675e-06
0.0891	1.47912			8910.0	1.32325e-06
0.08915	1.35668			8915.0	3.95417e-07
0.0892	1.28271			8920.0	3.38801e-08
0.08925	1.30311			8925.0	1.7031e-07
0.0893	1.4128			8930.0	1.40209e-07
0.08935	1.51738			8935.0	2.25714e-08
0.0894	1.49187			8940.0	1.457e-07
0.08945	1.42045			8945.0	2.39553e-07
0.0895	1.32352			8950.0	1.39988e-08
0.08955	1.34648			8955.0	6.64787e-07
0.0896	1.36433			8960.0	4.02915e-07
0.08965	1.50463			8965.0	1.764e-08
0.0897	1.54799			8970.0	1.08237e-07
0.08975	1.50207			8975.0	2.27694e-07
0.0898	1.44596			8980.0	4.40589e-08
0.08985	1.38219			8985.0	2.12392e-08
0.0899	1.51228			8990.0	4.54826e-08
0.08995	1.45616			8995.0	6.67375e-07
0.09	1.39494			9000.0	1.08558e-06
0.09005	1.34903			9005.0	1.16206e-07
0.0901	1.4128			9010.0	9.37525e-08
0.09015	1.44596			9015.0	1.52339e-07
0.0902	1.48422			9020.0	9.00221e-07
0.09025	1.36433			9025.0	1.02598e-06
0.0903	1.17812			9030.0	6.14254e-07
0.09035	1.16027			9035.0	9.27028e-08
0.0904	1.36433			9040.0	3.33656e-08
0.09045	1.42555			9045.0	7.65789e-08
0.0905	1.4128			9050.0	2.88422e-07
0.09055	1.32607			9055.0	1.01601e-06
0.0906	1.20618			9060.0	5.9333e-07
0.09065	1.35923			9065.0	4.72598e-07
0.0907	1.46381			9070.0	7.05043e-08
0.09075	1.37453			9075.0	1.81314e-08
0.0908	1.25975			9080.0	2.59567e-07
0.09085	1.28271			9085.0	2.18092e-07
0.0909	1.2725			9090.0	8.48248e-08
0.09095	1.37709			9095.0	1.72478e-07
0.091	1.40514			9100.0	3.64432e-08
0.09105	1.36943			9105.0	1.33313e-07
0.0911	1.34137			9110.0	2.77845e-08
0.09115	1.29801			9115.0	2.17421e-08
0.0912	1.29291			9120.0	5.59502e-09
0.09125	1.31842			9125.0	4.39297e-08
0.0913	1.38219			9130.0	1.58456e-07
0.09135	1.423			9135.0	1.69937e-07
0.0914	1.40514			9140.0	2.5844e-07
0.09145	1.44086			9145.0	7.76382e-07
0.0915	1.48422			9150.0	8.02114e-07
0.09155	1.50207			9155.0	1.65434e-07
0.0916	1.38219			9160.0	2.78971e-07
0.09165	1.30311			9165.0	8.38559e-07
0.0917	1.38219			9170.0	9.02128e-07
0.09175	1.53268			9175.0	1.65734e-06
0.0918	1.52758			9180.0	2.18029e-06
0.09185	1.45106			9185.0	8.63659e-07
0.0919	1.29801			9190.0	3.13175e-07
0.09195	1.24955			9195.0	8.57091e-08
0.092	1.38474			9200.0	1.17661e-07
0.09205	1.51738			9205.0	5.50046e-08
0.0921	1.4077			9210.0	5.52798e-08
0.09215	1.29291			9215.0	3.27445e-07
0.0922	1.31332			9220.0	7.04484e-07
0.09225	1.46891			9225.0	2.97435e-08
0.0923	1.46636			9230.0	5.84274e-07
0.09235	1.34648			9235.0	6.7094e-07
0.0924	1.36433			9240.0	6.5478e-07
0.09245	1.38984			9245.0	2.0469e-07
0.0925	1.35158			9250.0	1.06947e-07
0.09255	1.39749			9255.0	2.43814e-08
0.0926	1.423			9260.0	1.41148e-07
0.09265	1.41025			9265.0	1.05314e-07
0.0927	1.40004			9270.0	3.30414e-08
0.09275	1.35413			9275.0	1.24023e-07
0.0928	1.32862			9280.0	1.18564e-06
0.09285	1.41025			9285.0	1.35787e-06
0.0929	1.39749			9290.0	9.77531e-08
0.09295	1.36688			9295.0	1.85546e-07
0.093	1.33627			9300.0	6.34994e-07
0.09305	1.40004			9305.0	4.08996e-07
0.0931	1.40514			9310.0	4.95144e-09
0.09315	1.41535			9315.0	1.20107e-07
0.0932	1.31842			9320.0	2.40913e-07
0.09325	1.27505			9325.0	2.22913e-07
0.0933	1.2776			9330.0	1.67739e-08
0.09335	1.34137			9335.0	1.12303e-07
0.0934	1.28526			9340.0	1.69048e-07
0.09345	1.25465			9345.0	3.61201e-07
0.0935	1.2623			9350.0	1.06645e-06
0.09355	1.20108			9355.0	9.84441e-07
0.0936	1.20108			9360.0	7.32042e-07
0.09365	1.23934			9365.0	1.264e-07
0.0937	1.29801			9370.0	2.06071e-08
0.09375	1.20363			9375.0	1.65754e-07
0.0938	1.21383			9380.0	4.23956e-07
0.09385	1.35668			9385.0	2.30942e-07
0.0939	1.43065			9390.0	5.92551e-08
0.09395	1.44086			9395.0	1.47393e-08
0.094	1.44851			9400.0	2.31057e-07
0.09405	1.423			9405.0	4.79683e-07
0.0941	1.4332			9410.0	1.86682e-07
0.09415	1.49187			9415.0	1.12639e-07
0.0942	1.52758			9420.0	8.58672e-08
0.09425	1.62451			9425.0	6.03865e-08
0.0943	1.45361			9430.0	5.46723e-08
0.09435	1.46126			9435.0	2.36701e-07
0.0944	1.59135			9440.0	3.12504e-07
0.09445	1.55819			9445.0	3.33227e-07
0.0945	1.50973			9450.0	1.47187e-07
0.09455	1.51483			9455.0	3.30112e-07
0.0946	1.52503			9460.0	6.87442e-08
0.09465	1.52248			9465.0	5.57509e-08
0.0947	1.47402			9470.0	1.74787e-07
0.09475	1.52758			9475.0	6.18149e-08
0.0948	1.49697			9480.0	7.06545e-08
0.09485	1.38984			9485.0	6.32176e-07
0.0949	1.4281			9490.0	7.03984e-07
0.09495	1.48932			9495.0	7.76129e-08
0.095	1.46126			9500.0	7.90997e-08
0.09505	1.41535			9505.0	1.0045e-08
0.0951	1.34137			9510.0	4.33372e-07
0.09515	1.21128			9515.0	2.56845e-07
0.0952	1.19343			9520.0	2.00024e-08
0.09525	1.33882			9525.0	5.41348e-08
0.0953	1.46381			9530.0	8.71455e-08
0.09535	1.28781			9535.0	6.47094e-08
0.0954	1.23424			9540.0	3.13371e-07
0.09545	1.26485			9545.0	3.41658e-07
0.0955	1.39749			9550.0	9.56571e-08
0.09555	1.46126			9555.0	4.99273e-07
0.0956	1.34393			9560.0	3.74214e-07
0.09565	1.28271			9565.0	2.72307e-08
0.0957	1.28526			9570.0	1.12215e-07
0.09575	1.38474			9575.0	8.037e-07
0.0958	1.38219			9580.0	7.81403e-07
0.09585	1.38219			9585.0	1.89269e-07
0.0959	1.36433			9590.0	3.90027e-08
0.09595	1.28271			9595.0	4.06025e-07
0.096	1.22659			9600.0	1.07004e-06
0.09605	1.30056			9605.0	1.31387e-06
0.0961	1.31332			9610.0	3.99828e-07
0.09615	1.36433			9615.0	7.67372e-08
0.0962	1.39494			9620.0	5.70376e-08
0.09625	1.32607			9625.0	2.68458e-07
0.0963	1.38474			9630.0	3.77401e-07
0.09635	1.38984			9635.0	2.97098e-07
0.0964	1.31332			9640.0	2.36769e-07
0.09645	1.20108			9645.0	1.70922e-07
0.0965	1.26485			9650.0	1.07287e-07
0.09655	1.50463			9655.0	9.45061e-07
0.0966	1.53779			9660.0	1.49519e-06
0.09665	1.44086			9665.0	3.23668e-07
0.0967	1.39239			9670.0	7.61515e-08
0.09675	1.27505			9675.0	2.10051e-07
0.0968	1.25975			9680.0	2.3361e-07
0.09685	1.45616			9685.0	3.68795e-07
0.0969	1.52503			9690.0	5.91314e-09
0.09695	1.45106			9695.0	4.17113e-08
0.097	1.43575			9700.0	1.86009e-07
0.09705	1.44596			9705.0	6.98528e-08
0.0971	1.48932			9710.0	6.58961e-08
0.09715	1.47402			9715.0	2.62398e-07
0.0972	1.39494			9720.0	8.15289e-08
0.09725	1.38984			9725.0	2.99032e-08
0.0973	1.42045			9730.0	1.71573e-07
0.09735	1.40514			9735.0	2.28935e-07
0.0974	1.46891			9740.0	1.07328e-06
0.09745	1.48932			9745.0	2.5578e-07
0.0975	1.38729			9750.0	1.70173e-07
0.09755	1.34648			9755.0	9.66733e-08
0.0976	1.28781			9760.0	2.22918e-07
0.09765	1.22404			9765.0	8.3477e-08
0.0977	1.39749			9770.0	2.2523e-07
0.09775	1.37198			9775.0	1.12527e-07
0.0978	1.29291			9780.0	1.87166e-08
0.09785	1.35413			9785.0	4.13391e-07
0.0979	1.38474			9790.0	5.13077e-07
0.09795	1.45106			9795.0	1.27709e-07
0.098	1.37198			9800.0	4.81751e-08
0.09805	1.31332			9805.0	2.76658e-08
0.0981	1.29801			9810.0	1.98026e-07
0.09815	1.4179			9815.0	2.08197e-07
0.0982	1.45106			9820.0	1.03554e-06
0.09825	1.37964			9825.0	1.14033e-06
0.0983	1.23679			9830.0	7.08378e-07
0.09835	1.18322			9835.0	3.8211e-07
0.0984	1.34648			9840.0	3.31063e-07
0.09845	1.41025			9845.0	6.40007e-08
0.0985	1.36943			9850.0	4.07427e-07
0.09855	1.30056			9855.0	1.99959e-07
0.0986	1.29546			9860.0	1.42971e-09
0.09865	1.35158			9865.0	3.90413e-09
0.0987	1.37198			9870.0	1.4028e-07
0.09875	1.43575			9875.0	1.34506e-07
0.0988	1.38474			9880.0	2.95984e-07
0.09885	1.37964			9885.0	2.24853e-07
0.0989	1.37964			9890.0	3.97832e-08
0.09895	1.44341			9895.0	5.51736e-07
0.099	1.46381			9900.0	4.65623e-08
0.09905	1.45361			9905.0	2.75897e-07
0.0991	1.37964			9910.0	1.17964e-07
0.09915	1.34903			9915.0	1.19839e-07
0.0992	1.39749			9920.0	4.02576e-07
0.09925	1.51228			9925.0	7.45121e-10
0.0993	1.55819			9930.0	1.38458e-07
0.09935	1.49442			9935.0	9.8503e-08
0.0994	1.4281			9940.0	3.92514e-08
0.09945	1.40004			9945.0	3.92516e-07
0.0995	1.47657			9950.0	1.81781e-06
0.09955	1.49442			9955.0	8.14719e-07
0.0996	1.44851			9960.0	3.60922e-08
0.09965	1.35413			9965.0	4.42566e-08
0.0997	1.42045			9970.0	3.83499e-07
0.09975	1.48167			9975.0	7.97e-07
0.0998	1.41535			9980.0	2.71391e-07
0.09985	1.29801			9985.0	7.05711e-08
0.0999	1.31587			9990.0	3.17366e-07
0.09995	1.24189			9995.0	5.69219e-07
0.1	1.28526				
0.10005	1.30056				
0.1001	1.23679				
0.10015	1.29546				
0.1002	1.33882				
0.10025	1.32097				
0.1003	1.23679				
0.10035	1.29546				
0.1004	1.30821				
0.10045	1.4332				
0.1005	1.48167				
0.10055	1.36943				
0.1006	1.28271				
0.10065	1.30311				
0.1007	1.40004				
0.10075	1.37964				
0.1008	1.36943				
0.10085	1.36178				
0.1009	1.40514				
0.10095	1.40514				
0.101	1.48677				
0.10105	1.43065				
0.1011	1.4281				
0.10115	1.43065				
0.1012	1.35923				
0.10125	1.44086				
0.1013	1.46381				
0.10135	1.45106				
0.1014	1.44086				
0.10145	1.44596				
0.1015	1.40514				
0.10155	1.33627				
0.1016	1.4179				
0.10165	1.49442				
0.1017	1.34393				
0.10175	1.31332				
0.1018	1.36433				
0.10185	1.35923				
0.1019	1.49442				
0.10195	1.49442				
0.102	1.4077				
0.10205	1.36688				
0.1021	1.4128				
0.10215	1.43575				
0.1022	1.40004				
0.10225	1.42045				
0.1023	1.41535				
0.10235	1.40514				
0.1024	1.34648				
0.10245	1.35668				
0.1025	1.41535				
0.10255	1.39494				
0.1026	1.40004				
0.10265	1.46126				
0.1027	1.43065				
0.10275	1.4128				
0.1028	1.33882				
0.10285	1.38984				
0.1029	1.44596				
0.10295	1.39749				
0.103	1.4281				
0.10305	1.31332				
0.1031	1.24189				
0.10315	1.28781				
0.1032	1.44596				
0.10325	1.48932				
0.1033	1.28781				
0.10335	1.15006				
0.1034	1.30821				
0.10345	1.55054				
0.1035	1.5684				
0.10355	1.31076				
0.1036	1.25465				
0.10365	1.33882				
0.1037	1.39749				
0.10375	1.46381				
0.1038	1.47657				
0.10385	1.37198				
0.1039	1.31587				
0.10395	1.28781				
0.104	1.26995				
0.10405	1.36433				
0.1041	1.35923				
0.10415	1.35158				
0.1042	1.44596				
0.10425	1.46891				
0.1043	1.36178				
0.10435	1.2674				
0.1044	1.2521				
0.10445	1.39239				
0.1045	1.53779				
0.10455	1.47146				
0.1046	1.35668				
0.10465	1.21128				
0.1047	1.25465				
0.10475	1.45616				
0.1048	1.48167				
0.10485	1.32862				
0.1049	1.26995				
0.10495	1.30056				
0.105	1.49187				
0.10505	1.47657				
0.1051	1.40004				
0.10515	1.40514				
0.1052	1.34648				
0.10525	1.42555				
0.1053	1.51738				
0.10535	1.54289				
0.1054	1.47402				
0.10545	1.35923				
0.1055	1.33372				
0.10555	1.37453				
0.1056	1.48932				
0.10565	1.4383				
0.1057	1.31332				
0.10575	1.41025				
0.1058	1.51483				
0.10585	1.38474				
0.1059	1.30821				
0.10595	1.23934				
0.106	1.34393				
0.10605	1.51738				
0.1061	1.47657				
0.10615	1.34393				
0.1062	1.19598				
0.10625	1.2725				
0.1063	1.38729				
0.10635	1.44596				
0.1064	1.33372				
0.10645	1.23424				
0.1065	1.24444				
0.10655	1.2776				
0.1066	1.32097				
0.10665	1.30056				
0.1067	1.28016				
0.10675	1.29036				
0.1068	1.37964				
0.10685	1.35923				
0.1069	1.36943				
0.10695	1.33117				
0.107	1.26995				
0.10705	1.28271				
0.1071	1.44596				
0.10715	1.51738				
0.1072	1.37964				
0.10725	1.32862				
0.1073	1.36943				
0.10735	1.37964				
0.1074	1.47912				
0.10745	1.41535				
0.1075	1.39239				
0.10755	1.54289				
0.1076	1.5786				
0.10765	1.49442				
0.1077	1.36433				
0.10775	1.40004				
0.1078	1.4383				
0.10785	1.42045				
0.1079	1.44341				
0.10795	1.43065				
0.108	1.44596				
0.10805	1.32607				
0.1081	1.29036				
0.10815	1.34137				
0.1082	1.44596				
0.10825	1.48167				
0.1083	1.53779				
0.10835	1.48677				
0.1084	1.4179				
0.10845	1.29801				
0.1085	1.32352				
0.10855	1.41025				
0.1086	1.4077				
0.10865	1.50718				
0.1087	1.39494				
0.10875	1.29546				
0.1088	1.30821				
0.10885	1.32607				
0.1089	1.28271				
0.10895	1.2674				
0.109	1.39239				
0.10905	1.49697				
0.1091	1.40259				
0.10915	1.21383				
0.1092	1.26485				
0.10925	1.37453				
0.1093	1.39494				
0.10935	1.41025				
0.1094	1.34393				
0.10945	1.32352				
0.1095	1.32607				
0.10955	1.37964				
0.1096	1.33372				
0.10965	1.34648				
0.1097	1.31587				
0.10975	1.45106				
0.1098	1.46636				
0.10985	1.4332				
0.1099	1.40514				
0.10995	1.423				
0.11	1.33882				
0.11005	1.49697				
0.1101	1.61176				
0.11015	1.53523				
0.1102	1.38474				
0.11025	1.4281				
0.1103	1.42555				
0.11035	1.40514				
0.1104	1.38729				
0.11045	1.36178				
0.1105	1.44086				
0.11055	1.53013				
0.1106	1.45106				
0.11065	1.33627				
0.1107	1.28271				
0.11075	1.2674				
0.1108	1.34137				
0.11085	1.40004				
0.1109	1.4281				
0.11095	1.4179				
0.111	1.39239				
0.11105	1.35413				
0.1111	1.2674				
0.11115	1.20108				
0.1112	1.21894				
0.11125	1.38474				
0.1113	1.40259				
0.11135	1.35158				
0.1114	1.33372				
0.11145	1.39494				
0.1115	1.29036				
0.11155	1.31332				
0.1116	1.45361				
0.11165	1.47402				
0.1117	1.46126				
0.11175	1.39239				
0.1118	1.43575				
0.11185	1.44596				
0.1119	1.40514				
0.11195	1.42555				
0.112	1.47912				
0.11205	1.47402				
0.1121	1.55054				
0.11215	1.46381				
0.1122	1.38219				
0.11225	1.40004				
0.1123	1.48167				
0.11235	1.54799				
0.1124	1.44086				
0.11245	1.44341				
0.1125	1.42045				
0.11255	1.4332				
0.1126	1.47912				
0.11265	1.37453				
0.1127	1.33372				
0.11275	1.40004				
0.1128	1.36688				
0.11285	1.33882				
0.1129	1.36433				
0.11295	1.35158				
0.113	1.38474				
0.11305	1.32097				
0.1131	1.37453				
0.11315	1.38474				
0.1132	1.34137				
0.11325	1.32352				
0.1133	1.26995				
0.11335	1.32352				
0.1134	1.39749				
0.11345	1.40004				
0.1135	1.37198				
0.11355	1.30056				
0.1136	1.36433				
0.11365	1.36688				
0.1137	1.32607				
0.11375	1.35923				
0.1138	1.31332				
0.11385	1.31076				
0.1139	1.4128				
0.11395	1.4128				
0.114	1.32352				
0.11405	1.31842				
0.1141	1.36943				
0.11415	1.48677				
0.1142	1.39239				
0.11425	1.40259				
0.1143	1.31076				
0.11435	1.34393				
0.1144	1.32607				
0.11445	1.43575				
0.1145	1.44596				
0.11455	1.44086				
0.1146	1.4332				
0.11465	1.45361				
0.1147	1.48167				
0.11475	1.39239				
0.1148	1.31076				
0.11485	1.30821				
0.1149	1.4332				
0.11495	1.48677				
0.115	1.41025				
0.11505	1.36943				
0.1151	1.30056				
0.11515	1.34393				
0.1152	1.4332				
0.11525	1.44851				
0.1153	1.45361				
0.11535	1.37453				
0.1154	1.32352				
0.11545	1.38474				
0.1155	1.4179				
0.11555	1.4281				
0.1156	1.36433				
0.11565	1.46891				
0.1157	1.47402				
0.11575	1.44851				
0.1158	1.33882				
0.11585	1.31332				
0.1159	1.34903				
0.11595	1.40514				
0.116	1.37709				
0.11605	1.36943				
0.1161	1.37198				
0.11615	1.47657				
0.1162	1.40259				
0.11625	1.35413				
0.1163	1.33372				
0.11635	1.28016				
0.1164	1.28016				
0.11645	1.4179				
0.1165	1.45616				
0.11655	1.37964				
0.1166	1.28271				
0.11665	1.32097				
0.1167	1.42555				
0.11675	1.43575				
0.1168	1.39494				
0.11685	1.37964				
0.1169	1.40004				
0.11695	1.38219				
0.117	1.41535				
0.11705	1.39494				
0.1171	1.31842				
0.11715	1.44596				
0.1172	1.4332				
0.11725	1.39494				
0.1173	1.33627				
0.11735	1.33882				
0.1174	1.41025				
0.11745	1.44596				
0.1175	1.39749				
0.11755	1.37453				
0.1176	1.36943				
0.11765	1.33882				
0.1177	1.39749				
0.11775	1.45616				
0.1178	1.49697				
0.11785	1.2776				
0.1179	1.22914				
0.11795	1.39494				
0.118	1.44086				
0.11805	1.4332				
0.1181	1.35413				
0.11815	1.37453				
0.1182	1.35158				
0.11825	1.39494				
0.1183	1.36688				
0.11835	1.27505				
0.1184	1.33627				
0.11845	1.46381				
0.1185	1.46891				
0.11855	1.43575				
0.1186	1.2725				
0.11865	1.30821				
0.1187	1.37453				
0.11875	1.47146				
0.1188	1.40004				
0.11885	1.32607				
0.1189	1.37198				
0.11895	1.44341				
0.119	1.40004				
0.11905	1.33627				
0.1191	1.41535				
0.11915	1.50463				
0.1192	1.40514				
0.11925	1.35158				
0.1193	1.45871				
0.11935	1.48677				
0.1194	1.37964				
0.11945	1.2572				
0.1195	1.30311				
0.11955	1.4128				
0.1196	1.37964				
0.11965	1.30311				
0.1197	1.2572				
0.11975	1.31332				
0.1198	1.40259				
0.11985	1.30821				
0.1199	1.2572				
0.11995	1.30566				
0.12	1.23169				
0.12005	1.17302				
0.1201	1.29036				
0.12015	1.31587				
0.1202	1.35158				
0.12025	1.33117				
0.1203	1.40514				
0.12035	1.29801				
0.1204	1.2521				
0.12045	1.28526				
0.1205	1.32607				
0.12055	1.35158				
0.1206	1.41535				
0.12065	1.53523				
0.1207	1.40004				
0.12075	1.33882				
0.1208	1.35413				
0.12085	1.37198				
0.1209	1.39494				
0.12095	1.48422				
0.121	1.47912				
0.12105	1.4179				
0.1211	1.37198				
0.12115	1.45361				
0.1212	1.48932				
0.12125	1.44341				
0.1213	1.40004				
0.12135	1.49442				
0.1214	1.40004				
0.12145	1.4332				
0.1215	1.4179				
0.12155	1.40004				
0.1216	1.39239				
0.12165	1.44086				
0.1217	1.41025				
0.12175	1.40004				
0.1218	1.40514				
0.12185	1.40514				
0.1219	1.37964				
0.12195	1.29036				
0.122	1.30311				
0.12205	1.28016				
0.1221	1.35158				
0.12215	1.44596				
0.1222	1.54799				
0.12225	1.4383				
0.1223	1.2623				
0.12235	1.23679				
0.1224	1.2776				
0.12245	1.36433				
0.1225	1.40004				
0.12255	1.36943				
0.1226	1.33627				
0.12265	1.35413				
0.1227	1.4128				
0.12275	1.2623				
0.1228	1.28526				
0.12285	1.31842				
0.1229	1.4077				
0.12295	1.33372				
0.123	1.40004				
0.12305	1.40004				
0.1231	1.2725				
0.12315	1.30311				
0.1232	1.39494				
0.12325	1.38984				
0.1233	1.423				
0.12335	1.5837				
0.1234	1.57095				
0.12345	1.36943				
0.1235	1.30566				
0.12355	1.38984				
0.1236	1.49697				
0.12365	1.54034				
0.1237	1.54544				
0.12375	1.43575				
0.1238	1.37453				
0.12385	1.42555				
0.1239	1.36688				
0.12395	1.47146				
0.124	1.55054				
0.12405	1.35158				
0.1241	1.31332				
0.12415	1.35158				
0.1242	1.35923				
0.12425	1.42555				
0.1243	1.36433				
0.12435	1.31842				
0.1244	1.33882				
0.12445	1.35413				
0.1245	1.31332				
0.12455	1.22659				
0.1246	1.29291				
0.12465	1.36433				
0.1247	1.49697				
0.12475	1.50207				
0.1248	1.16282				
0.12485	1.15772				
0.1249	1.44851				
0.12495	1.5786				
0.125	1.40004				
0.12505	1.2572				
0.1251	1.33882				
0.12515	1.38729				
0.1252	1.49952				
0.12525	1.54799				
0.1253	1.44341				
0.12535	1.40004				
0.1254	1.40004				
0.12545	1.38729				
0.1255	1.5786				
0.12555	1.50718				
0.1256	1.38984				
0.12565	1.34393				
0.1257	1.46126				
0.12575	1.62706				
0.1258	1.55054				
0.12585	1.42555				
0.1259	1.29036				
0.12595	1.38984				
0.126	1.55054				
0.12605	1.43575				
0.1261	1.37198				
0.12615	1.38219				
0.1262	1.39494				
0.12625	1.53013				
0.1263	1.5735				
0.12635	1.37964				
0.1264	1.17047				
0.12645	1.2776				
0.1265	1.4179				
0.12655	1.38729				
0.1266	1.32862				
0.12665	1.33882				
0.1267	1.22149				
0.12675	1.29801				
0.1268	1.47912				
0.12685	1.44596				
0.1269	1.26485				
0.12695	1.2623				
0.127	1.28526				
0.12705	1.30311				
0.1271	1.38984				
0.12715	1.40259				
0.1272	1.24444				
0.12725	1.2776				
0.1273	1.38474				
0.12735	1.39239				
0.1274	1.42555				
0.12745	1.38474				
0.1275	1.4128				
0.12755	1.423				
0.1276	1.38729				
0.12765	1.40004				
0.1277	1.38729				
0.12775	1.423				
0.1278	1.37453				
0.12785	1.35923				
0.1279	1.38729				
0.12795	1.44596				
0.128	1.51483				
0.12805	1.48677				
0.1281	1.37709				
0.12815	1.33117				
0.1282	1.35158				
0.12825	1.35158				
0.1283	1.47146				
0.12835	1.50718				
0.1284	1.47402				
0.12845	1.48677				
0.1285	1.39494				
0.12855	1.36943				
0.1286	1.39239				
0.12865	1.40514				
0.1287	1.43575				
0.12875	1.47657				
0.1288	1.49442				
0.12885	1.48677				
0.1289	1.37198				
0.12895	1.32862				
0.129	1.35668				
0.12905	1.44086				
0.1291	1.46381				
0.12915	1.44341				
0.1292	1.40004				
0.12925	1.33882				
0.1293	1.34393				
0.12935	1.35158				
0.1294	1.30056				
0.12945	1.34137				
0.1295	1.48677				
0.12955	1.46381				
0.1296	1.2623				
0.12965	1.19088				
0.1297	1.24189				
0.12975	1.44341				
0.1298	1.48677				
0.12985	1.39494				
0.1299	1.37964				
0.12995	1.37453				
0.13	1.36688				
0.13005	1.40004				
0.1301	1.4281				
0.13015	1.45361				
0.1302	1.38984				
0.13025	1.33882				
0.1303	1.4332				
0.13035	1.4128				
0.1304	1.41535				
0.13045	1.37709				
0.1305	1.423				
0.13055	1.50973				
0.1306	1.51483				
0.13065	1.31842				
0.1307	1.24955				
0.13075	1.34137				
0.1308	1.44596				
0.13085	1.46636				
0.1309	1.36433				
0.13095	1.2725				
0.131	1.36433				
0.13105	1.41535				
0.1311	1.423				
0.13115	1.22149				
0.1312	1.08629				
0.13125	1.30311				
0.1313	1.48167				
0.13135	1.40259				
0.1314	1.34903				
0.13145	1.34137				
0.1315	1.2725				
0.13155	1.29801				
0.1316	1.423				
0.13165	1.5786				
0.1317	1.49442				
0.13175	1.25465				
0.1318	1.2623				
0.13185	1.43065				
0.1319	1.50463				
0.13195	1.45106				
0.132	1.24189				
0.13205	1.29291				
0.1321	1.60156				
0.13215	1.67043				
0.1322	1.38984				
0.13225	1.15006				
0.1323	1.26485				
0.13235	1.45106				
0.1324	1.52758				
0.13245	1.52758				
0.1325	1.43575				
0.13255	1.35413				
0.1326	1.37709				
0.13265	1.46891				
0.1327	1.36688				
0.13275	1.23934				
0.1328	1.28271				
0.13285	1.45616				
0.1329	1.46126				
0.13295	1.40004				
0.133	1.36688				
0.13305	1.32352				
0.1331	1.21128				
0.13315	1.32607				
0.1332	1.47657				
0.13325	1.45871				
0.1333	1.31332				
0.13335	1.2572				
0.1334	1.2725				
0.13345	1.32097				
0.1335	1.37198				
0.13355	1.37964				
0.1336	1.32607				
0.13365	1.36688				
0.1337	1.35413				
0.13375	1.28271				
0.1338	1.30311				
0.13385	1.38474				
0.1339	1.40259				
0.13395	1.48677				
0.134	1.46636				
0.13405	1.42555				
0.1341	1.36433				
0.13415	1.35413				
0.1342	1.44086				
0.13425	1.49697				
0.1343	1.423				
0.13435	1.38474				
0.1344	1.42045				
0.13445	1.38984				
0.1345	1.32352				
0.13455	1.46636				
0.1346	1.51483				
0.13465	1.42555				
0.1347	1.45361				
0.13475	1.4077				
0.1348	1.44851				
0.13485	1.48677				
0.1349	1.45616				
0.13495	1.36433				
0.135	1.32862				
0.13505	1.41535				
0.1351	1.57605				
0.13515	1.56584				
0.1352	1.4281				
0.13525	1.40259				
0.1353	1.34903				
0.13535	1.28271				
0.1354	1.32097				
0.13545	1.423				
0.1355	1.44086				
0.13555	1.46126				
0.1356	1.37198				
0.13565	1.23679				
0.1357	1.23169				
0.13575	1.31076				
0.1358	1.37964				
0.13585	1.32097				
0.1359	1.22914				
0.13595	1.17557				
0.136	1.2623				
0.13605	1.29801				
0.1361	1.34137				
0.13615	1.33117				
0.1362	1.17047				
0.13625	1.22149				
0.1363	1.41025				
0.13635	1.48677				
0.1364	1.36178				
0.13645	1.22914				
0.1365	1.24444				
0.13655	1.35413				
0.1366	1.50463				
0.13665	1.54034				
0.1367	1.4281				
0.13675	1.4383				
0.1368	1.45361				
0.13685	1.50207				
0.1369	1.47402				
0.13695	1.35158				
0.137	1.40514				
0.13705	1.55819				
0.1371	1.60411				
0.13715	1.55819				
0.1372	1.40514				
0.13725	1.31842				
0.1373	1.45616				
0.13735	1.55564				
0.1374	1.45871				
0.13745	1.31076				
0.1375	1.28526				
0.13755	1.30566				
0.1376	1.43065				
0.13765	1.47146				
0.1377	1.4332				
0.13775	1.31842				
0.1378	1.20873				
0.13785	1.24189				
0.1379	1.53523				
0.13795	1.51738				
0.138	1.23679				
0.13805	1.13986				
0.1381	1.28271				
0.13815	1.50463				
0.1382	1.47657				
0.13825	1.423				
0.1383	1.38474				
0.13835	1.43575				
0.1384	1.52248				
0.13845	1.33117				
0.1385	1.16537				
0.13855	1.2725				
0.1386	1.46891				
0.13865	1.56329				
0.1387	1.49187				
0.13875	1.30056				
0.1388	1.2674				
0.13885	1.35158				
0.1389	1.48422				
0.13895	1.47402				
0.139	1.36943				
0.13905	1.34648				
0.1391	1.36433				
0.13915	1.40004				
0.1392	1.37453				
0.13925	1.47146				
0.1393	1.44086				
0.13935	1.35923				
0.1394	1.45871				
0.13945	1.56584				
0.1395	1.48167				
0.13955	1.32607				
0.1396	1.30311				
0.13965	1.38729				
0.1397	1.52248				
0.13975	1.49442				
0.1398	1.40514				
0.13985	1.32352				
0.1399	1.43065				
0.13995	1.40259				
0.14	1.38474				
0.14005	1.31076				
0.1401	1.31332				
0.14015	1.29036				
0.1402	1.29291				
0.14025	1.35668				
0.1403	1.36433				
0.14035	1.34903				
0.1404	1.31842				
0.14045	1.2572				
0.1405	1.25975				
0.14055	1.2623				
0.1406	1.30311				
0.14065	1.2623				
0.1407	1.29801				
0.14075	1.37198				
0.1408	1.44596				
0.14085	1.4281				
0.1409	1.34137				
0.14095	1.37453				
0.141	1.46636				
0.14105	1.47657				
0.1411	1.34137				
0.14115	1.32352				
0.1412	1.39494				
0.14125	1.50207				
0.1413	1.54289				
0.14135	1.49697				
0.1414	1.47146				
0.14145	1.47402				
0.1415	1.46636				
0.14155	1.44596				
0.1416	1.47657				
0.14165	1.51738				
0.1417	1.49442				
0.14175	1.54289				
0.1418	1.51738				
0.14185	1.43575				
0.1419	1.38729				
0.14195	1.4179				
0.142	1.49442				
0.14205	1.43575				
0.1421	1.33372				
0.14215	1.2725				
0.1422	1.37964				
0.14225	1.38984				
0.1423	1.43575				
0.14235	1.46636				
0.1424	1.44596				
0.14245	1.25465				
0.1425	1.24189				
0.14255	1.42045				
0.1426	1.43575				
0.14265	1.19343				
0.1427	1.1169				
0.14275	1.25465				
0.1428	1.40514				
0.14285	1.36433				
0.1429	1.23424				
0.14295	1.22404				
0.143	1.35923				
0.14305	1.46891				
0.1431	1.41535				
0.14315	1.36943				
0.1432	1.31842				
0.14325	1.45106				
0.1433	1.49952				
0.14335	1.4281				
0.1434	1.42045				
0.14345	1.44596				
0.1435	1.44341				
0.14355	1.423				
0.1436	1.34137				
0.14365	1.36178				
0.1437	1.42555				
0.14375	1.34903				
0.1438	1.38474				
0.14385	1.45616				
0.1439	1.45361				
0.14395	1.38219				
0.144	1.21639				
0.14405	1.22914				
0.1441	1.40004				
0.14415	1.5786				
0.1442	1.43575				
0.14425	1.18322				
0.1443	1.24189				
0.14435	1.39749				
0.1444	1.38219				
0.14445	1.30311				
0.1445	1.32607				
0.14455	1.50463				
0.1446	1.56329				
0.14465	1.49187				
0.1447	1.30566				
0.14475	1.2572				
0.1448	1.39239				
0.14485	1.51483				
0.1449	1.50718				
0.14495	1.49697				
0.145	1.4179				
0.14505	1.44851				
0.1451	1.35923				
0.14515	1.30056				
0.1452	1.26995				
0.14525	1.31842				
0.1453	1.37964				
0.14535	1.36688				
0.1454	1.34393				
0.14545	1.33882				
0.1455	1.41025				
0.14555	1.38474				
0.1456	1.34137				
0.14565	1.26995				
0.1457	1.39239				
0.14575	1.47146				
0.1458	1.37709				
0.14585	1.34137				
0.1459	1.32097				
0.14595	1.34648				
0.146	1.46891				
0.14605	1.48932				
0.1461	1.47657				
0.14615	1.47912				
0.1462	1.50207				
0.14625	1.41535				
0.1463	1.41535				
0.14635	1.36433				
0.1464	1.44596				
0.14645	1.48422				
0.1465	1.49697				
0.14655	1.45106				
0.1466	1.37964				
0.14665	1.28781				
0.1467	1.30311				
0.14675	1.29036				
0.1468	1.28271				
0.14685	1.2572				
0.1469	1.34137				
0.14695	1.34648				
0.147	1.34648				
0.14705	1.33117				
0.1471	1.2674				
0.14715	1.32352				
0.1472	1.30566				
0.14725	1.40004				
0.1473	1.45616				
0.14735	1.38984				
0.1474	1.30566				
0.14745	1.30056				
0.1475	1.30821				
0.14755	1.4383				
0.1476	1.48422				
0.14765	1.43065				
0.1477	1.423				
0.14775	1.36688				
0.1478	1.40514				
0.14785	1.41535				
0.1479	1.34393				
0.14795	1.38474				
0.148	1.47146				
0.14805	1.51993				
0.1481	1.47912				
0.14815	1.37964				
0.1482	1.26485				
0.14825	1.28271				
0.1483	1.33882				
0.14835	1.34903				
0.1484	1.2674				
0.14845	1.2776				
0.1485	1.33627				
0.14855	1.34648				
0.1486	1.41025				
0.14865	1.33627				
0.1487	1.29291				
0.14875	1.2623				
0.1488	1.33882				
0.14885	1.43065				
0.1489	1.4179				
0.14895	1.30311				
0.149	1.21383				
0.14905	1.2623				
0.1491	1.4077				
0.14915	1.51738				
0.1492	1.39239				
0.14925	1.33882				
0.1493	1.33372				
0.14935	1.44596				
0.1494	1.44851				
0.14945	1.37964				
0.1495	1.36688				
0.14955	1.41535				
0.1496	1.47657				
0.14965	1.48677				
0.1497	1.41025				
0.14975	1.31842				
0.1498	1.33117				
0.14985	1.41025				
0.1499	1.46381				
0.14995	1.36178				
0.15	1.28526				
0.15005	1.33117				
0.1501	1.42555				
0.15015	1.51993				
0.1502	1.44341				
0.15025	1.36433				
0.1503	1.33882				
0.15035	1.35923				
0.1504	1.43065				
0.15045	1.43065				
0.1505	1.44851				
0.15055	1.31842				
0.1506	1.2521				
0.15065	1.33627				
0.1507	1.39494				
0.15075	1.42045				
0.1508	1.32862				
0.15085	1.31076				
0.1509	1.4077				
0.15095	1.43575				
0.151	1.4332				
0.15105	1.31842				
0.1511	1.34137				
0.15115	1.42555				
0.1512	1.47146				
0.15125	1.41535				
0.1513	1.39494				
0.15135	1.32862				
0.1514	1.37198				
0.15145	1.47912				
0.1515	1.44086				
0.15155	1.32862				
0.1516	1.31076				
0.15165	1.38474				
0.1517	1.423				
0.15175	1.44086				
0.1518	1.43575				
0.15185	1.36943				
0.1519	1.35413				
0.15195	1.35158				
0.152	1.4332				
0.15205	1.46636				
0.1521	1.423				
0.15215	1.34393				
0.1522	1.30056				
0.15225	1.36178				
0.1523	1.4332				
0.15235	1.42555				
0.1524	1.35923				
0.15245	1.423				
0.1525	1.4383				
0.15255	1.34903				
0.1526	1.22659				
0.15265	1.26995				
0.1527	1.39749				
0.15275	1.44596				
0.1528	1.44086				
0.15285	1.29801				
0.1529	1.24955				
0.15295	1.2725				
0.153	1.33882				
0.15305	1.40259				
0.1531	1.31076				
0.15315	1.28016				
0.1532	1.2725				
0.15325	1.34137				
0.1533	1.39239				
0.15335	1.38729				
0.1534	1.32352				
0.15345	1.39239				
0.1535	1.33882				
0.15355	1.35158				
0.1536	1.44596				
0.15365	1.423				
0.1537	1.33882				
0.15375	1.28016				
0.1538	1.37198				
0.15385	1.48677				
0.1539	1.46636				
0.15395	1.4128				
0.154	1.33117				
0.15405	1.36433				
0.1541	1.4128				
0.15415	1.40004				
0.1542	1.4077				
0.15425	1.39239				
0.1543	1.41025				
0.15435	1.38474				
0.1544	1.37453				
0.15445	1.37453				
0.1545	1.32862				
0.15455	1.4128				
0.1546	1.47912				
0.15465	1.45871				
0.1547	1.28781				
0.15475	1.28271				
0.1548	1.35923				
0.15485	1.40259				
0.1549	1.53523				
0.15495	1.52758				
0.155	1.34648				
0.15505	1.33117				
0.1551	1.44086				
0.15515	1.54799				
0.1552	1.62961				
0.15525	1.45871				
0.1553	1.25975				
0.15535	1.33882				
0.1554	1.47402				
0.15545	1.57095				
0.1555	1.45616				
0.15555	1.36943				
0.1556	1.37198				
0.15565	1.48167				
0.1557	1.42045				
0.15575	1.32097				
0.1558	1.25975				
0.15585	1.37453				
0.1559	1.39494				
0.15595	1.38219				
0.156	1.24189				
0.15605	1.24189				
0.1561	1.30821				
0.15615	1.38729				
0.1562	1.26995				
0.15625	1.2776				
0.1563	1.29291				
0.15635	1.34903				
0.1564	1.34903				
0.15645	1.44086				
0.1565	1.37453				
0.15655	1.28526				
0.1566	1.26485				
0.15665	1.38474				
0.1567	1.50718				
0.15675	1.47657				
0.1568	1.30566				
0.15685	1.24189				
0.1569	1.37453				
0.15695	1.53013				
0.157	1.51738				
0.15705	1.36433				
0.1571	1.29291				
0.15715	1.49697				
0.1572	1.59135				
0.15725	1.423				
0.1573	1.29801				
0.15735	1.40004				
0.1574	1.49442				
0.15745	1.54799				
0.1575	1.42045				
0.15755	1.2776				
0.1576	1.38984				
0.15765	1.52503				
0.1577	1.47402				
0.15775	1.29036				
0.1578	1.30821				
0.15785	1.43575				
0.1579	1.47402				
0.15795	1.4128				
0.158	1.4332				
0.15805	1.42555				
0.1581	1.40514				
0.15815	1.34903				
0.1582	1.39494				
0.15825	1.51228				
0.1583	1.44341				
0.15835	1.32352				
0.1584	1.2725				
0.15845	1.37453				
0.1585	1.4281				
0.15855	1.33117				
0.1586	1.32607				
0.15865	1.37198				
0.1587	1.48932				
0.15875	1.44086				
0.1588	1.24189				
0.15885	1.24189				
0.1589	1.35413				
0.15895	1.51738				
0.159	1.46126				
0.15905	1.31842				
0.1591	1.32352				
0.15915	1.33627				
0.1592	1.45616				
0.15925	1.42555				
0.1593	1.35158				
0.15935	1.33882				
0.1594	1.30311				
0.15945	1.35413				
0.1595	1.37453				
0.15955	1.4383				
0.1596	1.49697				
0.15965	1.45616				
0.1597	1.38474				
0.15975	1.33627				
0.1598	1.42045				
0.15985	1.46126				
0.1599	1.42555				
0.15995	1.40004				
0.16	1.39494				
0.16005	1.40004				
0.1601	1.41535				
0.16015	1.38474				
0.1602	1.33372				
0.16025	1.39239				
0.1603	1.43065				
0.16035	1.45361				
0.1604	1.38984				
0.16045	1.31332				
0.1605	1.34903				
0.16055	1.32862				
0.1606	1.37964				
0.16065	1.37709				
0.1607	1.35413				
0.16075	1.32862				
0.1608	1.38474				
0.16085	1.38984				
0.1609	1.32352				
0.16095	1.23934				
0.161	1.2623				
0.16105	1.25975				
0.1611	1.37453				
0.16115	1.47146				
0.1612	1.36178				
0.16125	1.26995				
0.1613	1.28526				
0.16135	1.38219				
0.1614	1.44851				
0.16145	1.44341				
0.1615	1.34903				
0.16155	1.36433				
0.1616	1.47657				
0.16165	1.48167				
0.1617	1.423				
0.16175	1.39239				
0.1618	1.40259				
0.16185	1.49442				
0.1619	1.56584				
0.16195	1.48677				
0.162	1.42045				
0.16205	1.39494				
0.1621	1.39239				
0.16215	1.4281				
0.1622	1.46126				
0.16225	1.45616				
0.1623	1.4077				
0.16235	1.40259				
0.1624	1.40514				
0.16245	1.35413				
0.1625	1.33117				
0.16255	1.2674				
0.1626	1.2725				
0.16265	1.34393				
0.1627	1.38729				
0.16275	1.35158				
0.1628	1.31842				
0.16285	1.2623				
0.1629	1.28016				
0.16295	1.29036				
0.163	1.35413				
0.16305	1.34903				
0.1631	1.37964				
0.16315	1.46381				
0.1632	1.31587				
0.16325	1.2521				
0.1633	1.32607				
0.16335	1.37964				
0.1634	1.43065				
0.16345	1.39239				
0.1635	1.38729				
0.16355	1.37964				
0.1636	1.4077				
0.16365	1.4128				
0.1637	1.43065				
0.16375	1.44341				
0.1638	1.46381				
0.16385	1.4128				
0.1639	1.41025				
0.16395	1.39494				
0.164	1.39494				
0.16405	1.39494				
0.1641	1.41025				
0.16415	1.41025				
0.1642	1.47402				
0.16425	1.44596				
0.1643	1.46381				
0.16435	1.36433				
0.1644	1.34903				
0.16445	1.39239				
0.1645	1.38219				
0.16455	1.40259				
0.1646	1.40004				
0.16465	1.41535				
0.1647	1.40514				
0.16475	1.41025				
0.1648	1.4077				
0.16485	1.40004				
0.1649	1.38219				
0.16495	1.40259				
0.165	1.42555				
0.16505	1.45361				
0.1651	1.35668				
0.16515	1.32862				
0.1652	1.35923				
0.16525	1.31332				
0.1653	1.36433				
0.16535	1.4128				
0.1654	1.40514				
0.16545	1.37453				
0.1655	1.26485				
0.16555	1.24699				
0.1656	1.2725				
0.16565	1.30056				
0.1657	1.34648				
0.16575	1.44341				
0.1658	1.34648				
0.16585	1.29291				
0.1659	1.24955				
0.16595	1.38219				
0.166	1.41535				
0.16605	1.40004				
0.1661	1.36178				
0.16615	1.39494				
0.1662	1.45106				
0.16625	1.48167				
0.1663	1.32097				
0.16635	1.31587				
0.1664	1.37453				
0.16645	1.49442				
0.1665	1.55309				
0.16655	1.48932				
0.1666	1.4281				
0.16665	1.39239				
0.1667	1.39239				
0.16675	1.40259				
0.1668	1.35923				
0.16685	1.45616				
0.1669	1.48422				
0.16695	1.47912				
0.167	1.45871				
0.16705	1.32607				
0.1671	1.2623				
0.16715	1.2776				
0.1672	1.29291				
0.16725	1.4128				
0.1673	1.40004				
0.16735	1.31587				
0.1674	1.24699				
0.16745	1.30056				
0.1675	1.34648				
0.16755	1.33372				
0.1676	1.34137				
0.16765	1.35158				
0.1677	1.40259				
0.16775	1.45616				
0.1678	1.36688				
0.16785	1.29801				
0.1679	1.34648				
0.16795	1.39494				
0.168	1.50207				
0.16805	1.49697				
0.1681	1.43575				
0.16815	1.40004				
0.1682	1.29801				
0.16825	1.30821				
0.1683	1.37198				
0.16835	1.38474				
0.1684	1.43575				
0.16845	1.46636				
0.1685	1.39239				
0.16855	1.32862				
0.1686	1.32352				
0.16865	1.33627				
0.1687	1.36943				
0.16875	1.49187				
0.1688	1.47146				
0.16885	1.39239				
0.1689	1.34903				
0.16895	1.41535				
0.169	1.44596				
0.16905	1.34137				
0.1691	1.33372				
0.16915	1.45616				
0.1692	1.51483				
0.16925	1.49952				
0.1693	1.4332				
0.16935	1.34137				
0.1694	1.4077				
0.16945	1.4383				
0.1695	1.36178				
0.16955	1.31842				
0.1696	1.40514				
0.16965	1.45106				
0.1697	1.4128				
0.16975	1.22149				
0.1698	1.15517				
0.16985	1.31332				
0.1699	1.43575				
0.16995	1.43575				
0.17	1.35668				
0.17005	1.32097				
0.1701	1.36433				
0.17015	1.33117				
0.1702	1.30056				
0.17025	1.34903				
0.1703	1.48422				
0.17035	1.40514				
0.1704	1.2725				
0.17045	1.4128				
0.1705	1.53268				
0.17055	1.40259				
0.1706	1.29801				
0.17065	1.28271				
0.1707	1.46381				
0.17075	1.54034				
0.1708	1.423				
0.17085	1.28271				
0.1709	1.29801				
0.17095	1.39239				
0.171	1.45616				
0.17105	1.44086				
0.1711	1.41535				
0.17115	1.4281				
0.1712	1.4179				
0.17125	1.38729				
0.1713	1.33117				
0.17135	1.38984				
0.1714	1.43575				
0.17145	1.52248				
0.1715	1.48167				
0.17155	1.35413				
0.1716	1.40004				
0.17165	1.45871				
0.1717	1.41535				
0.17175	1.46381				
0.1718	1.52758				
0.17185	1.54289				
0.1719	1.37198				
0.17195	1.2776				
0.172	1.35158				
0.17205	1.45361				
0.1721	1.36433				
0.17215	1.30311				
0.1722	1.30821				
0.17225	1.33882				
0.1723	1.39494				
0.17235	1.30566				
0.1724	1.24444				
0.17245	1.2776				
0.1725	1.39494				
0.17255	1.39239				
0.1726	1.39239				
0.17265	1.37709				
0.1727	1.35158				
0.17275	1.31587				
0.1728	1.38474				
0.17285	1.38474				
0.1729	1.39749				
0.17295	1.35413				
0.173	1.38474				
0.17305	1.39749				
0.1731	1.45361				
0.17315	1.36433				
0.1732	1.34137				
0.17325	1.36688				
0.1733	1.41025				
0.17335	1.48677				
0.1734	1.46126				
0.17345	1.34903				
0.1735	1.30311				
0.17355	1.31332				
0.1736	1.36688				
0.17365	1.36943				
0.1737	1.34648				
0.17375	1.38219				
0.1738	1.38474				
0.17385	1.41535				
0.1739	1.41535				
0.17395	1.33882				
0.174	1.34137				
0.17405	1.44596				
0.1741	1.49187				
0.17415	1.5684				
0.1742	1.44086				
0.17425	1.34393				
0.1743	1.30311				
0.17435	1.36178				
0.1744	1.39749				
0.17445	1.4128				
0.1745	1.43575				
0.17455	1.4281				
0.1746	1.40514				
0.17465	1.37453				
0.1747	1.24189				
0.17475	1.26485				
0.1748	1.32607				
0.17485	1.34648				
0.1749	1.37453				
0.17495	1.37198				
0.175	1.41535				
0.17505	1.31842				
0.1751	1.27505				
0.17515	1.29546				
0.1752	1.33627				
0.17525	1.46891				
0.1753	1.48167				
0.17535	1.48422				
0.1754	1.36688				
0.17545	1.2623				
0.1755	1.28271				
0.17555	1.35158				
0.1756	1.41535				
0.17565	1.54544				
0.1757	1.48932				
0.17575	1.40514				
0.1758	1.33627				
0.17585	1.31076				
0.1759	1.37709				
0.17595	1.42555				
0.176	1.45871				
0.17605	1.42045				
0.1761	1.42045				
0.17615	1.34903				
0.1762	1.2521				
0.17625	1.2521				
0.1763	1.36433				
0.17635	1.50207				
0.1764	1.51483				
0.17645	1.4383				
0.1765	1.40259				
0.17655	1.31332				
0.1766	1.24699				
0.17665	1.31332				
0.1767	1.34393				
0.17675	1.423				
0.1768	1.4383				
0.17685	1.46126				
0.1769	1.46126				
0.17695	1.2572				
0.177	1.20363				
0.17705	1.30311				
0.1771	1.38474				
0.17715	1.52503				
0.1772	1.48932				
0.17725	1.36178				
0.1773	1.29546				
0.17735	1.32352				
0.1774	1.37453				
0.17745	1.4077				
0.1775	1.46636				
0.17755	1.53523				
0.1776	1.54289				
0.17765	1.47912				
0.1777	1.28526				
0.17775	1.28016				
0.1778	1.36433				
0.17785	1.52758				
0.1779	1.58625				
0.17795	1.48932				
0.178	1.35668				
0.17805	1.2623				
0.1781	1.30821				
0.17815	1.33117				
0.1782	1.29291				
0.17825	1.32862				
0.1783	1.48167				
0.17835	1.45361				
0.1784	1.32607				
0.17845	1.18833				
0.1785	1.17812				
0.17855	1.28781				
0.1786	1.4281				
0.17865	1.47657				
0.1787	1.41025				
0.17875	1.35158				
0.1788	1.28271				
0.17885	1.26485				
0.1789	1.35923				
0.17895	1.39494				
0.179	1.44596				
0.17905	1.53268				
0.1791	1.52758				
0.17915	1.42555				
0.1792	1.28781				
0.17925	1.25975				
0.1793	1.423				
0.17935	1.55309				
0.1794	1.52503				
0.17945	1.44596				
0.1795	1.28271				
0.17955	1.30821				
0.1796	1.30311				
0.17965	1.29801				
0.1797	1.21894				
0.17975	1.33372				
0.1798	1.58625				
0.17985	1.51738				
0.1799	1.37709				
0.17995	1.2776				
0.18	1.31842				
0.18005	1.37709				
0.1801	1.45871				
0.18015	1.51738				
0.1802	1.53013				
0.18025	1.46636				
0.1803	1.38474				
0.18035	1.35923				
0.1804	1.30821				
0.18045	1.4179				
0.1805	1.50973				
0.18055	1.5837				
0.1806	1.51228				
0.18065	1.4128				
0.1807	1.30311				
0.18075	1.2725				
0.1808	1.42555				
0.18085	1.44851				
0.1809	1.45106				
0.18095	1.41535				
0.181	1.37709				
0.18105	1.29036				
0.1811	1.25465				
0.18115	1.2674				
0.1812	1.24955				
0.18125	1.33882				
0.1813	1.53013				
0.18135	1.47657				
0.1814	1.32607				
0.18145	1.21894				
0.1815	1.22914				
0.18155	1.43065				
0.1816	1.53523				
0.18165	1.48422				
0.1817	1.40004				
0.18175	1.35923				
0.1818	1.31076				
0.18185	1.34137				
0.1819	1.2623				
0.18195	1.24444				
0.182	1.42555				
0.18205	1.5684				
0.1821	1.47912				
0.18215	1.30056				
0.1822	1.32097				
0.18225	1.35158				
0.1823	1.45106				
0.18235	1.54799				
0.1824	1.43575				
0.18245	1.33882				
0.1825	1.37964				
0.18255	1.38729				
0.1826	1.44596				
0.18265	1.34903				
0.1827	1.19088				
0.18275	1.33627				
0.1828	1.56329				
0.18285	1.65257				
0.1829	1.46126				
0.18295	1.20618				
0.183	1.20618				
0.18305	1.44086				
0.1831	1.50207				
0.18315	1.41025				
0.1832	1.30566				
0.18325	1.44596				
0.1833	1.48167				
0.18335	1.32352				
0.1834	1.16537				
0.18345	1.22149				
0.1835	1.45871				
0.18355	1.58625				
0.1836	1.47146				
0.18365	1.2725				
0.1837	1.30821				
0.18375	1.34648				
0.1838	1.46126				
0.18385	1.44341				
0.1839	1.43065				
0.18395	1.43575				
0.184	1.36688				
0.18405	1.36433				
0.1841	1.40259				
0.18415	1.36433				
0.1842	1.26995				
0.18425	1.30056				
0.1843	1.51738				
0.18435	1.51738				
0.1844	1.41025				
0.18445	1.22149				
0.1845	1.15517				
0.18455	1.34393				
0.1846	1.47657				
0.18465	1.46636				
0.1847	1.38984				
0.18475	1.33627				
0.1848	1.32097				
0.18485	1.30056				
0.1849	1.28781				
0.18495	1.26485				
0.185	1.40514				
0.18505	1.50973				
0.1851	1.47912				
0.18515	1.37453				
0.1852	1.35923				
0.18525	1.28271				
0.1853	1.32607				
0.18535	1.49442				
0.1854	1.51228				
0.18545	1.44596				
0.1855	1.44851				
0.18555	1.36433				
0.1856	1.38729				
0.18565	1.37964				
0.1857	1.32607				
0.18575	1.36433				
0.1858	1.45871				
0.18585	1.54799				
0.1859	1.47657				
0.18595	1.30821				
0.186	1.28271				
0.18605	1.24955				
0.1861	1.35923				
0.18615	1.47146				
0.1862	1.51738				
0.18625	1.48167				
0.1863	1.36433				
0.18635	1.22404				
0.1864	1.25465				
0.18645	1.33372				
0.1865	1.4179				
0.18655	1.4281				
0.1866	1.38984				
0.18665	1.38729				
0.1867	1.37198				
0.18675	1.28271				
0.1868	1.22914				
0.18685	1.38219				
0.1869	1.5837				
0.18695	1.50718				
0.187	1.33627				
0.18705	1.32607				
0.1871	1.29291				
0.18715	1.30056				
0.1872	1.30056				
0.18725	1.32862				
0.1873	1.41535				
0.18735	1.51738				
0.1874	1.55819				
0.18745	1.32097				
0.1875	1.21639				
0.18755	1.24444				
0.1876	1.35413				
0.18765	1.49952				
0.1877	1.48932				
0.18775	1.46381				
0.1878	1.38474				
0.18785	1.28271				
0.1879	1.30311				
0.18795	1.32097				
0.188	1.31842				
0.18805	1.423				
0.1881	1.54544				
0.18815	1.49442				
0.1882	1.42045				
0.18825	1.4128				
0.1883	1.36178				
0.18835	1.34648				
0.1884	1.54289				
0.18845	1.57095				
0.1885	1.41535				
0.18855	1.36688				
0.1886	1.40514				
0.18865	1.33627				
0.1887	1.34137				
0.18875	1.36433				
0.1888	1.31076				
0.18885	1.36433				
0.1889	1.48677				
0.18895	1.4128				
0.189	1.18322				
0.18905	1.28271				
0.1891	1.32607				
0.18915	1.35668				
0.1892	1.38474				
0.18925	1.40004				
0.1893	1.2776				
0.18935	1.23934				
0.1894	1.28271				
0.18945	1.33117				
0.1895	1.37964				
0.18955	1.37964				
0.1896	1.41535				
0.18965	1.48677				
0.1897	1.51483				
0.18975	1.39494				
0.1898	1.29801				
0.18985	1.37964				
0.1899	1.60921				
0.18995	1.69849				
0.19	1.48422				
0.19005	1.30821				
0.1901	1.33882				
0.19015	1.37198				
0.1902	1.39239				
0.19025	1.4383				
0.1903	1.39494				
0.19035	1.36178				
0.1904	1.51738				
0.19045	1.45361				
0.1905	1.22404				
0.19055	1.36943				
0.1906	1.4281				
0.19065	1.44596				
0.1907	1.56584				
0.19075	1.51738				
0.1908	1.28526				
0.19085	1.24189				
0.1909	1.32097				
0.19095	1.42045				
0.191	1.45361				
0.19105	1.43575				
0.1911	1.36433				
0.19115	1.45106				
0.1912	1.45106				
0.19125	1.38219				
0.1913	1.36178				
0.19135	1.33372				
0.1914	1.48422				
0.19145	1.61941				
0.1915	1.36688				
0.19155	1.18067				
0.1916	1.31842				
0.19165	1.37453				
0.1917	1.33117				
0.19175	1.31332				
0.1918	1.2776				
0.19185	1.28016				
0.1919	1.40514				
0.19195	1.44851				
0.192	1.2521				
0.19205	1.23169				
0.1921	1.30311				
0.19215	1.40004				
0.1922	1.46891				
0.19225	1.37709				
0.1923	1.32352				
0.19235	1.29546				
0.1924	1.36433				
0.19245	1.35158				
0.1925	1.33372				
0.19255	1.30311				
0.1926	1.35158				
0.19265	1.44596				
0.1927	1.43065				
0.19275	1.35158				
0.1928	1.44086				
0.19285	1.40259				
0.1929	1.45106				
0.19295	1.51738				
0.193	1.43065				
0.19305	1.34393				
0.1931	1.41025				
0.19315	1.49952				
0.1932	1.50207				
0.19325	1.36178				
0.1933	1.32352				
0.19335	1.26995				
0.1934	1.45361				
0.19345	1.66533				
0.1935	1.54799				
0.19355	1.30056				
0.1936	1.24699				
0.19365	1.36688				
0.1937	1.53523				
0.19375	1.51228				
0.1938	1.40004				
0.19385	1.31332				
0.1939	1.36433				
0.19395	1.4332				
0.194	1.36688				
0.19405	1.31842				
0.1941	1.31332				
0.19415	1.38219				
0.1942	1.44086				
0.19425	1.41535				
0.1943	1.38474				
0.19435	1.4179				
0.1944	1.36943				
0.19445	1.39494				
0.1945	1.52758				
0.19455	1.4179				
0.1946	1.34137				
0.19465	1.37198				
0.1947	1.46891				
0.19475	1.39494				
0.1948	1.22914				
0.19485	1.22914				
0.1949	1.4128				
0.19495	1.56584				
0.195	1.49187				
0.19505	1.26995				
0.1951	1.14751				
0.19515	1.30821				
0.1952	1.44596				
0.19525	1.34393				
0.1953	1.2623				
0.19535	1.32352				
0.1954	1.4281				
0.19545	1.33882				
0.1955	1.21128				
0.19555	1.25465				
0.1956	1.38984				
0.19565	1.45616				
0.1957	1.36433				
0.19575	1.34393				
0.1958	1.46891				
0.19585	1.48677				
0.1959	1.42045				
0.19595	1.34393				
0.196	1.46381				
0.19605	1.49697				
0.1961	1.48422				
0.19615	1.45106				
0.1962	1.47146				
0.19625	1.51738				
0.1963	1.37964				
0.19635	1.24189				
0.1964	1.31842				
0.19645	1.53523				
0.1965	1.60666				
0.19655	1.34137				
0.1966	1.21639				
0.19665	1.30566				
0.1967	1.45106				
0.19675	1.29801				
0.1968	1.24699				
0.19685	1.35668				
0.1969	1.46891				
0.19695	1.37453				
0.197	1.20873				
0.19705	1.18833				
0.1971	1.34393				
0.19715	1.4281				
0.1972	1.34393				
0.19725	1.31842				
0.1973	1.35158				
0.19735	1.38729				
0.1974	1.34648				
0.19745	1.24955				
0.1975	1.32607				
0.19755	1.44086				
0.1976	1.37964				
0.19765	1.2674				
0.1977	1.2725				
0.19775	1.29291				
0.1978	1.21894				
0.19785	1.22149				
0.1979	1.33882				
0.19795	1.44596				
0.198	1.48677				
0.19805	1.34648				
0.1981	1.24955				
0.19815	1.23424				
0.1982	1.45616				
0.19825	1.56584				
0.1983	1.51738				
0.19835	1.52758				
0.1984	1.55054				
0.19845	1.43575				
0.1985	1.4179				
0.19855	1.38984				
0.1986	1.423				
0.19865	1.53268				
0.1987	1.54289				
0.19875	1.5837				
0.1988	1.49442				
0.19885	1.34393				
0.1989	1.38984				
0.19895	1.45361				
0.199	1.53268				
0.19905	1.55309				
0.1991	1.53779				
0.19915	1.39749				
0.1992	1.2623				
0.19925	1.24444				
0.1993	1.26995				
0.19935	1.2623				
0.1994	1.33882				
0.19945	1.40004				
0.1995	1.47657				
0.19955	1.38729				
0.1996	1.26995				
0.19965	1.14751				
0.1997	1.16282				
0.19975	1.30311				
0.1998	1.50973				
0.19985	1.44086				
0.1999	1.34393				
0.19995	1.2674				
