Time - soundlvl	Amplitude - soundlvl	Unnamed: 2	Unnamed: 3	Frequency (Hz) - soundlvl (Power Spectrum)	Amplitude - soundlvl (Power Spectrum)
0.0	1.38474			0.0	1.93699
5e-05	1.37709			5.0	0.968517
0.0001	1.36433			10.0	1.47156e-09
0.00015	1.38474			15.0	3.31968e-10
0.0002	1.40259			20.0	6.31921e-09
0.00025	1.39239			25.0	2.49019e-08
0.0003	1.36943			30.0	4.9013e-09
0.00035	1.37198			35.0	1.45807e-08
0.0004	1.37964			40.0	9.97548e-09
0.00045	1.38474			45.0	9.36014e-09
0.0005	1.38474			50.0	1.23206e-08
0.00055	1.39494			55.0	1.65159e-08
0.0006	1.4077			60.0	1.34059e-08
0.00065	1.39239			65.0	1.26364e-08
0.0007	1.37453			70.0	4.9635e-09
0.00075	1.37453			75.0	1.95471e-09
0.0008	1.38729			80.0	2.29972e-09
0.00085	1.37964			85.0	3.36349e-08
0.0009	1.38729			90.0	2.82543e-08
0.00095	1.40004			95.0	3.35792e-07
0.001	1.40004			100.0	1.68447e-07
0.00105	1.38474			105.0	2.22393e-08
0.0011	1.39494			110.0	9.14455e-09
0.00115	1.38219			115.0	3.64504e-08
0.0012	1.37453			120.0	5.71959e-08
0.00125	1.37198			125.0	1.48903e-07
0.0013	1.4077			130.0	4.20234e-07
0.00135	1.4128			135.0	2.77079e-07
0.0014	1.4077			140.0	5.52275e-07
0.00145	1.38729			145.0	4.1111e-06
0.0015	1.40004			150.0	3.76803e-06
0.00155	1.39749			155.0	2.2187e-07
0.0016	1.36943			160.0	9.02534e-08
0.00165	1.35923			165.0	6.37295e-08
0.0017	1.39494			170.0	1.14963e-07
0.00175	1.4179			175.0	5.26676e-07
0.0018	1.41535			180.0	3.05741e-06
0.00185	1.423			185.0	3.04765e-06
0.0019	1.40004			190.0	1.22934e-06
0.00195	1.38474			195.0	6.19379e-07
0.002	1.33882			200.0	3.56231e-07
0.00205	1.35923			205.0	7.38592e-07
0.0021	1.40514			210.0	1.16418e-06
0.00215	1.42045			215.0	2.87534e-07
0.0022	1.423			220.0	3.50222e-07
0.00225	1.38474			225.0	1.30121e-07
0.0023	1.36433			230.0	9.91746e-08
0.00235	1.37198			235.0	4.16282e-07
0.0024	1.40259			240.0	5.43329e-08
0.00245	1.36688			245.0	4.79975e-07
0.0025	1.37453			250.0	2.07124e-06
0.00255	1.37453			255.0	3.72931e-06
0.0026	1.38474			260.0	2.80181e-06
0.00265	1.37964			265.0	4.05716e-06
0.0027	1.37964			270.0	8.97587e-06
0.00275	1.38984			275.0	3.10721e-06
0.0028	1.37198			280.0	3.72437e-07
0.00285	1.38984			285.0	5.25388e-07
0.0029	1.39494			290.0	6.26184e-06
0.00295	1.40514			295.0	9.37373e-06
0.003	1.36688			300.0	5.74386e-06
0.00305	1.34648			305.0	3.4622e-06
0.0031	1.38219			310.0	1.08678e-06
0.00315	1.39239			315.0	1.60052e-06
0.0032	1.40004			320.0	5.84133e-07
0.00325	1.38474			325.0	2.55331e-09
0.0033	1.39749			330.0	2.25684e-07
0.00335	1.38219			335.0	7.20434e-08
0.0034	1.38984			340.0	1.00733e-07
0.00345	1.41025			345.0	2.05419e-06
0.0035	1.40259			350.0	1.69228e-06
0.00355	1.4077			355.0	2.57611e-06
0.0036	1.39494			360.0	3.1992e-05
0.00365	1.38729			365.0	3.40204e-05
0.0037	1.39239			370.0	4.8237e-06
0.00375	1.38219			375.0	3.78959e-06
0.0038	1.39239			380.0	6.07864e-06
0.00385	1.38219			385.0	7.41387e-07
0.0039	1.37964			390.0	1.36979e-05
0.00395	1.41025			395.0	3.81913e-05
0.004	1.39494			400.0	2.20018e-05
0.00405	1.38219			405.0	2.89539e-06
0.0041	1.38984			410.0	3.05091e-06
0.00415	1.38984			415.0	6.20671e-06
0.0042	1.40259			420.0	8.62691e-06
0.00425	1.39239			425.0	2.57374e-06
0.0043	1.41535			430.0	1.67166e-06
0.00435	1.42045			435.0	7.14911e-06
0.0044	1.39494			440.0	3.38187e-06
0.00445	1.38984			445.0	3.81443e-07
0.0045	1.39749			450.0	1.62999e-06
0.00455	1.40004			455.0	1.41356e-06
0.0046	1.40259			460.0	6.67162e-06
0.00465	1.40004			465.0	2.73196e-06
0.0047	1.40004			470.0	4.93202e-06
0.00475	1.39494			475.0	1.06946e-05
0.0048	1.40259			480.0	8.00533e-06
0.00485	1.41535			485.0	6.47039e-06
0.0049	1.40004			490.0	1.132e-06
0.00495	1.4077			495.0	7.12919e-07
0.005	1.40514			500.0	1.82932e-06
0.00505	1.40514			505.0	4.63278e-06
0.0051	1.40259			510.0	1.07338e-06
0.00515	1.38729			515.0	2.32939e-07
0.0052	1.40004			520.0	5.65498e-08
0.00525	1.40514			525.0	1.01613e-06
0.0053	1.37709			530.0	2.25564e-06
0.00535	1.37198			535.0	9.07572e-06
0.0054	1.37709			540.0	1.34064e-05
0.00545	1.39239			545.0	6.57476e-06
0.0055	1.38984			550.0	3.45978e-07
0.00555	1.36178			555.0	1.6783e-06
0.0056	1.34903			560.0	2.33815e-06
0.00565	1.36433			565.0	3.58169e-06
0.0057	1.35413			570.0	8.65493e-07
0.00575	1.37198			575.0	1.36888e-06
0.0058	1.38219			580.0	1.00734e-06
0.00585	1.36943			585.0	2.33578e-06
0.0059	1.34393			590.0	1.73847e-06
0.00595	1.35923			595.0	1.33561e-06
0.006	1.35923			600.0	1.08688e-06
0.00605	1.38729			605.0	1.46847e-06
0.0061	1.39749			610.0	7.17428e-06
0.00615	1.39239			615.0	1.01582e-05
0.0062	1.38984			620.0	3.0898e-06
0.00625	1.40514			625.0	2.67384e-07
0.0063	1.4077			630.0	6.73235e-07
0.00635	1.39494			635.0	6.14091e-07
0.0064	1.39494			640.0	1.39724e-06
0.00645	1.39494			645.0	4.57683e-07
0.0065	1.42045			650.0	2.55037e-06
0.00655	1.43065			655.0	4.1442e-07
0.0066	1.42555			660.0	1.30065e-06
0.00665	1.39494			665.0	3.11805e-06
0.0067	1.38219			670.0	2.17151e-06
0.00675	1.39494			675.0	2.33245e-07
0.0068	1.4128			680.0	1.49604e-06
0.00685	1.41025			685.0	1.00885e-06
0.0069	1.423			690.0	4.54167e-07
0.00695	1.4179			695.0	1.55343e-07
0.007	1.40004			700.0	6.08904e-07
0.00705	1.38984			705.0	5.06507e-07
0.0071	1.37709			710.0	9.90091e-07
0.00715	1.36688			715.0	3.20997e-07
0.0072	1.37198			720.0	1.825e-06
0.00725	1.38474			725.0	2.83348e-06
0.0073	1.38474			730.0	2.22501e-06
0.00735	1.39239			735.0	1.89693e-06
0.0074	1.37198			740.0	3.13768e-06
0.00745	1.36433			745.0	8.55936e-06
0.0075	1.38219			750.0	1.83876e-05
0.00755	1.37964			755.0	1.67991e-05
0.0076	1.36688			760.0	5.63338e-06
0.00765	1.38984			765.0	5.41522e-07
0.0077	1.39494			770.0	7.6858e-07
0.00775	1.37198			775.0	4.73852e-07
0.0078	1.37198			780.0	3.86486e-07
0.00785	1.38219			785.0	4.0974e-07
0.0079	1.37453			790.0	2.51721e-06
0.00795	1.37964			795.0	2.15738e-06
0.008	1.38729			800.0	1.01447e-06
0.00805	1.38474			805.0	3.49478e-06
0.0081	1.37453			810.0	1.18855e-06
0.00815	1.39239			815.0	8.44972e-09
0.0082	1.40514			820.0	4.75443e-07
0.00825	1.39749			825.0	2.70304e-07
0.0083	1.38984			830.0	1.65567e-07
0.00835	1.37198			835.0	1.00589e-06
0.0084	1.37453			840.0	1.08143e-06
0.00845	1.38219			845.0	5.33455e-07
0.0085	1.40004			850.0	3.21861e-07
0.00855	1.4128			855.0	1.85763e-07
0.0086	1.4179			860.0	2.5188e-07
0.00865	1.423			865.0	2.61778e-07
0.0087	1.4281			870.0	5.7738e-08
0.00875	1.39239			875.0	1.04317e-07
0.0088	1.40259			880.0	7.72709e-08
0.00885	1.41025			885.0	4.44202e-08
0.0089	1.41535			890.0	3.72573e-07
0.00895	1.39749			895.0	1.67881e-07
0.009	1.38729			900.0	1.80466e-08
0.00905	1.39239			905.0	2.03223e-08
0.0091	1.42555			910.0	6.20913e-08
0.00915	1.4332			915.0	2.43974e-07
0.0092	1.4128			920.0	6.79769e-08
0.00925	1.39494			925.0	1.97738e-07
0.0093	1.36943			930.0	5.57969e-07
0.00935	1.38474			935.0	2.93837e-07
0.0094	1.40514			940.0	1.10574e-07
0.00945	1.42555			945.0	1.85049e-07
0.0095	1.40259			950.0	2.07119e-07
0.00955	1.39239			955.0	3.90234e-07
0.0096	1.39494			960.0	3.23758e-08
0.00965	1.39239			965.0	1.68202e-07
0.0097	1.38474			970.0	2.13298e-07
0.00975	1.38729			975.0	8.76391e-08
0.0098	1.38474			980.0	5.64165e-08
0.00985	1.37964			985.0	2.03104e-07
0.0099	1.39749			990.0	1.49335e-07
0.00995	1.40004			995.0	3.16679e-08
0.01	1.37964			1000.0	1.73188e-08
0.01005	1.35923			1005.0	7.78147e-08
0.0101	1.36178			1010.0	8.01511e-08
0.01015	1.37198			1015.0	1.86735e-07
0.0102	1.40004			1020.0	4.60112e-07
0.01025	1.40514			1025.0	2.63473e-07
0.0103	1.37198			1030.0	6.48232e-08
0.01035	1.34648			1035.0	4.53102e-08
0.0104	1.34393			1040.0	1.43278e-08
0.01045	1.34903			1045.0	5.48622e-08
0.0105	1.35923			1050.0	3.74349e-08
0.01055	1.38729			1055.0	4.87558e-08
0.0106	1.39494			1060.0	1.6688e-07
0.01065	1.37453			1065.0	5.87279e-08
0.0107	1.36688			1070.0	1.65832e-07
0.01075	1.35923			1075.0	1.53332e-06
0.0108	1.36433			1080.0	1.47975e-06
0.01085	1.35923			1085.0	1.36895e-07
0.0109	1.37198			1090.0	5.30413e-07
0.01095	1.36943			1095.0	3.19139e-07
0.011	1.38474			1100.0	1.96053e-07
0.01105	1.37709			1105.0	8.59293e-08
0.0111	1.37453			1110.0	8.2691e-08
0.01115	1.38474			1115.0	2.59608e-08
0.0112	1.37709			1120.0	8.45294e-08
0.01125	1.37964			1125.0	5.58133e-08
0.0113	1.40514			1130.0	1.19356e-08
0.01135	1.4128			1135.0	1.31829e-08
0.0114	1.40514			1140.0	1.94971e-09
0.01145	1.40259			1145.0	2.49427e-09
0.0115	1.4128			1150.0	3.35742e-08
0.01155	1.423			1155.0	2.16628e-07
0.0116	1.423			1160.0	1.52283e-07
0.01165	1.4332			1165.0	5.74918e-08
0.0117	1.42045			1170.0	8.31848e-08
0.01175	1.40514			1175.0	2.64182e-07
0.0118	1.40514			1180.0	2.54521e-07
0.01185	1.42045			1185.0	2.97485e-07
0.0119	1.41535			1190.0	3.1189e-07
0.01195	1.40004			1195.0	1.72894e-07
0.012	1.41025			1200.0	7.75533e-08
0.01205	1.43575			1205.0	2.97358e-08
0.0121	1.423			1210.0	4.17255e-09
0.01215	1.41535			1215.0	3.42226e-08
0.0122	1.42045			1220.0	2.25286e-07
0.01225	1.39749			1225.0	4.13327e-07
0.0123	1.40004			1230.0	8.36562e-09
0.01235	1.42045			1235.0	1.04845e-08
0.0124	1.4332			1240.0	4.33411e-08
0.01245	1.40004			1245.0	1.52207e-07
0.0125	1.39749			1250.0	2.97739e-07
0.01255	1.43575			1255.0	5.75175e-07
0.0126	1.41025			1260.0	4.46876e-07
0.01265	1.37198			1265.0	2.80612e-08
0.0127	1.36943			1270.0	1.46971e-07
0.01275	1.38219			1275.0	2.3455e-07
0.0128	1.40004			1280.0	2.25723e-07
0.01285	1.4128			1285.0	1.78592e-07
0.0129	1.39239			1290.0	2.51394e-07
0.01295	1.36433			1295.0	6.71476e-07
0.013	1.33627			1300.0	1.27977e-06
0.01305	1.33372			1305.0	1.26626e-06
0.0131	1.34903			1310.0	1.04922e-06
0.01315	1.36688			1315.0	4.72085e-07
0.0132	1.36688			1320.0	1.1991e-07
0.01325	1.36433			1325.0	2.79174e-09
0.0133	1.36688			1330.0	2.17581e-07
0.01335	1.37453			1335.0	4.23605e-07
0.0134	1.35923			1340.0	1.11214e-06
0.01345	1.35413			1345.0	1.85022e-06
0.0135	1.33882			1350.0	1.09234e-06
0.01355	1.34137			1355.0	3.04019e-07
0.0136	1.40004			1360.0	2.89867e-08
0.01365	1.4179			1365.0	6.25206e-08
0.0137	1.38474			1370.0	3.03464e-07
0.01375	1.34648			1375.0	1.19253e-07
0.0138	1.34648			1380.0	2.85394e-08
0.01385	1.36688			1385.0	2.61271e-07
0.0139	1.40514			1390.0	5.68816e-07
0.01395	1.44086			1395.0	2.49507e-07
0.014	1.41535			1400.0	2.50161e-07
0.01405	1.39494			1405.0	2.01074e-07
0.0141	1.39494			1410.0	4.64499e-08
0.01415	1.40004			1415.0	1.0193e-08
0.0142	1.40514			1420.0	1.20212e-07
0.01425	1.4128			1425.0	6.23938e-08
0.0143	1.4128			1430.0	1.49644e-08
0.01435	1.41535			1435.0	4.50441e-08
0.0144	1.4128			1440.0	2.23548e-08
0.01445	1.4077			1445.0	5.83254e-08
0.0145	1.38984			1450.0	1.03797e-07
0.01455	1.38219			1455.0	1.08172e-07
0.0146	1.39239			1460.0	1.42904e-07
0.01465	1.4077			1465.0	5.50235e-08
0.0147	1.40514			1470.0	1.13667e-08
0.01475	1.4332			1475.0	7.23624e-08
0.0148	1.41535			1480.0	1.9539e-07
0.01485	1.39239			1485.0	1.16694e-07
0.0149	1.37964			1490.0	1.89512e-07
0.01495	1.40514			1495.0	1.263e-07
0.015	1.40004			1500.0	1.36216e-07
0.01505	1.4128			1505.0	1.10759e-07
0.0151	1.41025			1510.0	5.68845e-08
0.01515	1.41535			1515.0	6.57706e-08
0.0152	1.4128			1520.0	9.52147e-08
0.01525	1.38984			1525.0	5.08243e-08
0.0153	1.39239			1530.0	1.47385e-08
0.01535	1.41025			1535.0	2.35914e-08
0.0154	1.4128			1540.0	8.3238e-08
0.01545	1.39239			1545.0	2.81806e-08
0.0155	1.41535			1550.0	5.28684e-09
0.01555	1.4128			1555.0	2.48829e-08
0.0156	1.39239			1560.0	3.35314e-08
0.01565	1.38729			1565.0	7.57491e-08
0.0157	1.37198			1570.0	5.55786e-08
0.01575	1.39494			1575.0	9.77582e-09
0.0158	1.4128			1580.0	3.15483e-07
0.01585	1.4077			1585.0	2.3205e-07
0.0159	1.37964			1590.0	1.07015e-08
0.01595	1.36943			1595.0	8.62893e-08
0.016	1.39494			1600.0	2.6144e-08
0.01605	1.38474			1605.0	5.95241e-08
0.0161	1.37198			1610.0	6.5675e-08
0.01615	1.40259			1615.0	3.75489e-08
0.0162	1.39749			1620.0	3.17413e-10
0.01625	1.37709			1625.0	8.79376e-09
0.0163	1.37453			1630.0	7.79408e-08
0.01635	1.39494			1635.0	7.77046e-08
0.0164	1.38729			1640.0	1.0703e-07
0.01645	1.38219			1645.0	1.71337e-07
0.0165	1.37198			1650.0	1.82589e-07
0.01655	1.36178			1655.0	2.13646e-07
0.0166	1.36178			1660.0	3.29612e-07
0.01665	1.36178			1665.0	6.11878e-07
0.0167	1.37453			1670.0	3.8121e-07
0.01675	1.37198			1675.0	1.7131e-07
0.0168	1.38984			1680.0	6.34744e-08
0.01685	1.40004			1685.0	3.17525e-09
0.0169	1.39494			1690.0	2.16268e-08
0.01695	1.36943			1695.0	3.73844e-08
0.017	1.39494			1700.0	8.36412e-09
0.01705	1.39749			1705.0	6.33074e-08
0.0171	1.38984			1710.0	2.54277e-07
0.01715	1.39494			1715.0	1.89045e-07
0.0172	1.39239			1720.0	1.94009e-08
0.01725	1.39749			1725.0	1.0853e-08
0.0173	1.40259			1730.0	7.37163e-08
0.01735	1.40259			1735.0	1.85871e-07
0.0174	1.39494			1740.0	3.01874e-07
0.01745	1.37964			1745.0	1.86413e-07
0.0175	1.40514			1750.0	3.79222e-08
0.01755	1.43575			1755.0	8.61176e-08
0.0176	1.40004			1760.0	1.14959e-07
0.01765	1.37964			1765.0	1.97764e-07
0.0177	1.38984			1770.0	1.33804e-07
0.01775	1.40259			1775.0	2.36486e-07
0.0178	1.40514			1780.0	3.24428e-07
0.01785	1.40514			1785.0	1.11195e-07
0.0179	1.4077			1790.0	9.70448e-08
0.01795	1.38219			1795.0	8.70152e-08
0.018	1.36433			1800.0	1.5266e-07
0.01805	1.38729			1805.0	1.36553e-07
0.0181	1.4077			1810.0	7.2796e-08
0.01815	1.37964			1815.0	3.51106e-07
0.0182	1.36178			1820.0	3.32778e-07
0.01825	1.36433			1825.0	4.33571e-07
0.0183	1.37198			1830.0	3.42979e-07
0.01835	1.37709			1835.0	4.14675e-08
0.0184	1.39494			1840.0	1.1621e-08
0.01845	1.39494			1845.0	1.03416e-07
0.0185	1.36433			1850.0	4.25513e-09
0.01855	1.38474			1855.0	9.95766e-08
0.0186	1.37964			1860.0	8.20369e-08
0.01865	1.37709			1865.0	9.79207e-09
0.0187	1.39749			1870.0	1.90653e-07
0.01875	1.40514			1875.0	1.55294e-06
0.0188	1.40004			1880.0	2.22096e-06
0.01885	1.41535			1885.0	2.11385e-06
0.0189	1.4077			1890.0	1.52861e-06
0.01895	1.40259			1895.0	7.19233e-07
0.019	1.38984			1900.0	4.20665e-07
0.01905	1.38219			1905.0	2.0177e-07
0.0191	1.39749			1910.0	3.44151e-07
0.01915	1.42555			1915.0	1.18014e-07
0.0192	1.4128			1920.0	9.57814e-07
0.01925	1.39494			1925.0	1.44939e-08
0.0193	1.40259			1930.0	4.44409e-07
0.01935	1.37709			1935.0	6.15266e-07
0.0194	1.38729			1940.0	5.41813e-07
0.01945	1.39239			1945.0	1.81111e-07
0.0195	1.39239			1950.0	1.78605e-08
0.01955	1.40514			1955.0	2.62072e-07
0.0196	1.4128			1960.0	3.37186e-07
0.01965	1.40514			1965.0	2.23039e-07
0.0197	1.39239			1970.0	3.61658e-07
0.01975	1.38474			1975.0	5.82159e-07
0.0198	1.36433			1980.0	1.74621e-07
0.01985	1.36433			1985.0	9.79567e-08
0.0199	1.39494			1990.0	2.71935e-07
0.01995	1.423			1995.0	6.35604e-07
0.02	1.41535			2000.0	3.01218e-07
0.02005	1.40004			2005.0	2.38144e-07
0.0201	1.37198			2010.0	1.44094e-07
0.02015	1.40004			2015.0	1.01084e-08
0.0202	1.43065			2020.0	3.71629e-09
0.02025	1.40259			2025.0	1.20724e-07
0.0203	1.39239			2030.0	3.1314e-07
0.02035	1.39239			2035.0	1.89069e-07
0.0204	1.40514			2040.0	2.03976e-07
0.02045	1.39749			2045.0	7.10625e-08
0.0205	1.38984			2050.0	2.58451e-07
0.02055	1.36943			2055.0	3.02783e-07
0.0206	1.36433			2060.0	2.91407e-08
0.02065	1.39239			2065.0	3.47989e-07
0.0207	1.4179			2070.0	8.15494e-08
0.02075	1.42555			2075.0	6.21139e-08
0.0208	1.423			2080.0	5.68644e-08
0.02085	1.37964			2085.0	1.06506e-07
0.0209	1.37453			2090.0	1.35608e-07
0.02095	1.36433			2095.0	5.09299e-07
0.021	1.37709			2100.0	6.95645e-07
0.02105	1.38729			2105.0	7.04785e-08
0.0211	1.39239			2110.0	8.42239e-08
0.02115	1.40004			2115.0	1.6095e-07
0.0212	1.39239			2120.0	1.45489e-07
0.02125	1.35668			2125.0	4.11409e-07
0.0213	1.33117			2130.0	8.09248e-07
0.02135	1.34648			2135.0	1.2814e-06
0.0214	1.37709			2140.0	1.13105e-06
0.02145	1.38984			2145.0	5.13219e-07
0.0215	1.40004			2150.0	6.75112e-07
0.02155	1.37453			2155.0	3.35539e-07
0.0216	1.37453			2160.0	1.4663e-07
0.02165	1.38729			2165.0	1.05668e-06
0.0217	1.40259			2170.0	9.30514e-07
0.02175	1.40259			2175.0	3.07418e-07
0.0218	1.37198			2180.0	1.54139e-07
0.02185	1.38729			2185.0	3.01986e-07
0.0219	1.39749			2190.0	1.30292e-07
0.02195	1.4128			2195.0	3.21808e-08
0.022	1.40259			2200.0	5.29692e-08
0.02205	1.39494			2205.0	1.80875e-09
0.0221	1.40514			2210.0	1.55778e-08
0.02215	1.4128			2215.0	1.69234e-07
0.0222	1.42045			2220.0	1.02485e-08
0.02225	1.4077			2225.0	8.96993e-08
0.0223	1.39749			2230.0	4.1756e-08
0.02235	1.39494			2235.0	1.69544e-07
0.0224	1.4077			2240.0	1.89993e-07
0.02245	1.4128			2245.0	1.75564e-07
0.0225	1.40259			2250.0	2.38444e-07
0.02255	1.40004			2255.0	3.40434e-07
0.0226	1.39494			2260.0	9.78721e-08
0.02265	1.39749			2265.0	8.58024e-08
0.0227	1.39239			2270.0	6.56709e-08
0.02275	1.38219			2275.0	2.92693e-07
0.0228	1.36433			2280.0	3.12362e-07
0.02285	1.38219			2285.0	9.11968e-08
0.0229	1.39239			2290.0	8.18821e-08
0.02295	1.39749			2295.0	5.61858e-08
0.023	1.38474			2300.0	4.22424e-08
0.02305	1.38219			2305.0	7.83424e-08
0.0231	1.37964			2310.0	5.31048e-08
0.02315	1.36943			2315.0	9.46799e-08
0.0232	1.36688			2320.0	1.43067e-07
0.02325	1.37453			2325.0	2.76463e-07
0.0233	1.39239			2330.0	5.03407e-07
0.02335	1.39239			2335.0	1.06169e-06
0.0234	1.41535			2340.0	7.78048e-07
0.02345	1.39749			2345.0	4.5249e-07
0.0235	1.38474			2350.0	6.80637e-07
0.02355	1.40514			2355.0	1.56948e-07
0.0236	1.40004			2360.0	5.60321e-07
0.02365	1.38729			2365.0	1.57697e-06
0.0237	1.37964			2370.0	1.33188e-06
0.02375	1.38474			2375.0	5.65727e-07
0.0238	1.38729			2380.0	3.29567e-07
0.02385	1.41025			2385.0	2.04847e-07
0.0239	1.40259			2390.0	3.07955e-07
0.02395	1.37453			2395.0	3.9724e-08
0.024	1.33882			2400.0	2.90626e-06
0.02405	1.34648			2405.0	4.29886e-06
0.0241	1.38729			2410.0	1.50772e-06
0.02415	1.40259			2415.0	4.75571e-06
0.0242	1.4077			2420.0	4.53042e-06
0.02425	1.38474			2425.0	5.04118e-07
0.0243	1.36943			2430.0	3.2079e-07
0.02435	1.36433			2435.0	2.7589e-06
0.0244	1.38729			2440.0	2.11801e-06
0.02445	1.38219			2445.0	6.83693e-07
0.0245	1.37453			2450.0	7.53761e-07
0.02455	1.40514			2455.0	6.83132e-07
0.0246	1.41535			2460.0	2.62156e-07
0.02465	1.4077			2465.0	2.70255e-07
0.0247	1.38474			2470.0	2.58078e-07
0.02475	1.34137			2475.0	1.07217e-07
0.0248	1.34648			2480.0	8.80771e-08
0.02485	1.40004			2485.0	6.1419e-07
0.0249	1.4281			2490.0	1.29344e-06
0.02495	1.42045			2495.0	1.88934e-07
0.025	1.39239			2500.0	4.9434e-07
0.02505	1.35923			2505.0	4.90108e-07
0.0251	1.35923			2510.0	5.66504e-07
0.02515	1.38984			2515.0	4.67419e-07
0.0252	1.41025			2520.0	4.45297e-08
0.02525	1.45616			2525.0	3.20312e-08
0.0253	1.45616			2530.0	9.98269e-08
0.02535	1.39494			2535.0	3.12104e-07
0.0254	1.39494			2540.0	2.70501e-07
0.02545	1.38474			2545.0	6.60766e-07
0.0255	1.37198			2550.0	6.08675e-07
0.02555	1.39494			2555.0	8.56177e-07
0.0256	1.4077			2560.0	2.74357e-07
0.02565	1.43575			2565.0	7.05568e-08
0.0257	1.4332			2570.0	2.86288e-07
0.02575	1.4179			2575.0	4.54632e-07
0.0258	1.37453			2580.0	1.92007e-07
0.02585	1.35413			2585.0	5.02726e-07
0.0259	1.38219			2590.0	1.02852e-06
0.02595	1.41535			2595.0	7.23156e-07
0.026	1.43065			2600.0	4.43847e-07
0.02605	1.40004			2605.0	6.76734e-07
0.0261	1.40514			2610.0	1.79384e-06
0.02615	1.39239			2615.0	1.75837e-06
0.0262	1.37453			2620.0	1.25626e-06
0.02625	1.36688			2625.0	2.67268e-06
0.0263	1.37198			2630.0	7.66276e-06
0.02635	1.39749			2635.0	1.03095e-05
0.0264	1.38474			2640.0	6.82775e-06
0.02645	1.38984			2645.0	2.50619e-06
0.0265	1.37198			2650.0	1.9783e-08
0.02655	1.36433			2655.0	9.88207e-07
0.0266	1.35413			2660.0	1.50891e-06
0.02665	1.35923			2665.0	1.89564e-06
0.0267	1.37964			2670.0	2.44742e-06
0.02675	1.38474			2675.0	1.40004e-05
0.0268	1.39239			2680.0	3.09073e-05
0.02685	1.39494			2685.0	7.41103e-05
0.0269	1.41025			2690.0	5.4926e-05
0.02695	1.38474			2695.0	1.02963e-05
0.027	1.38729			2700.0	6.42401e-06
0.02705	1.38729			2705.0	3.00258e-05
0.0271	1.39239			2710.0	1.34754e-05
0.02715	1.38729			2715.0	1.53535e-06
0.0272	1.38729			2720.0	1.80804e-06
0.02725	1.40514			2725.0	2.34748e-06
0.0273	1.40514			2730.0	1.06235e-06
0.02735	1.40514			2735.0	7.73035e-07
0.0274	1.40259			2740.0	1.74584e-07
0.02745	1.42555			2745.0	3.35901e-08
0.0275	1.4383			2750.0	3.59708e-07
0.02755	1.423			2755.0	5.17253e-07
0.0276	1.38984			2760.0	3.82736e-07
0.02765	1.37198			2765.0	1.73381e-09
0.0277	1.39239			2770.0	1.27726e-07
0.02775	1.40259			2775.0	3.2202e-07
0.0278	1.40514			2780.0	1.14927e-06
0.02785	1.39494			2785.0	3.82373e-07
0.0279	1.38729			2790.0	7.97764e-09
0.02795	1.39494			2795.0	8.81183e-08
0.028	1.4077			2800.0	6.61717e-07
0.02805	1.39239			2805.0	2.10949e-07
0.0281	1.35923			2810.0	4.95412e-07
0.02815	1.36943			2815.0	2.52919e-07
0.0282	1.41025			2820.0	7.91899e-07
0.02825	1.4332			2825.0	1.48688e-07
0.0283	1.44596			2830.0	1.11845e-06
0.02835	1.42045			2835.0	1.3566e-06
0.0284	1.37709			2840.0	9.70441e-08
0.02845	1.37198			2845.0	7.95555e-07
0.0285	1.38984			2850.0	5.01778e-07
0.02855	1.41535			2855.0	1.20936e-08
0.0286	1.4077			2860.0	1.23546e-07
0.02865	1.40004			2865.0	1.00469e-06
0.0287	1.39494			2870.0	1.66704e-06
0.02875	1.38984			2875.0	1.70065e-06
0.0288	1.36433			2880.0	2.61855e-06
0.02885	1.36688			2885.0	1.83572e-06
0.0289	1.37709			2890.0	4.56403e-07
0.02895	1.39494			2895.0	2.26994e-06
0.029	1.4077			2900.0	4.78079e-06
0.02905	1.39494			2905.0	3.29951e-06
0.0291	1.37198			2910.0	1.54957e-06
0.02915	1.35413			2915.0	3.78474e-07
0.0292	1.35923			2920.0	5.26414e-07
0.02925	1.38219			2925.0	4.19255e-07
0.0293	1.39494			2930.0	7.27629e-07
0.02935	1.38474			2935.0	1.60631e-06
0.0294	1.38984			2940.0	8.15295e-07
0.02945	1.38729			2945.0	2.68926e-07
0.0295	1.37964			2950.0	1.59407e-06
0.02955	1.37709			2955.0	3.41409e-06
0.0296	1.37453			2960.0	1.87112e-06
0.02965	1.36943			2965.0	9.385e-07
0.0297	1.38219			2970.0	2.69193e-06
0.02975	1.39494			2975.0	4.7968e-06
0.0298	1.39749			2980.0	2.23538e-06
0.02985	1.38729			2985.0	1.87251e-06
0.0299	1.39494			2990.0	2.74363e-07
0.02995	1.39749			2995.0	5.38159e-07
0.03	1.37709			3000.0	1.13209e-06
0.03005	1.37709			3005.0	5.67073e-07
0.0301	1.40259			3010.0	9.90777e-08
0.03015	1.41535			3015.0	1.64303e-07
0.0302	1.4077			3020.0	1.07573e-08
0.03025	1.38474			3025.0	9.27597e-08
0.0303	1.36688			3030.0	1.11235e-07
0.03035	1.35923			3035.0	5.5193e-08
0.0304	1.38984			3040.0	1.30685e-07
0.03045	1.40514			3045.0	2.47794e-07
0.0305	1.4281			3050.0	8.99044e-07
0.03055	1.40259			3055.0	6.81901e-07
0.0306	1.39494			3060.0	3.62855e-07
0.03065	1.38219			3065.0	5.44043e-07
0.0307	1.37453			3070.0	3.25164e-07
0.03075	1.34393			3075.0	2.20032e-07
0.0308	1.34393			3080.0	1.15799e-07
0.03085	1.39749			3085.0	6.21552e-07
0.0309	1.42555			3090.0	1.46102e-06
0.03095	1.423			3095.0	7.40217e-07
0.031	1.39494			3100.0	2.49953e-07
0.03105	1.35413			3105.0	4.65255e-07
0.0311	1.34393			3110.0	1.41651e-07
0.03115	1.35668			3115.0	2.12936e-07
0.0312	1.34648			3120.0	3.27056e-07
0.03125	1.36688			3125.0	8.30071e-08
0.0313	1.40514			3130.0	1.92948e-07
0.03135	1.40004			3135.0	3.15043e-07
0.0314	1.37709			3140.0	2.41284e-07
0.03145	1.35413			3145.0	8.21062e-07
0.0315	1.35413			3150.0	4.50734e-07
0.03155	1.37709			3155.0	3.46664e-07
0.0316	1.40004			3160.0	6.00232e-07
0.03165	1.42045			3165.0	2.71799e-07
0.0317	1.4128			3170.0	9.89699e-08
0.03175	1.40259			3175.0	9.56527e-08
0.0318	1.41025			3180.0	1.1561e-07
0.03185	1.39494			3185.0	4.47795e-07
0.0319	1.35923			3190.0	1.14785e-07
0.03195	1.40259			3195.0	1.02489e-07
0.032	1.45616			3200.0	4.35226e-08
0.03205	1.47912			3205.0	1.45112e-07
0.0321	1.4332			3210.0	1.85142e-07
0.03215	1.37453			3215.0	1.78395e-08
0.0322	1.35158			3220.0	1.15944e-07
0.03225	1.40004			3225.0	4.04233e-07
0.0323	1.44596			3230.0	4.81063e-07
0.03235	1.44341			3235.0	6.5918e-07
0.0324	1.43065			3240.0	5.91467e-07
0.03245	1.41025			3245.0	3.42562e-07
0.0325	1.4077			3250.0	2.28156e-07
0.03255	1.41535			3255.0	3.52458e-08
0.0326	1.39494			3260.0	1.10474e-07
0.03265	1.36433			3265.0	3.26476e-07
0.0327	1.37198			3270.0	3.29563e-07
0.03275	1.40004			3275.0	1.84188e-07
0.0328	1.4179			3280.0	1.88883e-08
0.03285	1.40259			3285.0	5.93997e-07
0.0329	1.36433			3290.0	9.70659e-07
0.03295	1.32352			3295.0	5.90783e-07
0.033	1.34648			3300.0	2.03179e-07
0.03305	1.39749			3305.0	6.37188e-08
0.0331	1.40514			3310.0	1.96192e-07
0.03315	1.37964			3315.0	3.31854e-07
0.0332	1.37453			3320.0	8.22566e-08
0.03325	1.37198			3325.0	5.59138e-08
0.0333	1.37198			3330.0	4.06361e-08
0.03335	1.38474			3335.0	2.78921e-07
0.0334	1.38984			3340.0	2.23245e-07
0.03345	1.39749			3345.0	1.32237e-07
0.0335	1.4077			3350.0	9.43577e-07
0.03355	1.40259			3355.0	6.17207e-07
0.0336	1.38729			3360.0	5.88761e-08
0.03365	1.38219			3365.0	3.23692e-08
0.0337	1.40259			3370.0	4.97878e-08
0.03375	1.40259			3375.0	1.91019e-07
0.0338	1.40259			3380.0	9.80819e-08
0.03385	1.38474			3385.0	1.89275e-07
0.0339	1.39749			3390.0	1.026e-07
0.03395	1.41025			3395.0	2.32711e-08
0.034	1.39749			3400.0	2.57436e-08
0.03405	1.39239			3405.0	1.17899e-09
0.0341	1.37709			3410.0	4.27151e-07
0.03415	1.37709			3415.0	8.58494e-07
0.0342	1.42045			3420.0	3.58234e-07
0.03425	1.423			3425.0	1.44519e-07
0.0343	1.39749			3430.0	6.78126e-08
0.03435	1.38984			3435.0	2.02264e-07
0.0344	1.35413			3440.0	8.56924e-07
0.03445	1.36433			3445.0	9.26756e-07
0.0345	1.39239			3450.0	4.9994e-07
0.03455	1.42045			3455.0	2.49057e-07
0.0346	1.41025			3460.0	1.10931e-07
0.03465	1.39494			3465.0	7.26833e-08
0.0347	1.35923			3470.0	4.50084e-07
0.03475	1.35668			3475.0	3.88281e-07
0.0348	1.36688			3480.0	3.58394e-07
0.03485	1.40514			3485.0	3.64522e-07
0.0349	1.4179			3490.0	1.51464e-06
0.03495	1.42045			3495.0	8.80178e-07
0.035	1.37453			3500.0	6.86057e-07
0.03505	1.37453			3505.0	3.87027e-07
0.0351	1.42045			3510.0	7.76288e-08
0.03515	1.42555			3515.0	5.61503e-07
0.0352	1.39494			3520.0	9.21094e-07
0.03525	1.38474			3525.0	1.15936e-06
0.0353	1.39749			3530.0	8.78499e-07
0.03535	1.41535			3535.0	5.15264e-07
0.0354	1.43065			3540.0	3.05019e-07
0.03545	1.40514			3545.0	1.07277e-06
0.0355	1.38474			3550.0	5.69113e-07
0.03555	1.37198			3555.0	7.46302e-07
0.0356	1.41025			3560.0	1.79224e-06
0.03565	1.45361			3565.0	1.8341e-06
0.0357	1.42555			3570.0	5.49146e-07
0.03575	1.38984			3575.0	9.81113e-08
0.0358	1.36433			3580.0	1.82489e-07
0.03585	1.34648			3585.0	1.33203e-06
0.0359	1.37198			3590.0	1.87452e-06
0.03595	1.39494			3595.0	1.43813e-06
0.036	1.39749			3600.0	8.40012e-07
0.03605	1.37453			3605.0	6.34152e-07
0.0361	1.37198			3610.0	9.34233e-07
0.03615	1.40259			3615.0	3.90189e-07
0.0362	1.39749			3620.0	1.02159e-06
0.03625	1.37964			3625.0	1.71646e-06
0.0363	1.35668			3630.0	1.39364e-06
0.03635	1.35158			3635.0	1.88077e-06
0.0364	1.39749			3640.0	4.04249e-07
0.03645	1.423			3645.0	4.21829e-07
0.0365	1.41025			3650.0	1.36233e-07
0.03655	1.39239			3655.0	2.25496e-06
0.0366	1.38219			3660.0	9.39861e-07
0.03665	1.38729			3665.0	9.56722e-07
0.0367	1.40259			3670.0	2.01647e-06
0.03675	1.40004			3675.0	1.75966e-07
0.0368	1.39239			3680.0	9.45076e-07
0.03685	1.37709			3685.0	5.35332e-07
0.0369	1.39239			3690.0	1.25888e-07
0.03695	1.41025			3695.0	2.46231e-07
0.037	1.40004			3700.0	2.58549e-07
0.03705	1.36433			3705.0	1.19919e-06
0.0371	1.36433			3710.0	1.73152e-06
0.03715	1.38984			3715.0	7.09613e-07
0.0372	1.38984			3720.0	3.04105e-07
0.03725	1.38729			3725.0	5.62118e-07
0.0373	1.38474			3730.0	1.57972e-07
0.03735	1.37709			3735.0	2.16695e-07
0.0374	1.37453			3740.0	2.16994e-07
0.03745	1.37198			3745.0	4.05458e-08
0.0375	1.37453			3750.0	8.81801e-07
0.03755	1.39494			3755.0	1.32507e-06
0.0376	1.40004			3760.0	1.98546e-06
0.03765	1.40004			3765.0	7.71899e-07
0.0377	1.39239			3770.0	1.1197e-07
0.03775	1.36433			3775.0	1.8267e-06
0.0378	1.39239			3780.0	4.37699e-06
0.03785	1.42555			3785.0	3.34444e-06
0.0379	1.4128			3790.0	1.30265e-06
0.03795	1.39239			3795.0	9.02377e-07
0.038	1.42555			3800.0	1.93897e-07
0.03805	1.4332			3805.0	8.45849e-07
0.0381	1.423			3810.0	9.08068e-07
0.03815	1.37964			3815.0	6.2798e-07
0.0382	1.37964			3820.0	7.13935e-07
0.03825	1.38474			3825.0	2.34392e-06
0.0383	1.41025			3830.0	2.83192e-06
0.03835	1.4077			3835.0	4.49992e-07
0.0384	1.37964			3840.0	4.82923e-08
0.03845	1.35668			3845.0	5.54142e-07
0.0385	1.36433			3850.0	7.21457e-07
0.03855	1.36688			3855.0	6.23777e-07
0.0386	1.36178			3860.0	4.80539e-07
0.03865	1.39494			3865.0	4.798e-07
0.0387	1.39239			3870.0	4.58666e-07
0.03875	1.37198			3875.0	7.07138e-07
0.0388	1.36943			3880.0	1.85055e-06
0.03885	1.37964			3885.0	1.45157e-06
0.0389	1.37198			3890.0	5.60939e-07
0.03895	1.37964			3895.0	2.42756e-06
0.039	1.4179			3900.0	2.03381e-06
0.03905	1.40004			3905.0	5.10114e-07
0.0391	1.38984			3910.0	4.66091e-07
0.03915	1.40514			3915.0	4.49878e-07
0.0392	1.4077			3920.0	2.31735e-07
0.03925	1.39239			3925.0	9.66816e-07
0.0393	1.38729			3930.0	1.48294e-06
0.03935	1.4077			3935.0	1.32113e-06
0.0394	1.43065			3940.0	2.35571e-07
0.03945	1.42555			3945.0	1.5154e-07
0.0395	1.4179			3950.0	5.19467e-08
0.03955	1.38984			3955.0	1.48205e-07
0.0396	1.38474			3960.0	2.00387e-07
0.03965	1.38474			3965.0	5.56691e-07
0.0397	1.40514			3970.0	1.39338e-06
0.03975	1.40004			3975.0	2.02721e-06
0.0398	1.38729			3980.0	1.25856e-06
0.03985	1.38219			3985.0	3.84034e-08
0.0399	1.39494			3990.0	2.95755e-07
0.03995	1.39494			3995.0	2.6699e-08
0.04	1.40004			4000.0	5.02981e-07
0.04005	1.38219			4005.0	7.46997e-07
0.0401	1.37709			4010.0	1.21993e-07
0.04015	1.37453			4015.0	9.24318e-08
0.0402	1.40259			4020.0	1.50327e-06
0.04025	1.40514			4025.0	1.91607e-06
0.0403	1.39749			4030.0	1.07844e-06
0.04035	1.39239			4035.0	6.53308e-07
0.0404	1.39239			4040.0	5.25116e-07
0.04045	1.38729			4045.0	3.13337e-06
0.0405	1.40514			4050.0	4.13647e-06
0.04055	1.4077			4055.0	1.6679e-06
0.0406	1.423			4060.0	3.62214e-07
0.04065	1.41535			4065.0	3.66672e-07
0.0407	1.38474			4070.0	1.17931e-06
0.04075	1.38474			4075.0	1.65859e-06
0.0408	1.40004			4080.0	3.16983e-07
0.04085	1.39494			4085.0	3.15423e-07
0.0409	1.4128			4090.0	1.39941e-06
0.04095	1.39494			4095.0	4.76929e-06
0.041	1.38729			4100.0	2.36749e-06
0.04105	1.40514			4105.0	8.5353e-07
0.0411	1.40514			4110.0	7.92785e-08
0.04115	1.36943			4115.0	9.06484e-07
0.0412	1.34648			4120.0	1.26678e-06
0.04125	1.38474			4125.0	8.5388e-07
0.0413	1.39749			4130.0	1.27743e-06
0.04135	1.38474			4135.0	2.48621e-06
0.0414	1.40514			4140.0	1.343e-06
0.04145	1.40004			4145.0	1.34407e-06
0.0415	1.38474			4150.0	1.08999e-06
0.04155	1.37964			4155.0	5.49795e-07
0.0416	1.38729			4160.0	3.8519e-07
0.04165	1.40259			4165.0	6.01709e-07
0.0417	1.37964			4170.0	1.4138e-06
0.04175	1.36433			4175.0	1.40411e-06
0.0418	1.37198			4180.0	3.25369e-07
0.04185	1.38219			4185.0	2.48345e-07
0.0419	1.4128			4190.0	6.89434e-07
0.04195	1.4179			4195.0	1.36581e-07
0.042	1.37453			4200.0	5.80566e-07
0.04205	1.35923			4205.0	8.28291e-07
0.0421	1.39494			4210.0	8.86513e-07
0.04215	1.41535			4215.0	5.20055e-08
0.0422	1.40004			4220.0	2.00902e-08
0.04225	1.39749			4225.0	1.21391e-07
0.0423	1.39494			4230.0	5.69577e-07
0.04235	1.39494			4235.0	2.02903e-07
0.0424	1.40004			4240.0	7.61666e-07
0.04245	1.4128			4245.0	5.09309e-07
0.0425	1.37964			4250.0	5.02915e-08
0.04255	1.35923			4255.0	4.21412e-08
0.0426	1.35413			4260.0	5.05569e-08
0.04265	1.38729			4265.0	2.67939e-07
0.0427	1.38474			4270.0	1.32928e-07
0.04275	1.40259			4275.0	5.12178e-07
0.0428	1.39749			4280.0	3.71575e-07
0.04285	1.36178			4285.0	6.98364e-09
0.0429	1.35668			4290.0	4.65661e-08
0.04295	1.38984			4295.0	2.04652e-07
0.043	1.4281			4300.0	3.805e-07
0.04305	1.40514			4305.0	3.00036e-07
0.0431	1.36943			4310.0	1.61403e-07
0.04315	1.38219			4315.0	1.52493e-07
0.0432	1.4128			4320.0	1.70096e-07
0.04325	1.43065			4325.0	1.61695e-07
0.0433	1.41535			4330.0	2.94703e-07
0.04335	1.39239			4335.0	2.08049e-07
0.0434	1.38474			4340.0	7.98748e-08
0.04345	1.39239			4345.0	1.30624e-07
0.0435	1.43065			4350.0	2.7967e-08
0.04355	1.43575			4355.0	3.32964e-07
0.0436	1.37964			4360.0	3.58282e-07
0.04365	1.34393			4365.0	1.0375e-07
0.0437	1.37198			4370.0	2.05375e-07
0.04375	1.40259			4375.0	2.1492e-07
0.0438	1.38729			4380.0	6.13148e-09
0.04385	1.40514			4385.0	6.32979e-09
0.0439	1.37964			4390.0	1.53296e-07
0.04395	1.37709			4395.0	5.50317e-07
0.044	1.38984			4400.0	2.91043e-07
0.04405	1.38984			4405.0	3.19224e-08
0.0441	1.37964			4410.0	2.94363e-08
0.04415	1.37964			4415.0	8.68666e-08
0.0442	1.38729			4420.0	3.0302e-07
0.04425	1.40004			4425.0	8.24113e-07
0.0443	1.39494			4430.0	4.8867e-07
0.04435	1.37709			4435.0	1.6073e-07
0.0444	1.39749			4440.0	3.35338e-07
0.04445	1.41025			4445.0	3.0847e-07
0.0445	1.38474			4450.0	3.34995e-07
0.04455	1.38474			4455.0	3.79673e-08
0.0446	1.38474			4460.0	3.32963e-07
0.04465	1.39239			4465.0	4.56098e-07
0.0447	1.41025			4470.0	7.92196e-08
0.04475	1.38474			4475.0	7.31763e-09
0.0448	1.36943			4480.0	2.17288e-08
0.04485	1.36688			4485.0	1.34988e-07
0.0449	1.39749			4490.0	1.56567e-07
0.04495	1.39494			4495.0	4.02999e-08
0.045	1.38474			4500.0	3.29021e-08
0.04505	1.36943			4505.0	2.06629e-08
0.0451	1.38984			4510.0	9.23252e-08
0.04515	1.4128			4515.0	6.54008e-08
0.0452	1.4077			4520.0	2.95119e-08
0.04525	1.4179			4525.0	3.01488e-08
0.0453	1.38729			4530.0	2.99931e-07
0.04535	1.36433			4535.0	5.89281e-07
0.0454	1.37453			4540.0	5.44332e-07
0.04545	1.39749			4545.0	3.17227e-07
0.0455	1.423			4550.0	2.29958e-08
0.04555	1.43575			4555.0	5.51505e-08
0.0456	1.4179			4560.0	2.68775e-08
0.04565	1.39494			4565.0	5.57364e-08
0.0457	1.38219			4570.0	2.42902e-07
0.04575	1.38219			4575.0	2.53013e-07
0.0458	1.37964			4580.0	9.90469e-08
0.04585	1.39494			4585.0	1.10248e-07
0.0459	1.38219			4590.0	1.41454e-07
0.04595	1.40514			4595.0	1.43313e-08
0.046	1.40514			4600.0	1.56135e-07
0.04605	1.38219			4605.0	3.91699e-07
0.0461	1.36943			4610.0	6.56651e-07
0.04615	1.37198			4615.0	4.03567e-07
0.0462	1.33372			4620.0	2.68673e-07
0.04625	1.39239			4625.0	1.92533e-07
0.0463	1.43575			4630.0	1.8912e-07
0.04635	1.423			4635.0	3.9656e-07
0.0464	1.39494			4640.0	1.50187e-07
0.04645	1.37198			4645.0	2.31703e-07
0.0465	1.35923			4650.0	3.24709e-07
0.04655	1.37198			4655.0	2.16021e-07
0.0466	1.38984			4660.0	1.39566e-07
0.04665	1.41025			4665.0	1.78493e-07
0.0467	1.4077			4670.0	2.98532e-07
0.04675	1.40514			4675.0	8.61642e-08
0.0468	1.38984			4680.0	5.6715e-08
0.04685	1.37964			4685.0	5.34802e-08
0.0469	1.37453			4690.0	2.04253e-07
0.04695	1.37709			4695.0	1.56442e-07
0.047	1.423			4700.0	3.14892e-07
0.04705	1.4383			4705.0	1.08487e-07
0.0471	1.4281			4710.0	6.72256e-08
0.04715	1.40514			4715.0	2.5856e-07
0.0472	1.4128			4720.0	2.38936e-07
0.04725	1.40514			4725.0	2.11071e-07
0.0473	1.40259			4730.0	3.49383e-07
0.04735	1.39239			4735.0	1.29711e-07
0.0474	1.40514			4740.0	6.40096e-08
0.04745	1.42045			4745.0	1.81011e-07
0.0475	1.4128			4750.0	2.28714e-08
0.04755	1.37964			4755.0	1.10852e-07
0.0476	1.39239			4760.0	3.78263e-08
0.04765	1.38729			4765.0	2.02328e-08
0.0477	1.38984			4770.0	7.06462e-09
0.04775	1.38219			4775.0	3.84422e-08
0.0478	1.38474			4780.0	4.30717e-07
0.04785	1.36943			4785.0	2.20028e-07
0.0479	1.38729			4790.0	1.45992e-07
0.04795	1.4128			4795.0	4.47698e-07
0.048	1.38474			4800.0	1.46711e-07
0.04805	1.38474			4805.0	1.38327e-08
0.0481	1.39494			4810.0	8.23357e-08
0.04815	1.40514			4815.0	2.10125e-08
0.0482	1.39239			4820.0	1.40982e-10
0.04825	1.41535			4825.0	5.20838e-08
0.0483	1.40004			4830.0	1.23324e-07
0.04835	1.39749			4835.0	6.74071e-08
0.0484	1.4128			4840.0	2.90392e-07
0.04845	1.423			4845.0	3.08184e-07
0.0485	1.423			4850.0	2.33697e-07
0.04855	1.4179			4855.0	1.3877e-07
0.0486	1.4128			4860.0	9.14635e-08
0.04865	1.4179			4865.0	1.62734e-07
0.0487	1.40004			4870.0	6.47134e-08
0.04875	1.38219			4875.0	1.28771e-07
0.0488	1.40259			4880.0	1.43995e-07
0.04885	1.43065			4885.0	5.0209e-08
0.0489	1.40514			4890.0	8.83855e-08
0.04895	1.41025			4895.0	2.10171e-07
0.049	1.41535			4900.0	2.59106e-08
0.04905	1.39494			4905.0	1.13035e-07
0.0491	1.36688			4910.0	1.2513e-07
0.04915	1.36688			4915.0	1.66919e-07
0.0492	1.37453			4920.0	3.61684e-07
0.04925	1.36943			4925.0	5.05445e-07
0.0493	1.40259			4930.0	2.3221e-07
0.04935	1.39749			4935.0	1.96239e-07
0.0494	1.36433			4940.0	1.69166e-07
0.04945	1.30821			4945.0	1.40257e-07
0.0495	1.32607			4950.0	9.984e-08
0.04955	1.37709			4955.0	1.9512e-08
0.0496	1.38474			4960.0	7.46377e-08
0.04965	1.37964			4965.0	6.07149e-08
0.0497	1.37964			4970.0	3.17289e-08
0.04975	1.36688			4975.0	2.56179e-07
0.0498	1.36433			4980.0	1.89703e-07
0.04985	1.36943			4985.0	1.65076e-07
0.0499	1.36943			4990.0	1.80845e-07
0.04995	1.35668			4995.0	3.99688e-08
0.05	1.37964			5000.0	2.0309e-08
0.05005	1.38474			5005.0	1.09684e-07
0.0501	1.37709			5010.0	1.29301e-07
0.05015	1.38219			5015.0	6.75077e-08
0.0502	1.38729			5020.0	3.20007e-08
0.05025	1.34903			5025.0	8.05854e-08
0.0503	1.34137			5030.0	4.67184e-08
0.05035	1.40259			5035.0	3.10177e-07
0.0504	1.42555			5040.0	4.52086e-07
0.05045	1.40259			5045.0	1.94182e-07
0.0505	1.35413			5050.0	1.32735e-07
0.05055	1.36178			5055.0	4.88908e-08
0.0506	1.39239			5060.0	5.86075e-08
0.05065	1.4128			5065.0	4.44673e-08
0.0507	1.4128			5070.0	8.25289e-08
0.05075	1.42555			5075.0	2.52701e-07
0.0508	1.39239			5080.0	1.67196e-07
0.05085	1.42045			5085.0	4.08074e-08
0.0509	1.423			5090.0	3.66063e-08
0.05095	1.40514			5095.0	1.48741e-07
0.051	1.36943			5100.0	3.03011e-07
0.05105	1.36943			5105.0	1.55469e-07
0.0511	1.38984			5110.0	9.63977e-08
0.05115	1.4179			5115.0	1.57651e-07
0.0512	1.423			5120.0	9.20148e-08
0.05125	1.41535			5125.0	1.60946e-07
0.0513	1.39239			5130.0	1.16288e-07
0.05135	1.37453			5135.0	1.80088e-07
0.0514	1.37964			5140.0	2.06883e-07
0.05145	1.4077			5145.0	4.95712e-08
0.0515	1.39494			5150.0	5.30442e-09
0.05155	1.37964			5155.0	2.40885e-08
0.0516	1.38984			5160.0	2.60569e-08
0.05165	1.38474			5165.0	2.66303e-08
0.0517	1.38219			5170.0	4.73273e-08
0.05175	1.39749			5175.0	9.74509e-08
0.0518	1.40514			5180.0	8.99714e-08
0.05185	1.40514			5185.0	8.01306e-08
0.0519	1.36943			5190.0	5.20771e-08
0.05195	1.36943			5195.0	1.44105e-07
0.052	1.38474			5200.0	4.97932e-08
0.05205	1.40514			5205.0	5.74782e-09
0.0521	1.40004			5210.0	1.79347e-07
0.05215	1.38729			5215.0	2.72419e-07
0.0522	1.38474			5220.0	1.84544e-07
0.05225	1.4077			5225.0	2.13807e-07
0.0523	1.40514			5230.0	2.17599e-07
0.05235	1.39749			5235.0	3.39742e-07
0.0524	1.37964			5240.0	2.87035e-07
0.05245	1.37198			5245.0	2.12258e-07
0.0525	1.36433			5250.0	1.58564e-07
0.05255	1.40259			5255.0	3.17716e-07
0.0526	1.41025			5260.0	3.03203e-07
0.05265	1.37709			5265.0	9.85299e-08
0.0527	1.40514			5270.0	6.3956e-08
0.05275	1.41535			5275.0	1.30276e-07
0.0528	1.43575			5280.0	1.28888e-07
0.05285	1.38474			5285.0	3.59262e-07
0.0529	1.37198			5290.0	5.06053e-07
0.05295	1.38474			5295.0	6.04919e-08
0.053	1.38219			5300.0	9.48449e-09
0.05305	1.42555			5305.0	6.92544e-08
0.0531	1.44851			5310.0	1.24028e-07
0.05315	1.40514			5315.0	7.98513e-08
0.0532	1.35158			5320.0	1.56253e-07
0.05325	1.34393			5325.0	5.79025e-08
0.0533	1.37453			5330.0	5.91426e-08
0.05335	1.4077			5335.0	5.66223e-09
0.0534	1.42555			5340.0	2.22029e-08
0.05345	1.43065			5345.0	5.91008e-08
0.0535	1.39494			5350.0	5.2532e-08
0.05355	1.38219			5355.0	9.27633e-08
0.0536	1.38729			5360.0	2.20097e-07
0.05365	1.38474			5365.0	1.03282e-07
0.0537	1.36943			5370.0	1.26239e-07
0.05375	1.42045			5375.0	1.49535e-07
0.0538	1.43065			5380.0	2.36088e-08
0.05385	1.39494			5385.0	6.02816e-08
0.0539	1.38984			5390.0	1.67174e-08
0.05395	1.38219			5395.0	2.12729e-08
0.054	1.35413			5400.0	2.30689e-07
0.05405	1.36178			5405.0	4.48721e-07
0.0541	1.423			5410.0	2.9675e-07
0.05415	1.43575			5415.0	7.53576e-08
0.0542	1.40004			5420.0	2.12372e-08
0.05425	1.35413			5425.0	9.1382e-10
0.0543	1.35158			5430.0	2.9112e-08
0.05435	1.37964			5435.0	1.26793e-07
0.0544	1.41025			5440.0	6.338e-08
0.05445	1.4179			5445.0	5.64004e-08
0.0545	1.41025			5450.0	7.29845e-08
0.05455	1.40004			5455.0	9.2714e-08
0.0546	1.38984			5460.0	1.90098e-07
0.05465	1.39494			5465.0	3.78186e-08
0.0547	1.38729			5470.0	7.28047e-08
0.05475	1.37709			5475.0	1.86152e-07
0.0548	1.36433			5480.0	1.84273e-07
0.05485	1.37453			5485.0	1.24601e-07
0.0549	1.41025			5490.0	2.97902e-08
0.05495	1.4179			5495.0	1.44805e-08
0.055	1.39239			5500.0	9.76536e-08
0.05505	1.37709			5505.0	1.08872e-07
0.0551	1.36178			5510.0	2.07603e-08
0.05515	1.37198			5515.0	2.30375e-07
0.0552	1.40259			5520.0	3.43697e-07
0.05525	1.38474			5525.0	1.82322e-07
0.0553	1.37964			5530.0	7.29328e-08
0.05535	1.40259			5535.0	1.89439e-07
0.0554	1.38474			5540.0	6.41568e-08
0.05545	1.36943			5545.0	3.53968e-09
0.0555	1.38729			5550.0	1.17572e-07
0.05555	1.38984			5555.0	3.52491e-07
0.0556	1.39494			5560.0	1.28312e-07
0.05565	1.41535			5565.0	9.90479e-08
0.0557	1.40514			5570.0	5.25451e-08
0.05575	1.39239			5575.0	8.71903e-08
0.0558	1.38984			5580.0	7.01336e-08
0.05585	1.39494			5585.0	2.88621e-09
0.0559	1.39494			5590.0	2.03204e-07
0.05595	1.39749			5595.0	1.85207e-07
0.056	1.42555			5600.0	1.37658e-07
0.05605	1.42045			5605.0	6.89247e-07
0.0561	1.41025			5610.0	5.59295e-07
0.05615	1.39494			5615.0	3.77676e-07
0.0562	1.38729			5620.0	6.35917e-07
0.05625	1.38984			5625.0	9.14434e-08
0.0563	1.4077			5630.0	3.93573e-07
0.05635	1.39749			5635.0	7.25999e-07
0.0564	1.38474			5640.0	7.56267e-07
0.05645	1.38219			5645.0	4.23882e-07
0.0565	1.37709			5650.0	4.76666e-08
0.05655	1.36433			5655.0	2.30993e-08
0.0566	1.38474			5660.0	1.98032e-07
0.05665	1.36943			5665.0	3.85221e-07
0.0567	1.36433			5670.0	5.67564e-07
0.05675	1.37198			5675.0	6.65722e-07
0.0568	1.36433			5680.0	2.31083e-07
0.05685	1.35158			5685.0	8.47718e-08
0.0569	1.34393			5690.0	1.39346e-07
0.05695	1.34648			5695.0	4.07626e-07
0.057	1.36943			5700.0	2.82204e-08
0.05705	1.38984			5705.0	6.75461e-08
0.0571	1.38729			5710.0	8.11743e-08
0.05715	1.4077			5715.0	7.85008e-08
0.0572	1.41535			5720.0	3.36923e-08
0.05725	1.39749			5725.0	6.38776e-08
0.0573	1.39494			5730.0	2.59163e-07
0.05735	1.38729			5735.0	1.74687e-07
0.0574	1.38474			5740.0	1.41839e-08
0.05745	1.4077			5745.0	1.07487e-07
0.0575	1.46126			5750.0	3.09859e-07
0.05755	1.44596			5755.0	4.64919e-08
0.0576	1.39239			5760.0	2.78516e-07
0.05765	1.40004			5765.0	3.59115e-07
0.0577	1.38219			5770.0	1.47517e-07
0.05775	1.37198			5775.0	4.59829e-08
0.0578	1.42045			5780.0	2.15148e-07
0.05785	1.42045			5785.0	4.02788e-07
0.0579	1.43575			5790.0	1.72777e-07
0.05795	1.39494			5795.0	4.28292e-08
0.058	1.37709			5800.0	1.09269e-09
0.05805	1.38474			5805.0	6.56988e-08
0.0581	1.38474			5810.0	6.86855e-07
0.05815	1.39494			5815.0	4.7601e-07
0.0582	1.40514			5820.0	3.35708e-07
0.05825	1.42045			5825.0	8.95357e-09
0.0583	1.39494			5830.0	2.60233e-07
0.05835	1.40259			5835.0	4.61741e-08
0.0584	1.36943			5840.0	9.55531e-07
0.05845	1.32607			5845.0	9.5723e-07
0.0585	1.34393			5850.0	3.45389e-07
0.05855	1.38984			5855.0	3.54215e-07
0.0586	1.38729			5860.0	4.97462e-07
0.05865	1.37709			5865.0	6.28342e-07
0.0587	1.37453			5870.0	5.06691e-07
0.05875	1.35923			5875.0	2.30295e-08
0.0588	1.36178			5880.0	4.58996e-07
0.05885	1.38474			5885.0	2.82166e-07
0.0589	1.38729			5890.0	3.95145e-08
0.05895	1.39494			5895.0	8.95518e-08
0.059	1.4077			5900.0	3.70659e-07
0.05905	1.42555			5905.0	8.05944e-07
0.0591	1.4128			5910.0	1.71205e-07
0.05915	1.42045			5915.0	6.10832e-09
0.0592	1.41535			5920.0	1.24768e-08
0.05925	1.4179			5925.0	6.93784e-08
0.0593	1.40259			5930.0	8.79098e-08
0.05935	1.4281			5935.0	1.60703e-07
0.0594	1.44341			5940.0	8.78216e-08
0.05945	1.43575			5945.0	5.73578e-08
0.0595	1.423			5950.0	1.90919e-07
0.05955	1.42045			5955.0	1.36242e-07
0.0596	1.42555			5960.0	2.27272e-07
0.05965	1.42555			5965.0	1.53128e-07
0.0597	1.4128			5970.0	9.57224e-08
0.05975	1.40004			5975.0	2.7281e-08
0.0598	1.38729			5980.0	2.53561e-07
0.05985	1.37964			5985.0	6.43371e-07
0.0599	1.36688			5990.0	5.95449e-07
0.05995	1.35668			5995.0	6.28945e-07
0.06	1.37964			6000.0	4.81317e-07
0.06005	1.40259			6005.0	3.60253e-07
0.0601	1.40259			6010.0	2.45061e-07
0.06015	1.36943			6015.0	1.68231e-07
0.0602	1.33117			6020.0	1.5322e-07
0.06025	1.33372			6025.0	1.26888e-07
0.0603	1.36688			6030.0	8.90366e-09
0.06035	1.38984			6035.0	8.76725e-09
0.0604	1.40259			6040.0	2.07031e-07
0.06045	1.40259			6045.0	6.9361e-07
0.0605	1.36688			6050.0	4.08603e-07
0.06055	1.32862			6055.0	5.28884e-08
0.0606	1.32352			6060.0	1.01933e-07
0.06065	1.32607			6065.0	2.66966e-07
0.0607	1.35923			6070.0	1.93863e-07
0.06075	1.39749			6075.0	9.85525e-08
0.0608	1.42045			6080.0	3.88227e-07
0.06085	1.42555			6085.0	2.48468e-07
0.0609	1.40004			6090.0	6.26889e-08
0.06095	1.35158			6095.0	9.60428e-08
0.061	1.33372			6100.0	6.53336e-08
0.06105	1.35668			6105.0	2.61193e-08
0.0611	1.42045			6110.0	7.9537e-08
0.06115	1.44851			6115.0	1.4096e-11
0.0612	1.45616			6120.0	2.00652e-07
0.06125	1.4281			6125.0	3.19378e-07
0.0613	1.38729			6130.0	2.09965e-07
0.06135	1.36943			6135.0	1.78346e-07
0.0614	1.37453			6140.0	2.00402e-07
0.06145	1.4128			6145.0	3.91132e-08
0.0615	1.44341			6150.0	2.1966e-08
0.06155	1.45616			6155.0	7.08422e-08
0.0616	1.44086			6160.0	1.72454e-07
0.06165	1.39494			6165.0	4.67667e-07
0.0617	1.37709			6170.0	5.62992e-07
0.06175	1.38474			6175.0	1.87699e-07
0.0618	1.4077			6180.0	1.78018e-07
0.06185	1.44341			6185.0	7.97151e-08
0.0619	1.4383			6190.0	1.22866e-07
0.06195	1.4332			6195.0	1.4618e-07
0.062	1.40514			6200.0	3.10668e-07
0.06205	1.37964			6205.0	3.12884e-07
0.0621	1.36943			6210.0	6.75153e-08
0.06215	1.38219			6215.0	8.67091e-08
0.0622	1.37964			6220.0	5.76093e-08
0.06225	1.38219			6225.0	1.01993e-07
0.0623	1.40004			6230.0	2.29958e-07
0.06235	1.38729			6235.0	4.69478e-08
0.0624	1.35413			6240.0	7.07206e-08
0.06245	1.35158			6245.0	2.01727e-08
0.0625	1.34393			6250.0	7.57833e-08
0.06255	1.34393			6255.0	1.10351e-07
0.0626	1.36433			6260.0	3.8751e-08
0.06265	1.37964			6265.0	1.2249e-08
0.0627	1.37964			6270.0	2.52683e-08
0.06275	1.37198			6275.0	3.38962e-08
0.0628	1.37964			6280.0	1.01075e-07
0.06285	1.39239			6285.0	3.28756e-07
0.0629	1.36943			6290.0	1.54575e-07
0.06295	1.36178			6295.0	1.02646e-07
0.063	1.39494			6300.0	1.72438e-07
0.06305	1.40514			6305.0	2.09068e-07
0.0631	1.39749			6310.0	1.63999e-07
0.06315	1.38474			6315.0	7.17029e-08
0.0632	1.38474			6320.0	1.49576e-07
0.06325	1.37709			6325.0	3.88077e-07
0.0633	1.38474			6330.0	2.89931e-07
0.06335	1.4332			6335.0	2.47571e-08
0.0634	1.423			6340.0	7.83497e-08
0.06345	1.39749			6345.0	3.48095e-07
0.0635	1.36178			6350.0	7.53128e-07
0.06355	1.35668			6355.0	6.62987e-07
0.0636	1.35413			6360.0	2.7962e-07
0.06365	1.35668			6365.0	1.52708e-07
0.0637	1.38219			6370.0	1.50803e-07
0.06375	1.41535			6375.0	1.58994e-07
0.0638	1.4179			6380.0	2.26733e-07
0.06385	1.39239			6385.0	3.68271e-07
0.0639	1.35158			6390.0	3.81084e-07
0.06395	1.33372			6395.0	2.49185e-07
0.064	1.35158			6400.0	1.01657e-07
0.06405	1.38474			6405.0	4.78169e-08
0.0641	1.40259			6410.0	2.08495e-08
0.06415	1.37964			6415.0	6.28838e-08
0.0642	1.41535			6420.0	2.68384e-07
0.06425	1.4281			6425.0	2.01081e-07
0.0643	1.40259			6430.0	4.14572e-08
0.06435	1.34137			6435.0	1.16098e-08
0.0644	1.33372			6440.0	6.3554e-08
0.06445	1.36688			6445.0	6.43956e-08
0.0645	1.44596			6450.0	1.26257e-08
0.06455	1.45871			6455.0	1.65616e-08
0.0646	1.44596			6460.0	4.84277e-08
0.06465	1.40514			6465.0	1.99888e-09
0.0647	1.37453			6470.0	8.05159e-08
0.06475	1.38474			6475.0	5.35215e-08
0.0648	1.40514			6480.0	9.69975e-08
0.06485	1.40004			6485.0	8.30226e-09
0.0649	1.39749			6490.0	2.8342e-07
0.06495	1.4332			6495.0	1.95406e-07
0.065	1.4281			6500.0	4.57276e-08
0.06505	1.40004			6505.0	1.11483e-07
0.0651	1.35413			6510.0	2.73777e-07
0.06515	1.32862			6515.0	5.76112e-07
0.0652	1.34137			6520.0	2.89732e-07
0.06525	1.40259			6525.0	2.54658e-07
0.0653	1.46891			6530.0	3.88242e-07
0.06535	1.45361			6535.0	3.55372e-07
0.0654	1.38474			6540.0	2.8629e-07
0.06545	1.34648			6545.0	1.4816e-07
0.0655	1.38219			6550.0	1.05145e-07
0.06555	1.41535			6555.0	1.61918e-07
0.0656	1.44596			6560.0	2.28734e-07
0.06565	1.45616			6565.0	8.63322e-08
0.0657	1.45361			6570.0	1.25864e-08
0.06575	1.4281			6575.0	1.08103e-07
0.0658	1.41535			6580.0	8.51975e-08
0.06585	1.4077			6585.0	1.29876e-07
0.0659	1.37964			6590.0	1.26323e-07
0.06595	1.39239			6595.0	3.04823e-07
0.066	1.40259			6600.0	8.96378e-08
0.06605	1.4332			6605.0	1.79125e-08
0.0661	1.40514			6610.0	1.11222e-07
0.06615	1.38219			6615.0	3.0505e-07
0.0662	1.36943			6620.0	2.23189e-07
0.06625	1.36688			6625.0	1.31529e-07
0.0663	1.35923			6630.0	9.03699e-08
0.06635	1.35923			6635.0	2.09658e-07
0.0664	1.37453			6640.0	2.92356e-07
0.06645	1.37198			6645.0	2.67796e-07
0.0665	1.36433			6650.0	1.39737e-07
0.06655	1.34903			6655.0	1.39965e-07
0.0666	1.34648			6660.0	2.80125e-07
0.06665	1.35668			6665.0	2.09849e-07
0.0667	1.37964			6670.0	2.18714e-08
0.06675	1.423			6675.0	7.00132e-09
0.0668	1.39494			6680.0	1.52537e-08
0.06685	1.38474			6685.0	4.10393e-09
0.0669	1.38729			6690.0	4.9512e-08
0.06695	1.38729			6695.0	4.43725e-08
0.067	1.41025			6700.0	7.78811e-08
0.06705	1.42045			6705.0	1.06878e-08
0.0671	1.43575			6710.0	2.95026e-08
0.06715	1.42555			6715.0	7.40271e-08
0.0672	1.42555			6720.0	2.18418e-07
0.06725	1.40514			6725.0	7.14082e-08
0.0673	1.39239			6730.0	2.41031e-08
0.06735	1.37709			6735.0	5.06232e-08
0.0674	1.38984			6740.0	8.30096e-08
0.06745	1.42045			6745.0	5.12935e-08
0.0675	1.43575			6750.0	2.50656e-07
0.06755	1.40004			6755.0	7.04146e-07
0.0676	1.40514			6760.0	5.25548e-07
0.06765	1.39494			6765.0	1.27832e-07
0.0677	1.37453			6770.0	2.98086e-08
0.06775	1.35413			6775.0	3.13428e-08
0.0678	1.37453			6780.0	4.44147e-08
0.06785	1.39494			6785.0	1.33281e-07
0.0679	1.41535			6790.0	2.5175e-07
0.06795	1.43575			6795.0	5.97636e-08
0.068	1.42045			6800.0	3.39405e-08
0.06805	1.34903			6805.0	1.04995e-07
0.0681	1.31332			6810.0	3.56804e-08
0.06815	1.35923			6815.0	1.02476e-07
0.0682	1.4128			6820.0	1.17127e-07
0.06825	1.44086			6825.0	4.93555e-09
0.0683	1.42045			6830.0	1.10521e-07
0.06835	1.39749			6835.0	1.30858e-07
0.0684	1.37964			6840.0	4.43627e-07
0.06845	1.37453			6845.0	3.3669e-07
0.0685	1.40259			6850.0	3.3169e-07
0.06855	1.40259			6855.0	2.15367e-07
0.0686	1.39749			6860.0	2.16171e-08
0.06865	1.40514			6865.0	2.08055e-08
0.0687	1.4281			6870.0	1.45125e-07
0.06875	1.4179			6875.0	2.94926e-07
0.0688	1.38729			6880.0	6.67791e-07
0.06885	1.34393			6885.0	6.40468e-07
0.0689	1.34393			6890.0	3.50679e-07
0.06895	1.35668			6895.0	8.7503e-08
0.069	1.40514			6900.0	6.71498e-08
0.06905	1.42045			6905.0	2.52736e-08
0.0691	1.37198			6910.0	7.3176e-08
0.06915	1.31332			6915.0	1.26317e-07
0.0692	1.32352			6920.0	3.22597e-07
0.06925	1.35668			6925.0	6.9048e-07
0.0693	1.35413			6930.0	3.76369e-07
0.06935	1.37964			6935.0	6.15093e-08
0.0694	1.39749			6940.0	1.30468e-08
0.06945	1.39494			6945.0	3.52726e-08
0.0695	1.39749			6950.0	6.81783e-08
0.06955	1.37198			6955.0	6.45772e-08
0.0696	1.34903			6960.0	1.30944e-08
0.06965	1.36433			6965.0	5.06138e-08
0.0697	1.40004			6970.0	8.0668e-08
0.06975	1.40259			6975.0	6.96702e-08
0.0698	1.43065			6980.0	7.70407e-08
0.06985	1.4077			6985.0	1.87749e-07
0.0699	1.39239			6990.0	9.12903e-08
0.06995	1.37964			6995.0	9.06637e-08
0.07	1.37198			7000.0	8.60589e-08
0.07005	1.40514			7005.0	1.51234e-08
0.0701	1.41535			7010.0	5.25855e-08
0.07015	1.42045			7015.0	9.54594e-09
0.0702	1.40514			7020.0	1.27266e-07
0.07025	1.4128			7025.0	2.13385e-07
0.0703	1.39494			7030.0	7.56241e-08
0.07035	1.39494			7035.0	2.29133e-10
0.0704	1.423			7040.0	3.34211e-08
0.07045	1.44596			7045.0	5.88862e-08
0.0705	1.43575			7050.0	8.87614e-09
0.07055	1.41535			7055.0	8.14475e-08
0.0706	1.423			7060.0	2.51781e-07
0.07065	1.41535			7065.0	2.56449e-07
0.0707	1.4128			7070.0	1.62572e-07
0.07075	1.40514			7075.0	1.19307e-07
0.0708	1.41025			7080.0	5.95399e-08
0.07085	1.42555			7085.0	1.59409e-08
0.0709	1.4332			7090.0	1.06707e-07
0.07095	1.43575			7095.0	2.08654e-07
0.071	1.39494			7100.0	1.2923e-07
0.07105	1.38474			7105.0	1.52075e-08
0.0711	1.37453			7110.0	4.38458e-09
0.07115	1.36688			7115.0	4.52353e-08
0.0712	1.38219			7120.0	1.53202e-07
0.07125	1.41025			7125.0	1.28243e-07
0.0713	1.40514			7130.0	5.24991e-08
0.07135	1.35668			7135.0	9.28443e-08
0.0714	1.30566			7140.0	2.86922e-08
0.07145	1.29036			7145.0	3.97002e-08
0.0715	1.32862			7150.0	7.79368e-09
0.07155	1.36943			7155.0	4.55804e-09
0.0716	1.39494			7160.0	1.02932e-07
0.07165	1.37453			7165.0	1.21544e-07
0.0717	1.34393			7170.0	4.10458e-08
0.07175	1.32352			7175.0	2.08025e-08
0.0718	1.29036			7180.0	7.4399e-08
0.07185	1.31587			7185.0	8.45308e-08
0.0719	1.36943			7190.0	6.51708e-08
0.07195	1.36433			7195.0	4.01628e-08
0.072	1.35413			7200.0	6.07385e-09
0.07205	1.39749			7205.0	1.98706e-08
0.0721	1.4128			7210.0	9.97206e-08
0.07215	1.38984			7215.0	2.62142e-07
0.0722	1.38984			7220.0	2.24453e-07
0.07225	1.37709			7225.0	5.40964e-08
0.0723	1.38984			7230.0	4.60895e-09
0.07235	1.4332			7235.0	1.3089e-08
0.0724	1.44596			7240.0	1.92337e-08
0.07245	1.44341			7245.0	8.29291e-08
0.0725	1.41535			7250.0	4.9033e-08
0.07255	1.39494			7255.0	9.38269e-09
0.0726	1.40259			7260.0	6.00841e-08
0.07265	1.423			7265.0	2.28179e-08
0.0727	1.423			7270.0	1.62918e-08
0.07275	1.43575			7275.0	1.81421e-08
0.0728	1.44086			7280.0	3.44736e-09
0.07285	1.4179			7285.0	3.5024e-08
0.0729	1.38984			7290.0	6.00379e-08
0.07295	1.38729			7295.0	5.82522e-08
0.073	1.38729			7300.0	2.32465e-08
0.07305	1.39494			7305.0	3.42823e-08
0.0731	1.42045			7310.0	1.24641e-07
0.07315	1.43575			7315.0	8.72465e-08
0.0732	1.423			7320.0	9.36933e-09
0.07325	1.40514			7325.0	5.14371e-08
0.0733	1.38219			7330.0	7.16467e-08
0.07335	1.36178			7335.0	4.60606e-08
0.0734	1.35668			7340.0	5.01587e-08
0.07345	1.38474			7345.0	1.75989e-08
0.0735	1.4383			7350.0	3.07316e-09
0.07355	1.44851			7355.0	9.49814e-09
0.0736	1.42555			7360.0	7.87821e-10
0.07365	1.40514			7365.0	1.39273e-08
0.0737	1.38474			7370.0	5.15018e-08
0.07375	1.38984			7375.0	7.61287e-08
0.0738	1.38474			7380.0	1.64196e-07
0.07385	1.4077			7385.0	3.37768e-07
0.0739	1.41535			7390.0	2.05058e-07
0.07395	1.40259			7395.0	6.27107e-08
0.074	1.40004			7400.0	8.71885e-08
0.07405	1.38219			7405.0	1.4243e-07
0.0741	1.35413			7410.0	1.51475e-07
0.07415	1.36943			7415.0	5.50813e-08
0.0742	1.38729			7420.0	4.63374e-08
0.07425	1.37964			7425.0	5.11151e-08
0.0743	1.37453			7430.0	5.63912e-08
0.07435	1.37453			7435.0	7.41954e-08
0.0744	1.33627			7440.0	6.93932e-08
0.07445	1.34393			7445.0	2.20121e-08
0.0745	1.34393			7450.0	9.54598e-09
0.07455	1.36433			7455.0	1.70596e-08
0.0746	1.37709			7460.0	4.33783e-10
0.07465	1.40004			7465.0	2.89305e-08
0.0747	1.38984			7470.0	2.21525e-08
0.07475	1.37453			7475.0	4.30629e-08
0.0748	1.37198			7480.0	6.78664e-08
0.07485	1.38474			7485.0	5.20245e-08
0.0749	1.38984			7490.0	3.9019e-08
0.07495	1.4077			7495.0	3.96754e-08
0.075	1.423			7500.0	3.38773e-09
0.07505	1.41025			7505.0	4.05206e-09
0.0751	1.39494			7510.0	1.11154e-07
0.07515	1.39239			7515.0	1.33511e-07
0.0752	1.38474			7520.0	4.55092e-08
0.07525	1.41535			7525.0	3.64196e-08
0.0753	1.44086			7530.0	4.88433e-08
0.07535	1.42555			7535.0	4.79312e-08
0.0754	1.42045			7540.0	2.5776e-08
0.07545	1.38474			7545.0	1.85211e-08
0.0755	1.36433			7550.0	2.28612e-08
0.07555	1.37453			7555.0	3.96183e-09
0.0756	1.40514			7560.0	2.63724e-08
0.07565	1.4128			7565.0	1.43242e-08
0.0757	1.41535			7570.0	3.18021e-08
0.07575	1.40514			7575.0	1.2996e-08
0.0758	1.4128			7580.0	3.12355e-09
0.07585	1.42045			7585.0	3.84284e-09
0.0759	1.423			7590.0	1.87578e-08
0.07595	1.38474			7595.0	3.18104e-08
0.076	1.38729			7600.0	8.17066e-08
0.07605	1.4179			7605.0	9.80859e-08
0.0761	1.4128			7610.0	1.17032e-07
0.07615	1.4128			7615.0	1.37243e-07
0.0762	1.40514			7620.0	2.36625e-08
0.07625	1.37709			7625.0	9.66483e-08
0.0763	1.34393			7630.0	6.54486e-08
0.07635	1.38729			7635.0	8.67908e-08
0.0764	1.4077			7640.0	4.67635e-09
0.07645	1.40004			7645.0	2.26479e-08
0.0765	1.36943			7650.0	1.20027e-08
0.07655	1.36943			7655.0	1.17416e-08
0.0766	1.40004			7660.0	8.94158e-09
0.07665	1.38729			7665.0	8.91632e-09
0.0767	1.38984			7670.0	8.71285e-09
0.07675	1.38984			7675.0	2.69068e-08
0.0768	1.38984			7680.0	7.35163e-09
0.07685	1.38474			7685.0	1.00081e-08
0.0769	1.38984			7690.0	3.21622e-08
0.07695	1.38729			7695.0	1.32098e-08
0.077	1.38219			7700.0	1.33312e-08
0.07705	1.36433			7705.0	8.27533e-09
0.0771	1.34903			7710.0	3.10585e-08
0.07715	1.36433			7715.0	3.64827e-08
0.0772	1.38219			7720.0	5.11338e-09
0.07725	1.40004			7725.0	2.20873e-09
0.0773	1.38474			7730.0	1.097e-08
0.07735	1.39239			7735.0	1.54884e-08
0.0774	1.37964			7740.0	5.71325e-09
0.07745	1.37964			7745.0	4.41662e-10
0.0775	1.37453			7750.0	7.08467e-09
0.07755	1.38474			7755.0	1.68059e-09
0.0776	1.40259			7760.0	2.49443e-08
0.07765	1.4077			7765.0	6.35653e-08
0.0777	1.4077			7770.0	2.25636e-08
0.07775	1.4179			7775.0	5.87302e-08
0.0778	1.40259			7780.0	1.03449e-07
0.07785	1.40259			7785.0	3.34892e-08
0.0779	1.38729			7790.0	7.73812e-09
0.07795	1.39494			7795.0	2.07953e-08
0.078	1.39239			7800.0	1.63971e-08
0.07805	1.4179			7805.0	2.86562e-08
0.0781	1.4179			7810.0	1.15699e-08
0.07815	1.39749			7815.0	8.38552e-09
0.0782	1.39749			7820.0	1.54612e-08
0.07825	1.39494			7825.0	8.78484e-09
0.0783	1.40259			7830.0	3.4464e-08
0.07835	1.41025			7835.0	6.60077e-08
0.0784	1.41025			7840.0	3.56854e-08
0.07845	1.36688			7845.0	5.26841e-08
0.0785	1.35413			7850.0	2.74324e-08
0.07855	1.35923			7855.0	1.62981e-08
0.0786	1.37964			7860.0	4.50031e-08
0.07865	1.37709			7865.0	5.3218e-08
0.0787	1.38474			7870.0	2.15648e-08
0.07875	1.38219			7875.0	1.14499e-08
0.0788	1.39239			7880.0	1.73256e-09
0.07885	1.36688			7885.0	2.36663e-08
0.0789	1.37198			7890.0	2.97027e-08
0.07895	1.35668			7895.0	1.02512e-08
0.079	1.37198			7900.0	5.01054e-08
0.07905	1.39239			7905.0	1.90339e-08
0.0791	1.39494			7910.0	2.38512e-08
0.07915	1.37453			7915.0	1.68858e-08
0.0792	1.37198			7920.0	3.08436e-08
0.07925	1.37453			7925.0	3.19745e-08
0.0793	1.36943			7930.0	1.10235e-08
0.07935	1.37453			7935.0	7.24628e-09
0.0794	1.38474			7940.0	1.63959e-08
0.07945	1.4077			7945.0	5.7986e-08
0.0795	1.40514			7950.0	1.00582e-07
0.07955	1.40004			7955.0	7.81833e-08
0.0796	1.39239			7960.0	1.96982e-08
0.07965	1.37709			7965.0	1.20125e-08
0.0797	1.36433			7970.0	3.2337e-08
0.07975	1.37709			7975.0	4.91366e-08
0.0798	1.39494			7980.0	7.37983e-08
0.07985	1.44851			7985.0	7.02283e-08
0.0799	1.42555			7990.0	5.30467e-08
0.07995	1.37198			7995.0	3.54602e-08
0.08	1.36178			8000.0	6.08161e-09
0.08005	1.37964			8005.0	4.30171e-08
0.0801	1.37453			8010.0	1.13634e-07
0.08015	1.39749			8015.0	2.82078e-08
0.0802	1.41535			8020.0	7.36625e-09
0.08025	1.39494			8025.0	7.73916e-09
0.0803	1.39239			8030.0	9.47934e-10
0.08035	1.39749			8035.0	2.30794e-08
0.0804	1.38984			8040.0	5.28005e-08
0.08045	1.40004			8045.0	8.97051e-08
0.0805	1.4332			8050.0	5.40977e-08
0.08055	1.43065			8055.0	4.00177e-08
0.0806	1.42045			8060.0	1.08671e-07
0.08065	1.40514			8065.0	1.17759e-07
0.0807	1.39749			8070.0	5.667e-08
0.08075	1.4077			8075.0	1.35001e-08
0.0808	1.40004			8080.0	3.44676e-09
0.08085	1.40514			8085.0	2.64855e-08
0.0809	1.41025			8090.0	2.34045e-08
0.08095	1.42555			8095.0	5.48079e-09
0.081	1.4077			8100.0	2.43265e-08
0.08105	1.4128			8105.0	5.13177e-08
0.0811	1.40514			8110.0	5.53059e-08
0.08115	1.39494			8115.0	3.68945e-08
0.0812	1.4179			8120.0	9.35568e-09
0.08125	1.4332			8125.0	4.93434e-09
0.0813	1.41025			8130.0	5.27893e-09
0.08135	1.43575			8135.0	4.76805e-09
0.0814	1.42555			8140.0	4.85432e-08
0.08145	1.40004			8145.0	6.49573e-08
0.0815	1.40514			8150.0	2.48155e-08
0.08155	1.42555			8155.0	3.83497e-09
0.0816	1.43065			8160.0	1.64145e-08
0.08165	1.4128			8165.0	2.44796e-08
0.0817	1.423			8170.0	4.04322e-08
0.08175	1.4128			8175.0	7.7622e-09
0.0818	1.39749			8180.0	3.86067e-09
0.08185	1.4128			8185.0	5.23045e-09
0.0819	1.41025			8190.0	1.14717e-08
0.08195	1.39494			8195.0	1.91529e-08
0.082	1.39494			8200.0	1.44733e-08
0.08205	1.40514			8205.0	1.00593e-08
0.0821	1.37198			8210.0	4.71522e-09
0.08215	1.36943			8215.0	2.06954e-08
0.0822	1.36433			8220.0	3.07334e-08
0.08225	1.33627			8225.0	3.17872e-08
0.0823	1.34137			8230.0	2.74518e-08
0.08235	1.37964			8235.0	6.48758e-08
0.0824	1.38474			8240.0	5.92349e-09
0.08245	1.36433			8245.0	2.66657e-08
0.0825	1.35158			8250.0	3.8929e-08
0.08255	1.34137			8255.0	1.67119e-08
0.0826	1.32352			8260.0	9.30852e-09
0.08265	1.32097			8265.0	3.1152e-08
0.0827	1.34137			8270.0	8.19503e-08
0.08275	1.36688			8275.0	5.42868e-08
0.0828	1.37198			8280.0	2.20032e-08
0.08285	1.36178			8285.0	3.37233e-08
0.0829	1.35413			8290.0	1.68351e-08
0.08295	1.34648			8295.0	2.33715e-08
0.083	1.35668			8300.0	5.93741e-08
0.08305	1.39749			8305.0	3.64575e-08
0.0831	1.40004			8310.0	9.92915e-09
0.08315	1.423			8315.0	1.23584e-08
0.0832	1.42555			8320.0	2.27235e-08
0.08325	1.4179			8325.0	9.82201e-09
0.0833	1.38984			8330.0	2.69475e-09
0.08335	1.39239			8335.0	2.02918e-09
0.0834	1.4128			8340.0	6.42988e-10
0.08345	1.40514			8345.0	4.12724e-09
0.0835	1.39239			8350.0	1.18283e-08
0.08355	1.42555			8355.0	1.01888e-08
0.0836	1.42045			8360.0	7.26695e-09
0.08365	1.40514			8365.0	1.62872e-09
0.0837	1.4077			8370.0	4.46841e-10
0.08375	1.37964			8375.0	1.49244e-09
0.0838	1.37198			8380.0	1.29735e-09
0.08385	1.4281			8385.0	2.58913e-08
0.0839	1.45106			8390.0	7.75573e-08
0.08395	1.40259			8395.0	1.78862e-08
0.084	1.37198			8400.0	1.99877e-08
0.08405	1.40514			8405.0	7.05723e-09
0.0841	1.4128			8410.0	1.41798e-08
0.08415	1.4128			8415.0	2.14539e-08
0.0842	1.4128			8420.0	1.6471e-08
0.08425	1.42045			8425.0	1.53073e-08
0.0843	1.39494			8430.0	5.41156e-09
0.08435	1.38729			8435.0	4.05267e-08
0.0844	1.40004			8440.0	2.0958e-08
0.08445	1.37198			8445.0	3.98076e-10
0.0845	1.34393			8450.0	4.53486e-09
0.08455	1.34137			8455.0	2.30618e-09
0.0846	1.34903			8460.0	9.68065e-09
0.08465	1.35413			8465.0	4.87672e-08
0.0847	1.38219			8470.0	1.19121e-07
0.08475	1.37198			8475.0	7.66976e-08
0.0848	1.35413			8480.0	1.36284e-08
0.08485	1.34137			8485.0	3.04581e-08
0.0849	1.34393			8490.0	2.64018e-08
0.08495	1.36433			8495.0	7.1256e-09
0.085	1.36433			8500.0	4.10989e-09
0.08505	1.35668			8505.0	4.21206e-09
0.0851	1.37198			8510.0	1.56826e-09
0.08515	1.36433			8515.0	1.67818e-09
0.0852	1.35413			8520.0	6.08549e-09
0.08525	1.38474			8525.0	2.72792e-08
0.0853	1.41535			8530.0	3.28048e-08
0.08535	1.4179			8535.0	1.24474e-08
0.0854	1.42045			8540.0	1.55277e-08
0.08545	1.41535			8545.0	4.0445e-08
0.0855	1.4128			8550.0	5.4002e-08
0.08555	1.4179			8555.0	1.39669e-08
0.0856	1.4179			8560.0	9.91715e-08
0.08565	1.4179			8565.0	9.31436e-08
0.0857	1.423			8570.0	9.80781e-08
0.08575	1.44596			8575.0	9.05086e-08
0.0858	1.45616			8580.0	3.723e-08
0.08585	1.43065			8585.0	7.78392e-09
0.0859	1.4077			8590.0	2.34767e-08
0.08595	1.37709			8595.0	2.06786e-08
0.086	1.36433			8600.0	3.11576e-09
0.08605	1.37964			8605.0	2.43309e-08
0.0861	1.40259			8610.0	3.71282e-08
0.08615	1.40259			8615.0	1.15977e-08
0.0862	1.40004			8620.0	4.27495e-08
0.08625	1.36943			8625.0	2.81742e-08
0.0863	1.34393			8630.0	1.44936e-08
0.08635	1.35158			8635.0	2.28098e-08
0.0864	1.36433			8640.0	3.52109e-08
0.08645	1.37453			8645.0	6.96046e-08
0.0865	1.4077			8650.0	4.27261e-08
0.08655	1.4128			8655.0	5.15327e-09
0.0866	1.38219			8660.0	2.62185e-08
0.08665	1.37453			8665.0	1.15262e-08
0.0867	1.36433			8670.0	1.37393e-09
0.08675	1.36943			8675.0	2.331e-08
0.0868	1.38729			8680.0	6.06532e-09
0.08685	1.40259			8685.0	1.2914e-10
0.0869	1.4281			8690.0	6.24448e-09
0.08695	1.4332			8695.0	7.49022e-09
0.087	1.43575			8700.0	9.25466e-09
0.08705	1.41025			8705.0	1.23644e-08
0.0871	1.40514			8710.0	2.21896e-08
0.08715	1.4179			8715.0	3.16193e-08
0.0872	1.42555			8720.0	7.36852e-09
0.08725	1.4281			8725.0	2.15243e-08
0.0873	1.44086			8730.0	4.0834e-08
0.08735	1.43065			8735.0	2.40275e-08
0.0874	1.38729			8740.0	1.26626e-08
0.08745	1.37453			8745.0	1.55215e-08
0.0875	1.36178			8750.0	2.77626e-08
0.08755	1.37198			8755.0	3.55646e-08
0.0876	1.36178			8760.0	4.38075e-09
0.08765	1.40004			8765.0	1.72504e-09
0.0877	1.39494			8770.0	1.56526e-08
0.08775	1.37198			8775.0	2.32282e-09
0.0878	1.32862			8780.0	7.74058e-09
0.08785	1.34393			8785.0	1.60174e-08
0.0879	1.37964			8790.0	2.29228e-09
0.08795	1.40004			8795.0	6.68312e-09
0.088	1.41535			8800.0	6.35941e-09
0.08805	1.42045			8805.0	9.28611e-09
0.0881	1.40259			8810.0	1.86718e-08
0.08815	1.4128			8815.0	1.31026e-09
0.0882	1.38729			8820.0	1.30982e-08
0.08825	1.38219			8825.0	3.62103e-08
0.0883	1.38729			8830.0	5.90402e-08
0.08835	1.41535			8835.0	4.72904e-08
0.0884	1.40259			8840.0	5.81596e-08
0.08845	1.39494			8845.0	7.44648e-08
0.0885	1.42555			8850.0	1.74423e-08
0.08855	1.4128			8855.0	1.58936e-08
0.0886	1.423			8860.0	1.74513e-08
0.08865	1.42555			8865.0	2.43352e-08
0.0887	1.4128			8870.0	7.21837e-08
0.08875	1.40004			8875.0	5.5732e-08
0.0888	1.4077			8880.0	3.27779e-08
0.08885	1.39749			8885.0	2.6798e-08
0.0889	1.38219			8890.0	3.46873e-09
0.08895	1.38219			8895.0	3.68493e-08
0.089	1.37198			8900.0	1.01329e-07
0.08905	1.40514			8905.0	8.71684e-08
0.0891	1.39494			8910.0	3.13812e-08
0.08915	1.38474			8915.0	1.08401e-09
0.0892	1.37709			8920.0	7.63254e-09
0.08925	1.37453			8925.0	4.49522e-09
0.0893	1.36688			8930.0	3.16749e-08
0.08935	1.38474			8935.0	1.93636e-08
0.0894	1.40514			8940.0	6.42646e-09
0.08945	1.42555			8945.0	3.22446e-09
0.0895	1.4128			8950.0	1.24234e-08
0.08955	1.40514			8955.0	2.26743e-08
0.0896	1.4128			8960.0	6.46167e-09
0.08965	1.4128			8965.0	2.8092e-09
0.0897	1.39494			8970.0	5.85814e-09
0.08975	1.37198			8975.0	1.16267e-08
0.0898	1.38474			8980.0	2.92943e-08
0.08985	1.40259			8985.0	7.19623e-08
0.0899	1.4077			8990.0	4.86593e-09
0.08995	1.38729			8995.0	7.79882e-08
0.09	1.38219			9000.0	8.70328e-08
0.09005	1.36433			9005.0	1.0983e-08
0.0901	1.36943			9010.0	8.95445e-09
0.09015	1.36178			9015.0	3.72094e-09
0.0902	1.38474			9020.0	4.08633e-08
0.09025	1.40514			9025.0	5.94504e-08
0.0903	1.39494			9030.0	9.12707e-09
0.09035	1.40259			9035.0	1.23275e-08
0.0904	1.38474			9040.0	2.43029e-08
0.09045	1.36433			9045.0	1.31944e-09
0.0905	1.34903			9050.0	6.66144e-09
0.09055	1.34648			9055.0	2.72529e-08
0.0906	1.39494			9060.0	9.55246e-09
0.09065	1.4281			9065.0	1.42735e-08
0.0907	1.42555			9070.0	2.46086e-09
0.09075	1.39239			9075.0	9.01145e-08
0.0908	1.35158			9080.0	1.98612e-07
0.09085	1.34903			9085.0	7.55919e-08
0.0909	1.37709			9090.0	1.54346e-08
0.09095	1.40259			9095.0	3.97704e-08
0.091	1.37964			9100.0	6.76737e-09
0.09105	1.39494			9105.0	1.65653e-08
0.0911	1.40514			9110.0	1.6901e-08
0.09115	1.38984			9115.0	3.02167e-08
0.0912	1.37964			9120.0	1.41936e-08
0.09125	1.34648			9125.0	3.19057e-08
0.0913	1.32352			9130.0	4.13815e-08
0.09135	1.38219			9135.0	7.59441e-09
0.0914	1.45106			9140.0	5.76061e-08
0.09145	1.40004			9145.0	8.74219e-08
0.0915	1.33627			9150.0	6.35236e-08
0.09155	1.34903			9155.0	5.68981e-08
0.0916	1.36943			9160.0	3.31997e-08
0.09165	1.38474			9165.0	4.80985e-08
0.0917	1.42045			9170.0	2.48623e-08
0.09175	1.43575			9175.0	4.22028e-09
0.0918	1.38219			9180.0	4.57253e-09
0.09185	1.39494			9185.0	2.57533e-08
0.0919	1.41535			9190.0	3.87401e-09
0.09195	1.39749			9195.0	1.11973e-08
0.092	1.38474			9200.0	1.1393e-08
0.09205	1.39239			9205.0	5.63322e-09
0.0921	1.37198			9210.0	2.00436e-08
0.09215	1.39494			9215.0	2.89393e-10
0.0922	1.4281			9220.0	5.01868e-08
0.09225	1.39494			9225.0	2.75277e-08
0.0923	1.38474			9230.0	1.47853e-09
0.09235	1.36943			9235.0	4.30981e-09
0.0924	1.38984			9240.0	4.26839e-09
0.09245	1.40514			9245.0	2.39093e-08
0.0925	1.39239			9250.0	2.91641e-08
0.09255	1.37709			9255.0	8.86934e-08
0.0926	1.39494			9260.0	8.41443e-08
0.09265	1.36433			9265.0	4.89209e-08
0.0927	1.36178			9270.0	1.69433e-08
0.09275	1.38219			9275.0	4.17108e-08
0.0928	1.38984			9280.0	1.95571e-08
0.09285	1.4077			9285.0	8.53442e-09
0.0929	1.4128			9290.0	2.18694e-08
0.09295	1.38219			9295.0	6.7359e-08
0.093	1.33627			9300.0	1.09611e-07
0.09305	1.32352			9305.0	1.00281e-07
0.0931	1.37198			9310.0	2.15931e-08
0.09315	1.43575			9315.0	1.59491e-08
0.0932	1.46381			9320.0	2.04557e-08
0.09325	1.48932			9325.0	2.29562e-08
0.0933	1.49952			9330.0	1.30422e-08
0.09335	1.44851			9335.0	1.21691e-09
0.0934	1.42555			9340.0	4.43474e-09
0.09345	1.39494			9345.0	1.53097e-08
0.0935	1.36433			9350.0	5.80506e-08
0.09355	1.4077			9355.0	2.84842e-08
0.0936	1.45871			9360.0	4.83444e-09
0.09365	1.44341			9365.0	6.96149e-08
0.0937	1.4179			9370.0	2.69769e-08
0.09375	1.4128			9375.0	1.09626e-07
0.0938	1.40514			9380.0	3.06402e-07
0.09385	1.37709			9385.0	2.05385e-07
0.0939	1.36943			9390.0	5.23666e-08
0.09395	1.38474			9395.0	1.52519e-08
0.094	1.38729			9400.0	7.88945e-09
0.09405	1.40259			9405.0	3.68132e-09
0.0941	1.40259			9410.0	2.06649e-09
0.09415	1.37964			9415.0	4.19198e-09
0.0942	1.34903			9420.0	2.05799e-08
0.09425	1.33372			9425.0	1.7548e-08
0.0943	1.32862			9430.0	1.12332e-09
0.09435	1.31332			9435.0	8.15899e-09
0.0944	1.36178			9440.0	7.19443e-12
0.09445	1.39494			9445.0	5.5263e-09
0.0945	1.38474			9450.0	2.62556e-09
0.09455	1.36433			9455.0	1.1696e-08
0.0946	1.34137			9460.0	3.22764e-08
0.09465	1.33117			9465.0	2.39925e-08
0.0947	1.33117			9470.0	1.40471e-08
0.09475	1.38984			9475.0	1.4462e-08
0.0948	1.41025			9480.0	1.05878e-08
0.09485	1.40004			9485.0	2.31031e-08
0.0949	1.40514			9490.0	5.47173e-08
0.09495	1.39494			9495.0	3.61092e-08
0.095	1.37453			9500.0	2.6546e-09
0.09505	1.34903			9505.0	1.07225e-09
0.0951	1.35413			9510.0	2.38811e-12
0.09515	1.42045			9515.0	1.92582e-08
0.0952	1.46126			9520.0	4.7243e-08
0.09525	1.42555			9525.0	3.60974e-08
0.0953	1.38474			9530.0	1.18244e-08
0.09535	1.35158			9535.0	1.69125e-08
0.0954	1.34648			9540.0	1.04089e-07
0.09545	1.38984			9545.0	4.45777e-08
0.0955	1.42555			9550.0	2.98825e-09
0.09555	1.44596			9555.0	1.32834e-08
0.0956	1.41535			9560.0	1.04392e-07
0.09565	1.38729			9565.0	1.36269e-07
0.0957	1.40514			9570.0	8.94286e-08
0.09575	1.39749			9575.0	4.05441e-08
0.0958	1.37964			9580.0	1.71283e-08
0.09585	1.39494			9585.0	7.66865e-10
0.0959	1.40004			9590.0	1.20719e-08
0.09595	1.43065			9595.0	6.06709e-08
0.096	1.4332			9600.0	7.02972e-08
0.09605	1.43065			9605.0	5.70106e-08
0.0961	1.41025			9610.0	6.89217e-08
0.09615	1.40259			9615.0	9.57328e-10
0.0962	1.41025			9620.0	3.75797e-08
0.09625	1.423			9625.0	9.8143e-09
0.0963	1.43065			9630.0	8.69406e-09
0.09635	1.43065			9635.0	3.86552e-09
0.0964	1.40514			9640.0	4.64022e-09
0.09645	1.38219			9645.0	1.5154e-08
0.0965	1.39494			9650.0	5.23899e-08
0.09655	1.39494			9655.0	3.53417e-08
0.0966	1.4128			9660.0	2.28062e-08
0.09665	1.4128			9665.0	2.71242e-08
0.0967	1.39239			9670.0	9.61893e-09
0.09675	1.36943			9675.0	6.22683e-09
0.0968	1.37453			9680.0	4.93056e-09
0.09685	1.35413			9685.0	1.25167e-08
0.0969	1.423			9690.0	2.73953e-08
0.09695	1.36433			9695.0	7.63291e-09
0.097	1.32352			9700.0	4.80281e-09
0.09705	1.43575			9705.0	2.15719e-09
0.0971	1.4128			9710.0	3.52652e-08
0.09715	1.2776			9715.0	7.18626e-08
0.0972	1.37964			9720.0	6.62204e-08
0.09725	1.41025			9725.0	9.52816e-08
0.0973	1.35158			9730.0	3.41067e-08
0.09735	1.37709			9735.0	1.40917e-08
0.0974	1.4128			9740.0	6.71676e-08
0.09745	1.40259			9745.0	8.63201e-09
0.0975	1.36688			9750.0	6.14886e-08
0.09755	1.37964			9755.0	1.74649e-08
0.0976	1.34648			9760.0	3.47847e-08
0.09765	1.34903			9765.0	1.35948e-08
0.0977	1.39494			9770.0	6.46878e-09
0.09775	1.38219			9775.0	2.44062e-09
0.0978	1.39494			9780.0	8.21624e-09
0.09785	1.40259			9785.0	2.6281e-08
0.0979	1.36178			9790.0	2.50167e-08
0.09795	1.35158			9795.0	3.72322e-08
0.098	1.36178			9800.0	3.00171e-08
0.09805	1.39494			9805.0	2.77828e-08
0.0981	1.43575			9810.0	2.94394e-08
0.09815	1.41535			9815.0	9.20963e-09
0.0982	1.39749			9820.0	6.40393e-09
0.09825	1.39494			9825.0	2.85835e-08
0.0983	1.40514			9830.0	2.72689e-08
0.09835	1.41025			9835.0	5.26506e-09
0.0984	1.39749			9840.0	2.05164e-08
0.09845	1.37709			9845.0	3.2903e-08
0.0985	1.4128			9850.0	3.26737e-08
0.09855	1.44086			9855.0	4.92389e-08
0.0986	1.42555			9860.0	9.09991e-08
0.09865	1.42045			9865.0	2.63164e-08
0.0987	1.38729			9870.0	9.31744e-09
0.09875	1.36433			9875.0	2.3491e-08
0.0988	1.44851			9880.0	2.01479e-08
0.09885	1.48167			9885.0	1.54321e-08
0.0989	1.40514			9890.0	4.10813e-08
0.09895	1.37198			9895.0	3.84137e-08
0.099	1.38219			9900.0	2.0514e-10
0.09905	1.423			9905.0	1.73666e-08
0.0991	1.423			9910.0	2.99711e-10
0.09915	1.36688			9915.0	1.47935e-08
0.0992	1.34137			9920.0	2.10218e-08
0.09925	1.36433			9925.0	1.50855e-09
0.0993	1.39749			9930.0	4.15704e-08
0.09935	1.39494			9935.0	3.94313e-08
0.0994	1.36433			9940.0	7.22569e-09
0.09945	1.28526			9945.0	1.15474e-08
0.0995	1.29546			9950.0	7.06322e-09
0.09955	1.35923			9955.0	1.3884e-09
0.0996	1.37453			9960.0	7.34386e-09
0.09965	1.36433			9965.0	2.17441e-08
0.0997	1.37709			9970.0	3.31156e-08
0.09975	1.34903			9975.0	3.09926e-08
0.0998	1.36178			9980.0	1.50056e-08
0.09985	1.37964			9985.0	7.06867e-09
0.0999	1.38219			9990.0	9.25759e-09
0.09995	1.40514			9995.0	1.20255e-08
0.1	1.40259				
0.10005	1.41535				
0.1001	1.4332				
0.10015	1.42045				
0.1002	1.41535				
0.10025	1.43575				
0.1003	1.42555				
0.10035	1.41535				
0.1004	1.43575				
0.10045	1.45616				
0.1005	1.4383				
0.10055	1.43575				
0.1006	1.38729				
0.10065	1.40514				
0.1007	1.44596				
0.10075	1.44851				
0.1008	1.4281				
0.10085	1.38729				
0.1009	1.34648				
0.10095	1.36433				
0.101	1.39494				
0.10105	1.43575				
0.1011	1.41535				
0.10115	1.4077				
0.1012	1.39239				
0.10125	1.35923				
0.1013	1.37453				
0.10135	1.37964				
0.1014	1.39494				
0.10145	1.38984				
0.1015	1.38729				
0.10155	1.33372				
0.1016	1.31587				
0.10165	1.33882				
0.1017	1.37709				
0.10175	1.39494				
0.1018	1.4179				
0.10185	1.38984				
0.1019	1.36688				
0.10195	1.33882				
0.102	1.28781				
0.10205	1.31842				
0.1021	1.35923				
0.10215	1.39239				
0.1022	1.42045				
0.10225	1.38984				
0.1023	1.31842				
0.10235	1.30821				
0.1024	1.35413				
0.10245	1.38729				
0.1025	1.41535				
0.10255	1.43575				
0.1026	1.41025				
0.10265	1.36688				
0.1027	1.36688				
0.10275	1.39239				
0.1028	1.40514				
0.10285	1.4383				
0.1029	1.45361				
0.10295	1.44851				
0.103	1.423				
0.10305	1.38984				
0.1031	1.38474				
0.10315	1.38219				
0.1032	1.42045				
0.10325	1.45616				
0.1033	1.44086				
0.10335	1.42555				
0.1034	1.4383				
0.10345	1.42555				
0.1035	1.4179				
0.10355	1.423				
0.1036	1.42555				
0.10365	1.41025				
0.1037	1.39749				
0.10375	1.40004				
0.1038	1.40004				
0.10385	1.39749				
0.1039	1.4128				
0.10395	1.4179				
0.104	1.423				
0.10405	1.423				
0.1041	1.41025				
0.10415	1.38474				
0.1042	1.39494				
0.10425	1.37964				
0.1043	1.40514				
0.10435	1.423				
0.1044	1.40514				
0.10445	1.39239				
0.1045	1.36943				
0.10455	1.33627				
0.1046	1.36178				
0.10465	1.36433				
0.1047	1.35413				
0.10475	1.36943				
0.1048	1.37198				
0.10485	1.35923				
0.1049	1.36433				
0.10495	1.34137				
0.105	1.31842				
0.10505	1.33882				
0.1051	1.34648				
0.10515	1.37709				
0.1052	1.38984				
0.10525	1.38219				
0.1053	1.35158				
0.10535	1.32352				
0.1054	1.30056				
0.10545	1.34648				
0.1055	1.4281				
0.10555	1.46891				
0.1056	1.44596				
0.10565	1.37964				
0.1057	1.33882				
0.10575	1.36688				
0.1058	1.41025				
0.10585	1.4332				
0.1059	1.4332				
0.10595	1.44341				
0.106	1.42555				
0.10605	1.38219				
0.1061	1.37198				
0.10615	1.35158				
0.1062	1.37453				
0.10625	1.46126				
0.1063	1.48932				
0.10635	1.40004				
0.1064	1.33627				
0.10645	1.30821				
0.1065	1.36433				
0.10655	1.4383				
0.1066	1.45871				
0.10665	1.41025				
0.1067	1.35413				
0.10675	1.38219				
0.1068	1.40004				
0.10685	1.38729				
0.1069	1.35923				
0.10695	1.36433				
0.107	1.42045				
0.10705	1.46126				
0.1071	1.41535				
0.10715	1.38729				
0.1072	1.34648				
0.10725	1.36433				
0.1073	1.39494				
0.10735	1.423				
0.1074	1.39494				
0.10745	1.37964				
0.1075	1.37198				
0.10755	1.35413				
0.1076	1.36688				
0.10765	1.36688				
0.1077	1.40514				
0.10775	1.42045				
0.1078	1.4179				
0.10785	1.41025				
0.1079	1.36433				
0.10795	1.37198				
0.108	1.39749				
0.10805	1.4128				
0.1081	1.4179				
0.10815	1.43065				
0.1082	1.44596				
0.10825	1.4332				
0.1083	1.39749				
0.10835	1.38474				
0.1084	1.40004				
0.10845	1.423				
0.1085	1.44341				
0.10855	1.44596				
0.1086	1.42555				
0.10865	1.39749				
0.1087	1.38474				
0.10875	1.36943				
0.1088	1.37964				
0.10885	1.39494				
0.1089	1.41025				
0.10895	1.4128				
0.109	1.38729				
0.10905	1.32862				
0.1091	1.29036				
0.10915	1.34903				
0.1092	1.39749				
0.10925	1.44341				
0.1093	1.4332				
0.10935	1.39749				
0.1094	1.35668				
0.10945	1.37453				
0.1095	1.40514				
0.10955	1.40259				
0.1096	1.41535				
0.10965	1.44341				
0.1097	1.44086				
0.10975	1.4077				
0.1098	1.37709				
0.10985	1.34137				
0.1099	1.36433				
0.10995	1.42555				
0.11	1.44086				
0.11005	1.41025				
0.1101	1.34393				
0.11015	1.31587				
0.1102	1.35158				
0.11025	1.37709				
0.1103	1.38729				
0.11035	1.38729				
0.1104	1.37453				
0.11045	1.37964				
0.1105	1.37453				
0.11055	1.34903				
0.1106	1.33372				
0.11065	1.35413				
0.1107	1.39494				
0.11075	1.4281				
0.1108	1.4332				
0.11085	1.4128				
0.1109	1.37453				
0.11095	1.38984				
0.111	1.42045				
0.11105	1.43065				
0.1111	1.44341				
0.11115	1.4128				
0.1112	1.41535				
0.11125	1.40259				
0.1113	1.38984				
0.11135	1.37964				
0.1114	1.38984				
0.11145	1.38984				
0.1115	1.37964				
0.11155	1.37964				
0.1116	1.37964				
0.11165	1.36433				
0.1117	1.37709				
0.11175	1.35923				
0.1118	1.35923				
0.11185	1.39239				
0.1119	1.40259				
0.11195	1.39239				
0.112	1.38729				
0.11205	1.36433				
0.1121	1.35158				
0.11215	1.37709				
0.1122	1.39494				
0.11225	1.38474				
0.1123	1.37964				
0.11235	1.37453				
0.1124	1.37453				
0.11245	1.37453				
0.1125	1.39239				
0.11255	1.40004				
0.1126	1.40004				
0.11265	1.40259				
0.1127	1.39749				
0.11275	1.36178				
0.1128	1.34648				
0.11285	1.36943				
0.1129	1.423				
0.11295	1.43575				
0.113	1.40514				
0.11305	1.36178				
0.1131	1.38984				
0.11315	1.38474				
0.1132	1.36688				
0.11325	1.38729				
0.1133	1.43575				
0.11335	1.44086				
0.1134	1.4332				
0.11345	1.40259				
0.1135	1.36943				
0.11355	1.36943				
0.1136	1.40514				
0.11365	1.43575				
0.1137	1.40259				
0.11375	1.37709				
0.1138	1.38219				
0.11385	1.39494				
0.1139	1.4179				
0.11395	1.41025				
0.114	1.4128				
0.11405	1.41535				
0.1141	1.41535				
0.11415	1.4128				
0.1142	1.42045				
0.11425	1.37198				
0.1143	1.34648				
0.11435	1.36943				
0.1144	1.423				
0.11445	1.423				
0.1145	1.41025				
0.11455	1.38474				
0.1146	1.37453				
0.11465	1.38219				
0.1147	1.39239				
0.11475	1.40259				
0.1148	1.4128				
0.11485	1.4128				
0.1149	1.4128				
0.11495	1.423				
0.115	1.38984				
0.11505	1.39749				
0.1151	1.40004				
0.11515	1.4077				
0.1152	1.40259				
0.11525	1.40004				
0.1153	1.40004				
0.11535	1.39494				
0.1154	1.37198				
0.11545	1.36178				
0.1155	1.37709				
0.11555	1.41535				
0.1156	1.40004				
0.11565	1.36433				
0.1157	1.34903				
0.11575	1.34648				
0.1158	1.33627				
0.11585	1.35413				
0.1159	1.37198				
0.11595	1.37453				
0.116	1.37453				
0.11605	1.37453				
0.1161	1.38219				
0.11615	1.37453				
0.1162	1.34903				
0.11625	1.38219				
0.1163	1.4281				
0.11635	1.4281				
0.1164	1.38474				
0.11645	1.38474				
0.1165	1.37709				
0.11655	1.40259				
0.1166	1.42045				
0.11665	1.42555				
0.1167	1.42555				
0.11675	1.41025				
0.1168	1.4077				
0.11685	1.40004				
0.1169	1.37453				
0.11695	1.40004				
0.117	1.41535				
0.11705	1.4077				
0.1171	1.4077				
0.11715	1.38474				
0.1172	1.35413				
0.11725	1.35413				
0.1173	1.38729				
0.11735	1.42045				
0.1174	1.42555				
0.11745	1.37709				
0.1175	1.36433				
0.11755	1.38219				
0.1176	1.39239				
0.11765	1.40004				
0.1177	1.41025				
0.11775	1.38474				
0.1178	1.40259				
0.11785	1.42555				
0.1179	1.38729				
0.11795	1.33627				
0.118	1.33372				
0.11805	1.37198				
0.1181	1.42045				
0.11815	1.40259				
0.1182	1.36943				
0.11825	1.34648				
0.1183	1.36178				
0.11835	1.35668				
0.1184	1.36688				
0.11845	1.38219				
0.1185	1.36688				
0.11855	1.37709				
0.1186	1.39494				
0.11865	1.38219				
0.1187	1.39239				
0.11875	1.40004				
0.1188	1.39239				
0.11885	1.38729				
0.1189	1.40004				
0.11895	1.4179				
0.119	1.4077				
0.11905	1.4077				
0.1191	1.39749				
0.11915	1.40259				
0.1192	1.4179				
0.11925	1.4179				
0.1193	1.41025				
0.11935	1.39494				
0.1194	1.41535				
0.11945	1.4128				
0.1195	1.39494				
0.11955	1.40514				
0.1196	1.4077				
0.11965	1.39749				
0.1197	1.37964				
0.11975	1.40004				
0.1198	1.39239				
0.11985	1.37453				
0.1199	1.38729				
0.11995	1.38474				
0.12	1.38474				
0.12005	1.40004				
0.1201	1.38729				
0.12015	1.37709				
0.1202	1.37964				
0.12025	1.38729				
0.1203	1.38474				
0.12035	1.41535				
0.1204	1.4281				
0.12045	1.43575				
0.1205	1.40514				
0.12055	1.37964				
0.1206	1.37453				
0.12065	1.38984				
0.1207	1.4332				
0.12075	1.43575				
0.1208	1.40259				
0.12085	1.40514				
0.1209	1.4077				
0.12095	1.37198				
0.121	1.37198				
0.12105	1.4128				
0.1211	1.4128				
0.12115	1.41025				
0.1212	1.37198				
0.12125	1.35158				
0.1213	1.37964				
0.12135	1.4077				
0.1214	1.39749				
0.12145	1.41535				
0.1215	1.4128				
0.12155	1.38474				
0.1216	1.39239				
0.12165	1.36688				
0.1217	1.36943				
0.12175	1.37964				
0.1218	1.38984				
0.12185	1.38474				
0.1219	1.37709				
0.12195	1.35158				
0.122	1.35413				
0.12205	1.37709				
0.1221	1.35668				
0.12215	1.36178				
0.1222	1.38474				
0.12225	1.37709				
0.1223	1.36178				
0.12235	1.37198				
0.1224	1.37453				
0.12245	1.37453				
0.1225	1.39239				
0.12255	1.38984				
0.1226	1.40259				
0.12265	1.4128				
0.1227	1.39494				
0.12275	1.40004				
0.1228	1.42045				
0.12285	1.4077				
0.1229	1.40004				
0.12295	1.4179				
0.123	1.41025				
0.12305	1.42555				
0.1231	1.42555				
0.12315	1.4077				
0.1232	1.40514				
0.12325	1.4332				
0.1233	1.43065				
0.12335	1.423				
0.1234	1.37453				
0.12345	1.36943				
0.1235	1.39494				
0.12355	1.38474				
0.1236	1.36688				
0.12365	1.4077				
0.1237	1.42045				
0.12375	1.40004				
0.1238	1.36178				
0.12385	1.33627				
0.1239	1.36688				
0.12395	1.38219				
0.124	1.38474				
0.12405	1.37198				
0.1241	1.38984				
0.12415	1.4077				
0.1242	1.39494				
0.12425	1.37198				
0.1243	1.37198				
0.12435	1.36943				
0.1244	1.37453				
0.12445	1.40004				
0.1245	1.40004				
0.12455	1.38984				
0.1246	1.37964				
0.12465	1.36178				
0.1247	1.38219				
0.12475	1.41535				
0.1248	1.42555				
0.12485	1.40514				
0.1249	1.38474				
0.12495	1.39749				
0.125	1.40514				
0.12505	1.40004				
0.1251	1.40004				
0.12515	1.40514				
0.1252	1.41535				
0.12525	1.44086				
0.1253	1.423				
0.12535	1.37453				
0.1254	1.36943				
0.12545	1.39494				
0.1255	1.40514				
0.12555	1.42555				
0.1256	1.40004				
0.12565	1.40004				
0.1257	1.39239				
0.12575	1.38474				
0.1258	1.37964				
0.12585	1.38219				
0.1259	1.38474				
0.12595	1.38729				
0.126	1.39494				
0.12605	1.36943				
0.1261	1.39239				
0.12615	1.39749				
0.1262	1.39239				
0.12625	1.40004				
0.1263	1.38474				
0.12635	1.37709				
0.1264	1.39239				
0.12645	1.37198				
0.1265	1.34648				
0.12655	1.36943				
0.1266	1.38984				
0.12665	1.40004				
0.1267	1.40259				
0.12675	1.38729				
0.1268	1.36688				
0.12685	1.37198				
0.1269	1.37198				
0.12695	1.36688				
0.127	1.37453				
0.12705	1.35923				
0.1271	1.40004				
0.12715	1.41025				
0.1272	1.39494				
0.12725	1.37709				
0.1273	1.39494				
0.12735	1.38474				
0.1274	1.40259				
0.12745	1.40514				
0.1275	1.39494				
0.12755	1.39239				
0.1276	1.38729				
0.12765	1.37964				
0.1277	1.40514				
0.12775	1.44596				
0.1278	1.43575				
0.12785	1.423				
0.1279	1.40514				
0.12795	1.38984				
0.128	1.40004				
0.12805	1.4128				
0.1281	1.41025				
0.12815	1.39749				
0.1282	1.40259				
0.12825	1.40514				
0.1283	1.38219				
0.12835	1.39239				
0.1284	1.39494				
0.12845	1.38729				
0.1285	1.39239				
0.12855	1.40514				
0.1286	1.40514				
0.12865	1.37709				
0.1287	1.37453				
0.12875	1.38219				
0.1288	1.40514				
0.12885	1.4281				
0.1289	1.42045				
0.12895	1.35923				
0.129	1.36688				
0.12905	1.39239				
0.1291	1.39494				
0.12915	1.42045				
0.1292	1.39494				
0.12925	1.38729				
0.1293	1.40514				
0.12935	1.41025				
0.1294	1.4128				
0.12945	1.40259				
0.1295	1.39239				
0.12955	1.38729				
0.1296	1.37964				
0.12965	1.38984				
0.1297	1.39494				
0.12975	1.39494				
0.1298	1.40514				
0.12985	1.36433				
0.1299	1.34137				
0.12995	1.38474				
0.13	1.38729				
0.13005	1.36178				
0.1301	1.35923				
0.13015	1.37198				
0.1302	1.36688				
0.13025	1.38219				
0.1303	1.37709				
0.13035	1.38219				
0.1304	1.39749				
0.13045	1.38984				
0.1305	1.39494				
0.13055	1.38474				
0.1306	1.39749				
0.13065	1.39749				
0.1307	1.4077				
0.13075	1.43575				
0.1308	1.43065				
0.13085	1.40259				
0.1309	1.39749				
0.13095	1.4281				
0.131	1.4128				
0.13105	1.40514				
0.1311	1.44341				
0.13115	1.45871				
0.1312	1.40514				
0.13125	1.36688				
0.1313	1.36688				
0.13135	1.4077				
0.1314	1.41025				
0.13145	1.41535				
0.1315	1.42045				
0.13155	1.39749				
0.1316	1.38729				
0.13165	1.37709				
0.1317	1.37709				
0.13175	1.36178				
0.1318	1.38474				
0.13185	1.37709				
0.1319	1.37198				
0.13195	1.36433				
0.132	1.36433				
0.13205	1.32352				
0.1321	1.32097				
0.13215	1.37453				
0.1322	1.38474				
0.13225	1.35923				
0.1323	1.34393				
0.13235	1.34903				
0.1324	1.37453				
0.13245	1.38984				
0.1325	1.38474				
0.13255	1.36688				
0.1326	1.37198				
0.13265	1.36688				
0.1327	1.39239				
0.13275	1.38474				
0.1328	1.36433				
0.13285	1.35923				
0.1329	1.36178				
0.13295	1.38729				
0.133	1.40004				
0.13305	1.40004				
0.1331	1.37709				
0.13315	1.39749				
0.1332	1.4077				
0.13325	1.38729				
0.1333	1.38984				
0.13335	1.40259				
0.1334	1.39749				
0.13345	1.42555				
0.1335	1.44341				
0.13355	1.41535				
0.1336	1.4332				
0.13365	1.42555				
0.1337	1.40514				
0.13375	1.42555				
0.1338	1.44086				
0.13385	1.4332				
0.1339	1.4383				
0.13395	1.423				
0.134	1.42045				
0.13405	1.4332				
0.1341	1.43065				
0.13415	1.42045				
0.1342	1.42555				
0.13425	1.39749				
0.1343	1.37964				
0.13435	1.39239				
0.1344	1.38984				
0.13445	1.39494				
0.1345	1.39749				
0.13455	1.41025				
0.1346	1.36943				
0.13465	1.35158				
0.1347	1.36433				
0.13475	1.36433				
0.1348	1.35668				
0.13485	1.37198				
0.1349	1.38474				
0.13495	1.36688				
0.135	1.32097				
0.13505	1.31332				
0.1351	1.33882				
0.13515	1.37453				
0.1352	1.37964				
0.13525	1.38474				
0.1353	1.36433				
0.13535	1.35923				
0.1354	1.36943				
0.13545	1.37709				
0.1355	1.38474				
0.13555	1.4077				
0.1356	1.4179				
0.13565	1.41535				
0.1357	1.38219				
0.13575	1.38474				
0.1358	1.36178				
0.13585	1.38219				
0.1359	1.423				
0.13595	1.4383				
0.136	1.39494				
0.13605	1.36943				
0.1361	1.40514				
0.13615	1.42045				
0.1362	1.41025				
0.13625	1.43575				
0.1363	1.42045				
0.13635	1.40004				
0.1364	1.4281				
0.13645	1.42555				
0.1365	1.4128				
0.13655	1.4077				
0.1366	1.42045				
0.13665	1.4179				
0.1367	1.41535				
0.13675	1.41535				
0.1368	1.42045				
0.13685	1.38984				
0.1369	1.37964				
0.13695	1.39749				
0.137	1.41025				
0.13705	1.37198				
0.1371	1.38219				
0.13715	1.39239				
0.1372	1.38219				
0.13725	1.38474				
0.1373	1.39239				
0.13735	1.37709				
0.1374	1.38474				
0.13745	1.38474				
0.1375	1.38474				
0.13755	1.39494				
0.1376	1.36688				
0.13765	1.37709				
0.1377	1.37709				
0.13775	1.39494				
0.1378	1.40514				
0.13785	1.40004				
0.1379	1.38474				
0.13795	1.36433				
0.138	1.35923				
0.13805	1.36943				
0.1381	1.37453				
0.13815	1.38219				
0.1382	1.38219				
0.13825	1.36433				
0.1383	1.35923				
0.13835	1.35158				
0.1384	1.32607				
0.13845	1.34393				
0.1385	1.39494				
0.13855	1.37453				
0.1386	1.34903				
0.13865	1.36178				
0.1387	1.37709				
0.13875	1.36943				
0.1388	1.38984				
0.13885	1.40514				
0.1389	1.39239				
0.13895	1.40514				
0.139	1.41535				
0.13905	1.4128				
0.1391	1.40514				
0.13915	1.40514				
0.1392	1.42045				
0.13925	1.43065				
0.1393	1.4383				
0.13935	1.4332				
0.1394	1.39239				
0.13945	1.40514				
0.1395	1.44851				
0.13955	1.44341				
0.1396	1.38219				
0.13965	1.35158				
0.1397	1.37198				
0.13975	1.42555				
0.1398	1.44341				
0.13985	1.40259				
0.1399	1.38474				
0.13995	1.38219				
0.14	1.37964				
0.14005	1.38219				
0.1401	1.37453				
0.14015	1.35158				
0.1402	1.36688				
0.14025	1.37453				
0.1403	1.37453				
0.14035	1.37453				
0.1404	1.37453				
0.14045	1.36178				
0.1405	1.36433				
0.14055	1.38219				
0.1406	1.38219				
0.14065	1.37709				
0.1407	1.38219				
0.14075	1.38474				
0.1408	1.39239				
0.14085	1.40514				
0.1409	1.38729				
0.14095	1.4128				
0.141	1.40259				
0.14105	1.37453				
0.1411	1.40004				
0.14115	1.40514				
0.1412	1.44341				
0.14125	1.43575				
0.1413	1.42555				
0.14135	1.4077				
0.1414	1.42555				
0.14145	1.42045				
0.1415	1.43575				
0.14155	1.41025				
0.1416	1.4077				
0.14165	1.40259				
0.1417	1.40514				
0.14175	1.40514				
0.1418	1.38984				
0.14185	1.40259				
0.1419	1.40514				
0.14195	1.41535				
0.142	1.40259				
0.14205	1.41535				
0.1421	1.38729				
0.14215	1.36943				
0.1422	1.37453				
0.14225	1.38474				
0.1423	1.38219				
0.14235	1.40004				
0.1424	1.43575				
0.14245	1.37453				
0.1425	1.34648				
0.14255	1.37709				
0.1426	1.38219				
0.14265	1.37964				
0.1427	1.40004				
0.14275	1.39494				
0.1428	1.37964				
0.14285	1.38219				
0.1429	1.38474				
0.14295	1.35923				
0.143	1.34393				
0.14305	1.36433				
0.1431	1.35668				
0.14315	1.34648				
0.1432	1.36433				
0.14325	1.35923				
0.1433	1.32352				
0.14335	1.34137				
0.1434	1.36688				
0.14345	1.38474				
0.1435	1.40259				
0.14355	1.37198				
0.1436	1.37709				
0.14365	1.38219				
0.1437	1.40514				
0.14375	1.41535				
0.1438	1.42555				
0.14385	1.44596				
0.1439	1.42555				
0.14395	1.4128				
0.144	1.44596				
0.14405	1.46126				
0.1441	1.43575				
0.14415	1.4332				
0.1442	1.45106				
0.14425	1.45361				
0.1443	1.44851				
0.14435	1.46126				
0.1444	1.45616				
0.14445	1.42555				
0.1445	1.43575				
0.14455	1.42555				
0.1446	1.39239				
0.14465	1.37453				
0.1447	1.38729				
0.14475	1.36433				
0.1448	1.35668				
0.14485	1.37709				
0.1449	1.37964				
0.14495	1.34393				
0.145	1.33117				
0.14505	1.34903				
0.1451	1.36688				
0.14515	1.34393				
0.1452	1.33882				
0.14525	1.34903				
0.1453	1.33372				
0.14535	1.33117				
0.1454	1.35413				
0.14545	1.35923				
0.1455	1.34137				
0.14555	1.36433				
0.1456	1.38474				
0.14565	1.36433				
0.1457	1.33117				
0.14575	1.36178				
0.1458	1.37964				
0.14585	1.38474				
0.1459	1.37453				
0.14595	1.35158				
0.146	1.34648				
0.14605	1.4077				
0.1461	1.4179				
0.14615	1.41025				
0.1462	1.40514				
0.14625	1.37964				
0.1463	1.36943				
0.14635	1.41025				
0.1464	1.40259				
0.14645	1.4077				
0.1465	1.43065				
0.14655	1.4383				
0.1466	1.42555				
0.14665	1.41535				
0.1467	1.39239				
0.14675	1.40514				
0.1468	1.4281				
0.14685	1.44086				
0.1469	1.4281				
0.14695	1.39494				
0.147	1.38219				
0.14705	1.4179				
0.1471	1.40259				
0.14715	1.38984				
0.1472	1.4077				
0.14725	1.4281				
0.1473	1.423				
0.14735	1.40514				
0.1474	1.37198				
0.14745	1.34137				
0.1475	1.38474				
0.14755	1.40259				
0.1476	1.42045				
0.14765	1.40004				
0.1477	1.37198				
0.14775	1.35413				
0.1478	1.37964				
0.14785	1.38219				
0.1479	1.40004				
0.14795	1.38219				
0.148	1.38474				
0.14805	1.4128				
0.1481	1.40514				
0.14815	1.39494				
0.1482	1.38474				
0.14825	1.41535				
0.1483	1.43575				
0.14835	1.40004				
0.1484	1.37709				
0.14845	1.40259				
0.1485	1.42555				
0.14855	1.423				
0.1486	1.4179				
0.14865	1.42045				
0.1487	1.39749				
0.14875	1.423				
0.1488	1.4383				
0.14885	1.40514				
0.1489	1.38474				
0.14895	1.4077				
0.149	1.40514				
0.14905	1.38729				
0.1491	1.38474				
0.14915	1.38474				
0.1492	1.39494				
0.14925	1.37198				
0.1493	1.35413				
0.14935	1.33117				
0.1494	1.35668				
0.14945	1.36943				
0.1495	1.38219				
0.14955	1.33372				
0.1496	1.32862				
0.14965	1.32607				
0.1497	1.33117				
0.14975	1.34648				
0.1498	1.36433				
0.14985	1.37709				
0.1499	1.37198				
0.14995	1.38219				
0.15	1.38474				
0.15005	1.36943				
0.1501	1.37198				
0.15015	1.41535				
0.1502	1.4332				
0.15025	1.44341				
0.1503	1.44596				
0.15035	1.423				
0.1504	1.40259				
0.15045	1.38984				
0.1505	1.42045				
0.15055	1.43065				
0.1506	1.4128				
0.15065	1.423				
0.1507	1.40004				
0.15075	1.39239				
0.1508	1.39494				
0.15085	1.40259				
0.1509	1.39494				
0.15095	1.4281				
0.151	1.42045				
0.15105	1.4077				
0.1511	1.37964				
0.15115	1.36433				
0.1512	1.38984				
0.15125	1.40004				
0.1513	1.39239				
0.15135	1.4077				
0.1514	1.4128				
0.15145	1.40514				
0.1515	1.42045				
0.15155	1.41025				
0.1516	1.38219				
0.15165	1.37964				
0.1517	1.36943				
0.15175	1.38474				
0.1518	1.4128				
0.15185	1.40259				
0.1519	1.38729				
0.15195	1.38729				
0.152	1.38729				
0.15205	1.37198				
0.1521	1.36688				
0.15215	1.33627				
0.1522	1.35158				
0.15225	1.37198				
0.1523	1.37198				
0.15235	1.35923				
0.1524	1.39239				
0.15245	1.38729				
0.1525	1.39749				
0.15255	1.37964				
0.1526	1.36433				
0.15265	1.36178				
0.1527	1.37964				
0.15275	1.40259				
0.1528	1.40259				
0.15285	1.40514				
0.1529	1.40514				
0.15295	1.4077				
0.153	1.40259				
0.15305	1.38219				
0.1531	1.36688				
0.15315	1.39749				
0.1532	1.423				
0.15325	1.44086				
0.1533	1.41535				
0.15335	1.34393				
0.1534	1.34648				
0.15345	1.40514				
0.1535	1.42555				
0.15355	1.39749				
0.1536	1.41535				
0.15365	1.40514				
0.1537	1.38474				
0.15375	1.37453				
0.1538	1.36433				
0.15385	1.37198				
0.1539	1.4077				
0.15395	1.44341				
0.154	1.40514				
0.15405	1.36943				
0.1541	1.34648				
0.15415	1.36178				
0.1542	1.38984				
0.15425	1.41535				
0.1543	1.4128				
0.15435	1.40004				
0.1544	1.39239				
0.15445	1.38474				
0.1545	1.41535				
0.15455	1.40259				
0.1546	1.39749				
0.15465	1.39494				
0.1547	1.41025				
0.15475	1.40514				
0.1548	1.39494				
0.15485	1.38474				
0.1549	1.37964				
0.15495	1.37964				
0.155	1.39239				
0.15505	1.4077				
0.1551	1.38984				
0.15515	1.38474				
0.1552	1.38729				
0.15525	1.38474				
0.1553	1.39749				
0.15535	1.40004				
0.1554	1.40514				
0.15545	1.39239				
0.1555	1.39494				
0.15555	1.39494				
0.1556	1.38729				
0.15565	1.38729				
0.1557	1.38474				
0.15575	1.40004				
0.1558	1.4077				
0.15585	1.39749				
0.1559	1.40004				
0.15595	1.37964				
0.156	1.37453				
0.15605	1.38729				
0.1561	1.38474				
0.15615	1.40514				
0.1562	1.40514				
0.15625	1.37453				
0.1563	1.37964				
0.15635	1.37453				
0.1564	1.38729				
0.15645	1.38984				
0.1565	1.38729				
0.15655	1.40514				
0.1566	1.43065				
0.15665	1.37964				
0.1567	1.34137				
0.15675	1.36178				
0.1568	1.40004				
0.15685	1.43065				
0.1569	1.40514				
0.15695	1.38219				
0.157	1.37964				
0.15705	1.38474				
0.1571	1.36943				
0.15715	1.36688				
0.1572	1.36943				
0.15725	1.37453				
0.1573	1.41535				
0.15735	1.41535				
0.1574	1.36943				
0.15745	1.33627				
0.1575	1.36178				
0.15755	1.40514				
0.1576	1.42555				
0.15765	1.40004				
0.1577	1.36688				
0.15775	1.38219				
0.1578	1.38219				
0.15785	1.39749				
0.1579	1.40259				
0.15795	1.37964				
0.158	1.38729				
0.15805	1.42555				
0.1581	1.44086				
0.15815	1.4077				
0.1582	1.35668				
0.15825	1.39239				
0.1583	1.41535				
0.15835	1.4179				
0.1584	1.4128				
0.15845	1.40514				
0.1585	1.40514				
0.15855	1.39494				
0.1586	1.40514				
0.15865	1.42045				
0.1587	1.40259				
0.15875	1.4128				
0.1588	1.423				
0.15885	1.4077				
0.1589	1.40004				
0.15895	1.4128				
0.159	1.40514				
0.15905	1.4077				
0.1591	1.4077				
0.15915	1.39494				
0.1592	1.39239				
0.15925	1.40259				
0.1593	1.39494				
0.15935	1.38219				
0.1594	1.35923				
0.15945	1.36433				
0.1595	1.4128				
0.15955	1.44086				
0.1596	1.40514				
0.15965	1.37453				
0.1597	1.36433				
0.15975	1.35413				
0.1598	1.35668				
0.15985	1.36688				
0.1599	1.37198				
0.15995	1.38729				
0.16	1.38729				
0.16005	1.36943				
0.1601	1.35413				
0.16015	1.36178				
0.1602	1.38729				
0.16025	1.38474				
0.1603	1.38729				
0.16035	1.35158				
0.1604	1.37453				
0.16045	1.38729				
0.1605	1.37198				
0.16055	1.37964				
0.1606	1.39239				
0.16065	1.40259				
0.1607	1.40514				
0.16075	1.39494				
0.1608	1.37709				
0.16085	1.37964				
0.1609	1.40004				
0.16095	1.43065				
0.161	1.42555				
0.16105	1.4179				
0.1611	1.39494				
0.16115	1.39239				
0.1612	1.40004				
0.16125	1.41535				
0.1613	1.4077				
0.16135	1.4128				
0.1614	1.4077				
0.16145	1.4077				
0.1615	1.41535				
0.16155	1.39239				
0.1616	1.38729				
0.16165	1.38474				
0.1617	1.40004				
0.16175	1.40259				
0.1618	1.41535				
0.16185	1.38729				
0.1619	1.36433				
0.16195	1.35923				
0.162	1.39239				
0.16205	1.38474				
0.1621	1.38474				
0.16215	1.39494				
0.1622	1.38219				
0.16225	1.39494				
0.1623	1.39494				
0.16235	1.40514				
0.1624	1.40004				
0.16245	1.41025				
0.1625	1.39749				
0.16255	1.40514				
0.1626	1.42045				
0.16265	1.40514				
0.1627	1.40004				
0.16275	1.39749				
0.1628	1.38729				
0.16285	1.40514				
0.1629	1.42045				
0.16295	1.38984				
0.163	1.36688				
0.16305	1.35923				
0.1631	1.38474				
0.16315	1.38729				
0.1632	1.42045				
0.16325	1.4128				
0.1633	1.38729				
0.16335	1.37709				
0.1634	1.35668				
0.16345	1.37709				
0.1635	1.40004				
0.16355	1.38219				
0.1636	1.37709				
0.16365	1.39239				
0.1637	1.39494				
0.16375	1.37198				
0.1638	1.35413				
0.16385	1.37709				
0.1639	1.38219				
0.16395	1.4128				
0.164	1.43575				
0.16405	1.38219				
0.1641	1.36433				
0.16415	1.37198				
0.1642	1.39494				
0.16425	1.41535				
0.1643	1.41535				
0.16435	1.39749				
0.1644	1.37453				
0.16445	1.36688				
0.1645	1.37198				
0.16455	1.35668				
0.1646	1.35668				
0.16465	1.38729				
0.1647	1.4128				
0.16475	1.423				
0.1648	1.37453				
0.16485	1.34648				
0.1649	1.38474				
0.16495	1.41025				
0.165	1.4128				
0.16505	1.38984				
0.1651	1.38729				
0.16515	1.38474				
0.1652	1.40514				
0.16525	1.4128				
0.1653	1.40259				
0.16535	1.38474				
0.1654	1.38474				
0.16545	1.39494				
0.1655	1.40259				
0.16555	1.39239				
0.1656	1.40514				
0.16565	1.40514				
0.1657	1.39239				
0.16575	1.38729				
0.1658	1.39239				
0.16585	1.39494				
0.1659	1.39494				
0.16595	1.39494				
0.166	1.39494				
0.16605	1.38474				
0.1661	1.38474				
0.16615	1.39239				
0.1662	1.36433				
0.16625	1.37198				
0.1663	1.36688				
0.16635	1.38729				
0.1664	1.38984				
0.16645	1.37198				
0.1665	1.35923				
0.16655	1.37964				
0.1666	1.40514				
0.16665	1.40259				
0.1667	1.37709				
0.16675	1.36688				
0.1668	1.38729				
0.16685	1.4128				
0.1669	1.41535				
0.16695	1.40004				
0.167	1.37709				
0.16705	1.39239				
0.1671	1.39494				
0.16715	1.39239				
0.1672	1.39239				
0.16725	1.41535				
0.1673	1.42045				
0.16735	1.41535				
0.1674	1.37198				
0.16745	1.35158				
0.1675	1.38474				
0.16755	1.43575				
0.1676	1.41535				
0.16765	1.39494				
0.1677	1.36943				
0.16775	1.36178				
0.1678	1.36943				
0.16785	1.37453				
0.1679	1.38474				
0.16795	1.40514				
0.168	1.40514				
0.16805	1.40259				
0.1681	1.4128				
0.16815	1.37709				
0.1682	1.36178				
0.16825	1.39494				
0.1683	1.4332				
0.16835	1.4128				
0.1684	1.38729				
0.16845	1.36178				
0.1685	1.38474				
0.16855	1.40514				
0.1686	1.39749				
0.16865	1.38474				
0.1687	1.36433				
0.16875	1.38474				
0.1688	1.39239				
0.16885	1.38474				
0.1689	1.35923				
0.16895	1.35413				
0.169	1.35158				
0.16905	1.37453				
0.1691	1.4077				
0.16915	1.38219				
0.1692	1.38729				
0.16925	1.38219				
0.1693	1.37453				
0.16935	1.34137				
0.1694	1.37709				
0.16945	1.41535				
0.1695	1.41535				
0.16955	1.4383				
0.1696	1.44086				
0.16965	1.4179				
0.1697	1.39494				
0.16975	1.39494				
0.1698	1.39749				
0.16985	1.423				
0.1699	1.43575				
0.16995	1.44851				
0.17	1.4332				
0.17005	1.40259				
0.1701	1.38474				
0.17015	1.41025				
0.1702	1.42555				
0.17025	1.4332				
0.1703	1.40004				
0.17035	1.36688				
0.1704	1.37198				
0.17045	1.38219				
0.1705	1.40259				
0.17055	1.38474				
0.1706	1.37709				
0.17065	1.35923				
0.1707	1.38219				
0.17075	1.38219				
0.1708	1.36688				
0.17085	1.36178				
0.1709	1.36943				
0.17095	1.38474				
0.171	1.38729				
0.17105	1.36688				
0.1711	1.36178				
0.17115	1.38474				
0.1712	1.42045				
0.17125	1.4128				
0.1713	1.37964				
0.17135	1.37709				
0.1714	1.4128				
0.17145	1.4128				
0.1715	1.4077				
0.17155	1.39749				
0.1716	1.4077				
0.17165	1.4179				
0.1717	1.4179				
0.17175	1.42045				
0.1718	1.39494				
0.17185	1.38984				
0.1719	1.40259				
0.17195	1.42555				
0.172	1.4179				
0.17205	1.38474				
0.1721	1.36688				
0.17215	1.38729				
0.1722	1.40514				
0.17225	1.4077				
0.1723	1.40004				
0.17235	1.38474				
0.1724	1.38219				
0.17245	1.40004				
0.1725	1.40004				
0.17255	1.36688				
0.1726	1.35413				
0.17265	1.37964				
0.1727	1.41025				
0.17275	1.40514				
0.1728	1.39494				
0.17285	1.37198				
0.1729	1.36688				
0.17295	1.37198				
0.173	1.39494				
0.17305	1.38474				
0.1731	1.38729				
0.17315	1.4179				
0.1732	1.423				
0.17325	1.4077				
0.1733	1.38984				
0.17335	1.36943				
0.1734	1.36433				
0.17345	1.37198				
0.1735	1.38474				
0.17355	1.37709				
0.1736	1.40004				
0.17365	1.40004				
0.1737	1.38474				
0.17375	1.36943				
0.1738	1.37964				
0.17385	1.38474				
0.1739	1.39239				
0.17395	1.39239				
0.174	1.38984				
0.17405	1.37964				
0.1741	1.38474				
0.17415	1.40514				
0.1742	1.41535				
0.17425	1.39749				
0.1743	1.38984				
0.17435	1.39494				
0.1744	1.40004				
0.17445	1.37964				
0.1745	1.38474				
0.17455	1.39749				
0.1746	1.4128				
0.17465	1.39749				
0.1747	1.35923				
0.17475	1.34393				
0.1748	1.36178				
0.17485	1.41025				
0.1749	1.4383				
0.17495	1.40514				
0.175	1.36178				
0.17505	1.36943				
0.1751	1.37964				
0.17515	1.37964				
0.1752	1.38729				
0.17525	1.41025				
0.1753	1.423				
0.17535	1.42555				
0.1754	1.39749				
0.17545	1.36433				
0.1755	1.35923				
0.17555	1.38474				
0.1756	1.42045				
0.17565	1.4281				
0.1757	1.39749				
0.17575	1.36433				
0.1758	1.38219				
0.17585	1.4179				
0.1759	1.41535				
0.17595	1.4077				
0.176	1.39239				
0.17605	1.37964				
0.1761	1.41025				
0.17615	1.40004				
0.1762	1.37198				
0.17625	1.36433				
0.1763	1.37198				
0.17635	1.40004				
0.1764	1.42045				
0.17645	1.40514				
0.1765	1.37964				
0.17655	1.38219				
0.1766	1.38474				
0.17665	1.39494				
0.1767	1.37964				
0.17675	1.39749				
0.1768	1.41025				
0.17685	1.39494				
0.1769	1.40004				
0.17695	1.40004				
0.177	1.38219				
0.17705	1.36943				
0.1771	1.39494				
0.17715	1.38984				
0.1772	1.38474				
0.17725	1.38984				
0.1773	1.39749				
0.17735	1.36943				
0.1774	1.34137				
0.17745	1.38474				
0.1775	1.40514				
0.17755	1.40004				
0.1776	1.38729				
0.17765	1.36688				
0.1777	1.37198				
0.17775	1.38474				
0.1778	1.39494				
0.17785	1.38729				
0.1779	1.40004				
0.17795	1.40259				
0.178	1.37964				
0.17805	1.36943				
0.1781	1.39749				
0.17815	1.41025				
0.1782	1.37198				
0.17825	1.35413				
0.1783	1.36178				
0.17835	1.38984				
0.1784	1.42555				
0.17845	1.43065				
0.1785	1.37453				
0.17855	1.34903				
0.1786	1.37709				
0.17865	1.4332				
0.1787	1.4332				
0.17875	1.38984				
0.1788	1.39494				
0.17885	1.43065				
0.1789	1.44596				
0.17895	1.4383				
0.179	1.423				
0.17905	1.39749				
0.1791	1.40514				
0.17915	1.44086				
0.1792	1.4383				
0.17925	1.39749				
0.1793	1.35158				
0.17935	1.37198				
0.1794	1.41535				
0.17945	1.42045				
0.1795	1.39239				
0.17955	1.35923				
0.1796	1.35158				
0.17965	1.38474				
0.1797	1.38474				
0.17975	1.35413				
0.1798	1.32097				
0.17985	1.33882				
0.1799	1.37453				
0.17995	1.39494				
0.18	1.37198				
0.18005	1.34393				
0.1801	1.36433				
0.18015	1.37453				
0.1802	1.39749				
0.18025	1.4077				
0.1803	1.42555				
0.18035	1.42555				
0.1804	1.4332				
0.18045	1.43575				
0.1805	1.44596				
0.18055	1.47657				
0.1806	1.44851				
0.18065	1.42045				
0.1807	1.39494				
0.18075	1.40004				
0.1808	1.4179				
0.18085	1.4332				
0.1809	1.42045				
0.18095	1.39494				
0.181	1.40259				
0.18105	1.4128				
0.1811	1.37964				
0.18115	1.35923				
0.1812	1.34903				
0.18125	1.35413				
0.1813	1.35668				
0.18135	1.33372				
0.1814	1.32352				
0.18145	1.34903				
0.1815	1.36178				
0.18155	1.36433				
0.1816	1.33627				
0.18165	1.32862				
0.1817	1.35413				
0.18175	1.36433				
0.1818	1.35668				
0.18185	1.36178				
0.1819	1.36178				
0.18195	1.37453				
0.182	1.39494				
0.18205	1.4179				
0.1821	1.41535				
0.18215	1.4128				
0.1822	1.4128				
0.18225	1.423				
0.1823	1.423				
0.18235	1.44596				
0.1824	1.45871				
0.18245	1.44596				
0.1825	1.47402				
0.18255	1.47402				
0.1826	1.44341				
0.18265	1.4281				
0.1827	1.423				
0.18275	1.43575				
0.1828	1.42555				
0.18285	1.4077				
0.1829	1.38729				
0.18295	1.38729				
0.183	1.38984				
0.18305	1.37453				
0.1831	1.37453				
0.18315	1.38474				
0.1832	1.37453				
0.18325	1.36178				
0.1833	1.35923				
0.18335	1.36943				
0.1834	1.36943				
0.18345	1.37453				
0.1835	1.36688				
0.18355	1.36688				
0.1836	1.36688				
0.18365	1.34903				
0.1837	1.37964				
0.18375	1.39494				
0.1838	1.40259				
0.18385	1.38729				
0.1839	1.39749				
0.18395	1.39494				
0.184	1.423				
0.18405	1.4281				
0.1841	1.4281				
0.18415	1.4077				
0.1842	1.37453				
0.18425	1.37709				
0.1843	1.36688				
0.18435	1.39239				
0.1844	1.39239				
0.18445	1.38984				
0.1845	1.37453				
0.18455	1.37198				
0.1846	1.39494				
0.18465	1.39239				
0.1847	1.37453				
0.18475	1.37964				
0.1848	1.39749				
0.18485	1.4077				
0.1849	1.39239				
0.18495	1.37453				
0.185	1.36433				
0.18505	1.39239				
0.1851	1.40514				
0.18515	1.36433				
0.1852	1.34903				
0.18525	1.41025				
0.1853	1.46126				
0.18535	1.40004				
0.1854	1.32862				
0.18545	1.35923				
0.1855	1.4128				
0.18555	1.43065				
0.1856	1.4332				
0.18565	1.40259				
0.1857	1.37453				
0.18575	1.37964				
0.1858	1.38729				
0.18585	1.37709				
0.1859	1.37198				
0.18595	1.37453				
0.186	1.36178				
0.18605	1.35923				
0.1861	1.37198				
0.18615	1.35413				
0.1862	1.34903				
0.18625	1.37198				
0.1863	1.40004				
0.18635	1.41535				
0.1864	1.37198				
0.18645	1.33372				
0.1865	1.35413				
0.18655	1.4179				
0.1866	1.42045				
0.18665	1.41535				
0.1867	1.40004				
0.18675	1.40259				
0.1868	1.4128				
0.18685	1.4281				
0.1869	1.40259				
0.18695	1.38729				
0.187	1.42045				
0.18705	1.42555				
0.1871	1.43065				
0.18715	1.4179				
0.1872	1.39239				
0.18725	1.40514				
0.1873	1.4179				
0.18735	1.40514				
0.1874	1.4077				
0.18745	1.41535				
0.1875	1.4128				
0.18755	1.39494				
0.1876	1.37964				
0.18765	1.38474				
0.1877	1.40259				
0.18775	1.40259				
0.1878	1.39494				
0.18785	1.38219				
0.1879	1.38219				
0.18795	1.4077				
0.188	1.39494				
0.18805	1.37709				
0.1881	1.35158				
0.18815	1.35668				
0.1882	1.4077				
0.18825	1.40514				
0.1883	1.37453				
0.18835	1.37453				
0.1884	1.39494				
0.18845	1.41535				
0.1885	1.38219				
0.18855	1.35923				
0.1886	1.36433				
0.18865	1.40514				
0.1887	1.37964				
0.18875	1.34393				
0.1888	1.33627				
0.18885	1.39494				
0.1889	1.39239				
0.18895	1.32607				
0.189	1.32352				
0.18905	1.37453				
0.1891	1.39749				
0.18915	1.38984				
0.1892	1.36433				
0.18925	1.36178				
0.1893	1.37709				
0.18935	1.423				
0.1894	1.42555				
0.18945	1.40259				
0.1895	1.38984				
0.18955	1.40514				
0.1896	1.4179				
0.18965	1.4332				
0.1897	1.43575				
0.18975	1.42045				
0.1898	1.40259				
0.18985	1.40259				
0.1899	1.44086				
0.18995	1.43065				
0.19	1.38219				
0.19005	1.36943				
0.1901	1.39494				
0.19015	1.4128				
0.1902	1.39239				
0.19025	1.38729				
0.1903	1.36688				
0.19035	1.33117				
0.1904	1.37709				
0.19045	1.4077				
0.1905	1.37198				
0.19055	1.36688				
0.1906	1.36433				
0.19065	1.36943				
0.1907	1.37198				
0.19075	1.40259				
0.1908	1.42045				
0.19085	1.42555				
0.1909	1.43065				
0.19095	1.4128				
0.191	1.38984				
0.19105	1.40514				
0.1911	1.44086				
0.19115	1.44596				
0.1912	1.44851				
0.19125	1.43065				
0.1913	1.4128				
0.19135	1.39494				
0.1914	1.38474				
0.19145	1.40514				
0.1915	1.4383				
0.19155	1.4281				
0.1916	1.38729				
0.19165	1.35158				
0.1917	1.35413				
0.19175	1.37453				
0.1918	1.39239				
0.19185	1.37198				
0.1919	1.35413				
0.19195	1.36433				
0.192	1.38219				
0.19205	1.36943				
0.1921	1.35923				
0.19215	1.34393				
0.1922	1.36688				
0.19225	1.37964				
0.1923	1.38219				
0.19235	1.39494				
0.1924	1.39749				
0.19245	1.39494				
0.1925	1.37198				
0.19255	1.37198				
0.1926	1.38729				
0.19265	1.38474				
0.1927	1.40514				
0.19275	1.4332				
0.1928	1.4332				
0.19285	1.42045				
0.1929	1.39749				
0.19295	1.38474				
0.193	1.37964				
0.19305	1.36943				
0.1931	1.39239				
0.19315	1.4128				
0.1932	1.40514				
0.19325	1.39749				
0.1933	1.39239				
0.19335	1.40514				
0.1934	1.36433				
0.19345	1.37453				
0.1935	1.37964				
0.19355	1.36433				
0.1936	1.34393				
0.19365	1.34903				
0.1937	1.36688				
0.19375	1.36433				
0.1938	1.36943				
0.19385	1.35668				
0.1939	1.35668				
0.19395	1.35923				
0.194	1.38219				
0.19405	1.38474				
0.1941	1.39749				
0.19415	1.37964				
0.1942	1.38474				
0.19425	1.39239				
0.1943	1.39494				
0.19435	1.4128				
0.1944	1.43575				
0.19445	1.43575				
0.1945	1.43065				
0.19455	1.44086				
0.1946	1.41025				
0.19465	1.42045				
0.1947	1.44596				
0.19475	1.44596				
0.1948	1.45871				
0.19485	1.46636				
0.1949	1.44341				
0.19495	1.42555				
0.195	1.41025				
0.19505	1.39494				
0.1951	1.39494				
0.19515	1.40259				
0.1952	1.39749				
0.19525	1.39749				
0.1953	1.40004				
0.19535	1.37709				
0.1954	1.35413				
0.19545	1.36433				
0.1955	1.35668				
0.19555	1.35413				
0.1956	1.37964				
0.19565	1.37964				
0.1957	1.35668				
0.19575	1.35413				
0.1958	1.35923				
0.19585	1.36433				
0.1959	1.38474				
0.19595	1.39239				
0.196	1.40514				
0.19605	1.39749				
0.1961	1.36178				
0.19615	1.37198				
0.1962	1.39494				
0.19625	1.39239				
0.1963	1.40004				
0.19635	1.41535				
0.1964	1.43575				
0.19645	1.4179				
0.1965	1.38984				
0.19655	1.34648				
0.1966	1.34648				
0.19665	1.36943				
0.1967	1.38729				
0.19675	1.39494				
0.1968	1.40514				
0.19685	1.39494				
0.1969	1.37198				
0.19695	1.37964				
0.197	1.36433				
0.19705	1.37198				
0.1971	1.37964				
0.19715	1.38984				
0.1972	1.39494				
0.19725	1.37709				
0.1973	1.36178				
0.19735	1.36688				
0.1974	1.39239				
0.19745	1.39494				
0.1975	1.423				
0.19755	1.41535				
0.1976	1.37709				
0.19765	1.38729				
0.1977	1.38474				
0.19775	1.38474				
0.1978	1.39749				
0.19785	1.4128				
0.1979	1.4281				
0.19795	1.42045				
0.198	1.37709				
0.19805	1.36688				
0.1981	1.37198				
0.19815	1.37198				
0.1982	1.37198				
0.19825	1.37964				
0.1983	1.37198				
0.19835	1.38219				
0.1984	1.38729				
0.19845	1.39494				
0.1985	1.39239				
0.19855	1.38219				
0.1986	1.37964				
0.19865	1.38729				
0.1987	1.40004				
0.19875	1.39494				
0.1988	1.42045				
0.19885	1.41535				
0.1989	1.39749				
0.19895	1.39494				
0.199	1.4281				
0.19905	1.43575				
0.1991	1.44341				
0.19915	1.4281				
0.1992	1.4332				
0.19925	1.43575				
0.1993	1.42555				
0.19935	1.40514				
0.1994	1.40259				
0.19945	1.40004				
0.1995	1.42555				
0.19955	1.42555				
0.1996	1.36178				
0.19965	1.35668				
0.1997	1.39749				
0.19975	1.38729				
0.1998	1.33372				
0.19985	1.32607				
0.1999	1.34648				
0.19995	1.38984				
