Time - piezo	Amplitude - piezo	Unnamed: 2	Unnamed: 3	Frequency [Hz] - piezo (Power Spectrum)	Amplitude - piezo (Power Spectrum)
0.0	0.0018577			0.0	9.63697e-06
5e-05	-0.00323902			5.0	2.81917e-06
0.0001	-0.00960991			10.0	8.19896e-07
0.00015	-0.0121583			15.0	7.29026e-07
0.0002	-0.0147066			20.0	2.42019e-07
0.00025	-0.0134324			25.0	4.21e-08
0.0003	-0.0147066			30.0	1.22126e-07
0.00035	-0.0159808			35.0	3.69422e-08
0.0004	-0.017255			40.0	8.27829e-09
0.00045	-0.017255			45.0	2.89698e-09
0.0005	-0.0159808			50.0	1.48153e-08
0.00055	-0.0159808			55.0	1.23126e-06
0.0006	-0.0121583			60.0	4.55573e-06
0.00065	-0.00833573			65.0	1.4944e-06
0.0007	-0.00578737			70.0	6.68666e-07
0.00075	-0.00196484			75.0	2.13574e-06
0.0008	-0.00196484			80.0	1.14809e-06
0.00085	0.00568023			85.0	2.12001e-07
0.0009	0.00822859			90.0	1.07175e-06
0.00095	0.0107769			95.0	6.2081e-07
0.001	0.0120511			100.0	5.39203e-07
0.00105	0.0133253			105.0	2.16112e-09
0.0011	0.0209704			110.0	3.55937e-08
0.00115	0.0222446			115.0	2.78475e-08
0.0012	0.0222446			120.0	1.97895e-07
0.00125	0.0209704			125.0	1.75426e-06
0.0013	0.0209704			130.0	3.93159e-06
0.00135	0.018422			135.0	9.45649e-07
0.0014	0.0209704			140.0	7.19909e-06
0.00145	0.0196962			145.0	4.79047e-05
0.0015	0.0145995			150.0	3.42269e-05
0.00155	0.0107769			155.0	5.1468e-07
0.0016	0.0158737			160.0	8.80133e-07
0.00165	0.00695441			165.0	3.04402e-07
0.0017	0.00695441			170.0	2.4339e-07
0.00175	-0.00323902			175.0	1.45024e-06
0.0018	0.000583518			180.0	4.47433e-06
0.00185	-0.00706155			185.0	2.57587e-06
0.0019	-0.0045132			190.0	8.60985e-07
0.00195	-0.00833573			195.0	3.62689e-07
0.002	-0.00960991			200.0	2.12369e-07
0.00205	-0.00833573			205.0	4.43413e-08
0.0021	-0.00960991			210.0	6.1338e-09
0.00215	-0.0108841			215.0	3.25038e-08
0.0022	-0.0134324			220.0	9.60598e-08
0.00225	-0.00706155			225.0	7.96359e-08
0.0023	-0.00833573			230.0	1.91744e-08
0.00235	0.000583518			235.0	9.87932e-08
0.0024	0.000583518			240.0	3.30923e-08
0.00245	0.00313188			245.0	1.54271e-07
0.0025	0.00822859			250.0	1.42835e-08
0.00255	0.0133253			255.0	5.31954e-10
0.0026	0.0145995			260.0	6.28837e-09
0.00265	0.0145995			265.0	3.79448e-08
0.0027	0.0222446			270.0	7.70032e-08
0.00275	0.0222446			275.0	2.13819e-08
0.0028	0.0273413			280.0	1.14188e-08
0.00285	0.0286154			285.0	2.2532e-08
0.0029	0.0337122			290.0	3.95343e-08
0.00295	0.0349863			295.0	1.31004e-08
0.003	0.0337122			300.0	5.08317e-08
0.00305	0.0388089			305.0	2.28986e-09
0.0031	0.0349863			310.0	1.11347e-08
0.00315	0.0337122			315.0	2.15175e-08
0.0032	0.0337122			320.0	1.81994e-08
0.00325	0.032438			325.0	1.36714e-10
0.0033	0.0337122			330.0	1.65489e-08
0.00335	0.0247929			335.0	1.24252e-08
0.0034	0.0235187			340.0	2.96724e-09
0.00345	0.0222446			345.0	9.86712e-09
0.0035	0.018422			350.0	1.35215e-08
0.00355	0.018422			355.0	2.97181e-10
0.0036	0.0107769			360.0	2.708e-08
0.00365	0.0120511			365.0	2.84366e-08
0.0037	0.00695441			370.0	9.04744e-09
0.00375	0.00313188			375.0	3.43142e-10
0.0038	0.00313188			380.0	7.77414e-09
0.00385	0.00313188			385.0	1.82833e-08
0.0039	0.00568023			390.0	1.53703e-08
0.00395	-0.00196484			395.0	2.70869e-08
0.004	0.000583518			400.0	1.28912e-08
0.00405	0.00313188			405.0	8.36967e-09
0.0041	0.00313188			410.0	1.19262e-08
0.00415	0.0107769			415.0	4.90487e-08
0.0042	0.00822859			420.0	5.33333e-08
0.00425	0.0133253			425.0	3.8485e-08
0.0043	0.018422			430.0	4.82826e-09
0.00435	0.0171478			435.0	1.04375e-08
0.0044	0.0222446			440.0	2.58819e-08
0.00445	0.0273413			445.0	1.89887e-08
0.0045	0.0311638			450.0	1.99956e-07
0.00455	0.0375347			455.0	4.59908e-07
0.0046	0.0337122			460.0	7.00451e-08
0.00465	0.0375347			465.0	3.073e-08
0.0047	0.0388089			470.0	1.09345e-07
0.00475	0.0388089			475.0	1.74908e-07
0.0048	0.0426314			480.0	1.44841e-07
0.00485	0.0426314			485.0	1.24755e-07
0.0049	0.0413572			490.0	3.64376e-07
0.00495	0.0426314			495.0	1.96137e-07
0.005	0.0375347			500.0	5.47083e-08
0.00505	0.0349863			505.0	5.73377e-08
0.0051	0.0375347			510.0	1.69717e-08
0.00515	0.0286154			515.0	6.24743e-08
0.0052	0.0311638			520.0	1.24948e-07
0.00525	0.0260671			525.0	8.63454e-07
0.0053	0.0222446			530.0	4.8525e-06
0.00535	0.0209704			535.0	2.77442e-05
0.0054	0.0120511			540.0	8.31567e-05
0.00545	0.0120511			545.0	6.77255e-05
0.0055	0.00822859			550.0	6.83255e-06
0.00555	-0.00069066			555.0	2.18422e-06
0.0056	0.000583518			560.0	2.0702e-07
0.00565	-0.00196484			565.0	4.2176e-07
0.0057	-0.00196484			570.0	3.31513e-07
0.00575	0.000583518			575.0	2.89568e-07
0.0058	-0.00833573			580.0	1.79408e-08
0.00585	-0.00578737			585.0	9.1815e-09
0.0059	-0.0045132			590.0	5.51436e-08
0.00595	-0.00706155			595.0	1.90201e-09
0.006	-0.0045132			600.0	7.65199e-08
0.00605	-0.00196484			605.0	1.22804e-08
0.0061	-0.00323902			610.0	2.37679e-08
0.00615	0.00440605			615.0	6.46611e-08
0.0062	0.00568023			620.0	9.69932e-08
0.00625	0.00695441			625.0	2.47903e-08
0.0063	0.0120511			630.0	2.03731e-08
0.00635	0.0120511			635.0	1.89901e-08
0.0064	0.0120511			640.0	6.97751e-09
0.00645	0.018422			645.0	5.25273e-09
0.0065	0.018422			650.0	3.53366e-09
0.00655	0.0158737			655.0	8.10932e-10
0.0066	0.0247929			660.0	2.78704e-08
0.00665	0.0235187			665.0	1.05583e-08
0.0067	0.0235187			670.0	7.29268e-09
0.00675	0.0273413			675.0	1.92706e-08
0.0068	0.0209704			680.0	1.05918e-08
0.00685	0.0171478			685.0	2.6999e-08
0.0069	0.0196962			690.0	3.80388e-08
0.00695	0.0145995			695.0	1.90061e-08
0.007	0.00950277			700.0	9.56654e-09
0.00705	0.0107769			705.0	5.02518e-09
0.0071	0.00568023			710.0	7.0085e-10
0.00715	0.000583518			715.0	1.34882e-08
0.0072	-0.00196484			720.0	1.6236e-08
0.00725	-0.0121583			725.0	1.86863e-09
0.0073	-0.0134324			730.0	7.04828e-10
0.00735	-0.0134324			735.0	1.14958e-09
0.0074	-0.0210775			740.0	3.1778e-09
0.00745	-0.0198033			745.0	1.90024e-09
0.0075	-0.017255			750.0	2.64988e-09
0.00755	-0.0236259			755.0	5.17022e-09
0.0076	-0.0223517			760.0	9.97404e-10
0.00765	-0.0198033			765.0	7.10505e-10
0.0077	-0.0236259			770.0	7.13381e-09
0.00775	-0.0236259			775.0	5.79832e-09
0.0078	-0.0210775			780.0	2.9549e-09
0.00785	-0.0198033			785.0	2.88204e-09
0.0079	-0.017255			790.0	1.06054e-08
0.00795	-0.00960991			795.0	2.38685e-08
0.008	-0.0134324			800.0	3.85559e-08
0.00805	-0.00833573			805.0	3.84267e-08
0.0081	-0.0045132			810.0	1.91313e-08
0.00815	-0.00578737			815.0	1.27617e-08
0.0082	-0.00196484			820.0	5.69067e-09
0.00825	0.00440605			825.0	6.81032e-09
0.0083	0.000583518			830.0	1.2755e-08
0.00835	0.00695441			835.0	8.5601e-09
0.0084	0.0107769			840.0	6.77242e-09
0.00845	0.0107769			845.0	7.83716e-09
0.0085	0.00822859			850.0	1.09992e-09
0.00855	0.0133253			855.0	1.58986e-09
0.0086	0.00950277			860.0	2.91921e-09
0.00865	0.00695441			865.0	1.05164e-09
0.0087	0.0133253			870.0	7.64574e-10
0.00875	0.00950277			875.0	2.77625e-10
0.0088	0.00568023			880.0	2.03126e-10
0.00885	0.00568023			885.0	3.93897e-09
0.0089	0.00313188			890.0	1.25358e-10
0.00895	-0.00196484			895.0	2.08482e-09
0.009	-0.00196484			900.0	3.10318e-09
0.00905	-0.0045132			905.0	2.52182e-09
0.0091	-0.00706155			910.0	5.52716e-10
0.00915	-0.00833573			915.0	3.87667e-10
0.0092	-0.0121583			920.0	1.31339e-09
0.00925	-0.0134324			925.0	2.23294e-09
0.0093	-0.017255			930.0	3.41946e-09
0.00935	-0.017255			935.0	2.82001e-09
0.0094	-0.0159808			940.0	4.26077e-09
0.00945	-0.0185292			945.0	5.58617e-10
0.0095	-0.0147066			950.0	3.36304e-10
0.00955	-0.0121583			955.0	8.50418e-11
0.0096	-0.0121583			960.0	1.07225e-10
0.00965	-0.0121583			965.0	4.5445e-10
0.0097	-0.00706155			970.0	2.53182e-09
0.00975	-0.0045132			975.0	1.67856e-10
0.0098	-0.00323902			980.0	1.826e-09
0.00985	0.0018577			985.0	4.32801e-09
0.0099	0.00695441			990.0	7.80039e-09
0.00995	0.00950277			995.0	3.53246e-09
0.01	0.0133253			1000.0	1.12667e-09
0.01005	0.0196962			1005.0	2.64141e-09
0.0101	0.0196962			1010.0	2.56306e-09
0.01015	0.0171478			1015.0	2.52174e-10
0.0102	0.0222446			1020.0	3.05751e-09
0.01025	0.0273413			1025.0	8.92499e-09
0.0103	0.0235187			1030.0	2.33004e-09
0.01035	0.0273413			1035.0	2.36889e-09
0.0104	0.0298896			1040.0	8.96411e-09
0.01045	0.0260671			1045.0	6.75017e-09
0.0105	0.0235187			1050.0	9.75927e-11
0.01055	0.0273413			1055.0	2.3492e-10
0.0106	0.0273413			1060.0	2.26536e-09
0.01065	0.0171478			1065.0	2.52032e-09
0.0107	0.018422			1070.0	1.09424e-09
0.01075	0.018422			1075.0	3.88904e-10
0.0108	0.0133253			1080.0	1.35095e-09
0.01085	0.0107769			1085.0	2.1403e-09
0.0109	0.00695441			1090.0	5.63674e-09
0.01095	0.00822859			1095.0	2.9232e-09
0.011	-0.00069066			1100.0	3.84527e-10
0.01105	0.000583518			1105.0	2.19033e-09
0.0111	-0.00196484			1110.0	2.98104e-09
0.01115	-0.00578737			1115.0	7.49314e-10
0.0112	-0.0045132			1120.0	4.71687e-09
0.01125	-0.00323902			1125.0	2.93173e-09
0.0113	-0.0045132			1130.0	1.63276e-10
0.01135	-0.00706155			1135.0	6.5844e-10
0.0114	-0.00069066			1140.0	4.24759e-09
0.01145	0.00313188			1145.0	1.91183e-09
0.0115	0.00440605			1150.0	4.45753e-10
0.01155	0.00440605			1155.0	4.27139e-09
0.0116	0.0120511			1160.0	1.80224e-09
0.01165	0.0158737			1165.0	2.26948e-09
0.0117	0.0133253			1170.0	3.20957e-09
0.01175	0.0171478			1175.0	4.58351e-10
0.0118	0.0247929			1180.0	8.55241e-10
0.01185	0.0247929			1185.0	2.32614e-09
0.0119	0.0235187			1190.0	3.87398e-09
0.01195	0.0286154			1195.0	9.60781e-10
0.012	0.0337122			1200.0	2.72784e-10
0.01205	0.0311638			1205.0	7.44716e-10
0.0121	0.0311638			1210.0	2.09412e-11
0.01215	0.0349863			1215.0	3.5044e-09
0.0122	0.0388089			1220.0	5.37598e-09
0.01225	0.032438			1225.0	6.41293e-09
0.0123	0.0260671			1230.0	2.50386e-09
0.01235	0.0260671			1235.0	3.09428e-09
0.0124	0.0273413			1240.0	4.6545e-09
0.01245	0.0247929			1245.0	1.6594e-09
0.0125	0.018422			1250.0	4.76329e-10
0.01255	0.0171478			1255.0	5.90058e-10
0.0126	0.0133253			1260.0	9.8688e-10
0.01265	0.00695441			1265.0	3.1124e-09
0.0127	0.00440605			1270.0	3.21398e-11
0.01275	0.0018577			1275.0	1.98161e-09
0.0128	-0.00196484			1280.0	2.27928e-11
0.01285	-0.00706155			1285.0	5.90534e-10
0.0129	-0.00706155			1290.0	3.66824e-10
0.01295	-0.00706155			1295.0	1.30003e-09
0.013	-0.0108841			1300.0	1.90158e-09
0.01305	-0.0134324			1305.0	1.38437e-09
0.0131	-0.0108841			1310.0	6.68234e-10
0.01315	-0.00960991			1315.0	5.13656e-10
0.0132	-0.0108841			1320.0	3.00818e-09
0.01325	-0.00706155			1325.0	5.15657e-09
0.0133	-0.00323902			1330.0	1.75268e-09
0.01335	0.0018577			1335.0	1.01153e-10
0.0134	0.00313188			1340.0	3.65318e-10
0.01345	0.00822859			1345.0	8.68106e-10
0.0135	0.0133253			1350.0	2.64071e-09
0.01355	0.0171478			1355.0	1.92204e-09
0.0136	0.0171478			1360.0	1.16957e-09
0.01365	0.0222446			1365.0	1.36534e-10
0.0137	0.0298896			1370.0	1.1583e-09
0.01375	0.0286154			1375.0	1.78748e-09
0.0138	0.0273413			1380.0	3.79108e-10
0.01385	0.0311638			1385.0	2.18509e-09
0.0139	0.032438			1390.0	1.68394e-10
0.01395	0.0286154			1395.0	2.35514e-09
0.014	0.0273413			1400.0	2.02409e-10
0.01405	0.0298896			1405.0	6.05885e-10
0.0141	0.0311638			1410.0	1.92187e-09
0.01415	0.0260671			1415.0	1.52691e-09
0.0142	0.0235187			1420.0	6.21494e-10
0.01425	0.018422			1425.0	6.02532e-09
0.0143	0.018422			1430.0	1.60152e-09
0.01435	0.0120511			1435.0	9.45733e-10
0.0144	0.00822859			1440.0	1.72701e-09
0.01445	0.00695441			1445.0	3.71871e-09
0.0145	0.00695441			1450.0	2.52437e-09
0.01455	-0.00196484			1455.0	4.60895e-10
0.0146	-0.00833573			1460.0	5.12655e-09
0.01465	-0.00706155			1465.0	1.87182e-09
0.0147	-0.00960991			1470.0	2.59886e-10
0.01475	-0.0121583			1475.0	1.06136e-09
0.0148	-0.0134324			1480.0	2.96257e-09
0.01485	-0.00706155			1485.0	5.15657e-09
0.0149	-0.00706155			1490.0	4.69243e-09
0.01495	-0.00833573			1495.0	1.04633e-09
0.015	-0.0108841			1500.0	8.5483e-12
0.01505	-0.00578737			1505.0	1.72133e-10
0.0151	-0.00196484			1510.0	1.70261e-09
0.01515	0.000583518			1515.0	9.59938e-10
0.0152	0.00313188			1520.0	8.57586e-10
0.01525	0.0107769			1525.0	1.84201e-09
0.0153	0.018422			1530.0	1.05005e-09
0.01535	0.0209704			1535.0	8.09521e-10
0.0154	0.0209704			1540.0	6.48239e-10
0.01545	0.0247929			1545.0	5.67009e-09
0.0155	0.0311638			1550.0	4.48928e-09
0.01555	0.0298896			1555.0	3.72241e-10
0.0156	0.0311638			1560.0	2.55755e-09
0.01565	0.0362605			1565.0	2.85478e-09
0.0157	0.0388089			1570.0	1.10387e-10
0.01575	0.0362605			1575.0	1.34416e-09
0.0158	0.0337122			1580.0	3.11911e-09
0.01585	0.0298896			1585.0	3.12608e-09
0.0159	0.0337122			1590.0	1.00597e-09
0.01595	0.032438			1595.0	1.8882e-09
0.016	0.0273413			1600.0	2.82075e-09
0.01605	0.0273413			1605.0	5.33982e-09
0.0161	0.0235187			1610.0	4.29134e-09
0.01615	0.0196962			1615.0	6.00635e-10
0.0162	0.0120511			1620.0	1.92444e-10
0.01625	0.00822859			1625.0	1.21323e-09
0.0163	0.00822859			1630.0	5.94411e-09
0.01635	0.00568023			1635.0	4.49204e-09
0.0164	-0.00578737			1640.0	5.39418e-09
0.01645	-0.0045132			1645.0	3.73316e-09
0.0165	-0.0045132			1650.0	5.91012e-10
0.01655	-0.0045132			1655.0	6.51117e-09
0.0166	-0.00833573			1660.0	1.12206e-08
0.01665	-0.0134324			1665.0	4.93706e-09
0.0167	-0.00706155			1670.0	2.09898e-09
0.01675	-0.00323902			1675.0	1.10458e-09
0.0168	-0.00323902			1680.0	2.3698e-10
0.01685	-0.00578737			1685.0	2.14577e-10
0.0169	-0.00069066			1690.0	5.66739e-10
0.01695	0.00695441			1695.0	3.30439e-10
0.017	0.0107769			1700.0	5.02362e-09
0.01705	0.0145995			1705.0	8.57312e-09
0.0171	0.0171478			1710.0	3.45627e-09
0.01715	0.0209704			1715.0	9.61631e-10
0.0172	0.0298896			1720.0	6.15859e-09
0.01725	0.0311638			1725.0	7.90097e-09
0.0173	0.0311638			1730.0	2.74186e-09
0.01735	0.0375347			1735.0	3.37233e-10
0.0174	0.0413572			1740.0	1.48311e-09
0.01745	0.0413572			1745.0	1.1153e-09
0.0175	0.040083			1750.0	2.32795e-10
0.01755	0.0426314			1755.0	4.67882e-10
0.0176	0.0451798			1760.0	2.93058e-10
0.01765	0.0426314			1765.0	4.78731e-10
0.0177	0.0413572			1770.0	1.69427e-09
0.01775	0.0362605			1775.0	1.22094e-09
0.0178	0.0362605			1780.0	1.56407e-09
0.01785	0.0349863			1785.0	4.83173e-10
0.0179	0.0286154			1790.0	2.79653e-09
0.01795	0.0235187			1795.0	4.77032e-09
0.018	0.0222446			1800.0	1.97781e-09
0.01805	0.0222446			1805.0	1.92613e-09
0.0181	0.0158737			1810.0	4.06444e-10
0.01815	0.0107769			1815.0	1.66496e-09
0.0182	0.00568023			1820.0	8.37085e-10
0.01825	0.00568023			1825.0	9.29171e-10
0.0183	0.000583518			1830.0	8.52037e-10
0.01835	0.00313188			1835.0	4.99475e-10
0.0184	-0.00323902			1840.0	1.43461e-09
0.01845	-0.00578737			1845.0	1.36314e-09
0.0185	-0.00578737			1850.0	2.24734e-10
0.01855	-0.00196484			1855.0	1.15957e-09
0.0186	-0.00323902			1860.0	3.2645e-09
0.01865	-0.00578737			1865.0	1.21299e-09
0.0187	-0.00196484			1870.0	2.12883e-09
0.01875	0.00313188			1875.0	7.43007e-10
0.0188	0.00695441			1880.0	3.77922e-10
0.01885	0.00950277			1885.0	1.31856e-09
0.0189	0.0120511			1890.0	2.34021e-09
0.01895	0.0158737			1895.0	2.74019e-09
0.019	0.0209704			1900.0	1.89576e-09
0.01905	0.0209704			1905.0	1.2089e-09
0.0191	0.0209704			1910.0	1.30152e-09
0.01915	0.0260671			1915.0	1.50078e-09
0.0192	0.0273413			1920.0	1.91686e-10
0.01925	0.0337122			1925.0	3.34679e-09
0.0193	0.032438			1930.0	4.83721e-09
0.01935	0.0286154			1935.0	3.17254e-09
0.0194	0.0298896			1940.0	1.1348e-09
0.01945	0.032438			1945.0	2.01807e-10
0.0195	0.0286154			1950.0	1.91204e-10
0.01955	0.0260671			1955.0	1.52028e-09
0.0196	0.0222446			1960.0	1.61293e-09
0.01965	0.0222446			1965.0	3.49217e-10
0.0197	0.0209704			1970.0	5.69445e-10
0.01975	0.0133253			1975.0	1.41665e-09
0.0198	0.00822859			1980.0	7.12412e-10
0.01985	0.00695441			1985.0	1.50493e-09
0.0199	0.00313188			1990.0	3.55177e-09
0.01995	0.0018577			1995.0	6.47786e-10
0.02	-0.00578737			2000.0	1.5731e-09
0.02005	-0.0121583			2005.0	7.93177e-10
0.0201	-0.00833573			2010.0	4.0952e-11
0.02015	-0.00960991			2015.0	1.5388e-10
0.0202	-0.0147066			2020.0	6.23922e-10
0.02025	-0.0159808			2025.0	8.85506e-10
0.0203	-0.0198033			2030.0	1.58231e-09
0.02035	-0.017255			2035.0	3.64513e-09
0.0204	-0.0134324			2040.0	7.19399e-10
0.02045	-0.0159808			2045.0	2.3876e-09
0.0205	-0.0159808			2050.0	1.77457e-09
0.02055	-0.0121583			2055.0	3.74109e-10
0.0206	-0.0121583			2060.0	5.70014e-10
0.02065	-0.00578737			2065.0	1.88442e-09
0.0207	-0.00196484			2070.0	1.93729e-10
0.02075	-0.00323902			2075.0	1.88302e-10
0.0208	0.000583518			2080.0	1.09087e-10
0.02085	0.00822859			2085.0	2.11295e-10
0.0209	0.0120511			2090.0	1.43427e-09
0.02095	0.0120511			2095.0	2.21708e-09
0.021	0.0133253			2100.0	2.50375e-10
0.02105	0.0158737			2105.0	7.04599e-10
0.0211	0.018422			2110.0	5.76538e-10
0.02115	0.018422			2115.0	7.03435e-10
0.0212	0.018422			2120.0	1.43712e-09
0.02125	0.0196962			2125.0	1.48304e-09
0.0213	0.0222446			2130.0	1.93736e-10
0.02135	0.018422			2135.0	4.00119e-09
0.0214	0.0158737			2140.0	1.34322e-09
0.02145	0.0158737			2145.0	1.21465e-09
0.0215	0.0120511			2150.0	8.75288e-09
0.02155	0.0107769			2155.0	8.56906e-09
0.0216	0.00440605			2160.0	1.70794e-09
0.02165	0.00313188			2165.0	4.2734e-09
0.0217	-0.00196484			2170.0	1.14492e-08
0.02175	-0.0045132			2175.0	6.11038e-09
0.0218	-0.00323902			2180.0	5.15232e-10
0.02185	-0.00960991			2185.0	2.38084e-09
0.0219	-0.0134324			2190.0	1.06338e-09
0.02195	-0.0134324			2195.0	1.66354e-09
0.022	-0.0147066			2200.0	2.78313e-09
0.02205	-0.0121583			2205.0	2.15151e-10
0.0221	-0.0134324			2210.0	4.28077e-10
0.02215	-0.0147066			2215.0	6.13001e-09
0.0222	-0.0108841			2220.0	7.40688e-09
0.02225	-0.00960991			2225.0	4.25588e-09
0.0223	-0.00706155			2230.0	2.54697e-11
0.02235	-0.00578737			2235.0	3.51854e-09
0.0224	-0.00578737			2240.0	4.76879e-09
0.02245	0.000583518			2245.0	4.05504e-10
0.0225	0.00695441			2250.0	1.89644e-09
0.02255	0.0120511			2255.0	2.17296e-09
0.0226	0.0133253			2260.0	6.13171e-10
0.02265	0.0145995			2265.0	4.52619e-10
0.0227	0.0209704			2270.0	3.98287e-09
0.02275	0.0222446			2275.0	2.53317e-09
0.0228	0.0286154			2280.0	1.91042e-09
0.02285	0.0286154			2285.0	3.69829e-10
0.0229	0.0286154			2290.0	3.92821e-09
0.02295	0.0337122			2295.0	4.87185e-09
0.023	0.032438			2300.0	3.52918e-09
0.02305	0.0337122			2305.0	4.95792e-09
0.0231	0.032438			2310.0	1.53119e-09
0.02315	0.0286154			2315.0	9.85618e-10
0.0232	0.0286154			2320.0	1.52102e-09
0.02325	0.0298896			2325.0	1.57212e-09
0.0233	0.0247929			2330.0	1.22494e-09
0.02335	0.0247929			2335.0	1.17501e-09
0.0234	0.018422			2340.0	9.53242e-11
0.02345	0.018422			2345.0	6.4605e-09
0.0235	0.0196962			2350.0	4.46592e-09
0.02355	0.0107769			2355.0	2.61517e-09
0.0236	0.00695441			2360.0	1.65429e-09
0.02365	0.00313188			2365.0	4.63418e-09
0.0237	-0.00196484			2370.0	9.75482e-09
0.02375	0.000583518			2375.0	2.35629e-08
0.0238	-0.00323902			2380.0	9.57433e-09
0.02385	-0.00323902			2385.0	1.33622e-08
0.0239	-0.00706155			2390.0	2.68527e-08
0.02395	-0.00706155			2395.0	2.40876e-10
0.024	-0.0045132			2400.0	4.17954e-08
0.02405	0.00313188			2405.0	2.34501e-08
0.0241	0.00695441			2410.0	6.10911e-09
0.02415	0.00568023			2415.0	6.47585e-09
0.0242	0.00950277			2420.0	5.29234e-09
0.02425	0.0158737			2425.0	1.15973e-08
0.0243	0.0209704			2430.0	7.60278e-09
0.02435	0.0222446			2435.0	2.34579e-09
0.0244	0.0286154			2440.0	4.7914e-09
0.02445	0.0286154			2445.0	4.69969e-09
0.0245	0.0362605			2450.0	1.20931e-09
0.02455	0.0426314			2455.0	2.38753e-09
0.0246	0.0451798			2460.0	2.07736e-10
0.02465	0.0490023			2465.0	8.56102e-10
0.0247	0.0477281			2470.0	4.84363e-10
0.02475	0.0502765			2475.0	8.2129e-10
0.0248	0.0528248			2480.0	8.39295e-09
0.02485	0.054099			2485.0	9.39069e-09
0.0249	0.0502765			2490.0	9.72397e-10
0.02495	0.0426314			2495.0	5.69744e-10
0.025	0.0439056			2500.0	2.66108e-09
0.02505	0.0426314			2505.0	1.92179e-09
0.0251	0.0388089			2510.0	1.05508e-08
0.02515	0.032438			2515.0	5.1612e-09
0.0252	0.0235187			2520.0	2.21996e-09
0.02525	0.0209704			2525.0	3.48524e-09
0.0253	0.018422			2530.0	3.42769e-09
0.02535	0.0171478			2535.0	1.31688e-09
0.0254	0.00950277			2540.0	4.87634e-10
0.02545	0.00440605			2545.0	4.49793e-10
0.0255	-0.00196484			2550.0	6.46349e-10
0.02555	-0.0045132			2555.0	9.36737e-10
0.0256	-0.00578737			2560.0	2.29027e-10
0.02565	-0.0108841			2565.0	8.4441e-09
0.0257	-0.0147066			2570.0	6.55665e-09
0.02575	-0.0147066			2575.0	3.73434e-09
0.0258	-0.0108841			2580.0	3.3707e-09
0.02585	-0.00833573			2585.0	2.106e-09
0.0259	-0.00578737			2590.0	1.01854e-09
0.02595	-0.00578737			2595.0	8.42516e-10
0.026	-0.00706155			2600.0	6.6511e-09
0.02605	0.0018577			2605.0	8.03111e-09
0.0261	0.00950277			2610.0	1.17729e-08
0.02615	0.0107769			2615.0	4.84693e-09
0.0262	0.0171478			2620.0	1.57696e-09
0.02625	0.0171478			2625.0	3.09504e-09
0.0263	0.0235187			2630.0	8.47032e-10
0.02635	0.0286154			2635.0	4.25978e-10
0.0264	0.032438			2640.0	1.17807e-09
0.02645	0.0337122			2645.0	4.22749e-10
0.0265	0.0311638			2650.0	1.57495e-11
0.02655	0.0362605			2655.0	2.24011e-09
0.0266	0.0388089			2660.0	2.35068e-09
0.02665	0.040083			2665.0	1.23533e-10
0.0267	0.0413572			2670.0	5.20688e-10
0.02675	0.0337122			2675.0	2.50312e-10
0.0268	0.032438			2680.0	5.38916e-09
0.02685	0.0298896			2685.0	4.48358e-09
0.0269	0.0286154			2690.0	2.15478e-09
0.02695	0.0235187			2695.0	2.18752e-09
0.027	0.0196962			2700.0	2.51573e-09
0.02705	0.0133253			2705.0	1.09457e-09
0.0271	0.00822859			2710.0	4.02213e-09
0.02715	0.00568023			2715.0	1.11621e-09
0.0272	0.0018577			2720.0	2.97674e-09
0.02725	-0.00706155			2725.0	1.55921e-09
0.0273	-0.0147066			2730.0	2.36997e-09
0.02735	-0.0134324			2735.0	2.15808e-09
0.0274	-0.0185292			2740.0	5.25185e-09
0.02745	-0.0185292			2745.0	1.43456e-09
0.0275	-0.0223517			2750.0	1.63848e-09
0.02755	-0.0274484			2755.0	6.23612e-09
0.0276	-0.0261742			2760.0	7.55761e-09
0.02765	-0.0236259			2765.0	2.88262e-09
0.0277	-0.0198033			2770.0	3.24833e-09
0.02775	-0.0210775			2775.0	3.02115e-09
0.0278	-0.017255			2780.0	2.29186e-09
0.02785	-0.017255			2785.0	5.31969e-10
0.0279	-0.00960991			2790.0	2.2175e-09
0.02795	-0.00323902			2795.0	1.2836e-10
0.028	0.00313188			2800.0	2.39007e-09
0.02805	0.00568023			2805.0	7.39908e-09
0.0281	0.00568023			2810.0	4.22854e-09
0.02815	0.0133253			2815.0	2.04024e-08
0.0282	0.0171478			2820.0	2.76487e-08
0.02825	0.0222446			2825.0	1.33013e-08
0.0283	0.0222446			2830.0	1.53499e-08
0.02835	0.0209704			2835.0	1.25401e-08
0.0284	0.0273413			2840.0	2.0198e-08
0.02845	0.032438			2845.0	5.54078e-08
0.0285	0.0349863			2850.0	4.59685e-08
0.02855	0.032438			2855.0	3.72576e-08
0.0286	0.0298896			2860.0	4.87547e-08
0.02865	0.0260671			2865.0	6.86717e-08
0.0287	0.0247929			2870.0	7.80921e-08
0.02875	0.0247929			2875.0	6.62305e-08
0.0288	0.0222446			2880.0	4.94603e-08
0.02885	0.0171478			2885.0	3.53106e-08
0.0289	0.00822859			2890.0	1.73984e-08
0.02895	0.00695441			2895.0	1.04543e-08
0.029	0.0018577			2900.0	3.10928e-08
0.02905	0.000583518			2905.0	3.02617e-08
0.0291	-0.00706155			2910.0	3.87014e-09
0.02915	-0.00833573			2915.0	2.51764e-10
0.0292	-0.0121583			2920.0	2.06528e-09
0.02925	-0.0134324			2925.0	3.9261e-09
0.0293	-0.0134324			2930.0	3.63975e-09
0.02935	-0.0159808			2935.0	2.18949e-08
0.0294	-0.0198033			2940.0	1.98968e-07
0.02945	-0.0198033			2945.0	3.26438e-07
0.0295	-0.0198033			2950.0	2.47995e-07
0.02955	-0.0134324			2955.0	1.32597e-07
0.0296	-0.00960991			2960.0	6.74189e-08
0.02965	-0.00960991			2965.0	3.59102e-08
0.0297	-0.00578737			2970.0	7.95549e-08
0.02975	-0.00578737			2975.0	8.1295e-08
0.0298	0.0018577			2980.0	5.97578e-08
0.02985	0.00568023			2985.0	1.65435e-07
0.0299	0.0120511			2990.0	9.86047e-08
0.02995	0.018422			2995.0	1.08128e-08
0.03	0.0171478			3000.0	2.90959e-08
0.03005	0.0222446			3005.0	1.64482e-09
0.0301	0.0273413			3010.0	1.07263e-08
0.03015	0.032438			3015.0	9.01233e-08
0.0302	0.0337122			3020.0	3.70394e-08
0.03025	0.0362605			3025.0	2.27311e-08
0.0303	0.0362605			3030.0	3.07603e-08
0.03035	0.0388089			3035.0	2.56511e-08
0.0304	0.0388089			3040.0	2.53591e-08
0.03045	0.0388089			3045.0	1.67007e-09
0.0305	0.0362605			3050.0	4.57471e-08
0.03055	0.0337122			3055.0	5.49087e-08
0.0306	0.0273413			3060.0	1.09786e-08
0.03065	0.0273413			3065.0	7.1628e-09
0.0307	0.0235187			3070.0	1.20367e-08
0.03075	0.0235187			3075.0	1.68137e-09
0.0308	0.018422			3080.0	8.16546e-09
0.03085	0.00950277			3085.0	2.14554e-08
0.0309	0.00695441			3090.0	2.47494e-08
0.03095	0.00695441			3095.0	2.36656e-10
0.031	0.00440605			3100.0	8.36921e-09
0.03105	0.0018577			3105.0	1.05451e-08
0.0311	-0.00196484			3110.0	2.76155e-09
0.03115	-0.00706155			3115.0	1.50586e-09
0.0312	-0.0045132			3120.0	2.2716e-09
0.03125	-0.00196484			3125.0	4.23759e-10
0.0313	0.0018577			3130.0	1.05684e-08
0.03135	0.000583518			3135.0	1.13097e-09
0.0314	-0.00196484			3140.0	5.37883e-09
0.03145	0.0018577			3145.0	4.11648e-09
0.0315	0.00695441			3150.0	1.30313e-09
0.03155	0.00822859			3155.0	4.52837e-09
0.0316	0.0145995			3160.0	1.18672e-09
0.03165	0.0158737			3165.0	3.98508e-09
0.0317	0.0158737			3170.0	2.37819e-09
0.03175	0.0209704			3175.0	6.1118e-10
0.0318	0.0273413			3180.0	6.24437e-11
0.03185	0.032438			3185.0	6.19781e-09
0.0319	0.032438			3190.0	3.47857e-09
0.03195	0.0349863			3195.0	4.77869e-09
0.032	0.032438			3200.0	4.21162e-09
0.03205	0.0362605			3205.0	1.25857e-08
0.0321	0.0388089			3210.0	2.91853e-09
0.03215	0.0413572			3215.0	1.18552e-09
0.0322	0.040083			3220.0	6.67383e-09
0.03225	0.0362605			3225.0	2.24557e-08
0.0323	0.0311638			3230.0	9.34386e-09
0.03235	0.0311638			3235.0	4.84812e-10
0.0324	0.0298896			3240.0	9.77148e-09
0.03245	0.0311638			3245.0	5.75204e-09
0.0325	0.0235187			3250.0	1.73563e-09
0.03255	0.0222446			3255.0	5.26094e-09
0.0326	0.0145995			3260.0	5.28893e-10
0.03265	0.0145995			3265.0	4.36477e-09
0.0327	0.0120511			3270.0	1.74954e-08
0.03275	0.0107769			3275.0	8.5728e-09
0.0328	0.00440605			3280.0	7.17138e-09
0.03285	-0.00196484			3285.0	1.05661e-08
0.0329	-0.00196484			3290.0	1.31975e-09
0.03295	-0.00196484			3295.0	5.40334e-09
0.033	-0.00196484			3300.0	2.99849e-09
0.03305	-0.00578737			3305.0	1.63228e-08
0.0331	-0.00833573			3310.0	5.95233e-09
0.03315	-0.0121583			3315.0	7.57326e-09
0.0332	-0.00578737			3320.0	4.01566e-09
0.03325	-0.00196484			3325.0	4.55495e-09
0.0333	-0.00196484			3330.0	5.42537e-09
0.03335	-0.00069066			3335.0	1.90945e-10
0.0334	0.000583518			3340.0	5.38986e-10
0.03345	0.00440605			3345.0	4.29252e-09
0.0335	0.00822859			3350.0	4.08944e-09
0.03355	0.0145995			3355.0	1.91338e-09
0.0336	0.0209704			3360.0	3.94837e-09
0.03365	0.0145995			3365.0	1.22491e-09
0.0337	0.018422			3370.0	2.48128e-09
0.03375	0.0222446			3375.0	1.41965e-09
0.0338	0.0235187			3380.0	4.07903e-10
0.03385	0.0286154			3385.0	3.58466e-09
0.0339	0.0273413			3390.0	5.5076e-10
0.03395	0.0311638			3395.0	2.11548e-09
0.034	0.0260671			3400.0	9.32556e-10
0.03405	0.0247929			3405.0	5.67453e-09
0.0341	0.0286154			3410.0	1.45515e-09
0.03415	0.0273413			3415.0	2.03883e-09
0.0342	0.0222446			3420.0	1.45137e-09
0.03425	0.0133253			3425.0	7.12329e-10
0.0343	0.0158737			3430.0	3.93277e-10
0.03435	0.0120511			3435.0	2.65001e-09
0.0344	0.0145995			3440.0	4.05845e-09
0.03445	0.0107769			3445.0	2.19126e-09
0.0345	0.000583518			3450.0	2.11072e-09
0.03455	-0.0045132			3455.0	2.28528e-10
0.0346	-0.00323902			3460.0	9.3969e-10
0.03465	-0.0045132			3465.0	4.93207e-09
0.0347	-0.0045132			3470.0	6.20938e-10
0.03475	-0.00833573			3475.0	6.40324e-10
0.0348	-0.00833573			3480.0	2.51889e-09
0.03485	-0.0108841			3485.0	9.43152e-10
0.0349	-0.0121583			3490.0	6.86981e-09
0.03495	-0.00833573			3495.0	1.37394e-08
0.035	-0.00833573			3500.0	3.963e-09
0.03505	-0.00196484			3505.0	2.68472e-09
0.0351	-0.0045132			3510.0	5.59525e-09
0.03515	-0.0045132			3515.0	2.84413e-09
0.0352	-0.00323902			3520.0	3.81629e-09
0.03525	0.00313188			3525.0	2.55604e-09
0.0353	0.00950277			3530.0	4.19839e-09
0.03535	0.0107769			3535.0	3.04032e-09
0.0354	0.0120511			3540.0	5.32535e-09
0.03545	0.0133253			3545.0	4.54354e-09
0.0355	0.0158737			3550.0	1.5318e-09
0.03555	0.0209704			3555.0	1.85351e-09
0.0356	0.0235187			3560.0	8.05456e-09
0.03565	0.0235187			3565.0	2.2727e-10
0.0357	0.0247929			3570.0	1.54132e-09
0.03575	0.0235187			3575.0	2.16544e-09
0.0358	0.0260671			3580.0	6.16631e-11
0.03585	0.0286154			3585.0	4.40054e-09
0.0359	0.0286154			3590.0	1.42634e-09
0.03595	0.0247929			3595.0	9.09091e-10
0.036	0.0222446			3600.0	5.09836e-09
0.03605	0.0209704			3605.0	1.14731e-08
0.0361	0.018422			3610.0	9.76521e-09
0.03615	0.018422			3615.0	2.45892e-09
0.0362	0.0145995			3620.0	1.51613e-09
0.03625	0.0120511			3625.0	1.95992e-11
0.0363	0.0120511			3630.0	4.71144e-09
0.03635	0.00440605			3635.0	1.38334e-09
0.0364	0.00313188			3640.0	1.35615e-09
0.03645	0.000583518			3645.0	2.83958e-09
0.0365	-0.00196484			3650.0	1.03536e-09
0.03655	-0.0045132			3655.0	2.17818e-09
0.0366	-0.00833573			3660.0	2.61551e-10
0.03665	-0.00706155			3665.0	6.40816e-10
0.0367	-0.00706155			3670.0	4.64224e-10
0.03675	-0.00578737			3675.0	2.0926e-09
0.0368	-0.00196484			3680.0	1.98462e-09
0.03685	-0.00706155			3685.0	2.06202e-09
0.0369	-0.00578737			3690.0	3.93509e-09
0.03695	-0.00196484			3695.0	1.01015e-09
0.037	0.00313188			3700.0	4.22566e-10
0.03705	0.00695441			3705.0	1.79432e-09
0.0371	0.0120511			3710.0	1.08307e-09
0.03715	0.0145995			3715.0	3.44696e-10
0.0372	0.0145995			3720.0	6.69814e-10
0.03725	0.0145995			3725.0	6.95503e-10
0.0373	0.0209704			3730.0	8.88965e-10
0.03735	0.0247929			3735.0	1.48675e-09
0.0374	0.0298896			3740.0	1.36824e-10
0.03745	0.0286154			3745.0	3.44632e-09
0.0375	0.0298896			3750.0	2.86637e-10
0.03755	0.0298896			3755.0	7.01889e-10
0.0376	0.0337122			3760.0	1.07902e-09
0.03765	0.0337122			3765.0	1.43596e-09
0.0377	0.0362605			3770.0	7.51222e-09
0.03775	0.032438			3775.0	1.94803e-08
0.0378	0.0311638			3780.0	6.6002e-09
0.03785	0.0273413			3785.0	1.72768e-09
0.0379	0.0286154			3790.0	3.75647e-09
0.03795	0.0260671			3795.0	1.40542e-09
0.038	0.0247929			3800.0	1.28762e-10
0.03805	0.0196962			3805.0	1.79242e-11
0.0381	0.0145995			3810.0	1.98109e-09
0.03815	0.0133253			3815.0	5.23626e-09
0.0382	0.0133253			3820.0	4.19091e-10
0.03825	0.0107769			3825.0	2.41369e-10
0.0383	0.0107769			3830.0	6.74839e-09
0.03835	0.00568023			3835.0	2.9398e-09
0.0384	0.0018577			3840.0	5.67174e-09
0.03845	-0.00323902			3845.0	3.92152e-09
0.0385	0.0018577			3850.0	5.9439e-09
0.03855	-0.00196484			3855.0	2.93719e-09
0.0386	0.000583518			3860.0	4.64313e-10
0.03865	-0.00069066			3865.0	3.79155e-10
0.0387	0.00313188			3870.0	1.38561e-10
0.03875	-0.00196484			3875.0	1.51475e-10
0.0388	0.00313188			3880.0	1.14423e-10
0.03885	0.00313188			3885.0	3.0751e-10
0.0389	0.00822859			3890.0	1.11067e-09
0.03895	0.0107769			3895.0	1.26116e-09
0.039	0.0107769			3900.0	1.49189e-10
0.03905	0.0120511			3905.0	2.73711e-10
0.0391	0.0145995			3910.0	5.02346e-09
0.03915	0.0209704			3915.0	3.24702e-09
0.0392	0.0209704			3920.0	1.33345e-09
0.03925	0.0222446			3925.0	1.77893e-09
0.0393	0.0222446			3930.0	3.54911e-09
0.03935	0.0209704			3935.0	5.43281e-09
0.0394	0.0260671			3940.0	3.18396e-09
0.03945	0.0273413			3945.0	1.46645e-09
0.0395	0.0286154			3950.0	1.70798e-09
0.03955	0.0247929			3955.0	3.8873e-09
0.0396	0.0260671			3960.0	1.39308e-09
0.03965	0.0209704			3965.0	1.39151e-09
0.0397	0.0196962			3970.0	2.16018e-09
0.03975	0.0209704			3975.0	8.7532e-10
0.0398	0.0145995			3980.0	5.72535e-10
0.03985	0.0120511			3985.0	3.93526e-10
0.0399	0.00440605			3990.0	7.19284e-11
0.03995	0.00440605			3995.0	5.54261e-11
0.04	0.00313188			4000.0	3.67044e-10
0.04005	0.00313188			4005.0	3.12681e-10
0.0401	-0.00196484			4010.0	3.67296e-10
0.04015	-0.00578737			4015.0	2.4767e-09
0.0402	-0.00960991			4020.0	9.65041e-10
0.04025	-0.0147066			4025.0	2.67851e-09
0.0403	-0.0121583			4030.0	1.78024e-09
0.04035	-0.0121583			4035.0	4.50958e-10
0.0404	-0.00706155			4040.0	5.87035e-10
0.04045	-0.00960991			4045.0	1.44123e-09
0.0405	-0.0121583			4050.0	2.95409e-09
0.04055	-0.0134324			4055.0	3.54882e-09
0.0406	-0.0134324			4060.0	2.2254e-09
0.04065	-0.00960991			4065.0	3.94722e-09
0.0407	-0.0045132			4070.0	2.08038e-09
0.04075	0.000583518			4075.0	4.72486e-11
0.0408	-0.00196484			4080.0	1.00778e-10
0.04085	0.000583518			4085.0	4.05474e-10
0.0409	0.0018577			4090.0	2.63059e-10
0.04095	0.00695441			4095.0	1.29647e-09
0.041	0.0107769			4100.0	1.25087e-09
0.04105	0.0120511			4105.0	1.86568e-09
0.0411	0.0107769			4110.0	8.37493e-10
0.04115	0.00950277			4115.0	1.30318e-10
0.0412	0.0133253			4120.0	4.02221e-10
0.04125	0.0145995			4125.0	1.83987e-09
0.0413	0.0145995			4130.0	2.93707e-09
0.04135	0.0145995			4135.0	5.72488e-10
0.0414	0.0107769			4140.0	3.82409e-10
0.04145	0.0120511			4145.0	4.23996e-10
0.0415	0.00440605			4150.0	5.0678e-09
0.04155	0.00568023			4155.0	2.5324e-09
0.0416	0.00313188			4160.0	2.76122e-09
0.04165	0.00695441			4165.0	2.02141e-09
0.0417	0.0018577			4170.0	3.36228e-10
0.04175	-0.00323902			4175.0	2.16512e-09
0.0418	-0.00706155			4180.0	6.73618e-11
0.04185	-0.00960991			4185.0	1.6323e-09
0.0419	-0.0108841			4190.0	2.17395e-09
0.04195	-0.0108841			4195.0	3.40369e-09
0.042	-0.0134324			4200.0	4.31068e-09
0.04205	-0.0108841			4205.0	5.99882e-09
0.0421	-0.017255			4210.0	3.41098e-10
0.04215	-0.0134324			4215.0	1.57453e-09
0.0422	-0.0134324			4220.0	8.27493e-09
0.04225	-0.0134324			4225.0	3.81981e-09
0.0423	-0.0134324			4230.0	1.10785e-10
0.04235	-0.0108841			4235.0	7.12982e-10
0.0424	-0.0121583			4240.0	3.23156e-09
0.04245	-0.00706155			4245.0	1.5807e-09
0.0425	-0.00323902			4250.0	5.85011e-10
0.04255	0.00313188			4255.0	5.92365e-10
0.0426	0.00313188			4260.0	2.32176e-10
0.04265	0.00695441			4265.0	2.04356e-09
0.0427	0.00822859			4270.0	1.78448e-09
0.04275	0.00822859			4275.0	4.99902e-10
0.0428	0.0158737			4280.0	3.65747e-10
0.04285	0.018422			4285.0	1.72516e-09
0.0429	0.018422			4290.0	6.07866e-09
0.04295	0.0209704			4295.0	1.99653e-09
0.043	0.0196962			4300.0	6.82371e-11
0.04305	0.0222446			4305.0	4.52994e-10
0.0431	0.0260671			4310.0	2.10814e-09
0.04315	0.0235187			4315.0	1.6344e-10
0.0432	0.0209704			4320.0	4.12191e-09
0.04325	0.0171478			4325.0	7.51767e-09
0.0433	0.0145995			4330.0	4.21709e-09
0.04335	0.0133253			4335.0	2.8914e-10
0.0434	0.0145995			4340.0	4.23675e-09
0.04345	0.0133253			4345.0	4.34033e-09
0.0435	0.00822859			4350.0	9.727e-10
0.04355	0.00568023			4355.0	3.1179e-10
0.0436	0.00440605			4360.0	1.13552e-09
0.04365	-0.00323902			4365.0	1.82702e-09
0.0437	-0.00196484			4370.0	9.03674e-11
0.04375	-0.00323902			4375.0	8.61618e-10
0.0438	0.000583518			4380.0	9.35797e-10
0.04385	-0.00578737			4385.0	1.64624e-09
0.0439	-0.00578737			4390.0	7.60279e-11
0.04395	-0.00960991			4395.0	1.3997e-09
0.044	-0.00706155			4400.0	2.87702e-09
0.04405	-0.0045132			4405.0	2.62611e-09
0.0441	-0.00196484			4410.0	2.9401e-10
0.04415	-0.00323902			4415.0	1.27427e-09
0.0442	0.0018577			4420.0	6.85198e-09
0.04425	0.000583518			4425.0	6.69184e-09
0.0443	0.00695441			4430.0	4.68172e-09
0.04435	0.00822859			4435.0	1.39154e-09
0.0444	0.0133253			4440.0	1.17998e-09
0.04445	0.0145995			4445.0	2.44604e-10
0.0445	0.0196962			4450.0	2.08938e-09
0.04455	0.018422			4455.0	2.24648e-09
0.0446	0.0209704			4460.0	2.91417e-11
0.04465	0.0247929			4465.0	1.27909e-09
0.0447	0.0286154			4470.0	2.86403e-09
0.04475	0.0311638			4475.0	2.18617e-09
0.0448	0.032438			4480.0	2.36733e-11
0.04485	0.0273413			4485.0	2.87738e-09
0.0449	0.0286154			4490.0	8.98301e-10
0.04495	0.0311638			4495.0	3.7855e-11
0.045	0.032438			4500.0	1.92052e-10
0.04505	0.0337122			4505.0	2.24245e-09
0.0451	0.0286154			4510.0	6.44216e-09
0.04515	0.0209704			4515.0	5.27248e-09
0.0452	0.0196962			4520.0	3.81366e-09
0.04525	0.018422			4525.0	1.89673e-09
0.0453	0.018422			4530.0	2.57136e-09
0.04535	0.0145995			4535.0	3.74889e-09
0.0454	0.0107769			4540.0	1.33606e-09
0.04545	0.00313188			4545.0	2.5702e-11
0.0455	0.00313188			4550.0	1.07815e-09
0.04555	0.0018577			4555.0	1.25139e-09
0.0456	0.000583518			4560.0	5.31671e-09
0.04565	-0.00196484			4565.0	3.47462e-09
0.0457	-0.00578737			4570.0	1.6129e-09
0.04575	-0.0108841			4575.0	2.83204e-09
0.0458	-0.00706155			4580.0	7.79477e-10
0.04585	-0.00706155			4585.0	3.18822e-09
0.0459	-0.00323902			4590.0	1.43785e-08
0.04595	-0.00196484			4595.0	9.34495e-09
0.046	-0.0045132			4600.0	2.01601e-09
0.04605	-0.00706155			4605.0	2.82154e-09
0.0461	-0.00323902			4610.0	3.05574e-09
0.04615	0.000583518			4615.0	2.90203e-09
0.0462	0.00568023			4620.0	1.59529e-09
0.04625	0.00950277			4625.0	5.47458e-10
0.0463	0.00950277			4630.0	4.2801e-10
0.04635	0.00950277			4635.0	6.83905e-10
0.0464	0.0120511			4640.0	4.37995e-09
0.04645	0.0145995			4645.0	5.47286e-09
0.0465	0.018422			4650.0	3.09565e-09
0.04655	0.0222446			4655.0	2.20039e-09
0.0466	0.0171478			4660.0	4.72015e-10
0.04665	0.018422			4665.0	8.67278e-10
0.0467	0.0209704			4670.0	4.64455e-10
0.04675	0.0209704			4675.0	3.96511e-10
0.0468	0.0209704			4680.0	3.3709e-11
0.04685	0.0222446			4685.0	4.66248e-10
0.0469	0.018422			4690.0	1.44858e-09
0.04695	0.0171478			4695.0	1.6576e-09
0.047	0.0120511			4700.0	1.99011e-09
0.04705	0.0107769			4705.0	8.8052e-10
0.0471	0.00822859			4710.0	6.30437e-10
0.04715	0.00822859			4715.0	1.09254e-09
0.0472	-0.00069066			4720.0	1.55118e-10
0.04725	-0.00323902			4725.0	6.68858e-12
0.0473	-0.00833573			4730.0	1.25237e-09
0.04735	-0.0121583			4735.0	2.00836e-09
0.0474	-0.0121583			4740.0	6.02146e-09
0.04745	-0.0134324			4745.0	5.26019e-09
0.0475	-0.0147066			4750.0	2.72522e-10
0.04755	-0.0159808			4755.0	3.52446e-09
0.0476	-0.0223517			4760.0	1.15802e-09
0.04765	-0.0223517			4765.0	8.90739e-10
0.0477	-0.0223517			4770.0	7.37441e-10
0.04775	-0.0210775			4775.0	3.8208e-10
0.0478	-0.0185292			4780.0	7.83829e-10
0.04785	-0.0210775			4785.0	2.07352e-09
0.0479	-0.0159808			4790.0	3.77406e-09
0.04795	-0.017255			4795.0	1.4254e-09
0.048	-0.0134324			4800.0	1.15545e-09
0.04805	-0.0121583			4805.0	7.15846e-10
0.0481	-0.00706155			4810.0	3.89242e-10
0.04815	-0.00323902			4815.0	4.07327e-10
0.0482	-0.00323902			4820.0	6.61173e-10
0.04825	-0.00323902			4825.0	3.73046e-10
0.0483	-0.00069066			4830.0	1.25536e-09
0.04835	0.00568023			4835.0	1.57519e-09
0.0484	0.0107769			4840.0	1.45479e-09
0.04845	0.00568023			4845.0	6.52609e-10
0.0485	0.00822859			4850.0	1.52601e-10
0.04855	0.00695441			4855.0	2.63997e-09
0.0486	0.00568023			4860.0	2.95699e-09
0.04865	0.00822859			4865.0	1.16816e-09
0.0487	0.00822859			4870.0	4.92129e-09
0.04875	0.00568023			4875.0	9.36543e-10
0.0488	0.00313188			4880.0	5.81058e-10
0.04885	0.0018577			4885.0	1.47836e-09
0.0489	-0.00196484			4890.0	2.52363e-10
0.04895	-0.00323902			4895.0	1.81803e-09
0.049	-0.00578737			4900.0	7.41837e-11
0.04905	-0.00706155			4905.0	1.04773e-09
0.0491	-0.0121583			4910.0	1.03677e-10
0.04915	-0.0121583			4915.0	1.23855e-09
0.0492	-0.017255			4920.0	1.36067e-09
0.04925	-0.017255			4925.0	1.38178e-09
0.0493	-0.0198033			4930.0	1.59558e-09
0.04935	-0.0185292			4935.0	6.58684e-10
0.0494	-0.0185292			4940.0	1.16433e-09
0.04945	-0.0223517			4945.0	1.44892e-10
0.0495	-0.0210775			4950.0	1.82076e-09
0.04955	-0.0210775			4955.0	3.01212e-09
0.0496	-0.0147066			4960.0	7.25403e-11
0.04965	-0.0121583			4965.0	1.4102e-09
0.0497	-0.0108841			4970.0	3.11398e-09
0.04975	-0.00960991			4975.0	3.66323e-09
0.0498	-0.00960991			4980.0	2.69741e-09
0.04985	-0.0045132			4985.0	4.28437e-09
0.0499	0.000583518			4990.0	3.03828e-09
0.04995	0.00822859			4995.0	8.8269e-10
0.05	0.0120511			5000.0	1.32037e-09
0.05005	0.0120511			5005.0	8.05833e-11
0.0501	0.0133253			5010.0	1.05103e-09
0.05015	0.0120511			5015.0	2.44491e-09
0.0502	0.0158737			5020.0	2.30124e-09
0.05025	0.0222446			5025.0	4.38863e-10
0.0503	0.0222446			5030.0	3.99018e-09
0.05035	0.0235187			5035.0	2.56533e-09
0.0504	0.0247929			5040.0	9.57128e-10
0.05045	0.0235187			5045.0	4.88818e-10
0.0505	0.0222446			5050.0	2.26773e-09
0.05055	0.0247929			5055.0	2.79234e-09
0.0506	0.0222446			5060.0	3.64572e-10
0.05065	0.0247929			5065.0	1.75658e-10
0.0507	0.0196962			5070.0	2.7043e-09
0.05075	0.018422			5075.0	5.47962e-09
0.0508	0.0120511			5080.0	2.27125e-09
0.05085	0.0107769			5085.0	2.74144e-09
0.0509	0.00822859			5090.0	1.81667e-09
0.05095	0.00950277			5095.0	1.01161e-09
0.051	0.00695441			5100.0	1.0165e-10
0.05105	0.00440605			5105.0	4.82498e-10
0.0511	-0.0045132			5110.0	1.53412e-09
0.05115	-0.0045132			5115.0	3.77909e-10
0.0512	0.000583518			5120.0	1.6509e-10
0.05125	-0.00323902			5125.0	1.32267e-09
0.0513	0.000583518			5130.0	3.38149e-10
0.05135	-0.00196484			5135.0	1.60739e-09
0.0514	-0.00196484			5140.0	3.69195e-09
0.05145	-0.00196484			5145.0	1.5041e-09
0.0515	0.0018577			5150.0	2.11104e-11
0.05155	0.00568023			5155.0	9.05851e-10
0.0516	0.00822859			5160.0	2.02759e-11
0.05165	0.00950277			5165.0	9.33138e-10
0.0517	0.0107769			5170.0	7.99684e-10
0.05175	0.0120511			5175.0	2.71231e-11
0.0518	0.0120511			5180.0	1.48476e-10
0.05185	0.018422			5185.0	3.228e-10
0.0519	0.0235187			5190.0	8.60071e-10
0.05195	0.0247929			5195.0	1.10529e-09
0.052	0.0247929			5200.0	8.1271e-10
0.05205	0.0235187			5205.0	3.59081e-09
0.0521	0.0235187			5210.0	9.08097e-10
0.05215	0.0260671			5215.0	1.9745e-09
0.0522	0.0286154			5220.0	4.95986e-09
0.05225	0.0286154			5225.0	1.01115e-09
0.0523	0.0247929			5230.0	1.41992e-10
0.05235	0.0222446			5235.0	1.05728e-09
0.0524	0.0209704			5240.0	2.54178e-09
0.05245	0.0158737			5245.0	4.70315e-09
0.0525	0.0107769			5250.0	7.26921e-09
0.05255	0.00695441			5255.0	2.83721e-09
0.0526	0.0107769			5260.0	8.92941e-10
0.05265	0.00313188			5265.0	1.72115e-09
0.0527	-0.00069066			5270.0	2.04481e-09
0.05275	-0.00578737			5275.0	1.70266e-09
0.0528	-0.00578737			5280.0	9.60892e-10
0.05285	-0.0108841			5285.0	3.23821e-10
0.0529	-0.00960991			5290.0	1.24968e-10
0.05295	-0.0134324			5295.0	1.05364e-09
0.053	-0.0185292			5300.0	3.09028e-11
0.05305	-0.0185292			5305.0	6.6135e-10
0.0531	-0.0198033			5310.0	2.49584e-10
0.05315	-0.0198033			5315.0	6.71054e-10
0.0532	-0.0210775			5320.0	1.5634e-09
0.05325	-0.017255			5325.0	2.85053e-09
0.0533	-0.017255			5330.0	6.32396e-09
0.05335	-0.0147066			5335.0	2.51607e-09
0.0534	-0.0159808			5340.0	6.685e-10
0.05345	-0.0121583			5345.0	2.6258e-10
0.0535	-0.00706155			5350.0	5.66373e-11
0.05355	-0.00196484			5355.0	1.45638e-10
0.0536	0.0018577			5360.0	2.5255e-10
0.05365	0.0018577			5365.0	3.86297e-10
0.0537	-0.00069066			5370.0	8.00073e-11
0.05375	0.00313188			5375.0	3.94405e-10
0.0538	0.00695441			5380.0	3.44306e-09
0.05385	0.0107769			5385.0	1.63405e-09
0.0539	0.0145995			5390.0	1.52774e-09
0.05395	0.00950277			5395.0	2.86955e-09
0.054	0.00822859			5400.0	1.30982e-10
0.05405	0.00695441			5405.0	9.45387e-10
0.0541	0.0107769			5410.0	4.81533e-09
0.05415	0.00950277			5415.0	3.03808e-09
0.0542	0.00822859			5420.0	9.98993e-10
0.05425	0.00313188			5425.0	1.00579e-09
0.0543	-0.00196484			5430.0	6.1052e-10
0.05435	-0.00323902			5435.0	2.72431e-09
0.0544	-0.00323902			5440.0	9.92275e-10
0.05445	-0.00833573			5445.0	8.96057e-10
0.0545	-0.00706155			5450.0	3.75964e-09
0.05455	-0.0134324			5455.0	5.22791e-09
0.0546	-0.0159808			5460.0	1.03557e-08
0.05465	-0.0159808			5465.0	6.3357e-09
0.0547	-0.0198033			5470.0	3.51366e-10
0.05475	-0.0185292			5475.0	1.03636e-10
0.0548	-0.017255			5480.0	1.82795e-10
0.05485	-0.0223517			5485.0	6.4537e-10
0.0549	-0.0198033			5490.0	5.68856e-10
0.05495	-0.0223517			5495.0	9.51459e-10
0.055	-0.0198033			5500.0	1.98059e-09
0.05505	-0.017255			5505.0	3.12555e-09
0.0551	-0.0134324			5510.0	2.3279e-09
0.05515	-0.00706155			5515.0	8.55627e-10
0.0552	-0.00578737			5520.0	1.61096e-10
0.05525	-0.00323902			5525.0	1.13341e-10
0.0553	-0.00196484			5530.0	3.72202e-10
0.05535	0.0018577			5535.0	1.01291e-09
0.0554	0.00568023			5540.0	3.59067e-10
0.05545	0.0107769			5545.0	1.71035e-10
0.0555	0.018422			5550.0	3.33439e-10
0.05555	0.018422			5555.0	1.93784e-09
0.0556	0.0196962			5560.0	5.47769e-11
0.05565	0.0209704			5565.0	2.91582e-09
0.0557	0.018422			5570.0	2.22672e-09
0.05575	0.0235187			5575.0	9.39185e-10
0.0558	0.0273413			5580.0	2.05144e-09
0.05585	0.0247929			5585.0	1.89248e-10
0.0559	0.0235187			5590.0	9.76659e-10
0.05595	0.0247929			5595.0	3.43608e-09
0.056	0.0209704			5600.0	6.01214e-10
0.05605	0.0196962			5605.0	1.08923e-09
0.0561	0.018422			5610.0	8.20872e-10
0.05615	0.0196962			5615.0	1.34332e-09
0.0562	0.0145995			5620.0	1.41845e-09
0.05625	0.00950277			5625.0	8.57542e-10
0.0563	0.00568023			5630.0	2.29164e-09
0.05635	0.00313188			5635.0	1.16416e-13
0.0564	0.00695441			5640.0	8.87047e-11
0.05645	0.000583518			5645.0	1.54893e-10
0.0565	-0.00069066			5650.0	5.93949e-10
0.05655	-0.00323902			5655.0	3.45074e-10
0.0566	-0.00833573			5660.0	5.97139e-10
0.05665	-0.00960991			5665.0	1.50849e-09
0.0567	-0.00706155			5670.0	3.3746e-09
0.05675	-0.0045132			5675.0	1.40335e-09
0.0568	-0.00196484			5680.0	2.01682e-09
0.05685	-0.00196484			5685.0	2.28613e-10
0.0569	0.000583518			5690.0	1.37105e-09
0.05695	0.0018577			5695.0	1.19051e-09
0.057	0.00313188			5700.0	1.97302e-09
0.05705	0.00822859			5705.0	5.02696e-09
0.0571	0.0133253			5710.0	4.18697e-09
0.05715	0.018422			5715.0	1.12531e-09
0.0572	0.0222446			5720.0	5.653e-10
0.05725	0.0247929			5725.0	7.69344e-10
0.0573	0.0286154			5730.0	1.50946e-09
0.05735	0.0298896			5735.0	2.60192e-09
0.0574	0.0349863			5740.0	4.99986e-09
0.05745	0.0375347			5745.0	3.46539e-10
0.0575	0.0413572			5750.0	1.56717e-09
0.05755	0.0388089			5755.0	7.39608e-10
0.0576	0.0388089			5760.0	1.33054e-09
0.05765	0.0362605			5765.0	1.88094e-09
0.0577	0.0375347			5770.0	1.14778e-09
0.05775	0.0337122			5775.0	2.35217e-10
0.0578	0.0337122			5780.0	2.43204e-10
0.05785	0.0311638			5785.0	9.46158e-10
0.0579	0.0286154			5790.0	3.9877e-11
0.05795	0.0235187			5795.0	6.31648e-10
0.058	0.0196962			5800.0	2.93414e-09
0.05805	0.0171478			5805.0	3.34683e-10
0.0581	0.018422			5810.0	9.11797e-11
0.05815	0.0107769			5815.0	6.18933e-11
0.0582	0.00440605			5820.0	2.0038e-10
0.05825	-0.00196484			5825.0	6.72512e-11
0.0583	-0.00196484			5830.0	1.84029e-10
0.05835	-0.00323902			5835.0	7.39404e-10
0.0584	-0.0045132			5840.0	1.11922e-09
0.05845	-0.00578737			5845.0	5.74042e-10
0.0585	-0.00833573			5850.0	2.05082e-12
0.05855	-0.00833573			5855.0	5.13957e-10
0.0586	-0.0147066			5860.0	8.50542e-10
0.05865	-0.0121583			5865.0	1.09702e-09
0.0587	-0.00960991			5870.0	1.21353e-09
0.05875	-0.00323902			5875.0	1.91455e-09
0.0588	-0.00196484			5880.0	6.84333e-10
0.05885	-0.00323902			5885.0	1.94077e-09
0.0589	-0.00069066			5890.0	1.60117e-09
0.05895	-0.00196484			5895.0	4.00865e-10
0.059	0.000583518			5900.0	4.49732e-10
0.05905	0.00568023			5905.0	2.33373e-09
0.0591	0.00950277			5910.0	1.56454e-09
0.05915	0.0120511			5915.0	4.43637e-09
0.0592	0.0133253			5920.0	1.04268e-09
0.05925	0.0145995			5925.0	1.86561e-10
0.0593	0.018422			5930.0	1.90363e-10
0.05935	0.0196962			5935.0	3.46655e-10
0.0594	0.0209704			5940.0	2.08051e-10
0.05945	0.0209704			5945.0	1.17478e-09
0.0595	0.018422			5950.0	4.15812e-10
0.05955	0.0145995			5955.0	1.37694e-10
0.0596	0.0145995			5960.0	7.67698e-10
0.05965	0.0145995			5965.0	5.93508e-10
0.0597	0.0145995			5970.0	1.77389e-09
0.05975	0.00950277			5975.0	1.11128e-09
0.0598	0.00440605			5980.0	2.9192e-10
0.05985	-0.00196484			5985.0	2.33094e-09
0.0599	-0.00706155			5990.0	7.3701e-09
0.05995	-0.00833573			5995.0	7.80265e-09
0.06	-0.0134324			6000.0	4.23757e-09
0.06005	-0.0134324			6005.0	3.78854e-09
0.0601	-0.0185292			6010.0	4.12415e-09
0.06015	-0.0223517			6015.0	2.14743e-09
0.0602	-0.0274484			6020.0	4.15781e-09
0.06025	-0.0325451			6025.0	1.33968e-09
0.0603	-0.0325451			6030.0	1.1509e-11
0.06035	-0.0338193			6035.0	6.17748e-10
0.0604	-0.0338193			6040.0	1.94736e-10
0.06045	-0.0350935			6045.0	1.63574e-09
0.0605	-0.0338193			6050.0	5.52828e-10
0.06055	-0.0363677			6055.0	2.39662e-10
0.0606	-0.0299968			6060.0	1.37664e-09
0.06065	-0.0287226			6065.0	2.41139e-09
0.0607	-0.0223517			6070.0	3.58663e-09
0.06075	-0.0223517			6075.0	3.4246e-09
0.0608	-0.0223517			6080.0	9.39503e-10
0.06085	-0.0198033			6085.0	4.3499e-10
0.0609	-0.017255			6090.0	1.22617e-09
0.06095	-0.0121583			6095.0	1.52151e-09
0.061	-0.0045132			6100.0	1.52921e-09
0.06105	-0.00069066			6105.0	1.12091e-09
0.0611	0.0018577			6110.0	1.26437e-09
0.06115	0.00440605			6115.0	1.85745e-09
0.0612	0.0018577			6120.0	1.07527e-09
0.06125	0.00440605			6125.0	2.67592e-09
0.0613	0.00695441			6130.0	5.80787e-10
0.06135	0.00950277			6135.0	3.78055e-10
0.0614	0.0120511			6140.0	4.73079e-10
0.06145	0.00695441			6145.0	3.93396e-10
0.0615	0.00695441			6150.0	2.87115e-09
0.06155	0.0018577			6155.0	1.53595e-09
0.0616	0.000583518			6160.0	2.69503e-09
0.06165	-0.00069066			6165.0	6.331e-09
0.0617	-0.00069066			6170.0	5.40001e-09
0.06175	-0.00706155			6175.0	1.19518e-09
0.0618	-0.00960991			6180.0	8.86486e-10
0.06185	-0.0134324			6185.0	1.1344e-09
0.0619	-0.0185292			6190.0	4.2442e-10
0.06195	-0.0185292			6195.0	4.1231e-10
0.062	-0.0198033			6200.0	6.20986e-11
0.06205	-0.0223517			6205.0	3.21545e-09
0.0621	-0.0198033			6210.0	2.48216e-09
0.06215	-0.0249			6215.0	5.59704e-10
0.0622	-0.0261742			6220.0	2.72544e-10
0.06225	-0.0261742			6225.0	2.51728e-10
0.0623	-0.0223517			6230.0	9.52047e-10
0.06235	-0.0223517			6235.0	8.06013e-10
0.0624	-0.0185292			6240.0	5.3784e-10
0.06245	-0.0159808			6245.0	3.92164e-10
0.0625	-0.0134324			6250.0	5.05536e-10
0.06255	-0.0147066			6255.0	8.6923e-10
0.0626	-0.00960991			6260.0	7.3498e-10
0.06265	-0.00196484			6265.0	1.25467e-09
0.0627	0.0018577			6270.0	9.05164e-10
0.06275	0.00822859			6275.0	8.48921e-10
0.0628	0.00695441			6280.0	8.00033e-10
0.06285	0.00950277			6285.0	8.99641e-11
0.0629	0.0171478			6290.0	7.15152e-10
0.06295	0.0209704			6295.0	1.00792e-10
0.063	0.0247929			6300.0	1.37098e-09
0.06305	0.0286154			6305.0	9.33667e-10
0.0631	0.0273413			6310.0	1.91961e-09
0.06315	0.0286154			6315.0	4.81603e-10
0.0632	0.0260671			6320.0	3.65688e-09
0.06325	0.0260671			6325.0	2.98666e-09
0.0633	0.0273413			6330.0	2.05698e-09
0.06335	0.0298896			6335.0	3.35697e-10
0.0634	0.0260671			6340.0	1.34423e-10
0.06345	0.0235187			6345.0	1.24895e-09
0.0635	0.018422			6350.0	1.34932e-09
0.06355	0.0171478			6355.0	1.0663e-09
0.0636	0.0120511			6360.0	3.20687e-10
0.06365	0.00950277			6365.0	6.74984e-10
0.0637	0.00440605			6370.0	1.24681e-09
0.06375	0.00313188			6375.0	7.18056e-10
0.0638	0.000583518			6380.0	1.24887e-09
0.06385	-0.00196484			6385.0	2.54949e-10
0.0639	-0.00706155			6390.0	9.71529e-10
0.06395	-0.00833573			6395.0	1.02088e-09
0.064	-0.00833573			6400.0	9.03789e-10
0.06405	-0.00960991			6405.0	1.57584e-10
0.0641	-0.0108841			6410.0	3.35187e-10
0.06415	-0.0121583			6415.0	8.80797e-10
0.0642	-0.0134324			6420.0	1.45286e-09
0.06425	-0.00960991			6425.0	1.42616e-09
0.0643	-0.00578737			6430.0	2.52779e-09
0.06435	-0.0045132			6435.0	7.59349e-09
0.0644	-0.00069066			6440.0	4.67027e-09
0.06445	0.0018577			6445.0	6.05034e-11
0.0645	0.00313188			6450.0	7.53458e-10
0.06455	0.00822859			6455.0	2.09857e-09
0.0646	0.0107769			6460.0	4.20742e-09
0.06465	0.0158737			6465.0	1.93813e-09
0.0647	0.0196962			6470.0	2.28975e-09
0.06475	0.0222446			6475.0	2.30185e-09
0.0648	0.0209704			6480.0	1.08953e-09
0.06485	0.0247929			6485.0	6.59939e-10
0.0649	0.0273413			6490.0	6.11855e-10
0.06495	0.0286154			6495.0	2.37985e-09
0.065	0.0298896			6500.0	2.46998e-09
0.06505	0.0311638			6505.0	1.11671e-09
0.0651	0.0311638			6510.0	2.72816e-10
0.06515	0.0222446			6515.0	4.76671e-11
0.0652	0.0222446			6520.0	7.99981e-11
0.06525	0.0222446			6525.0	2.57427e-09
0.0653	0.0133253			6530.0	2.08474e-09
0.06535	0.0120511			6535.0	2.08489e-09
0.0654	0.00568023			6540.0	1.1536e-09
0.06545	0.0018577			6545.0	2.53016e-10
0.0655	-0.0045132			6550.0	2.89016e-09
0.06555	-0.00578737			6555.0	6.5525e-09
0.0656	-0.00706155			6560.0	5.79862e-09
0.06565	-0.00833573			6565.0	3.58509e-09
0.0657	-0.0108841			6570.0	4.8504e-10
0.06575	-0.017255			6575.0	1.33616e-11
0.0658	-0.0210775			6580.0	1.58577e-10
0.06585	-0.0261742			6585.0	1.9326e-09
0.0659	-0.0249			6590.0	6.57006e-09
0.06595	-0.0236259			6595.0	5.76255e-09
0.066	-0.0223517			6600.0	1.86114e-09
0.06605	-0.0223517			6605.0	2.1165e-10
0.0661	-0.0210775			6610.0	1.54706e-09
0.06615	-0.0223517			6615.0	9.23485e-10
0.0662	-0.0198033			6620.0	1.34321e-09
0.06625	-0.0134324			6625.0	2.07331e-10
0.0663	-0.00960991			6630.0	7.53782e-10
0.06635	-0.00069066			6635.0	1.64223e-10
0.0664	-0.00578737			6640.0	1.37685e-11
0.06645	0.000583518			6645.0	1.2723e-10
0.0665	0.000583518			6650.0	3.84636e-10
0.06655	0.00313188			6655.0	1.48902e-10
0.0666	0.00822859			6660.0	5.14918e-10
0.06665	0.0120511			6665.0	5.04607e-10
0.0667	0.0158737			6670.0	2.22649e-10
0.06675	0.0145995			6675.0	1.34559e-09
0.0668	0.0107769			6680.0	6.13994e-10
0.06685	0.0145995			6685.0	1.02599e-10
0.0669	0.0145995			6690.0	2.99315e-10
0.06695	0.0133253			6695.0	7.47022e-10
0.067	0.0133253			6700.0	9.34135e-11
0.06705	0.0120511			6705.0	5.25972e-10
0.0671	0.00568023			6710.0	3.2453e-09
0.06715	0.00440605			6715.0	6.67029e-10
0.0672	-0.00196484			6720.0	3.86249e-10
0.06725	-0.00323902			6725.0	4.52137e-10
0.0673	-0.00196484			6730.0	1.06497e-09
0.06735	-0.00578737			6735.0	2.78148e-09
0.0674	-0.0147066			6740.0	6.6513e-09
0.06745	-0.0198033			6745.0	4.41968e-09
0.0675	-0.0223517			6750.0	1.57111e-09
0.06755	-0.0210775			6755.0	1.04348e-09
0.0676	-0.0236259			6760.0	2.93304e-09
0.06765	-0.0261742			6765.0	2.63845e-09
0.0677	-0.0249			6770.0	1.39765e-09
0.06775	-0.0274484			6775.0	1.24849e-11
0.0678	-0.0312709			6780.0	6.86276e-10
0.06785	-0.0287226			6785.0	1.38485e-10
0.0679	-0.0287226			6790.0	9.24624e-11
0.06795	-0.0236259			6795.0	2.08751e-09
0.068	-0.0185292			6800.0	1.94819e-09
0.06805	-0.0147066			6805.0	8.01925e-10
0.0681	-0.0147066			6810.0	3.84719e-10
0.06815	-0.0108841			6815.0	1.10385e-09
0.0682	-0.00833573			6820.0	7.63357e-10
0.06825	-0.00069066			6825.0	3.22965e-11
0.0683	0.00440605			6830.0	5.90188e-10
0.06835	0.00950277			6835.0	3.54733e-11
0.0684	0.0145995			6840.0	6.04298e-10
0.06845	0.0171478			6845.0	6.33029e-10
0.0685	0.0209704			6850.0	8.9684e-10
0.06855	0.0209704			6855.0	8.98202e-11
0.0686	0.0260671			6860.0	5.10386e-10
0.06865	0.0273413			6865.0	1.38999e-09
0.0687	0.0311638			6870.0	1.59406e-10
0.06875	0.032438			6875.0	1.06648e-09
0.0688	0.0286154			6880.0	6.77426e-10
0.06885	0.0273413			6885.0	6.644e-10
0.0689	0.0209704			6890.0	5.07709e-10
0.06895	0.0222446			6895.0	2.34699e-10
0.069	0.018422			6900.0	3.99031e-09
0.06905	0.018422			6905.0	1.21803e-09
0.0691	0.0133253			6910.0	3.09135e-09
0.06915	0.00950277			6915.0	1.80755e-09
0.0692	0.00440605			6920.0	2.92155e-10
0.06925	0.000583518			6925.0	7.69494e-10
0.0693	-0.00323902			6930.0	1.56957e-09
0.06935	-0.0045132			6935.0	1.60848e-09
0.0694	-0.00706155			6940.0	8.46656e-10
0.06945	-0.0108841			6945.0	1.02127e-09
0.0695	-0.0147066			6950.0	4.62234e-10
0.06955	-0.0159808			6955.0	6.37952e-11
0.0696	-0.0134324			6960.0	1.5343e-09
0.06965	-0.0134324			6965.0	3.44881e-09
0.0697	-0.0108841			6970.0	1.58302e-09
0.06975	-0.0134324			6975.0	2.72846e-10
0.0698	-0.0108841			6980.0	7.9484e-10
0.06985	-0.00706155			6985.0	1.1024e-09
0.0699	-0.00578737			6990.0	1.78443e-09
0.06995	0.0018577			6995.0	1.56743e-09
0.07	0.00440605			7000.0	1.00882e-09
0.07005	0.0107769			7005.0	7.75388e-10
0.0701	0.0120511			7010.0	5.99816e-11
0.07015	0.0158737			7015.0	8.61037e-10
0.0702	0.0171478			7020.0	1.95539e-10
0.07025	0.0222446			7025.0	2.54629e-09
0.0703	0.0286154			7030.0	2.05461e-09
0.07035	0.0337122			7035.0	1.09973e-09
0.0704	0.0362605			7040.0	2.08388e-09
0.07045	0.0349863			7045.0	3.21212e-10
0.0705	0.0375347			7050.0	1.70666e-09
0.07055	0.0349863			7055.0	4.48066e-09
0.0706	0.0375347			7060.0	4.54972e-09
0.07065	0.0349863			7065.0	3.63302e-09
0.0707	0.0375347			7070.0	2.7057e-09
0.07075	0.0337122			7075.0	1.10788e-09
0.0708	0.0311638			7080.0	5.86732e-10
0.07085	0.0247929			7085.0	6.41728e-10
0.0709	0.0235187			7090.0	1.65606e-09
0.07095	0.0209704			7095.0	3.2498e-09
0.071	0.0222446			7100.0	3.43978e-09
0.07105	0.0158737			7105.0	1.30225e-09
0.0711	0.0120511			7110.0	2.49039e-09
0.07115	0.00695441			7115.0	3.13084e-09
0.0712	0.000583518			7120.0	3.20093e-09
0.07125	0.0018577			7125.0	9.62337e-10
0.0713	-0.00196484			7130.0	5.96542e-10
0.07135	0.000583518			7135.0	5.04469e-10
0.0714	-0.00196484			7140.0	5.39384e-09
0.07145	-0.0045132			7145.0	3.80067e-09
0.0715	-0.00196484			7150.0	4.92372e-09
0.07155	-0.00706155			7155.0	1.13152e-09
0.0716	-0.00323902			7160.0	6.3285e-10
0.07165	-0.00196484			7165.0	2.73424e-09
0.0717	0.00440605			7170.0	1.52711e-09
0.07175	0.00313188			7175.0	9.48677e-10
0.0718	0.00695441			7180.0	3.48134e-09
0.07185	0.00695441			7185.0	3.13425e-09
0.0719	0.0107769			7190.0	5.40708e-09
0.07195	0.0133253			7195.0	2.44973e-09
0.072	0.0171478			7200.0	6.19963e-10
0.07205	0.0222446			7205.0	1.56501e-09
0.0721	0.0235187			7210.0	2.97762e-09
0.07215	0.0260671			7215.0	3.93717e-09
0.0722	0.0247929			7220.0	2.53516e-09
0.07225	0.0273413			7225.0	1.03973e-10
0.0723	0.0286154			7230.0	2.50529e-09
0.07235	0.0298896			7235.0	2.5658e-09
0.0724	0.0286154			7240.0	1.02155e-09
0.07245	0.0247929			7245.0	6.18662e-10
0.0725	0.0260671			7250.0	1.80025e-09
0.07255	0.0235187			7255.0	9.32689e-11
0.0726	0.0222446			7260.0	2.05675e-10
0.07265	0.0209704			7265.0	1.25765e-09
0.0727	0.018422			7270.0	1.48625e-09
0.07275	0.0133253			7275.0	4.37481e-11
0.0728	0.00695441			7280.0	1.94803e-09
0.07285	0.00440605			7285.0	2.98201e-09
0.0729	-0.00069066			7290.0	1.42772e-10
0.07295	-0.0045132			7295.0	1.50216e-09
0.073	-0.0045132			7300.0	1.58763e-09
0.07305	-0.00960991			7305.0	2.88573e-10
0.0731	-0.00833573			7310.0	9.43988e-10
0.07315	-0.0134324			7315.0	1.72909e-09
0.0732	-0.017255			7320.0	2.40581e-09
0.07325	-0.0159808			7325.0	6.59124e-10
0.0733	-0.0147066			7330.0	2.88854e-10
0.07335	-0.0147066			7335.0	8.49882e-10
0.0734	-0.0121583			7340.0	2.34489e-09
0.07345	-0.0134324			7345.0	1.66654e-10
0.0735	-0.0121583			7350.0	9.06605e-10
0.07355	-0.0134324			7355.0	1.88573e-09
0.0736	-0.0134324			7360.0	1.17948e-09
0.07365	-0.00833573			7365.0	1.52759e-09
0.0737	-0.00706155			7370.0	2.87614e-10
0.07375	-0.00069066			7375.0	1.70071e-10
0.0738	0.0018577			7380.0	1.01634e-09
0.07385	0.00313188			7385.0	1.08698e-09
0.0739	0.000583518			7390.0	6.60787e-10
0.07395	0.000583518			7395.0	4.85775e-10
0.074	0.00695441			7400.0	1.23495e-09
0.07405	0.00822859			7405.0	4.43674e-10
0.0741	0.0107769			7410.0	7.71834e-10
0.07415	0.0120511			7415.0	9.81481e-10
0.0742	0.00695441			7420.0	4.50303e-10
0.07425	0.00568023			7425.0	1.8346e-09
0.0743	0.00313188			7430.0	2.09982e-09
0.07435	0.00440605			7435.0	2.80913e-10
0.0744	0.00313188			7440.0	1.32409e-09
0.07445	0.00313188			7445.0	1.48123e-09
0.0745	0.00440605			7450.0	1.87599e-10
0.07455	-0.00196484			7455.0	9.11978e-11
0.0746	-0.00706155			7460.0	6.38243e-10
0.07465	-0.0108841			7465.0	3.28082e-10
0.0747	-0.00833573			7470.0	2.1301e-11
0.07475	-0.0159808			7475.0	9.16592e-11
0.0748	-0.0185292			7480.0	1.15032e-10
0.07485	-0.0223517			7485.0	7.98654e-11
0.0749	-0.0198033			7490.0	8.18255e-10
0.07495	-0.0249			7495.0	1.64133e-09
0.075	-0.0249			7500.0	1.36082e-09
0.07505	-0.0249			7505.0	2.99586e-10
0.0751	-0.0274484			7510.0	6.35624e-10
0.07515	-0.0236259			7515.0	1.71559e-09
0.0752	-0.0274484			7520.0	2.52023e-09
0.07525	-0.0287226			7525.0	1.96859e-10
0.0753	-0.0312709			7530.0	1.52836e-09
0.07535	-0.0274484			7535.0	3.94556e-09
0.0754	-0.0210775			7540.0	2.52564e-09
0.07545	-0.0185292			7545.0	1.17794e-09
0.0755	-0.0185292			7550.0	1.45925e-09
0.07555	-0.0159808			7555.0	4.18239e-10
0.0756	-0.0121583			7560.0	8.67728e-12
0.07565	-0.0121583			7565.0	2.00199e-10
0.0757	-0.00833573			7570.0	1.06537e-09
0.07575	-0.00196484			7575.0	9.65372e-10
0.0758	0.00313188			7580.0	4.40763e-10
0.07585	0.00695441			7585.0	1.89412e-10
0.0759	0.00695441			7590.0	5.05827e-10
0.07595	0.00695441			7595.0	3.13014e-10
0.076	0.00822859			7600.0	3.8026e-10
0.07605	0.0107769			7605.0	7.23357e-10
0.0761	0.0107769			7610.0	2.80025e-09
0.07615	0.0133253			7615.0	3.17398e-09
0.0762	0.0133253			7620.0	2.53693e-09
0.07625	0.0107769			7625.0	6.03003e-10
0.0763	0.00822859			7630.0	6.55374e-10
0.07635	0.00695441			7635.0	2.6671e-10
0.0764	0.00440605			7640.0	1.25969e-09
0.07645	0.000583518			7645.0	1.31753e-09
0.0765	0.00313188			7650.0	2.01601e-09
0.07655	0.0018577			7655.0	2.10626e-09
0.0766	-0.00578737			7660.0	1.16145e-09
0.07665	-0.0108841			7665.0	2.52123e-09
0.0767	-0.0134324			7670.0	1.10344e-09
0.07675	-0.0121583			7675.0	2.4542e-12
0.0768	-0.0147066			7680.0	2.99248e-10
0.07685	-0.0134324			7685.0	4.00595e-10
0.0769	-0.017255			7690.0	3.9004e-10
0.07695	-0.0198033			7695.0	1.31932e-09
0.077	-0.0185292			7700.0	9.01072e-10
0.07705	-0.0210775			7705.0	1.27255e-09
0.0771	-0.017255			7710.0	1.81241e-09
0.07715	-0.0134324			7715.0	2.30636e-09
0.0772	-0.0134324			7720.0	1.35353e-09
0.07725	-0.0108841			7725.0	9.39209e-10
0.0773	-0.00833573			7730.0	6.82796e-10
0.07735	-0.00833573			7735.0	6.91617e-10
0.0774	-0.00196484			7740.0	1.1647e-09
0.07745	0.0018577			7745.0	2.26975e-09
0.0775	0.0107769			7750.0	3.6189e-09
0.07755	0.0133253			7755.0	1.28568e-09
0.0776	0.0133253			7760.0	1.39978e-09
0.07765	0.0145995			7765.0	1.69889e-09
0.0777	0.0209704			7770.0	4.24573e-10
0.07775	0.0222446			7775.0	4.34962e-10
0.0778	0.0247929			7780.0	4.67575e-10
0.07785	0.0286154			7785.0	3.22049e-09
0.0779	0.0247929			7790.0	1.78062e-09
0.07795	0.0273413			7795.0	2.8064e-12
0.078	0.0273413			7800.0	3.73863e-11
0.07805	0.0273413			7805.0	5.04834e-10
0.0781	0.0286154			7810.0	1.61296e-09
0.07815	0.0286154			7815.0	5.06201e-10
0.0782	0.0235187			7820.0	8.34907e-10
0.07825	0.0222446			7825.0	6.40546e-10
0.0783	0.018422			7830.0	2.16703e-10
0.07835	0.0145995			7835.0	1.89124e-09
0.0784	0.0145995			7840.0	9.87546e-09
0.07845	0.0120511			7845.0	6.29219e-09
0.0785	0.0107769			7850.0	2.09931e-09
0.07855	0.00695441			7855.0	1.30657e-09
0.0786	0.0018577			7860.0	3.38498e-10
0.07865	-0.00578737			7865.0	1.46147e-09
0.0787	-0.00833573			7870.0	5.34133e-09
0.07875	-0.00706155			7875.0	4.31882e-09
0.0788	-0.00706155			7880.0	1.41467e-09
0.07885	-0.0045132			7885.0	3.18709e-09
0.0789	-0.00706155			7890.0	2.83594e-09
0.07895	-0.00833573			7895.0	8.5527e-10
0.079	-0.00960991			7900.0	7.71698e-10
0.07905	-0.00706155			7905.0	3.07217e-10
0.0791	-0.0045132			7910.0	2.43922e-10
0.07915	-0.00196484			7915.0	6.06286e-11
0.0792	0.00313188			7920.0	1.14655e-09
0.07925	0.00440605			7925.0	1.02286e-09
0.0793	0.00313188			7930.0	4.74146e-11
0.07935	0.00695441			7935.0	8.9628e-10
0.0794	0.0120511			7940.0	2.66382e-09
0.07945	0.0133253			7945.0	6.34256e-10
0.0795	0.0209704			7950.0	1.53733e-09
0.07955	0.0209704			7955.0	2.4813e-09
0.0796	0.0222446			7960.0	2.57793e-09
0.07965	0.0273413			7965.0	2.89172e-09
0.0797	0.0235187			7970.0	8.80193e-10
0.07975	0.0247929			7975.0	3.48344e-09
0.0798	0.0273413			7980.0	3.56632e-09
0.07985	0.0311638			7985.0	6.61762e-10
0.0799	0.0311638			7990.0	7.08497e-10
0.07995	0.0235187			7995.0	1.2491e-09
0.08	0.0235187			8000.0	1.44743e-09
0.08005	0.0158737			8005.0	5.14523e-09
0.0801	0.018422			8010.0	8.26679e-09
0.08015	0.0171478			8015.0	1.14432e-09
0.0802	0.0120511			8020.0	2.50054e-09
0.08025	0.00950277			8025.0	6.09677e-10
0.0803	0.0018577			8030.0	3.47783e-09
0.08035	-0.00196484			8035.0	2.30785e-09
0.0804	-0.00706155			8040.0	2.81126e-10
0.08045	-0.00833573			8045.0	2.487e-10
0.0805	-0.0134324			8050.0	1.41098e-09
0.08055	-0.0147066			8055.0	3.4104e-09
0.0806	-0.0147066			8060.0	3.58941e-09
0.08065	-0.0198033			8065.0	9.51198e-10
0.0807	-0.0236259			8070.0	2.6034e-10
0.08075	-0.0249			8075.0	7.8674e-10
0.0808	-0.0210775			8080.0	2.86419e-09
0.08085	-0.0223517			8085.0	3.39059e-09
0.0809	-0.0185292			8090.0	6.89496e-10
0.08095	-0.0223517			8095.0	9.67083e-10
0.081	-0.0185292			8100.0	1.54045e-10
0.08105	-0.0185292			8105.0	1.28975e-09
0.0811	-0.017255			8110.0	2.25182e-09
0.08115	-0.0121583			8115.0	4.75849e-10
0.0812	-0.00833573			8120.0	1.12898e-09
0.08125	-0.00323902			8125.0	1.32785e-09
0.0813	-0.00196484			8130.0	1.38166e-09
0.08135	0.0018577			8135.0	4.86225e-10
0.0814	0.000583518			8140.0	3.36516e-10
0.08145	0.00313188			8145.0	9.02705e-10
0.0815	0.00568023			8150.0	1.74605e-09
0.08155	0.0107769			8155.0	3.93361e-10
0.0816	0.00822859			8160.0	8.68629e-11
0.08165	0.00822859			8165.0	3.68219e-11
0.0817	0.00950277			8170.0	1.53692e-09
0.08175	0.00440605			8175.0	1.58349e-09
0.0818	0.00568023			8180.0	6.35206e-10
0.08185	0.00822859			8185.0	3.11082e-10
0.0819	0.00568023			8190.0	8.44878e-10
0.08195	0.0018577			8195.0	6.25264e-10
0.082	-0.00578737			8200.0	1.41712e-09
0.08205	-0.00833573			8205.0	2.81088e-09
0.0821	-0.0147066			8210.0	2.2746e-09
0.08215	-0.0121583			8215.0	5.11492e-10
0.0822	-0.0159808			8220.0	1.61654e-10
0.08225	-0.017255			8225.0	5.16589e-10
0.0823	-0.0210775			8230.0	2.73055e-09
0.08235	-0.0287226			8235.0	2.34962e-09
0.0824	-0.0312709			8240.0	1.04356e-09
0.08245	-0.0312709			8245.0	1.1003e-09
0.0825	-0.0325451			8250.0	3.43971e-09
0.08255	-0.0299968			8255.0	4.75125e-09
0.0826	-0.0287226			8260.0	2.91761e-09
0.08265	-0.0325451			8265.0	8.33404e-10
0.0827	-0.0325451			8270.0	5.67412e-11
0.08275	-0.0376418			8275.0	9.04175e-11
0.0828	-0.0312709			8280.0	4.63548e-10
0.08285	-0.0274484			8285.0	6.4615e-10
0.0829	-0.0223517			8290.0	1.78043e-09
0.08295	-0.0185292			8295.0	1.8928e-09
0.083	-0.0159808			8300.0	1.42871e-09
0.08305	-0.00960991			8305.0	1.49151e-09
0.0831	-0.00833573			8310.0	3.95611e-11
0.08315	-0.00196484			8315.0	5.87382e-10
0.0832	0.00440605			8320.0	4.88417e-10
0.08325	0.00695441			8325.0	2.30919e-09
0.0833	0.00950277			8330.0	3.68647e-10
0.08335	0.0120511			8335.0	4.85466e-11
0.0834	0.0133253			8340.0	1.73605e-10
0.08345	0.018422			8345.0	1.22627e-09
0.0835	0.018422			8350.0	7.24262e-10
0.08355	0.0222446			8355.0	6.83377e-10
0.0836	0.0222446			8360.0	2.24074e-10
0.08365	0.0209704			8365.0	3.13487e-10
0.0837	0.018422			8370.0	1.23688e-09
0.08375	0.018422			8375.0	6.81707e-10
0.0838	0.0209704			8380.0	1.36373e-09
0.08385	0.0171478			8385.0	7.41384e-10
0.0839	0.0171478			8390.0	3.52544e-10
0.08395	0.0107769			8395.0	5.13232e-09
0.084	0.00822859			8400.0	5.36527e-09
0.08405	0.00568023			8405.0	4.08261e-09
0.0841	0.000583518			8410.0	7.0349e-10
0.08415	0.000583518			8415.0	9.93659e-10
0.0842	-0.00196484			8420.0	4.29948e-09
0.08425	0.000583518			8425.0	2.80034e-09
0.0843	-0.00578737			8430.0	3.82333e-10
0.08435	-0.00323902			8435.0	1.27758e-09
0.0844	-0.00706155			8440.0	4.06793e-09
0.08445	-0.00578737			8445.0	2.79186e-09
0.0845	-0.00578737			8450.0	1.07164e-09
0.08455	-0.00323902			8455.0	1.70775e-10
0.0846	0.0018577			8460.0	5.93227e-10
0.08465	0.00313188			8465.0	2.8888e-09
0.0847	0.00440605			8470.0	2.8988e-09
0.08475	0.00695441			8475.0	4.33557e-09
0.0848	0.00822859			8480.0	2.13603e-09
0.08485	0.0145995			8485.0	1.94483e-09
0.0849	0.0209704			8490.0	7.71249e-09
0.08495	0.0247929			8495.0	6.74637e-09
0.085	0.0260671			8500.0	3.49305e-09
0.08505	0.0311638			8505.0	1.22381e-09
0.0851	0.0311638			8510.0	3.02055e-10
0.08515	0.0337122			8515.0	5.04061e-10
0.0852	0.0375347			8520.0	9.6173e-10
0.08525	0.0413572			8525.0	1.45371e-09
0.0853	0.040083			8530.0	1.97713e-09
0.08535	0.0413572			8535.0	1.25911e-09
0.0854	0.0375347			8540.0	6.04208e-09
0.08545	0.040083			8545.0	2.36588e-09
0.0855	0.0388089			8550.0	1.04334e-10
0.08555	0.0413572			8555.0	6.62169e-10
0.0856	0.0388089			8560.0	7.38405e-10
0.08565	0.0337122			8565.0	3.26623e-09
0.0857	0.032438			8570.0	1.29507e-09
0.08575	0.0298896			8575.0	1.33462e-09
0.0858	0.0222446			8580.0	1.16584e-09
0.08585	0.0209704			8585.0	1.19063e-09
0.0859	0.018422			8590.0	2.99735e-10
0.08595	0.0171478			8595.0	3.10792e-11
0.086	0.0133253			8600.0	1.40791e-09
0.08605	0.00695441			8605.0	6.60262e-09
0.0861	0.0018577			8610.0	1.12261e-08
0.08615	-0.00196484			8615.0	5.72301e-09
0.0862	-0.00196484			8620.0	3.32316e-09
0.08625	-0.00069066			8625.0	2.98972e-09
0.0863	-0.00069066			8630.0	1.61914e-10
0.08635	-0.0045132			8635.0	2.2229e-10
0.0864	-0.00833573			8640.0	4.35448e-09
0.08645	-0.00706155			8645.0	7.412e-09
0.0865	-0.00196484			8650.0	5.15389e-09
0.08655	-0.0045132			8655.0	1.4293e-09
0.0866	-0.00196484			8660.0	2.8986e-09
0.08665	-0.00196484			8665.0	3.33616e-09
0.0867	0.0018577			8670.0	3.0095e-09
0.08675	0.00313188			8675.0	7.58168e-09
0.0868	0.00313188			8680.0	6.31457e-09
0.08685	0.0107769			8685.0	1.68453e-09
0.0869	0.0107769			8690.0	3.81576e-09
0.08695	0.0145995			8695.0	6.1239e-09
0.087	0.0158737			8700.0	1.85349e-09
0.08705	0.0145995			8705.0	7.69798e-10
0.0871	0.0158737			8710.0	1.85848e-10
0.08715	0.018422			8715.0	9.75948e-10
0.0872	0.018422			8720.0	2.4114e-09
0.08725	0.0209704			8725.0	3.50416e-09
0.0873	0.018422			8730.0	5.50383e-09
0.08735	0.0158737			8735.0	6.09716e-09
0.0874	0.0171478			8740.0	2.36343e-09
0.08745	0.00950277			8745.0	4.71376e-09
0.0875	0.00568023			8750.0	3.75727e-09
0.08755	0.00568023			8755.0	4.27062e-09
0.0876	0.00440605			8760.0	1.00381e-08
0.08765	0.00313188			8765.0	4.06671e-09
0.0877	-0.00706155			8770.0	1.15564e-09
0.08775	-0.00833573			8775.0	1.19221e-09
0.0878	-0.0185292			8780.0	1.42415e-10
0.08785	-0.0198033			8785.0	3.04096e-09
0.0879	-0.0210775			8790.0	4.17057e-09
0.08795	-0.0223517			8795.0	1.92295e-10
0.088	-0.0236259			8800.0	2.21946e-09
0.08805	-0.0261742			8805.0	5.34016e-09
0.0881	-0.0312709			8810.0	4.24796e-09
0.08815	-0.0338193			8815.0	3.31269e-09
0.0882	-0.0274484			8820.0	1.57133e-09
0.08825	-0.0299968			8825.0	1.83913e-09
0.0883	-0.0274484			8830.0	2.72287e-09
0.08835	-0.0287226			8835.0	1.17489e-09
0.0884	-0.0249			8840.0	1.07158e-10
0.08845	-0.0261742			8845.0	5.40694e-11
0.0885	-0.0198033			8850.0	1.60068e-09
0.08855	-0.017255			8855.0	3.72741e-09
0.0886	-0.017255			8860.0	9.39575e-10
0.08865	-0.00960991			8865.0	2.17599e-09
0.0887	-0.0108841			8870.0	6.2792e-09
0.08875	-0.00960991			8875.0	2.49201e-09
0.0888	-0.00578737			8880.0	2.34651e-09
0.08885	-0.0045132			8885.0	2.05726e-09
0.0889	0.0018577			8890.0	1.44506e-09
0.08895	0.00440605			8895.0	1.73129e-09
0.089	0.00695441			8900.0	1.70153e-09
0.08905	0.00695441			8905.0	1.45499e-09
0.0891	0.00568023			8910.0	4.94372e-09
0.08915	0.00313188			8915.0	5.33277e-09
0.0892	0.00313188			8920.0	1.09626e-09
0.08925	0.00440605			8925.0	4.89618e-10
0.0893	0.00313188			8930.0	7.28093e-09
0.08935	0.00440605			8935.0	1.58296e-08
0.0894	0.000583518			8940.0	6.96351e-09
0.08945	-0.00196484			8945.0	5.75202e-10
0.0895	-0.00706155			8950.0	3.05108e-09
0.08955	-0.0121583			8955.0	2.30917e-09
0.0896	-0.0121583			8960.0	1.09094e-09
0.08965	-0.0121583			8965.0	1.33036e-09
0.0897	-0.00960991			8970.0	2.07563e-09
0.08975	-0.0147066			8975.0	1.3469e-09
0.0898	-0.0210775			8980.0	1.19408e-09
0.08985	-0.0236259			8985.0	3.22789e-09
0.0899	-0.0261742			8990.0	1.99e-09
0.08995	-0.0223517			8995.0	2.46508e-10
0.09	-0.0236259			9000.0	1.29657e-09
0.09005	-0.0198033			9005.0	3.87937e-09
0.0901	-0.0223517			9010.0	9.35342e-09
0.09015	-0.0198033			9015.0	1.11709e-09
0.0902	-0.0185292			9020.0	1.74685e-09
0.09025	-0.017255			9025.0	1.23833e-09
0.0903	-0.0134324			9030.0	1.0387e-10
0.09035	-0.00833573			9035.0	2.83372e-11
0.0904	-0.00706155			9040.0	4.60063e-09
0.09045	-0.00196484			9045.0	7.25591e-09
0.0905	0.00568023			9050.0	4.55627e-09
0.09055	0.00440605			9055.0	1.10783e-09
0.0906	0.0107769			9060.0	7.85506e-10
0.09065	0.0158737			9065.0	2.09038e-09
0.0907	0.0209704			9070.0	3.37122e-09
0.09075	0.0235187			9075.0	8.78866e-10
0.0908	0.0247929			9080.0	1.36666e-09
0.09085	0.0286154			9085.0	2.47188e-09
0.0909	0.0273413			9090.0	4.76853e-09
0.09095	0.0286154			9095.0	6.39366e-09
0.091	0.032438			9100.0	4.762e-09
0.09105	0.0349863			9105.0	3.57295e-09
0.0911	0.0311638			9110.0	7.22029e-09
0.09115	0.0286154			9115.0	1.00838e-09
0.0912	0.0273413			9120.0	2.69879e-10
0.09125	0.0222446			9125.0	1.57829e-09
0.0913	0.0209704			9130.0	4.81597e-10
0.09135	0.0196962			9135.0	1.39464e-09
0.0914	0.0158737			9140.0	2.23863e-09
0.09145	0.0133253			9145.0	3.15034e-10
0.0915	0.00695441			9150.0	2.01934e-09
0.09155	0.00313188			9155.0	1.58341e-09
0.0916	-0.00323902			9160.0	3.4847e-10
0.09165	-0.00323902			9165.0	5.61228e-10
0.0917	-0.00578737			9170.0	3.20231e-09
0.09175	-0.00323902			9175.0	1.25889e-09
0.0918	-0.00578737			9180.0	5.23304e-10
0.09185	-0.00706155			9185.0	1.05148e-11
0.0919	-0.00960991			9190.0	2.34109e-09
0.09195	-0.00960991			9195.0	3.66918e-09
0.092	-0.00706155			9200.0	2.97146e-09
0.09205	-0.00578737			9205.0	2.4569e-10
0.0921	0.000583518			9210.0	3.26536e-09
0.09215	0.00568023			9215.0	5.37152e-09
0.0922	0.00313188			9220.0	1.11232e-09
0.09225	0.00440605			9225.0	7.09198e-09
0.0923	0.00568023			9230.0	9.13977e-10
0.09235	0.0120511			9235.0	1.81546e-09
0.0924	0.0145995			9240.0	7.24624e-09
0.09245	0.0209704			9245.0	8.98328e-09
0.0925	0.0247929			9250.0	7.82658e-09
0.09255	0.0247929			9255.0	6.24978e-09
0.0926	0.0260671			9260.0	7.56419e-09
0.09265	0.0235187			9265.0	3.13929e-09
0.0927	0.0311638			9270.0	1.59239e-09
0.09275	0.0337122			9275.0	3.749e-09
0.0928	0.0337122			9280.0	8.73218e-10
0.09285	0.0286154			9285.0	3.12428e-10
0.0929	0.0260671			9290.0	6.27524e-12
0.09295	0.0247929			9295.0	2.56612e-09
0.093	0.0235187			9300.0	2.95746e-09
0.09305	0.0222446			9305.0	5.15773e-09
0.0931	0.0235187			9310.0	8.01878e-10
0.09315	0.0171478			9315.0	3.93949e-12
0.0932	0.0120511			9320.0	2.10405e-10
0.09325	0.00568023			9325.0	1.3533999999999999e-09
0.0933	0.00313188			9330.0	3.89769e-09
0.09335	-0.00196484			9335.0	2.393e-09
0.0934	0.000583518			9340.0	1.08385e-09
0.09345	-0.00323902			9345.0	2.40567e-09
0.0935	-0.00706155			9350.0	4.01803e-09
0.09355	-0.0121583			9355.0	1.59646e-09
0.0936	-0.0159808			9360.0	8.28356e-10
0.09365	-0.0159808			9365.0	4.25679e-09
0.0937	-0.0147066			9370.0	1.87983e-09
0.09375	-0.0134324			9375.0	2.41411e-09
0.0938	-0.0134324			9380.0	8.3602e-10
0.09385	-0.0147066			9385.0	7.86134e-10
0.0939	-0.0147066			9390.0	7.15844e-10
0.09395	-0.0147066			9395.0	1.29008e-09
0.094	-0.0147066			9400.0	4.07006e-10
0.09405	-0.0121583			9405.0	3.67106e-09
0.0941	-0.00706155			9410.0	3.2236e-09
0.09415	-0.0045132			9415.0	9.32026e-10
0.0942	-0.00196484			9420.0	8.27673e-12
0.09425	0.000583518			9425.0	3.77657e-10
0.0943	0.000583518			9430.0	1.27053e-09
0.09435	0.00695441			9435.0	7.43106e-11
0.0944	0.00822859			9440.0	1.05565e-09
0.09445	0.0120511			9445.0	1.28335e-10
0.0945	0.0133253			9450.0	1.37725e-10
0.09455	0.0133253			9455.0	9.89256e-10
0.0946	0.0145995			9460.0	7.43933e-10
0.09465	0.0120511			9465.0	1.51465e-11
0.0947	0.0158737			9470.0	3.22593e-10
0.09475	0.0158737			9475.0	9.58682e-10
0.0948	0.0133253			9480.0	1.61035e-09
0.09485	0.0133253			9485.0	3.06568e-10
0.0949	0.00822859			9490.0	7.50861e-10
0.09495	0.00313188			9495.0	8.03201e-10
0.095	-0.00069066			9500.0	8.88327e-10
0.09505	-0.00069066			9505.0	2.92581e-09
0.0951	-0.00196484			9510.0	3.37003e-09
0.09515	-0.0045132			9515.0	2.05123e-09
0.0952	-0.00706155			9520.0	1.16877e-10
0.09525	-0.0108841			9525.0	1.706e-11
0.0953	-0.017255			9530.0	5.82195e-10
0.09535	-0.017255			9535.0	1.19625e-09
0.0954	-0.017255			9540.0	9.93036e-10
0.09545	-0.017255			9545.0	3.37541e-10
0.0955	-0.0198033			9550.0	8.3412e-10
0.09555	-0.0198033			9555.0	4.237e-09
0.0956	-0.0210775			9560.0	1.38681e-09
0.09565	-0.0198033			9565.0	6.39489e-10
0.0957	-0.0198033			9570.0	4.13258e-12
0.09575	-0.0159808			9575.0	7.33359e-10
0.0958	-0.0134324			9580.0	1.02249e-09
0.09585	-0.0121583			9585.0	1.4104e-10
0.0959	-0.00960991			9590.0	1.27241e-10
0.09595	-0.00833573			9595.0	3.56211e-10
0.096	-0.00323902			9600.0	6.76422e-10
0.09605	-0.00196484			9605.0	2.31954e-10
0.0961	0.00313188			9610.0	8.70616e-10
0.09615	0.00440605			9615.0	8.22663e-10
0.0962	0.00695441			9620.0	1.67117e-09
0.09625	0.00695441			9625.0	9.14561e-10
0.0963	0.0107769			9630.0	2.02758e-12
0.09635	0.0133253			9635.0	1.99086e-10
0.0964	0.0145995			9640.0	1.38391e-09
0.09645	0.0196962			9645.0	1.29728e-10
0.0965	0.0171478			9650.0	2.43215e-09
0.09655	0.0145995			9655.0	1.25928e-09
0.0966	0.0120511			9660.0	4.79695e-11
0.09665	0.0107769			9665.0	2.99224e-10
0.0967	0.0120511			9670.0	3.38531e-11
0.09675	0.0133253			9675.0	1.33267e-09
0.0968	0.0107769			9680.0	1.31427e-09
0.09685	0.00822859			9685.0	6.03107e-10
0.0969	0.00313188			9690.0	3.26195e-09
0.09695	-0.0045132			9695.0	2.6231e-09
0.097	-0.00578737			9700.0	6.46243e-10
0.09705	-0.00578737			9705.0	1.04186e-10
0.0971	-0.00323902			9710.0	7.0864e-10
0.09715	-0.00706155			9715.0	3.08508e-09
0.0972	-0.0108841			9720.0	4.85228e-09
0.09725	-0.017255			9725.0	4.68338e-09
0.0973	-0.0159808			9730.0	4.59483e-09
0.09735	-0.0121583			9735.0	2.79475e-09
0.0974	-0.0108841			9740.0	2.89768e-09
0.09745	-0.0134324			9745.0	2.96999e-09
0.0975	-0.0121583			9750.0	1.91588e-10
0.09755	-0.0108841			9755.0	1.54682e-10
0.0976	-0.00833573			9760.0	1.34949e-11
0.09765	-0.0108841			9765.0	6.49817e-10
0.0977	-0.00706155			9770.0	5.23954e-09
0.09775	-0.0045132			9775.0	1.22436e-09
0.0978	-0.00196484			9780.0	1.35235e-09
0.09785	0.00313188			9785.0	2.3696e-10
0.0979	0.000583518			9790.0	7.90975e-10
0.09795	0.00695441			9795.0	1.11755e-10
0.098	0.00822859			9800.0	4.65966e-10
0.09805	0.0120511			9805.0	4.79988e-12
0.0981	0.0107769			9810.0	1.16459e-10
0.09815	0.018422			9815.0	3.01731e-09
0.0982	0.0171478			9820.0	2.82709e-09
0.09825	0.0158737			9825.0	2.94817e-10
0.0983	0.0145995			9830.0	1.26057e-09
0.09835	0.0158737			9835.0	1.58441e-10
0.0984	0.0171478			9840.0	1.65661e-09
0.09845	0.0209704			9845.0	3.11982e-09
0.0985	0.0196962			9850.0	2.28345e-09
0.09855	0.0171478			9855.0	4.47197e-09
0.0986	0.0133253			9860.0	2.58391e-09
0.09865	0.00822859			9865.0	4.38736e-10
0.0987	0.00950277			9870.0	7.23717e-10
0.09875	0.00695441			9875.0	8.02754e-10
0.0988	0.00440605			9880.0	8.14429e-10
0.09885	0.00440605			9885.0	4.52999e-09
0.0989	-0.00196484			9890.0	3.8276e-10
0.09895	-0.00706155			9895.0	1.97512e-09
0.099	-0.00960991			9900.0	8.15607e-10
0.09905	-0.00706155			9905.0	5.92972e-10
0.0991	-0.00833573			9910.0	5.59614e-10
0.09915	-0.00960991			9915.0	1.04816e-09
0.0992	-0.00833573			9920.0	3.30191e-10
0.09925	-0.00960991			9925.0	2.04555e-10
0.0993	-0.00960991			9930.0	3.4693e-10
0.09935	-0.00960991			9935.0	1.08894e-09
0.0994	-0.00833573			9940.0	4.54444e-09
0.09945	-0.00578737			9945.0	2.22455e-09
0.0995	-0.00196484			9950.0	1.41527e-09
0.09955	0.00313188			9955.0	1.91825e-09
0.0996	0.0018577			9960.0	2.17621e-10
0.09965	0.00440605			9965.0	6.19246e-10
0.0997	0.00568023			9970.0	1.60264e-09
0.09975	0.0107769			9975.0	1.20926e-09
0.0998	0.0158737			9980.0	2.05019e-09
0.09985	0.018422			9985.0	1.86477e-09
0.0999	0.0209704			9990.0	2.10032e-10
0.09995	0.018422			9995.0	1.50425e-10
0.1	0.0209704				
0.10005	0.0158737				
0.1001	0.0209704				
0.10015	0.0209704				
0.1002	0.0235187				
0.10025	0.0222446				
0.1003	0.018422				
0.10035	0.0171478				
0.1004	0.0145995				
0.10045	0.0120511				
0.1005	0.0107769				
0.10055	0.0107769				
0.1006	0.00822859				
0.10065	-0.00069066				
0.1007	-0.00196484				
0.10075	-0.00578737				
0.1008	-0.00706155				
0.10085	-0.00706155				
0.1009	-0.00706155				
0.10095	-0.0134324				
0.101	-0.017255				
0.10105	-0.017255				
0.1011	-0.0121583				
0.10115	-0.00960991				
0.1012	-0.00960991				
0.10125	-0.0108841				
0.1013	-0.00960991				
0.10135	-0.00578737				
0.1014	-0.00706155				
0.10145	-0.00578737				
0.1015	-0.00069066				
0.10155	0.00568023				
0.1016	0.00695441				
0.10165	0.00695441				
0.1017	0.00950277				
0.10175	0.00695441				
0.1018	0.00822859				
0.10185	0.0133253				
0.1019	0.0158737				
0.10195	0.0133253				
0.102	0.0133253				
0.10205	0.0107769				
0.1021	0.0120511				
0.10215	0.0120511				
0.1022	0.0120511				
0.10225	0.0107769				
0.1023	0.00440605				
0.10235	0.00313188				
0.1024	-0.00196484				
0.10245	-0.00196484				
0.1025	-0.00578737				
0.10255	-0.00578737				
0.1026	-0.00833573				
0.10265	-0.0121583				
0.1027	-0.0134324				
0.10275	-0.0198033				
0.1028	-0.0223517				
0.10285	-0.0198033				
0.1029	-0.0198033				
0.10295	-0.0185292				
0.103	-0.0223517				
0.10305	-0.0210775				
0.1031	-0.0223517				
0.10315	-0.0210775				
0.1032	-0.0147066				
0.10325	-0.0134324				
0.1033	-0.00706155				
0.10335	-0.00706155				
0.1034	-0.0045132				
0.10345	-0.00196484				
0.1035	0.00440605				
0.10355	0.00695441				
0.1036	0.00950277				
0.10365	0.0133253				
0.1037	0.0145995				
0.10375	0.0158737				
0.1038	0.0171478				
0.10385	0.0145995				
0.1039	0.018422				
0.10395	0.0209704				
0.104	0.0209704				
0.10405	0.0158737				
0.1041	0.0158737				
0.10415	0.00950277				
0.1042	0.00822859				
0.10425	0.0107769				
0.1043	0.00695441				
0.10435	0.00568023				
0.1044	0.000583518				
0.10445	-0.00323902				
0.1045	-0.00706155				
0.10455	-0.00578737				
0.1046	-0.00706155				
0.10465	-0.00578737				
0.1047	-0.00960991				
0.10475	-0.0121583				
0.1048	-0.0121583				
0.10485	-0.00960991				
0.1049	-0.00706155				
0.10495	-0.00706155				
0.105	0.000583518				
0.10505	-0.00196484				
0.1051	0.0018577				
0.10515	0.0018577				
0.1052	0.00822859				
0.10525	0.0120511				
0.1053	0.0171478				
0.10535	0.0196962				
0.1054	0.0196962				
0.10545	0.0235187				
0.1055	0.0235187				
0.10555	0.0273413				
0.1056	0.0273413				
0.10565	0.032438				
0.1057	0.0349863				
0.10575	0.0362605				
0.1058	0.032438				
0.10585	0.0311638				
0.1059	0.0286154				
0.10595	0.0298896				
0.106	0.0273413				
0.10605	0.0298896				
0.1061	0.0260671				
0.10615	0.0209704				
0.1062	0.0158737				
0.10625	0.0120511				
0.1063	0.0107769				
0.10635	0.00950277				
0.1064	0.0120511				
0.10645	0.00695441				
0.1065	0.00313188				
0.10655	0.000583518				
0.1066	-0.00069066				
0.10665	0.000583518				
0.1067	0.0018577				
0.10675	0.00313188				
0.1068	0.00313188				
0.10685	0.0018577				
0.1069	0.000583518				
0.10695	0.000583518				
0.107	0.00695441				
0.10705	0.00950277				
0.1071	0.0158737				
0.10715	0.0158737				
0.1072	0.018422				
0.10725	0.0158737				
0.1073	0.0171478				
0.10735	0.0222446				
0.1074	0.0235187				
0.10745	0.0273413				
0.1075	0.0260671				
0.10755	0.0247929				
0.1076	0.0222446				
0.10765	0.0222446				
0.1077	0.0222446				
0.10775	0.0196962				
0.1078	0.018422				
0.10785	0.0133253				
0.1079	0.0145995				
0.10795	0.00822859				
0.108	0.00822859				
0.10805	0.00313188				
0.1081	0.000583518				
0.10815	-0.00069066				
0.1082	-0.00196484				
0.10825	-0.00578737				
0.1083	-0.00706155				
0.10835	-0.0147066				
0.1084	-0.0134324				
0.10845	-0.017255				
0.1085	-0.0147066				
0.10855	-0.0147066				
0.1086	-0.017255				
0.10865	-0.017255				
0.1087	-0.0185292				
0.10875	-0.0159808				
0.1088	-0.017255				
0.10885	-0.0134324				
0.1089	-0.0134324				
0.10895	-0.0134324				
0.109	-0.0108841				
0.10905	-0.00960991				
0.1091	-0.00706155				
0.10915	-0.00578737				
0.1092	0.00313188				
0.10925	-0.00069066				
0.1093	0.0018577				
0.10935	0.000583518				
0.1094	0.00313188				
0.10945	0.00568023				
0.1095	0.00822859				
0.10955	0.0107769				
0.1096	0.00822859				
0.10965	0.0018577				
0.1097	0.000583518				
0.10975	0.000583518				
0.1098	-0.00196484				
0.10985	-0.00323902				
0.1099	-0.0045132				
0.10995	-0.00323902				
0.11	-0.00833573				
0.11005	-0.0108841				
0.1101	-0.0159808				
0.11015	-0.0134324				
0.1102	-0.0159808				
0.11025	-0.017255				
0.1103	-0.0159808				
0.11035	-0.017255				
0.1104	-0.017255				
0.11045	-0.0198033				
0.1105	-0.017255				
0.11055	-0.0185292				
0.1106	-0.0121583				
0.11065	-0.00960991				
0.1107	-0.0121583				
0.11075	-0.00706155				
0.1108	-0.00323902				
0.11085	-0.00196484				
0.1109	0.00313188				
0.11095	0.00568023				
0.111	0.00695441				
0.11105	0.00822859				
0.1111	0.00822859				
0.11115	0.0133253				
0.1112	0.0158737				
0.11125	0.0196962				
0.1113	0.018422				
0.11135	0.0196962				
0.1114	0.018422				
0.11145	0.0158737				
0.1115	0.0145995				
0.11155	0.0171478				
0.1116	0.0171478				
0.11165	0.0133253				
0.1117	0.0145995				
0.11175	0.0107769				
0.1118	0.00695441				
0.11185	0.00568023				
0.1119	0.00440605				
0.11195	0.00313188				
0.112	0.00695441				
0.11205	0.00313188				
0.1121	0.000583518				
0.11215	-0.00069066				
0.1122	-0.00196484				
0.11225	-0.00196484				
0.1123	-0.00196484				
0.11235	0.00440605				
0.1124	0.00440605				
0.11245	0.00313188				
0.1125	0.000583518				
0.11255	0.00568023				
0.1126	0.00695441				
0.11265	0.00822859				
0.1127	0.00950277				
0.11275	0.0158737				
0.1128	0.0145995				
0.11285	0.0158737				
0.1129	0.018422				
0.11295	0.0145995				
0.113	0.018422				
0.11305	0.0222446				
0.1131	0.0222446				
0.11315	0.0196962				
0.1132	0.0196962				
0.11325	0.0171478				
0.1133	0.0158737				
0.11335	0.018422				
0.1134	0.018422				
0.11345	0.0133253				
0.1135	0.00950277				
0.11355	0.00695441				
0.1136	0.00313188				
0.11365	0.000583518				
0.1137	0.00313188				
0.11375	0.00313188				
0.1138	-0.00196484				
0.11385	-0.0045132				
0.1139	-0.00706155				
0.11395	-0.0147066				
0.114	-0.0147066				
0.11405	-0.0121583				
0.1141	-0.0108841				
0.11415	-0.00833573				
0.1142	-0.0108841				
0.11425	-0.0121583				
0.1143	-0.0159808				
0.11435	-0.0108841				
0.1144	-0.00960991				
0.11445	-0.00706155				
0.1145	-0.00196484				
0.11455	-0.00706155				
0.1146	-0.0045132				
0.11465	-0.00833573				
0.1147	-0.00196484				
0.11475	-0.00196484				
0.1148	0.00313188				
0.11485	0.00440605				
0.1149	0.0018577				
0.11495	0.000583518				
0.115	0.000583518				
0.11505	0.000583518				
0.1151	0.00313188				
0.11515	0.000583518				
0.1152	-0.00196484				
0.11525	-0.00578737				
0.1153	-0.0121583				
0.11535	-0.00960991				
0.1154	-0.00833573				
0.11545	-0.00960991				
0.1155	-0.00960991				
0.11555	-0.0159808				
0.1156	-0.017255				
0.11565	-0.0210775				
0.1157	-0.0210775				
0.11575	-0.0249				
0.1158	-0.0223517				
0.11585	-0.0210775				
0.1159	-0.0223517				
0.11595	-0.0210775				
0.116	-0.0236259				
0.11605	-0.0249				
0.1161	-0.0210775				
0.11615	-0.017255				
0.1162	-0.0147066				
0.11625	-0.0134324				
0.1163	-0.0108841				
0.11635	-0.00833573				
0.1164	-0.00960991				
0.11645	-0.00706155				
0.1165	-0.00323902				
0.11655	0.0018577				
0.1166	0.00313188				
0.11665	0.00440605				
0.1167	0.00568023				
0.11675	0.0107769				
0.1168	0.0107769				
0.11685	0.0158737				
0.1169	0.0158737				
0.11695	0.0133253				
0.117	0.0133253				
0.11705	0.0107769				
0.1171	0.00822859				
0.11715	0.0107769				
0.1172	0.00822859				
0.11725	0.00822859				
0.1173	0.00695441				
0.11735	0.00440605				
0.1174	0.000583518				
0.11745	0.00313188				
0.1175	0.000583518				
0.11755	0.0018577				
0.1176	0.0018577				
0.11765	-0.00323902				
0.1177	-0.00196484				
0.11775	-0.00323902				
0.1178	-0.00069066				
0.11785	0.000583518				
0.1179	0.0018577				
0.11795	0.00695441				
0.118	0.00568023				
0.11805	0.00950277				
0.1181	0.00695441				
0.11815	0.0107769				
0.1182	0.0120511				
0.11825	0.018422				
0.1183	0.018422				
0.11835	0.0222446				
0.1184	0.0247929				
0.11845	0.0222446				
0.1185	0.0273413				
0.11855	0.0247929				
0.1186	0.0311638				
0.11865	0.0311638				
0.1187	0.0298896				
0.11875	0.032438				
0.1188	0.0273413				
0.11885	0.0286154				
0.1189	0.0247929				
0.11895	0.0222446				
0.119	0.0260671				
0.11905	0.0222446				
0.1191	0.0196962				
0.11915	0.0171478				
0.1192	0.0145995				
0.11925	0.0133253				
0.1193	0.0120511				
0.11935	0.00695441				
0.1194	0.00822859				
0.11945	0.00568023				
0.1195	0.000583518				
0.11955	0.0018577				
0.1196	0.000583518				
0.11965	0.00440605				
0.1197	0.00568023				
0.11975	0.000583518				
0.1198	-0.00069066				
0.11985	0.000583518				
0.1199	0.00313188				
0.11995	0.00695441				
0.12	0.0107769				
0.12005	0.00822859				
0.1201	0.00822859				
0.12015	0.0120511				
0.1202	0.0145995				
0.12025	0.0145995				
0.1203	0.018422				
0.12035	0.0209704				
0.1204	0.0209704				
0.12045	0.018422				
0.1205	0.018422				
0.12055	0.0209704				
0.1206	0.018422				
0.12065	0.0209704				
0.1207	0.018422				
0.12075	0.0120511				
0.1208	0.0107769				
0.12085	0.0107769				
0.1209	0.00822859				
0.12095	0.00950277				
0.121	0.00695441				
0.12105	0.000583518				
0.1211	-0.00323902				
0.12115	-0.00706155				
0.1212	-0.00323902				
0.12125	-0.00578737				
0.1213	-0.00706155				
0.12135	-0.0108841				
0.1214	-0.0108841				
0.12145	-0.0147066				
0.1215	-0.0159808				
0.12155	-0.0108841				
0.1216	-0.00960991				
0.12165	-0.00706155				
0.1217	-0.00960991				
0.12175	-0.00960991				
0.1218	-0.00960991				
0.12185	-0.00706155				
0.1219	-0.00323902				
0.12195	0.00313188				
0.122	0.00313188				
0.12205	0.00313188				
0.1221	0.00313188				
0.12215	0.000583518				
0.1222	0.00568023				
0.12225	0.00568023				
0.1223	0.00950277				
0.12235	0.0107769				
0.1224	0.00822859				
0.12245	0.00440605				
0.1225	0.00695441				
0.12255	0.00568023				
0.1226	0.00568023				
0.12265	0.00568023				
0.1227	0.000583518				
0.12275	0.000583518				
0.1228	-0.00069066				
0.12285	-0.0045132				
0.1229	-0.00323902				
0.12295	-0.00578737				
0.123	-0.00706155				
0.12305	-0.00833573				
0.1231	-0.00960991				
0.12315	-0.017255				
0.1232	-0.0134324				
0.12325	-0.00833573				
0.1233	-0.00706155				
0.12335	-0.00706155				
0.1234	-0.0121583				
0.12345	-0.0134324				
0.1235	-0.0108841				
0.12355	-0.0108841				
0.1236	-0.00578737				
0.12365	0.000583518				
0.1237	0.0018577				
0.12375	0.00568023				
0.1238	0.00313188				
0.12385	0.00313188				
0.1239	0.00695441				
0.12395	0.0120511				
0.124	0.0171478				
0.12405	0.0158737				
0.1241	0.0133253				
0.12415	0.0145995				
0.1242	0.0171478				
0.12425	0.0196962				
0.1243	0.0171478				
0.12435	0.0209704				
0.1244	0.0209704				
0.12445	0.0158737				
0.1245	0.0107769				
0.12455	0.0133253				
0.1246	0.0133253				
0.12465	0.0133253				
0.1247	0.00822859				
0.12475	0.00950277				
0.1248	0.00440605				
0.12485	0.00440605				
0.1249	0.00313188				
0.12495	0.00440605				
0.125	0.00313188				
0.12505	0.000583518				
0.1251	0.0018577				
0.12515	0.000583518				
0.1252	0.00313188				
0.12525	0.00313188				
0.1253	0.00440605				
0.12535	0.00822859				
0.1254	0.00822859				
0.12545	0.00950277				
0.1255	0.0107769				
0.12555	0.0120511				
0.1256	0.0133253				
0.12565	0.0196962				
0.1257	0.018422				
0.12575	0.0209704				
0.1258	0.0235187				
0.12585	0.0209704				
0.1259	0.0247929				
0.12595	0.0260671				
0.126	0.0286154				
0.12605	0.0286154				
0.1261	0.0260671				
0.12615	0.0222446				
0.1262	0.0209704				
0.12625	0.0222446				
0.1263	0.0235187				
0.12635	0.0235187				
0.1264	0.0196962				
0.12645	0.018422				
0.1265	0.0120511				
0.12655	0.0107769				
0.1266	0.0120511				
0.12665	0.0107769				
0.1267	0.00950277				
0.12675	0.00568023				
0.1268	0.00313188				
0.12685	-0.0045132				
0.1269	0.000583518				
0.12695	-0.00196484				
0.127	-0.00069066				
0.12705	-0.00196484				
0.1271	-0.00323902				
0.12715	-0.0045132				
0.1272	-0.0045132				
0.12725	-0.00196484				
0.1273	-0.00196484				
0.12735	0.0018577				
0.1274	0.0018577				
0.12745	0.00313188				
0.1275	0.000583518				
0.12755	0.00313188				
0.1276	0.00822859				
0.12765	0.0107769				
0.1277	0.0107769				
0.12775	0.00822859				
0.1278	0.00695441				
0.12785	0.0107769				
0.1279	0.0107769				
0.12795	0.00822859				
0.128	0.00950277				
0.12805	0.0107769				
0.1281	0.00950277				
0.12815	0.00568023				
0.1282	0.000583518				
0.12825	0.000583518				
0.1283	-0.00069066				
0.12835	-0.00196484				
0.1284	-0.00578737				
0.12845	-0.0045132				
0.1285	-0.00960991				
0.12855	-0.0108841				
0.1286	-0.0134324				
0.12865	-0.0147066				
0.1287	-0.0147066				
0.12875	-0.017255				
0.1288	-0.0198033				
0.12885	-0.0210775				
0.1289	-0.0198033				
0.12895	-0.0185292				
0.129	-0.0159808				
0.12905	-0.0185292				
0.1291	-0.0185292				
0.12915	-0.017255				
0.1292	-0.0198033				
0.12925	-0.0198033				
0.1293	-0.0147066				
0.12935	-0.0121583				
0.1294	-0.0121583				
0.12945	-0.0121583				
0.1295	-0.0134324				
0.12955	-0.00833573				
0.1296	-0.00833573				
0.12965	-0.00706155				
0.1297	-0.00578737				
0.12975	-0.00706155				
0.1298	-0.00960991				
0.12985	-0.00960991				
0.1299	-0.00833573				
0.12995	-0.00706155				
0.13	-0.00706155				
0.13005	-0.00833573				
0.1301	-0.0108841				
0.13015	-0.017255				
0.1302	-0.017255				
0.13025	-0.0147066				
0.1303	-0.0147066				
0.13035	-0.017255				
0.1304	-0.0198033				
0.13045	-0.0185292				
0.1305	-0.0223517				
0.13055	-0.0236259				
0.1306	-0.0223517				
0.13065	-0.0198033				
0.1307	-0.017255				
0.13075	-0.0185292				
0.1308	-0.0159808				
0.13085	-0.017255				
0.1309	-0.0121583				
0.13095	-0.0121583				
0.131	-0.0108841				
0.13105	-0.00706155				
0.1311	-0.00706155				
0.13115	-0.0045132				
0.1312	-0.00706155				
0.13125	-0.00069066				
0.1313	0.00313188				
0.13135	0.00695441				
0.1314	0.00822859				
0.13145	0.00695441				
0.1315	0.0107769				
0.13155	0.0107769				
0.1316	0.00822859				
0.13165	0.0120511				
0.1317	0.0145995				
0.13175	0.0133253				
0.1318	0.0107769				
0.13185	0.00950277				
0.1319	0.00440605				
0.13195	0.00568023				
0.132	0.00822859				
0.13205	0.00695441				
0.1321	0.00950277				
0.13215	0.00695441				
0.1322	0.00440605				
0.13225	0.000583518				
0.1323	0.00313188				
0.13235	0.00313188				
0.1324	0.00568023				
0.13245	0.00695441				
0.1325	0.00440605				
0.13255	0.00313188				
0.1326	0.00313188				
0.13265	0.00695441				
0.1327	0.00822859				
0.13275	0.0107769				
0.1328	0.00822859				
0.13285	0.0133253				
0.1329	0.0120511				
0.13295	0.0145995				
0.133	0.018422				
0.13305	0.0222446				
0.1331	0.0222446				
0.13315	0.0196962				
0.1332	0.0209704				
0.13325	0.018422				
0.1333	0.0209704				
0.13335	0.0222446				
0.1334	0.0235187				
0.13345	0.0235187				
0.1335	0.0209704				
0.13355	0.0171478				
0.1336	0.018422				
0.13365	0.018422				
0.1337	0.0196962				
0.13375	0.018422				
0.1338	0.0133253				
0.13385	0.0107769				
0.1339	0.00822859				
0.13395	0.0120511				
0.134	0.0107769				
0.13405	0.00822859				
0.1341	0.00313188				
0.13415	0.00568023				
0.1342	0.00313188				
0.13425	0.00313188				
0.1343	0.00440605				
0.13435	0.00313188				
0.1344	0.00313188				
0.13445	0.0018577				
0.1345	0.00313188				
0.13455	0.00313188				
0.1346	0.00568023				
0.13465	0.00695441				
0.1347	0.00568023				
0.13475	0.0107769				
0.1348	0.0107769				
0.13485	0.0120511				
0.1349	0.00822859				
0.13495	0.0120511				
0.135	0.0133253				
0.13505	0.0171478				
0.1351	0.018422				
0.13515	0.0133253				
0.1352	0.0120511				
0.13525	0.0107769				
0.1353	0.0120511				
0.13535	0.0120511				
0.1354	0.00950277				
0.13545	0.0107769				
0.1355	0.00822859				
0.13555	0.00440605				
0.1356	0.000583518				
0.13565	0.000583518				
0.1357	-0.00069066				
0.13575	-0.00578737				
0.1358	-0.0045132				
0.13585	-0.00706155				
0.1359	-0.00960991				
0.13595	-0.00960991				
0.136	-0.0121583				
0.13605	-0.00960991				
0.1361	-0.00960991				
0.13615	-0.0134324				
0.1362	-0.017255				
0.13625	-0.0134324				
0.1363	-0.0121583				
0.13635	-0.00960991				
0.1364	-0.00960991				
0.13645	-0.00960991				
0.1365	-0.00833573				
0.13655	-0.00706155				
0.1366	-0.0045132				
0.13665	-0.00196484				
0.1367	0.0018577				
0.13675	0.00313188				
0.1368	0.00313188				
0.13685	0.0018577				
0.1369	0.00313188				
0.13695	0.00568023				
0.137	0.00695441				
0.13705	0.0107769				
0.1371	0.00822859				
0.13715	0.00822859				
0.1372	0.00822859				
0.13725	0.00695441				
0.1373	0.00695441				
0.13735	0.00695441				
0.1374	0.00313188				
0.13745	0.00440605				
0.1375	-0.00069066				
0.13755	0.000583518				
0.1376	0.0018577				
0.13765	-0.00196484				
0.1377	-0.00196484				
0.13775	-0.00578737				
0.1378	-0.0045132				
0.13785	-0.00706155				
0.1379	-0.00578737				
0.13795	-0.00578737				
0.138	-0.0045132				
0.13805	0.000583518				
0.1381	0.000583518				
0.13815	-0.00069066				
0.1382	-0.00323902				
0.13825	0.000583518				
0.1383	0.00695441				
0.13835	0.00695441				
0.1384	0.0120511				
0.13845	0.0107769				
0.1385	0.0107769				
0.13855	0.0107769				
0.1386	0.0133253				
0.13865	0.018422				
0.1387	0.0209704				
0.13875	0.0247929				
0.1388	0.0222446				
0.13885	0.0235187				
0.1389	0.0209704				
0.13895	0.0222446				
0.139	0.0247929				
0.13905	0.0235187				
0.1391	0.0235187				
0.13915	0.0209704				
0.1392	0.0222446				
0.13925	0.0171478				
0.1393	0.0209704				
0.13935	0.018422				
0.1394	0.018422				
0.13945	0.0171478				
0.1395	0.0120511				
0.13955	0.00950277				
0.1396	0.0107769				
0.13965	0.0120511				
0.1397	0.0120511				
0.13975	0.0145995				
0.1398	0.0120511				
0.13985	0.0107769				
0.1399	0.00950277				
0.13995	0.0107769				
0.14	0.0120511				
0.14005	0.0171478				
0.1401	0.0145995				
0.14015	0.0133253				
0.1402	0.0107769				
0.14025	0.0107769				
0.1403	0.018422				
0.14035	0.0145995				
0.1404	0.0196962				
0.14045	0.018422				
0.1405	0.0158737				
0.14055	0.0133253				
0.1406	0.0171478				
0.14065	0.0145995				
0.1407	0.018422				
0.14075	0.0158737				
0.1408	0.0171478				
0.14085	0.0171478				
0.1409	0.0171478				
0.14095	0.0158737				
0.141	0.0145995				
0.14105	0.0133253				
0.1411	0.0107769				
0.14115	0.0120511				
0.1412	0.00695441				
0.14125	0.00695441				
0.1413	0.00568023				
0.14135	0.00568023				
0.1414	0.000583518				
0.14145	0.00313188				
0.1415	-0.00196484				
0.14155	-0.00196484				
0.1416	-0.00323902				
0.14165	-0.0045132				
0.1417	-0.00706155				
0.14175	-0.00960991				
0.1418	-0.00706155				
0.14185	-0.0108841				
0.1419	-0.00960991				
0.14195	-0.0121583				
0.142	-0.00833573				
0.14205	-0.0134324				
0.1421	-0.0134324				
0.14215	-0.0159808				
0.1422	-0.0159808				
0.14225	-0.0134324				
0.1423	-0.0121583				
0.14235	-0.0134324				
0.1424	-0.0159808				
0.14245	-0.017255				
0.1425	-0.017255				
0.14255	-0.017255				
0.1426	-0.0134324				
0.14265	-0.0121583				
0.1427	-0.0134324				
0.14275	-0.0159808				
0.1428	-0.0159808				
0.14285	-0.0210775				
0.1429	-0.0198033				
0.14295	-0.0185292				
0.143	-0.0185292				
0.14305	-0.017255				
0.1431	-0.0198033				
0.14315	-0.0236259				
0.1432	-0.0261742				
0.14325	-0.0249				
0.1433	-0.0236259				
0.14335	-0.0223517				
0.1434	-0.0223517				
0.14345	-0.0249				
0.1435	-0.0249				
0.14355	-0.0287226				
0.1436	-0.0274484				
0.14365	-0.0236259				
0.1437	-0.0223517				
0.14375	-0.0223517				
0.1438	-0.0223517				
0.14385	-0.0249				
0.1439	-0.0210775				
0.14395	-0.0210775				
0.144	-0.0210775				
0.14405	-0.0159808				
0.1441	-0.0185292				
0.14415	-0.017255				
0.1442	-0.017255				
0.14425	-0.0159808				
0.1443	-0.00960991				
0.14435	-0.00833573				
0.1444	-0.00706155				
0.14445	-0.00706155				
0.1445	-0.00706155				
0.14455	-0.00833573				
0.1446	-0.00706155				
0.14465	-0.0045132				
0.1447	-0.00706155				
0.14475	-0.00196484				
0.1448	-0.00196484				
0.14485	-0.00578737				
0.1449	-0.00706155				
0.14495	-0.0045132				
0.145	-0.00578737				
0.14505	-0.00323902				
0.1451	-0.00196484				
0.14515	-0.00196484				
0.1452	-0.00196484				
0.14525	-0.00706155				
0.1453	-0.0045132				
0.14535	0.000583518				
0.1454	0.000583518				
0.14545	0.00568023				
0.1455	0.000583518				
0.14555	0.0018577				
0.1456	0.000583518				
0.14565	0.0018577				
0.1457	0.00822859				
0.14575	0.00695441				
0.1458	0.0107769				
0.14585	0.0120511				
0.1459	0.0107769				
0.14595	0.00822859				
0.146	0.00950277				
0.14605	0.0133253				
0.1461	0.0133253				
0.14615	0.018422				
0.1462	0.0158737				
0.14625	0.0158737				
0.1463	0.0133253				
0.14635	0.0133253				
0.1464	0.0171478				
0.14645	0.018422				
0.1465	0.0145995				
0.14655	0.0133253				
0.1466	0.0133253				
0.14665	0.00950277				
0.1467	0.00822859				
0.14675	0.0120511				
0.1468	0.0120511				
0.14685	0.0107769				
0.1469	0.00695441				
0.14695	0.00440605				
0.147	0.00822859				
0.14705	0.00950277				
0.1471	0.0107769				
0.14715	0.00950277				
0.1472	0.00822859				
0.14725	0.00695441				
0.1473	0.00568023				
0.14735	0.00440605				
0.1474	0.00695441				
0.14745	0.00822859				
0.1475	0.00568023				
0.14755	0.00695441				
0.1476	0.00822859				
0.14765	0.00440605				
0.1477	0.00568023				
0.14775	0.00695441				
0.1478	0.0107769				
0.14785	0.0120511				
0.1479	0.00822859				
0.14795	0.00822859				
0.148	0.00822859				
0.14805	0.00822859				
0.1481	0.00822859				
0.14815	0.00950277				
0.1482	0.0107769				
0.14825	0.00695441				
0.1483	0.00440605				
0.14835	0.00313188				
0.1484	0.00313188				
0.14845	0.0018577				
0.1485	0.00440605				
0.14855	0.00440605				
0.1486	0.000583518				
0.14865	-0.00323902				
0.1487	-0.00196484				
0.14875	-0.00196484				
0.1488	-0.00196484				
0.14885	-0.00323902				
0.1489	-0.00578737				
0.14895	-0.00706155				
0.149	-0.00833573				
0.14905	-0.0108841				
0.1491	-0.00578737				
0.14915	-0.00706155				
0.1492	-0.00833573				
0.14925	-0.00960991				
0.1493	-0.00960991				
0.14935	-0.0147066				
0.1494	-0.0108841				
0.14945	-0.0108841				
0.1495	-0.00833573				
0.14955	-0.00833573				
0.1496	-0.00578737				
0.14965	-0.00960991				
0.1497	-0.0121583				
0.14975	-0.00706155				
0.1498	-0.00706155				
0.14985	-0.0045132				
0.1499	-0.00706155				
0.14995	-0.00196484				
0.15	-0.00833573				
0.15005	-0.00706155				
0.1501	-0.00323902				
0.15015	-0.00323902				
0.1502	-0.00578737				
0.15025	-0.00706155				
0.1503	-0.00833573				
0.15035	-0.00706155				
0.1504	-0.00578737				
0.15045	-0.00196484				
0.1505	-0.00323902				
0.15055	-0.00706155				
0.1506	-0.00960991				
0.15065	-0.00960991				
0.1507	-0.00706155				
0.15075	-0.00833573				
0.1508	-0.00578737				
0.15085	-0.00578737				
0.1509	-0.00706155				
0.15095	-0.00833573				
0.151	-0.0108841				
0.15105	-0.00706155				
0.1511	-0.0045132				
0.15115	-0.0045132				
0.1512	-0.00578737				
0.15125	-0.00323902				
0.1513	-0.00578737				
0.15135	-0.0045132				
0.1514	-0.00196484				
0.15145	0.0018577				
0.1515	-0.00069066				
0.15155	-0.00069066				
0.1516	0.00313188				
0.15165	0.0018577				
0.1517	0.00313188				
0.15175	0.00568023				
0.1518	0.00568023				
0.15185	0.00822859				
0.1519	0.00822859				
0.15195	0.00695441				
0.152	0.00695441				
0.15205	0.00695441				
0.1521	0.00950277				
0.15215	0.0120511				
0.1522	0.0133253				
0.15225	0.0107769				
0.1523	0.0107769				
0.15235	0.00695441				
0.1524	0.00695441				
0.15245	0.00822859				
0.1525	0.0120511				
0.15255	0.0120511				
0.1526	0.00822859				
0.15265	0.00695441				
0.1527	0.00695441				
0.15275	0.00822859				
0.1528	0.00568023				
0.15285	0.00695441				
0.1529	0.00695441				
0.15295	0.0107769				
0.153	0.00695441				
0.15305	0.00822859				
0.1531	0.00950277				
0.15315	0.0107769				
0.1532	0.0120511				
0.15325	0.0133253				
0.1533	0.0133253				
0.15335	0.0107769				
0.1534	0.0133253				
0.15345	0.0120511				
0.1535	0.0133253				
0.15355	0.0145995				
0.1536	0.0120511				
0.15365	0.00822859				
0.1537	0.0107769				
0.15375	0.0120511				
0.1538	0.00822859				
0.15385	0.0133253				
0.1539	0.00822859				
0.15395	0.0107769				
0.154	0.00695441				
0.15405	0.00822859				
0.1541	0.0107769				
0.15415	0.0107769				
0.1542	0.0120511				
0.15425	0.00822859				
0.1543	0.00695441				
0.15435	0.00313188				
0.1544	0.00568023				
0.15445	0.00313188				
0.1545	0.00822859				
0.15455	0.00695441				
0.1546	0.00313188				
0.15465	0.000583518				
0.1547	-0.00069066				
0.15475	0.000583518				
0.1548	0.000583518				
0.15485	0.00313188				
0.1549	0.000583518				
0.15495	0.000583518				
0.155	-0.00196484				
0.15505	-0.00323902				
0.1551	-0.00196484				
0.15515	0.000583518				
0.1552	0.0018577				
0.15525	-0.00196484				
0.1553	-0.00323902				
0.15535	-0.00323902				
0.1554	-0.00196484				
0.15545	-0.00069066				
0.1555	0.000583518				
0.15555	-0.00196484				
0.1556	-0.00833573				
0.15565	-0.00706155				
0.1557	-0.00706155				
0.15575	-0.00960991				
0.1558	-0.00706155				
0.15585	-0.00323902				
0.1559	-0.0045132				
0.15595	-0.00578737				
0.156	-0.0121583				
0.15605	-0.00706155				
0.1561	-0.00578737				
0.15615	-0.00578737				
0.1562	-0.00960991				
0.15625	-0.00706155				
0.1563	-0.00960991				
0.15635	-0.00960991				
0.1564	-0.00578737				
0.15645	-0.00960991				
0.1565	-0.00706155				
0.15655	-0.00578737				
0.1566	-0.0121583				
0.15665	-0.00706155				
0.1567	-0.00706155				
0.15675	-0.00069066				
0.1568	-0.00196484				
0.15685	-0.00323902				
0.1569	-0.00196484				
0.15695	-0.00578737				
0.157	-0.0045132				
0.15705	-0.00196484				
0.1571	0.000583518				
0.15715	0.00440605				
0.1572	0.00313188				
0.15725	0.000583518				
0.1573	-0.00323902				
0.15735	-0.0045132				
0.1574	-0.00196484				
0.15745	0.000583518				
0.1575	0.00440605				
0.15755	0.00313188				
0.1576	-0.00069066				
0.15765	-0.00323902				
0.1577	-0.00069066				
0.15775	-0.00196484				
0.1578	0.000583518				
0.15785	0.0018577				
0.1579	0.0018577				
0.15795	-0.00069066				
0.158	0.00313188				
0.15805	0.00440605				
0.1581	0.00695441				
0.15815	0.00568023				
0.1582	0.00695441				
0.15825	0.00695441				
0.1583	0.00822859				
0.15835	0.00695441				
0.1584	0.00822859				
0.15845	0.00695441				
0.1585	0.0107769				
0.15855	0.0107769				
0.1586	0.00822859				
0.15865	0.00568023				
0.1587	0.00695441				
0.15875	0.0107769				
0.1588	0.0107769				
0.15885	0.0120511				
0.1589	0.0120511				
0.15895	0.0107769				
0.159	0.00695441				
0.15905	0.0120511				
0.1591	0.0120511				
0.15915	0.0145995				
0.1592	0.0120511				
0.15925	0.0107769				
0.1593	0.00950277				
0.15935	0.00822859				
0.1594	0.00822859				
0.15945	0.0107769				
0.1595	0.0133253				
0.15955	0.0120511				
0.1596	0.0107769				
0.15965	0.00695441				
0.1597	0.00822859				
0.15975	0.00950277				
0.1598	0.00950277				
0.15985	0.0120511				
0.1599	0.0107769				
0.15995	0.00822859				
0.16	0.00440605				
0.16005	0.00313188				
0.1601	0.00695441				
0.16015	0.00695441				
0.1602	0.00822859				
0.16025	0.00695441				
0.1603	0.00440605				
0.16035	0.00313188				
0.1604	0.00695441				
0.16045	0.00568023				
0.1605	0.00568023				
0.16055	0.00695441				
0.1606	0.00568023				
0.16065	-0.00196484				
0.1607	0.0018577				
0.16075	0.0018577				
0.1608	0.00313188				
0.16085	0.00440605				
0.1609	0.0018577				
0.16095	0.0018577				
0.161	0.0018577				
0.16105	-0.00069066				
0.1611	0.000583518				
0.16115	0.00568023				
0.1612	0.0018577				
0.16125	0.00313188				
0.1613	0.000583518				
0.16135	-0.00196484				
0.1614	0.0018577				
0.16145	0.000583518				
0.1615	0.00313188				
0.16155	-0.00069066				
0.1616	-0.00196484				
0.16165	-0.00578737				
0.1617	-0.0045132				
0.16175	-0.00196484				
0.1618	-0.00323902				
0.16185	-0.00069066				
0.1619	-0.00196484				
0.16195	-0.00323902				
0.162	-0.00706155				
0.16205	-0.00578737				
0.1621	-0.0045132				
0.16215	-0.00196484				
0.1622	-0.00323902				
0.16225	-0.00706155				
0.1623	-0.00706155				
0.16235	-0.00960991				
0.1624	-0.00706155				
0.16245	-0.00706155				
0.1625	-0.0045132				
0.16255	-0.00706155				
0.1626	-0.00706155				
0.16265	-0.00833573				
0.1627	-0.00960991				
0.16275	-0.00960991				
0.1628	-0.00706155				
0.16285	-0.00706155				
0.1629	-0.00960991				
0.16295	-0.00833573				
0.163	-0.00960991				
0.16305	-0.00706155				
0.1631	-0.00960991				
0.16315	-0.00833573				
0.1632	-0.00706155				
0.16325	-0.00833573				
0.1633	-0.0121583				
0.16335	-0.00833573				
0.1634	-0.00833573				
0.16345	-0.00960991				
0.1635	-0.00706155				
0.16355	-0.00833573				
0.1636	-0.00833573				
0.16365	-0.0121583				
0.1637	-0.00960991				
0.16375	-0.00578737				
0.1638	-0.0045132				
0.16385	-0.00578737				
0.1639	-0.00578737				
0.16395	-0.00960991				
0.164	-0.0121583				
0.16405	-0.00833573				
0.1641	-0.0108841				
0.16415	-0.0045132				
0.1642	-0.00960991				
0.16425	-0.00833573				
0.1643	-0.0121583				
0.16435	-0.0134324				
0.1644	-0.0121583				
0.16445	-0.00833573				
0.1645	-0.0121583				
0.16455	-0.0108841				
0.1646	-0.00833573				
0.16465	-0.00960991				
0.1647	-0.00706155				
0.16475	-0.00578737				
0.1648	-0.00323902				
0.16485	-0.00706155				
0.1649	-0.00578737				
0.16495	-0.00323902				
0.165	-0.0045132				
0.16505	-0.00196484				
0.1651	-0.00069066				
0.16515	0.00313188				
0.1652	0.0018577				
0.16525	0.00313188				
0.1653	0.000583518				
0.16535	0.000583518				
0.1654	0.00440605				
0.16545	0.00950277				
0.1655	0.00950277				
0.16555	0.00568023				
0.1656	0.00568023				
0.16565	0.00313188				
0.1657	0.0018577				
0.16575	0.00568023				
0.1658	0.00440605				
0.16585	0.00568023				
0.1659	0.00568023				
0.16595	0.00313188				
0.166	0.00313188				
0.16605	-0.00196484				
0.1661	0.00313188				
0.16615	0.00440605				
0.1662	0.00313188				
0.16625	0.00313188				
0.1663	0.00313188				
0.16635	0.000583518				
0.1664	0.00440605				
0.16645	0.0018577				
0.1665	0.00695441				
0.16655	0.00695441				
0.1666	0.00568023				
0.16665	0.00822859				
0.1667	0.00568023				
0.16675	0.00568023				
0.1668	0.00695441				
0.16685	0.0133253				
0.1669	0.0120511				
0.16695	0.00822859				
0.167	0.0107769				
0.16705	0.0107769				
0.1671	0.0120511				
0.16715	0.00950277				
0.1672	0.0120511				
0.16725	0.0120511				
0.1673	0.0107769				
0.16735	0.00695441				
0.1674	0.00822859				
0.16745	0.00695441				
0.1675	0.0107769				
0.16755	0.0120511				
0.1676	0.00822859				
0.16765	0.00568023				
0.1677	0.00695441				
0.16775	0.00440605				
0.1678	0.00568023				
0.16785	0.00695441				
0.1679	0.00568023				
0.16795	0.00440605				
0.168	0.00313188				
0.16805	0.00440605				
0.1681	0.00568023				
0.16815	0.00822859				
0.1682	0.00695441				
0.16825	0.00695441				
0.1683	0.0018577				
0.16835	0.00313188				
0.1684	0.00695441				
0.16845	0.0120511				
0.1685	0.0107769				
0.16855	0.0120511				
0.1686	0.00822859				
0.16865	0.00822859				
0.1687	0.00950277				
0.16875	0.0107769				
0.1688	0.0107769				
0.16885	0.0145995				
0.1689	0.0133253				
0.16895	0.0107769				
0.169	0.00695441				
0.16905	0.00568023				
0.1691	0.00950277				
0.16915	0.0107769				
0.1692	0.00950277				
0.16925	0.00822859				
0.1693	0.00695441				
0.16935	0.00313188				
0.1694	0.00440605				
0.16945	0.00695441				
0.1695	0.00568023				
0.16955	0.00440605				
0.1696	0.00313188				
0.16965	0.000583518				
0.1697	0.00313188				
0.16975	0.0018577				
0.1698	0.00440605				
0.16985	0.00822859				
0.1699	0.00313188				
0.16995	0.00313188				
0.17	0.00313188				
0.17005	0.00313188				
0.1701	0.00313188				
0.17015	0.0107769				
0.1702	0.00822859				
0.17025	0.00822859				
0.1703	0.00950277				
0.17035	0.00568023				
0.1704	0.00695441				
0.17045	0.00950277				
0.1705	0.0133253				
0.17055	0.0120511				
0.1706	0.0107769				
0.17065	0.00822859				
0.1707	0.00695441				
0.17075	0.0107769				
0.1708	0.0107769				
0.17085	0.00950277				
0.1709	0.00950277				
0.17095	0.00695441				
0.171	0.00695441				
0.17105	0.00822859				
0.1711	0.00822859				
0.17115	0.00822859				
0.1712	0.00440605				
0.17125	0.000583518				
0.1713	0.00440605				
0.17135	0.00568023				
0.1714	0.00440605				
0.17145	0.00695441				
0.1715	0.00568023				
0.17155	0.00440605				
0.1716	-0.00069066				
0.17165	0.0018577				
0.1717	0.00440605				
0.17175	0.00568023				
0.1718	0.00695441				
0.17185	0.00440605				
0.1719	0.00440605				
0.17195	0.000583518				
0.172	0.0018577				
0.17205	0.00695441				
0.1721	0.00822859				
0.17215	0.0107769				
0.1722	0.00695441				
0.17225	0.00568023				
0.1723	0.00440605				
0.17235	0.0107769				
0.1724	0.0107769				
0.17245	0.00822859				
0.1725	0.00822859				
0.17255	0.00822859				
0.1726	0.00822859				
0.17265	0.00822859				
0.1727	0.00822859				
0.17275	0.0120511				
0.1728	0.00822859				
0.17285	0.00695441				
0.1729	0.00568023				
0.17295	0.00440605				
0.173	0.00568023				
0.17305	0.00822859				
0.1731	0.00695441				
0.17315	0.00822859				
0.1732	0.00568023				
0.17325	0.00313188				
0.1733	-0.00069066				
0.17335	0.00313188				
0.1734	0.00440605				
0.17345	0.00695441				
0.1735	0.00440605				
0.17355	0.000583518				
0.1736	0.00313188				
0.17365	0.000583518				
0.1737	0.00440605				
0.17375	0.00313188				
0.1738	0.00568023				
0.17385	0.00313188				
0.1739	0.00313188				
0.17395	0.00440605				
0.174	0.00822859				
0.17405	0.00313188				
0.1741	0.00822859				
0.17415	0.00695441				
0.1742	0.0018577				
0.17425	0.00440605				
0.1743	0.00695441				
0.17435	0.00695441				
0.1744	0.00695441				
0.17445	0.00950277				
0.1745	0.00950277				
0.17455	0.00695441				
0.1746	0.00313188				
0.17465	0.00695441				
0.1747	0.00695441				
0.17475	0.00695441				
0.1748	0.00822859				
0.17485	0.00440605				
0.1749	0.00440605				
0.17495	-0.00069066				
0.175	0.000583518				
0.17505	0.0018577				
0.1751	0.000583518				
0.17515	0.0018577				
0.1752	-0.00069066				
0.17525	-0.0045132				
0.1753	-0.00578737				
0.17535	-0.00323902				
0.1754	-0.0045132				
0.17545	-0.00578737				
0.1755	-0.00578737				
0.17555	-0.00960991				
0.1756	-0.00578737				
0.17565	-0.00578737				
0.1757	-0.00578737				
0.17575	-0.00323902				
0.1758	-0.00196484				
0.17585	-0.00578737				
0.1759	-0.00196484				
0.17595	-0.00578737				
0.176	-0.00196484				
0.17605	-0.00323902				
0.1761	-0.00069066				
0.17615	0.000583518				
0.1762	-0.00069066				
0.17625	-0.00323902				
0.1763	-0.00196484				
0.17635	0.000583518				
0.1764	-0.00196484				
0.17645	0.00313188				
0.1765	0.000583518				
0.17655	-0.00069066				
0.1766	-0.0045132				
0.17665	-0.00323902				
0.1767	-0.00323902				
0.17675	0.000583518				
0.1768	-0.00196484				
0.17685	-0.00196484				
0.1769	-0.00578737				
0.17695	-0.00706155				
0.177	-0.00706155				
0.17705	-0.00196484				
0.1771	-0.00196484				
0.17715	-0.00706155				
0.1772	-0.00833573				
0.17725	-0.00833573				
0.1773	-0.00706155				
0.17735	-0.00706155				
0.1774	-0.00196484				
0.17745	-0.0045132				
0.1775	-0.00196484				
0.17755	-0.00323902				
0.1776	-0.00578737				
0.17765	-0.00196484				
0.1777	0.00440605				
0.17775	0.00440605				
0.1778	0.00440605				
0.17785	0.00313188				
0.1779	0.000583518				
0.17795	0.00440605				
0.178	0.00568023				
0.17805	0.00695441				
0.1781	0.00695441				
0.17815	0.00440605				
0.1782	0.00568023				
0.17825	0.00695441				
0.1783	0.0018577				
0.17835	0.00313188				
0.1784	0.00440605				
0.17845	0.00695441				
0.1785	0.00568023				
0.17855	0.00313188				
0.1786	0.000583518				
0.17865	0.000583518				
0.1787	0.000583518				
0.17875	0.00313188				
0.1788	0.0018577				
0.17885	-0.00196484				
0.1789	-0.00323902				
0.17895	-0.00706155				
0.179	-0.00196484				
0.17905	-0.00196484				
0.1791	0.00313188				
0.17915	0.0018577				
0.1792	0.000583518				
0.17925	0.000583518				
0.1793	-0.00069066				
0.17935	0.00568023				
0.1794	0.00822859				
0.17945	0.00950277				
0.1795	0.00822859				
0.17955	0.0107769				
0.1796	0.00950277				
0.17965	0.0133253				
0.1797	0.0107769				
0.17975	0.0145995				
0.1798	0.0145995				
0.17985	0.0120511				
0.1799	0.0120511				
0.17995	0.0120511				
0.18	0.0133253				
0.18005	0.0133253				
0.1801	0.0158737				
0.18015	0.0133253				
0.1802	0.0120511				
0.18025	0.0107769				
0.1803	0.00950277				
0.18035	0.0107769				
0.1804	0.0133253				
0.18045	0.0107769				
0.1805	0.00950277				
0.18055	0.00695441				
0.1806	0.00950277				
0.18065	0.00695441				
0.1807	0.0107769				
0.18075	0.0107769				
0.1808	0.00695441				
0.18085	0.00695441				
0.1809	0.00313188				
0.18095	0.00822859				
0.181	0.00695441				
0.18105	0.00950277				
0.1811	0.00695441				
0.18115	0.00568023				
0.1812	0.00695441				
0.18125	0.00568023				
0.1813	0.00568023				
0.18135	0.00950277				
0.1814	0.0120511				
0.18145	0.0107769				
0.1815	0.00822859				
0.18155	0.00695441				
0.1816	0.00950277				
0.18165	0.0120511				
0.1817	0.0120511				
0.18175	0.0158737				
0.1818	0.0120511				
0.18185	0.0107769				
0.1819	0.00695441				
0.18195	0.0107769				
0.182	0.00950277				
0.18205	0.0120511				
0.1821	0.00950277				
0.18215	0.00695441				
0.1822	0.00568023				
0.18225	0.0018577				
0.1823	0.00440605				
0.18235	0.0018577				
0.1824	0.00568023				
0.18245	0.0018577				
0.1825	0.00313188				
0.18255	0.000583518				
0.1826	0.0018577				
0.18265	-0.00196484				
0.1827	0.000583518				
0.18275	0.000583518				
0.1828	-0.00323902				
0.18285	-0.00706155				
0.1829	-0.00578737				
0.18295	-0.0045132				
0.183	-0.00196484				
0.18305	-0.00196484				
0.1831	-0.00578737				
0.18315	-0.0045132				
0.1832	-0.00833573				
0.18325	-0.0045132				
0.1833	-0.00323902				
0.18335	0.000583518				
0.1834	-0.00196484				
0.18345	-0.00578737				
0.1835	-0.0045132				
0.18355	-0.0045132				
0.1836	-0.00069066				
0.18365	0.00313188				
0.1837	0.00440605				
0.18375	0.0018577				
0.1838	0.000583518				
0.18385	-0.00323902				
0.1839	0.000583518				
0.18395	-0.00196484				
0.184	0.0018577				
0.18405	0.00313188				
0.1841	0.0018577				
0.18415	-0.00196484				
0.1842	-0.00323902				
0.18425	-0.00069066				
0.1843	-0.00196484				
0.18435	-0.00069066				
0.1844	-0.00069066				
0.18445	-0.00323902				
0.1845	-0.00706155				
0.18455	-0.00578737				
0.1846	-0.0045132				
0.18465	0.0018577				
0.1847	-0.00196484				
0.18475	-0.00323902				
0.1848	-0.00578737				
0.18485	-0.00323902				
0.1849	0.000583518				
0.18495	0.0018577				
0.185	0.00313188				
0.18505	0.00313188				
0.1851	0.00440605				
0.18515	0.00313188				
0.1852	0.0018577				
0.18525	0.00695441				
0.1853	0.0133253				
0.18535	0.0120511				
0.1854	0.0120511				
0.18545	0.00695441				
0.1855	0.0120511				
0.18555	0.0107769				
0.1856	0.0158737				
0.18565	0.0145995				
0.1857	0.0120511				
0.18575	0.00950277				
0.1858	0.00822859				
0.18585	0.0107769				
0.1859	0.0120511				
0.18595	0.0120511				
0.186	0.00950277				
0.18605	0.00695441				
0.1861	0.00568023				
0.18615	0.00822859				
0.1862	0.00822859				
0.18625	0.00950277				
0.1863	0.00822859				
0.18635	0.00822859				
0.1864	0.00568023				
0.18645	0.00568023				
0.1865	0.00950277				
0.18655	0.0107769				
0.1866	0.0133253				
0.18665	0.0145995				
0.1867	0.0133253				
0.18675	0.0133253				
0.1868	0.0171478				
0.18685	0.0158737				
0.1869	0.018422				
0.18695	0.018422				
0.187	0.018422				
0.18705	0.0171478				
0.1871	0.0171478				
0.18715	0.0158737				
0.1872	0.018422				
0.18725	0.0158737				
0.1873	0.0209704				
0.18735	0.0196962				
0.1874	0.0158737				
0.18745	0.0120511				
0.1875	0.0145995				
0.18755	0.0145995				
0.1876	0.0120511				
0.18765	0.0158737				
0.1877	0.00950277				
0.18775	0.00822859				
0.1878	0.00440605				
0.18785	0.00568023				
0.1879	0.00695441				
0.18795	0.0120511				
0.188	0.0107769				
0.18805	0.00568023				
0.1881	0.00313188				
0.18815	0.00313188				
0.1882	0.00822859				
0.18825	0.00822859				
0.1883	0.00950277				
0.18835	0.0120511				
0.1884	0.0120511				
0.18845	0.0107769				
0.1885	0.00822859				
0.18855	0.0120511				
0.1886	0.0133253				
0.18865	0.018422				
0.1887	0.0171478				
0.18875	0.0171478				
0.1888	0.0145995				
0.18885	0.0145995				
0.1889	0.018422				
0.18895	0.0209704				
0.189	0.0196962				
0.18905	0.0171478				
0.1891	0.0120511				
0.18915	0.0133253				
0.1892	0.0145995				
0.18925	0.018422				
0.1893	0.0158737				
0.18935	0.0133253				
0.1894	0.00950277				
0.18945	0.00313188				
0.1895	0.00313188				
0.18955	0.00568023				
0.1896	0.00695441				
0.18965	0.00440605				
0.1897	0.000583518				
0.18975	-0.00196484				
0.1898	-0.00323902				
0.18985	-0.00578737				
0.1899	-0.00196484				
0.18995	0.000583518				
0.19	0.0018577				
0.19005	0.00313188				
0.1901	0.0018577				
0.19015	0.00313188				
0.1902	0.00440605				
0.19025	0.00695441				
0.1903	0.00822859				
0.19035	0.0107769				
0.1904	0.0120511				
0.19045	0.0107769				
0.1905	0.0171478				
0.19055	0.0133253				
0.1906	0.018422				
0.19065	0.0158737				
0.1907	0.0133253				
0.19075	0.0107769				
0.1908	0.0120511				
0.19085	0.0145995				
0.1909	0.0158737				
0.19095	0.0133253				
0.191	0.0158737				
0.19105	0.0133253				
0.1911	0.00950277				
0.19115	0.0107769				
0.1912	0.0107769				
0.19125	0.00822859				
0.1913	0.0107769				
0.19135	0.00822859				
0.1914	0.00568023				
0.19145	0.00313188				
0.1915	0.00313188				
0.19155	0.00313188				
0.1916	0.00822859				
0.19165	0.00695441				
0.1917	0.00695441				
0.19175	0.00822859				
0.1918	0.00568023				
0.19185	0.00313188				
0.1919	0.00568023				
0.19195	0.00822859				
0.192	0.0133253				
0.19205	0.0133253				
0.1921	0.0133253				
0.19215	0.00950277				
0.1922	0.0107769				
0.19225	0.0133253				
0.1923	0.0133253				
0.19235	0.0145995				
0.1924	0.0133253				
0.19245	0.0133253				
0.1925	0.0133253				
0.19255	0.00950277				
0.1926	0.0133253				
0.19265	0.0120511				
0.1927	0.0158737				
0.19275	0.0120511				
0.1928	0.00950277				
0.19285	0.00695441				
0.1929	0.00695441				
0.19295	0.00695441				
0.193	0.00822859				
0.19305	0.00695441				
0.1931	0.00440605				
0.19315	0.00313188				
0.1932	0.000583518				
0.19325	0.0018577				
0.1933	0.00313188				
0.19335	0.00695441				
0.1934	0.00440605				
0.19345	0.00440605				
0.1935	0.0018577				
0.19355	0.00313188				
0.1936	0.00822859				
0.19365	0.00695441				
0.1937	0.00822859				
0.19375	0.0133253				
0.1938	0.00950277				
0.19385	0.00822859				
0.1939	0.00950277				
0.19395	0.0133253				
0.194	0.0133253				
0.19405	0.0133253				
0.1941	0.0120511				
0.19415	0.0133253				
0.1942	0.0120511				
0.19425	0.0107769				
0.1943	0.0133253				
0.19435	0.0158737				
0.1944	0.0120511				
0.19445	0.00950277				
0.1945	0.00950277				
0.19455	0.00695441				
0.1946	0.00568023				
0.19465	0.00822859				
0.1947	0.00822859				
0.19475	0.00695441				
0.1948	0.00440605				
0.19485	0.00313188				
0.1949	-0.00196484				
0.19495	0.000583518				
0.195	0.000583518				
0.19505	0.0018577				
0.1951	0.0018577				
0.19515	0.0018577				
0.1952	-0.00196484				
0.19525	-0.0045132				
0.1953	-0.00196484				
0.19535	-0.00069066				
0.1954	0.000583518				
0.19545	0.00313188				
0.1955	0.000583518				
0.19555	0.000583518				
0.1956	0.000583518				
0.19565	0.00313188				
0.1957	0.00695441				
0.19575	0.00440605				
0.1958	0.00568023				
0.19585	0.00440605				
0.1959	0.00440605				
0.19595	0.00568023				
0.196	0.00568023				
0.19605	0.00822859				
0.1961	0.0107769				
0.19615	0.00695441				
0.1962	0.00568023				
0.19625	0.00313188				
0.1963	0.000583518				
0.19635	0.00568023				
0.1964	0.00568023				
0.19645	0.00568023				
0.1965	-0.00069066				
0.19655	-0.00323902				
0.1966	-0.00578737				
0.19665	-0.00578737				
0.1967	-0.00578737				
0.19675	-0.00578737				
0.1968	-0.00706155				
0.19685	-0.00706155				
0.1969	-0.0121583				
0.19695	-0.0121583				
0.197	-0.00960991				
0.19705	-0.0108841				
0.1971	-0.00706155				
0.19715	-0.00706155				
0.1972	-0.00578737				
0.19725	-0.00960991				
0.1973	-0.00706155				
0.19735	-0.0045132				
0.1974	0.0018577				
0.19745	-0.00069066				
0.1975	0.00313188				
0.19755	-0.00196484				
0.1976	-0.00069066				
0.19765	0.00440605				
0.1977	0.00695441				
0.19775	0.0120511				
0.1978	0.00822859				
0.19785	0.00695441				
0.1979	0.00695441				
0.19795	0.00822859				
0.198	0.00695441				
0.19805	0.0107769				
0.1981	0.0107769				
0.19815	0.00568023				
0.1982	0.00440605				
0.19825	0.00313188				
0.1983	0.00440605				
0.19835	0.0018577				
0.1984	0.00313188				
0.19845	0.00568023				
0.1985	0.0018577				
0.19855	-0.00323902				
0.1986	-0.00323902				
0.19865	0.000583518				
0.1987	-0.0045132				
0.19875	-0.00069066				
0.1988	0.00440605				
0.19885	0.00313188				
0.1989	0.0018577				
0.19895	0.0018577				
0.199	0.00822859				
0.19905	0.00950277				
0.1991	0.0145995				
0.19915	0.0133253				
0.1992	0.0120511				
0.19925	0.0145995				
0.1993	0.018422				
0.19935	0.0235187				
0.1994	0.0222446				
0.19945	0.0273413				
0.1995	0.0260671				
0.19955	0.0260671				
0.1996	0.0235187				
0.19965	0.0247929				
0.1997	0.0247929				
0.19975	0.0273413				
0.1998	0.0273413				
0.19985	0.0247929				
0.1999	0.0196962				
0.19995	0.0196962				
